#Build: Fabric Compiler 2022.2-SP6.4, Build 146967, Jan 31 01:39 2024
#Install: E:\pango\PDS_2022.2-SP6.4\bin
#Application name: pds_shell.exe
#OS: Windows 10 10.0.26200
#Hostname: LAPTOP-E3CFACBD
Generated by Fabric Compiler (version 2022.2-SP6.4 build 146967) at Wed Mar 25 12:36:56 2026
License checkout: fabric_ads from C:\Users\lhx\Downloads\new_pds_cc1531929604.lic
Compiling verification operator library.
Compiling common defs.
Loading technology operator library.
Compiling technology operator library.
Compiling technology operator (valence) library.
Reading design from compile DB
Reading design from compile DB successfully.
Constraint check start.
Compiling prim grid devices.
Building architecture model.
Loading device packaging model.
Building architecture floorplan logic view.
Executing : get_ports sys_clk
Executing : get_ports sys_clk successfully.
Executing : create_clock -name sys_clk [get_ports sys_clk] -period 20.000 -waveform {0.000 10.000}
Executing : create_clock -name sys_clk [get_ports sys_clk] -period 20.000 -waveform {0.000 10.000} successfully.
C: ConstraintEditor-2009: p:uart_tx is lack of PAP_IO_DRIVE, OUTPUT or INOUT PORT had better set PAP_IO_DRIVE, the optional value is {8, 4, 12, 16, 24}.
C: ConstraintEditor-2009: p:uart_tx is lack of PAP_IO_SLEW, OUTPUT or INOUT PORT had better set PAP_IO_SLEW, the optional value is {SLOW, FAST}.
W: ConstraintEditor-4019: Port Bus 'ext_axi_if_araddr' unspecified I/O constraint.
W: ConstraintEditor-4019: Port Bus 'ext_axi_if_awaddr' unspecified I/O constraint.
W: ConstraintEditor-4019: Port Bus 'ext_axi_if_bresp' unspecified I/O constraint.
W: ConstraintEditor-4019: Port Bus 'ext_axi_if_rdata' unspecified I/O constraint.
W: ConstraintEditor-4019: Port Bus 'ext_axi_if_rresp' unspecified I/O constraint.
W: ConstraintEditor-4019: Port Bus 'ext_axi_if_wdata' unspecified I/O constraint.
W: ConstraintEditor-4019: Port Bus 'ext_axi_if_wstrb' unspecified I/O constraint.
W: ConstraintEditor-4019: Port 'ext_axi_if_arready' unspecified I/O constraint.
W: ConstraintEditor-4019: Port 'ext_axi_if_arvalid' unspecified I/O constraint.
W: ConstraintEditor-4019: Port 'ext_axi_if_awready' unspecified I/O constraint.
W: ConstraintEditor-4019: Port 'ext_axi_if_awvalid' unspecified I/O constraint.
W: ConstraintEditor-4019: Port 'ext_axi_if_bready' unspecified I/O constraint.
W: ConstraintEditor-4019: Port 'ext_axi_if_bvalid' unspecified I/O constraint.
W: ConstraintEditor-4019: Port 'ext_axi_if_rready' unspecified I/O constraint.
W: ConstraintEditor-4019: Port 'ext_axi_if_rvalid' unspecified I/O constraint.
W: ConstraintEditor-4019: Port 'ext_axi_if_wready' unspecified I/O constraint.
W: ConstraintEditor-4019: Port 'ext_axi_if_wvalid' unspecified I/O constraint.
Constraint check end.

C: SDC-2025: Clock source 'n:sys_pll_u0/clkout0' need a clock constraint, please use 'create_clock' or 'create_generate_clock' to generate.
Executing : get_ports sys_clk
Executing : get_ports sys_clk successfully.
Executing : get_pins sys_pll_u0/u_pll_e3:CLKOUT0
Executing : get_pins sys_pll_u0/u_pll_e3:CLKOUT0 successfully.
Executing : create_generated_clock -name sys_clk|sys_pll_u0/u_pll_e3/CLKOUT0_Inferred -source [get_ports sys_clk] [get_pins sys_pll_u0/u_pll_e3:CLKOUT0] -master_clock sys_clk -edges {1 2 3} -edge_shift {0.000000 10.000000 20.000000} -add
Executing : create_generated_clock -name sys_clk|sys_pll_u0/u_pll_e3/CLKOUT0_Inferred -source [get_ports sys_clk] [get_pins sys_pll_u0/u_pll_e3:CLKOUT0] -master_clock sys_clk -edges {1 2 3} -edge_shift {0.000000 10.000000 20.000000} -add successfully.
Start pre-mapping.
I: Constant propagation done on u_SRAM/u_Data_Ram/U_ipml_spram_RAM/ADDR_LOOP[0].DATA_LOOP[0].U_GTP_DRM18K (GTP_DRM18K).
I: Constant propagation done on u_SRAM/u_Data_Ram/U_ipml_spram_RAM/ADDR_LOOP[0].DATA_LOOP[1].U_GTP_DRM18K (GTP_DRM18K).
I: Constant propagation done on u_SRAM/u_Data_Ram/U_ipml_spram_RAM/ADDR_LOOP[1].DATA_LOOP[0].U_GTP_DRM18K (GTP_DRM18K).
I: Constant propagation done on u_SRAM/u_Data_Ram/U_ipml_spram_RAM/ADDR_LOOP[1].DATA_LOOP[1].U_GTP_DRM18K (GTP_DRM18K).
I: Constant propagation done on u_SRAM/u_Data_Ram/U_ipml_spram_RAM/ADDR_LOOP[2].DATA_LOOP[0].U_GTP_DRM18K (GTP_DRM18K).
I: Constant propagation done on u_SRAM/u_Data_Ram/U_ipml_spram_RAM/ADDR_LOOP[2].DATA_LOOP[1].U_GTP_DRM18K (GTP_DRM18K).
I: Constant propagation done on u_SRAM/u_Data_Ram/U_ipml_spram_RAM/ADDR_LOOP[3].DATA_LOOP[0].U_GTP_DRM18K (GTP_DRM18K).
I: Constant propagation done on u_SRAM/u_Data_Ram/U_ipml_spram_RAM/ADDR_LOOP[3].DATA_LOOP[1].U_GTP_DRM18K (GTP_DRM18K).
I: Constant propagation done on u_TSP_Core/u_TSP_Disp_Exu/Exu_common_u0/N203 (bmsWIDEMUX).
I: Constant propagation done on u_TSP_Core/u_TSP_Disp_Exu/Exu_muldiv_u0/Exu_multiplier/N20 (bmsWIDEMUX).
I: Encoding type of FSM 'r_target_fsm[1:0]' is: onehot.
I: Encoding table of FSM 'r_target_fsm[1:0]':
I: from  u_Interconnect/r_target[1] u_Interconnect/r_target[0]
I: to  u_Interconnect/r_target_reg[3] u_Interconnect/r_target_reg[2] u_Interconnect/r_target_reg[1] u_Interconnect/r_target_reg[0]
I: 00 => 0001
I: 01 => 0010
I: 10 => 0100
I: 11 => 1000
I: Encoding type of FSM 'w_target_fsm[1:0]' is: onehot.
I: Encoding table of FSM 'w_target_fsm[1:0]':
I: from  u_Interconnect/w_target[1] u_Interconnect/w_target[0]
I: to  u_Interconnect/w_target_reg[3] u_Interconnect/w_target_reg[2] u_Interconnect/w_target_reg[1] u_Interconnect/w_target_reg[0]
I: 00 => 0001
I: 01 => 0010
I: 10 => 0100
I: 11 => 1000
I: Encoding type of FSM 'state_fsm[2:0]' is: onehot.
I: Encoding table of FSM 'state_fsm[2:0]':
I: from  u_TSP_Core/u_ls_ctrl/state[2] u_TSP_Core/u_ls_ctrl/state[1] u_TSP_Core/u_ls_ctrl/state[0]
I: to  u_TSP_Core/u_ls_ctrl/state_reg[5] u_TSP_Core/u_ls_ctrl/state_reg[4] u_TSP_Core/u_ls_ctrl/state_reg[3] u_TSP_Core/u_ls_ctrl/state_reg[2] u_TSP_Core/u_ls_ctrl/state_reg[1] u_TSP_Core/u_ls_ctrl/state_reg[0]
I: 000 => 000001
I: 001 => 000010
I: 010 => 000100
I: 011 => 001000
I: 100 => 010000
I: 101 => 100000
W: Removed bmsWIDEDFFCPE inst store_type_r[2:0] at 2 that is stuck at constant 0.
W: Removed bmsWIDEDFFCPE inst mul_op_type_r[1:0] at 1 that is stuck at constant 0.
W: Removed bmsWIDEDFFCPE inst quotient[1][31:0] at 0 that is stuck at constant 0.
W: Removed bmsWIDEDFFCPE inst quotient[2][31:0] at 0 that is stuck at constant 0.
W: Removed bmsWIDEDFFCPE inst quotient[3][31:0] at 0 that is stuck at constant 0.
W: Removed bmsWIDEDFFCPE inst quotient[4][31:0] at 0 that is stuck at constant 0.
W: Removed bmsWIDEDFFCPE inst quotient[5][31:0] at 0 that is stuck at constant 0.
W: Removed bmsWIDEDFFCPE inst quotient[6][31:0] at 0 that is stuck at constant 0.
W: Removed bmsWIDEDFFCPE inst quotient[7][31:0] at 0 that is stuck at constant 0.
W: Removed bmsWIDEDFFCPE inst quotient[8][31:0] at 0 that is stuck at constant 0.
W: Removed bmsWIDEDFFCPE inst quotient[9][31:0] at 0 that is stuck at constant 0.
W: Removed bmsWIDEDFFCPE inst quotient[10][31:0] at 0 that is stuck at constant 0.
W: Removed bmsWIDEDFFCPE inst quotient[11][31:0] at 0 that is stuck at constant 0.
W: Removed bmsWIDEDFFCPE inst quotient[12][31:0] at 0 that is stuck at constant 0.
W: Removed bmsWIDEDFFCPE inst quotient[13][31:0] at 0 that is stuck at constant 0.
W: Removed bmsWIDEDFFCPE inst quotient[14][31:0] at 0 that is stuck at constant 0.
W: Removed bmsWIDEDFFCPE inst quotient[15][31:0] at 0 that is stuck at constant 0.
W: Removed bmsWIDEDFFCPE inst quotient[16][31:0] at 0 that is stuck at constant 0.
W: Removed bmsWIDEDFFCPE inst quotient[17][31:0] at 0 that is stuck at constant 0.
W: Removed bmsWIDEDFFCPE inst quotient[18][31:0] at 0 that is stuck at constant 0.
W: Removed bmsWIDEDFFCPE inst quotient[19][31:0] at 0 that is stuck at constant 0.
W: Removed bmsWIDEDFFCPE inst quotient[20][31:0] at 0 that is stuck at constant 0.
W: Removed bmsWIDEDFFCPE inst quotient[21][31:0] at 0 that is stuck at constant 0.
W: Removed bmsWIDEDFFCPE inst quotient[22][31:0] at 0 that is stuck at constant 0.
W: Removed bmsWIDEDFFCPE inst quotient[23][31:0] at 0 that is stuck at constant 0.
W: Removed bmsWIDEDFFCPE inst quotient[24][31:0] at 0 that is stuck at constant 0.
W: Removed bmsWIDEDFFCPE inst quotient[25][31:0] at 0 that is stuck at constant 0.
W: Removed bmsWIDEDFFCPE inst quotient[26][31:0] at 0 that is stuck at constant 0.
W: Removed bmsWIDEDFFCPE inst quotient[27][31:0] at 0 that is stuck at constant 0.
W: Removed bmsWIDEDFFCPE inst quotient[28][31:0] at 0 that is stuck at constant 0.
W: Removed bmsWIDEDFFCPE inst quotient[29][31:0] at 0 that is stuck at constant 0.
W: Removed bmsWIDEDFFCPE inst quotient[30][31:0] at 0 that is stuck at constant 0.
W: Removed bmsWIDEDFFCPE inst quotient[31][31:0] at 0 that is stuck at constant 0.
W: Removed bmsWIDEDFFCPE inst rdata_r[31:0] at 8 that is stuck at constant 0.
Executing : pre-mapping successfully. Time elapsed: 0.468s wall, 0.578s user + 0.125s system = 0.703s CPU (150.1%)

Start mod-gen.
W: Public-4008: Instance 'u_Iram/portB_ack' of 'bmsWIDEDFFCPE' unit is dangling and will be cleaned.
W: Public-4008: Instance 'u_Iram/portB_err' of 'bmsWIDEDFFCPE' unit is dangling and will be cleaned.
W: Public-4008: Instance 'u_TSP_Disp_Exu/DECODE_PC_REG1/qout[31:0]' of 'bmsWIDEDFFCPE' unit is dangling and will be cleaned.
W: Public-4008: Instance 'u_TSP_Idec/INST_CSRRC' of 'bmsWIDEDFFRSE' unit is dangling and will be cleaned.
W: Public-4008: Instance 'u_TSP_Idec/INST_CSRRCI' of 'bmsWIDEDFFRSE' unit is dangling and will be cleaned.
W: Public-4008: Instance 'u_TSP_Idec/INST_CSRRS' of 'bmsWIDEDFFRSE' unit is dangling and will be cleaned.
W: Public-4008: Instance 'u_TSP_Idec/INST_CSRRSI' of 'bmsWIDEDFFRSE' unit is dangling and will be cleaned.
W: Public-4008: Instance 'u_TSP_Idec/INST_CSRRW' of 'bmsWIDEDFFRSE' unit is dangling and will be cleaned.
W: Public-4008: Instance 'u_TSP_Idec/INST_CSRRWI' of 'bmsWIDEDFFRSE' unit is dangling and will be cleaned.
W: Public-4008: Instance 'u_TSP_Idec/INST_EBREAK' of 'bmsWIDEDFFRSE' unit is dangling and will be cleaned.
W: Public-4008: Instance 'u_TSP_Idec/INST_ECALL' of 'bmsWIDEDFFRSE' unit is dangling and will be cleaned.
W: Public-4008: Instance 'u_TSP_Idec/INST_FENCE' of 'bmsWIDEDFFRSE' unit is dangling and will be cleaned.
W: Public-4008: Instance 'u_TSP_Ifu/u_Iram/portA_err' of 'bmsWIDEDFFCPE' unit is dangling and will be cleaned.
W: Public-4008: Instance 'u_uart_core/uart_rx_inst/busy_reg' of 'bmsWIDEDFFRSE' unit is dangling and will be cleaned.
W: Public-4008: Instance 'u_uart_core/uart_rx_inst/frame_error_reg' of 'bmsWIDEDFFRSE' unit is dangling and will be cleaned.
W: Public-4008: Instance 'u_uart_core/uart_rx_inst/overrun_error_reg' of 'bmsWIDEDFFRSE' unit is dangling and will be cleaned.
W: Public-4008: Instance 'u_uart_core/uart_tx_inst/busy_reg' of 'bmsWIDEDFFRSE' unit is dangling and will be cleaned.
W: Removed bmsWIDEDFFPATCE inst u_TSP_Core/u_TSP_Ifu/inst_buffer_r[31:0] at 7 that is stuck at constant 0.
W: Removed bmsWIDEDFFPATCE inst u_TSP_Core/u_TSP_Ifu/inst_buffer_r[31:0] at 8 that is stuck at constant 0.
W: Removed bmsWIDEDFFPATCE inst u_TSP_Core/u_TSP_Ifu/inst_buffer_r[31:0] at 9 that is stuck at constant 0.
W: Removed bmsWIDEDFFPATCE inst u_TSP_Core/u_TSP_Ifu/inst_buffer_r[31:0] at 10 that is stuck at constant 0.
W: Removed bmsWIDEDFFPATCE inst u_TSP_Core/u_TSP_Ifu/inst_buffer_r[31:0] at 11 that is stuck at constant 0.
W: Removed bmsWIDEDFFPATCE inst u_TSP_Core/u_TSP_Ifu/inst_buffer_r[31:0] at 12 that is stuck at constant 0.
W: Removed bmsWIDEDFFPATCE inst u_TSP_Core/u_TSP_Ifu/inst_buffer_r[31:0] at 13 that is stuck at constant 0.
W: Removed bmsWIDEDFFPATCE inst u_TSP_Core/u_TSP_Ifu/inst_buffer_r[31:0] at 14 that is stuck at constant 0.
W: Removed bmsWIDEDFFPATCE inst u_TSP_Core/u_TSP_Ifu/inst_buffer_r[31:0] at 15 that is stuck at constant 0.
W: Removed bmsWIDEDFFPATCE inst u_TSP_Core/u_TSP_Ifu/inst_buffer_r[31:0] at 16 that is stuck at constant 0.
W: Removed bmsWIDEDFFPATCE inst u_TSP_Core/u_TSP_Ifu/inst_buffer_r[31:0] at 17 that is stuck at constant 0.
W: Removed bmsWIDEDFFPATCE inst u_TSP_Core/u_TSP_Ifu/inst_buffer_r[31:0] at 18 that is stuck at constant 0.
W: Removed bmsWIDEDFFPATCE inst u_TSP_Core/u_TSP_Ifu/inst_buffer_r[31:0] at 19 that is stuck at constant 0.
W: Removed bmsWIDEDFFPATCE inst u_TSP_Core/u_TSP_Ifu/inst_buffer_r[31:0] at 20 that is stuck at constant 0.
W: Removed bmsWIDEDFFPATCE inst u_TSP_Core/u_TSP_Ifu/inst_buffer_r[31:0] at 21 that is stuck at constant 0.
W: Removed bmsWIDEDFFPATCE inst u_TSP_Core/u_TSP_Ifu/inst_buffer_r[31:0] at 22 that is stuck at constant 0.
W: Removed bmsWIDEDFFPATCE inst u_TSP_Core/u_TSP_Ifu/inst_buffer_r[31:0] at 23 that is stuck at constant 0.
W: Removed bmsWIDEDFFPATCE inst u_TSP_Core/u_TSP_Ifu/inst_buffer_r[31:0] at 24 that is stuck at constant 0.
W: Removed bmsWIDEDFFPATCE inst u_TSP_Core/u_TSP_Ifu/inst_buffer_r[31:0] at 25 that is stuck at constant 0.
W: Removed bmsWIDEDFFPATCE inst u_TSP_Core/u_TSP_Ifu/inst_buffer_r[31:0] at 26 that is stuck at constant 0.
W: Removed bmsWIDEDFFPATCE inst u_TSP_Core/u_TSP_Ifu/inst_buffer_r[31:0] at 27 that is stuck at constant 0.
W: Removed bmsWIDEDFFPATCE inst u_TSP_Core/u_TSP_Ifu/inst_buffer_r[31:0] at 28 that is stuck at constant 0.
W: Removed bmsWIDEDFFPATCE inst u_TSP_Core/u_TSP_Ifu/inst_buffer_r[31:0] at 29 that is stuck at constant 0.
W: Removed bmsWIDEDFFPATCE inst u_TSP_Core/u_TSP_Ifu/inst_buffer_r[31:0] at 30 that is stuck at constant 0.
W: Removed bmsWIDEDFFPATCE inst u_TSP_Core/u_TSP_Ifu/inst_buffer_r[31:0] at 31 that is stuck at constant 0.
W: Removed bmsWIDEDFFRSE inst u_TSP_Core/u_TSP_Idec/rs2_o[4:0] at 0 that is stuck at constant 0.
W: Removed bmsWIDEDFFRSE inst u_TSP_Core/u_TSP_Idec/rs2_o[4:0] at 1 that is stuck at constant 0.
W: Removed bmsWIDEDFFRSE inst u_TSP_Core/u_TSP_Idec/rs2_o[4:0] at 2 that is stuck at constant 0.
W: Removed bmsWIDEDFFRSE inst u_TSP_Core/u_TSP_Idec/rs2_o[4:0] at 3 that is stuck at constant 0.
W: Removed bmsWIDEDFFRSE inst u_TSP_Core/u_TSP_Idec/rs1_o[4:0] at 0 that is stuck at constant 0.
W: Removed bmsWIDEDFFRSE inst u_TSP_Core/u_TSP_Idec/rs1_o[4:0] at 1 that is stuck at constant 0.
W: Removed bmsWIDEDFFRSE inst u_TSP_Core/u_TSP_Idec/rs1_o[4:0] at 2 that is stuck at constant 0.
W: Removed bmsWIDEDFFRSE inst u_TSP_Core/u_TSP_Idec/rs1_o[4:0] at 3 that is stuck at constant 0.
W: Removed bmsWIDEDFFRSE inst u_TSP_Core/u_TSP_Idec/rs1_o[4:0] at 4 that is stuck at constant 0.
W: Removed bmsWIDEDFFRSE inst u_TSP_Core/u_TSP_Idec/rd_o[4:0] at 0 that is stuck at constant 0.
W: Removed bmsWIDEDFFRSE inst u_TSP_Core/u_TSP_Idec/rd_o[4:0] at 1 that is stuck at constant 0.
W: Removed bmsWIDEDFFRSE inst u_TSP_Core/u_TSP_Idec/rd_o[4:0] at 2 that is stuck at constant 0.
W: Removed bmsWIDEDFFRSE inst u_TSP_Core/u_TSP_Idec/rd_o[4:0] at 3 that is stuck at constant 0.
W: Removed bmsWIDEDFFRSE inst u_TSP_Core/u_TSP_Idec/rd_o[4:0] at 4 that is stuck at constant 0.
W: Removed bmsWIDEDFFRSE inst u_TSP_Core/u_TSP_Disp_Exu/ex_rs2_i[4:0] at 0 that is stuck at constant 0.
W: Removed bmsWIDEDFFRSE inst u_TSP_Core/u_TSP_Disp_Exu/ex_rs2_i[4:0] at 1 that is stuck at constant 0.
W: Removed bmsWIDEDFFRSE inst u_TSP_Core/u_TSP_Disp_Exu/ex_rs2_i[4:0] at 2 that is stuck at constant 0.
W: Removed bmsWIDEDFFRSE inst u_TSP_Core/u_TSP_Disp_Exu/ex_rs2_i[4:0] at 3 that is stuck at constant 0.
W: Removed bmsWIDEDFFRSE inst u_TSP_Core/u_TSP_Disp_Exu/ex_rs1_i[4:0] at 0 that is stuck at constant 0.
W: Removed bmsWIDEDFFRSE inst u_TSP_Core/u_TSP_Disp_Exu/ex_rs1_i[4:0] at 1 that is stuck at constant 0.
W: Removed bmsWIDEDFFRSE inst u_TSP_Core/u_TSP_Disp_Exu/ex_rs1_i[4:0] at 2 that is stuck at constant 0.
W: Removed bmsWIDEDFFRSE inst u_TSP_Core/u_TSP_Disp_Exu/ex_rs1_i[4:0] at 3 that is stuck at constant 0.
W: Removed bmsWIDEDFFRSE inst u_TSP_Core/u_TSP_Disp_Exu/ex_rs1_i[4:0] at 4 that is stuck at constant 0.
W: Removed bmsWIDEDFFRSE inst u_TSP_Core/u_TSP_Disp_Exu/ex_rd_i[4:0] at 0 that is stuck at constant 0.
W: Removed bmsWIDEDFFRSE inst u_TSP_Core/u_TSP_Disp_Exu/ex_rd_i[4:0] at 1 that is stuck at constant 0.
W: Removed bmsWIDEDFFRSE inst u_TSP_Core/u_TSP_Disp_Exu/ex_rd_i[4:0] at 2 that is stuck at constant 0.
W: Removed bmsWIDEDFFRSE inst u_TSP_Core/u_TSP_Disp_Exu/ex_rd_i[4:0] at 3 that is stuck at constant 0.
W: Removed bmsWIDEDFFRSE inst u_TSP_Core/u_TSP_Disp_Exu/ex_rd_i[4:0] at 4 that is stuck at constant 0.
W: Removed bmsWIDEDFFRSE inst u_TSP_Core/u_TSP_Idec/rs2_o[4:0] at 4 that is stuck at constant 0.
W: Removed bmsWIDEDFFRSE inst u_TSP_Core/u_TSP_Idec/INST_XOR that is stuck at constant 0.
W: Removed bmsWIDEDFFRSE inst u_TSP_Core/u_TSP_Idec/INST_XORI that is stuck at constant 0.
W: Removed bmsWIDEDFFRSE inst u_TSP_Core/u_TSP_Idec/INST_LBU that is stuck at constant 0.
W: Removed bmsWIDEDFFRSE inst u_TSP_Core/u_TSP_Idec/INST_BLT that is stuck at constant 0.
W: Removed bmsWIDEDFFRSE inst u_TSP_Core/u_TSP_Idec/INST_DIV that is stuck at constant 0.
W: Removed bmsWIDEDFFRSE inst u_TSP_Core/u_TSP_Idec/INST_OR that is stuck at constant 0.
W: Removed bmsWIDEDFFRSE inst u_TSP_Core/u_TSP_Idec/INST_ORI that is stuck at constant 0.
W: Removed bmsWIDEDFFRSE inst u_TSP_Core/u_TSP_Idec/INST_BLTU that is stuck at constant 0.
W: Removed bmsWIDEDFFRSE inst u_TSP_Core/u_TSP_Idec/INST_REM that is stuck at constant 0.
W: Removed bmsWIDEDFFRSE inst u_TSP_Core/u_TSP_Idec/INST_AND that is stuck at constant 0.
W: Removed bmsWIDEDFFRSE inst u_TSP_Core/u_TSP_Idec/INST_ANDI that is stuck at constant 0.
W: Removed bmsWIDEDFFRSE inst u_TSP_Core/u_TSP_Idec/INST_BGEU that is stuck at constant 0.
W: Removed bmsWIDEDFFRSE inst u_TSP_Core/u_TSP_Idec/INST_REMU that is stuck at constant 0.
W: Removed bmsWIDEDFFCPE inst u_TSP_Core/u_TSP_Disp_Exu/Exu_common_u0/rd_o[4:0] at 0 that is stuck at constant 0.
W: Removed bmsWIDEDFFCPE inst u_TSP_Core/u_TSP_Disp_Exu/Exu_common_u0/rd_o[4:0] at 1 that is stuck at constant 0.
W: Removed bmsWIDEDFFCPE inst u_TSP_Core/u_TSP_Disp_Exu/Exu_common_u0/rd_o[4:0] at 2 that is stuck at constant 0.
W: Removed bmsWIDEDFFCPE inst u_TSP_Core/u_TSP_Disp_Exu/Exu_common_u0/rd_o[4:0] at 3 that is stuck at constant 0.
W: Removed bmsWIDEDFFCPE inst u_TSP_Core/u_TSP_Disp_Exu/Exu_common_u0/rd_o[4:0] at 4 that is stuck at constant 0.
W: Removed bmsWIDEDFFCPE inst u_TSP_Core/u_TSP_Disp_Exu/Exu_ls_u0/rd_r[4:0] at 0 that is stuck at constant 0.
W: Removed bmsWIDEDFFCPE inst u_TSP_Core/u_TSP_Disp_Exu/Exu_ls_u0/rd_r[4:0] at 1 that is stuck at constant 0.
W: Removed bmsWIDEDFFCPE inst u_TSP_Core/u_TSP_Disp_Exu/Exu_ls_u0/rd_r[4:0] at 2 that is stuck at constant 0.
W: Removed bmsWIDEDFFCPE inst u_TSP_Core/u_TSP_Disp_Exu/Exu_ls_u0/rd_r[4:0] at 3 that is stuck at constant 0.
W: Removed bmsWIDEDFFCPE inst u_TSP_Core/u_TSP_Disp_Exu/Exu_ls_u0/rd_r[4:0] at 4 that is stuck at constant 0.
W: Removed bmsWIDEDFFCPE inst u_TSP_Core/u_TSP_Disp_Exu/Exu_muldiv_u0/mul_rd_r[4:0] at 0 that is stuck at constant 0.
W: Removed bmsWIDEDFFCPE inst u_TSP_Core/u_TSP_Disp_Exu/Exu_muldiv_u0/mul_rd_r[4:0] at 1 that is stuck at constant 0.
W: Removed bmsWIDEDFFCPE inst u_TSP_Core/u_TSP_Disp_Exu/Exu_muldiv_u0/mul_rd_r[4:0] at 2 that is stuck at constant 0.
W: Removed bmsWIDEDFFCPE inst u_TSP_Core/u_TSP_Disp_Exu/Exu_muldiv_u0/mul_rd_r[4:0] at 3 that is stuck at constant 0.
W: Removed bmsWIDEDFFCPE inst u_TSP_Core/u_TSP_Disp_Exu/Exu_muldiv_u0/mul_rd_r[4:0] at 4 that is stuck at constant 0.
W: Removed bmsWIDEDFFCPE inst u_TSP_Core/u_TSP_Disp_Exu/Exu_muldiv_u0/div_rd_r[4:0] at 0 that is stuck at constant 0.
W: Removed bmsWIDEDFFCPE inst u_TSP_Core/u_TSP_Disp_Exu/Exu_muldiv_u0/div_rd_r[4:0] at 1 that is stuck at constant 0.
W: Removed bmsWIDEDFFCPE inst u_TSP_Core/u_TSP_Disp_Exu/Exu_muldiv_u0/div_rd_r[4:0] at 2 that is stuck at constant 0.
W: Removed bmsWIDEDFFCPE inst u_TSP_Core/u_TSP_Disp_Exu/Exu_muldiv_u0/div_rd_r[4:0] at 3 that is stuck at constant 0.
W: Removed bmsWIDEDFFCPE inst u_TSP_Core/u_TSP_Disp_Exu/Exu_muldiv_u0/div_rd_r[4:0] at 4 that is stuck at constant 0.
W: Removed bmsWIDEDFFRSE inst u_TSP_Core/u_TSP_Disp_Exu/ex_rs2_i[4:0] at 4 that is stuck at constant 0.
W: Removed bmsWIDEDFFRSE inst u_TSP_Core/u_TSP_Idec/INST_SLTU that is stuck at constant 0.
W: Removed bmsWIDEDFFRSE inst u_TSP_Core/u_TSP_Idec/INST_SLTIU that is stuck at constant 0.
W: Removed bmsWIDEDFFRSE inst u_TSP_Core/u_TSP_Idec/INST_MULHU that is stuck at constant 0.
W: Removed bmsWIDEDFFRSE inst u_TSP_Core/u_TSP_Disp_Exu/ex_INST_XOR that is stuck at constant 0.
W: Removed bmsWIDEDFFRSE inst u_TSP_Core/u_TSP_Disp_Exu/ex_INST_XORI that is stuck at constant 0.
W: Removed bmsWIDEDFFRSE inst u_TSP_Core/u_TSP_Disp_Exu/ex_INST_LBU that is stuck at constant 0.
W: Removed bmsWIDEDFFRSE inst u_TSP_Core/u_TSP_Disp_Exu/ex_INST_BLT that is stuck at constant 0.
W: Removed bmsWIDEDFFRSE inst u_TSP_Core/u_TSP_Disp_Exu/ex_INST_DIV that is stuck at constant 0.
W: Removed bmsWIDEDFFRSE inst u_TSP_Core/u_TSP_Idec/INST_SLL that is stuck at constant 0.
W: Removed bmsWIDEDFFRSE inst u_TSP_Core/u_TSP_Idec/INST_SLLI that is stuck at constant 0.
W: Removed bmsWIDEDFFRSE inst u_TSP_Core/u_TSP_Idec/INST_LH that is stuck at constant 0.
W: Removed bmsWIDEDFFRSE inst u_TSP_Core/u_TSP_Idec/INST_SH that is stuck at constant 0.
W: Removed bmsWIDEDFFRSE inst u_TSP_Core/u_TSP_Idec/INST_BNE that is stuck at constant 0.
W: Removed bmsWIDEDFFRSE inst u_TSP_Core/u_TSP_Idec/INST_MULH that is stuck at constant 0.
W: Removed bmsWIDEDFFRSE inst u_TSP_Core/u_TSP_Idec/INST_LHU that is stuck at constant 0.
W: Removed bmsWIDEDFFRSE inst u_TSP_Core/u_TSP_Idec/INST_BGE that is stuck at constant 0.
W: Removed bmsWIDEDFFRSE inst u_TSP_Core/u_TSP_Idec/INST_DIVU that is stuck at constant 0.
W: Removed bmsWIDEDFFRSE inst u_TSP_Core/u_TSP_Disp_Exu/ex_INST_OR that is stuck at constant 0.
W: Removed bmsWIDEDFFRSE inst u_TSP_Core/u_TSP_Disp_Exu/ex_INST_ORI that is stuck at constant 0.
W: Removed bmsWIDEDFFRSE inst u_TSP_Core/u_TSP_Disp_Exu/ex_INST_BLTU that is stuck at constant 0.
W: Removed bmsWIDEDFFRSE inst u_TSP_Core/u_TSP_Disp_Exu/ex_INST_REM that is stuck at constant 0.
W: Removed bmsWIDEDFFRSE inst u_TSP_Core/u_TSP_Idec/INST_SLT that is stuck at constant 0.
W: Removed bmsWIDEDFFRSE inst u_TSP_Core/u_TSP_Idec/INST_SLTI that is stuck at constant 0.
W: Removed bmsWIDEDFFRSE inst u_TSP_Core/u_TSP_Idec/INST_LW that is stuck at constant 0.
W: Removed bmsWIDEDFFRSE inst u_TSP_Core/u_TSP_Idec/INST_SW that is stuck at constant 0.
W: Removed bmsWIDEDFFRSE inst u_TSP_Core/u_TSP_Idec/INST_MULHSU that is stuck at constant 0.
W: Removed bmsWIDEDFFRSE inst u_TSP_Core/u_TSP_Disp_Exu/ex_INST_AND that is stuck at constant 0.
W: Removed bmsWIDEDFFRSE inst u_TSP_Core/u_TSP_Disp_Exu/ex_INST_ANDI that is stuck at constant 0.
W: Removed bmsWIDEDFFRSE inst u_TSP_Core/u_TSP_Disp_Exu/ex_INST_BGEU that is stuck at constant 0.
W: Removed bmsWIDEDFFRSE inst u_TSP_Core/u_TSP_Disp_Exu/ex_INST_REMU that is stuck at constant 0.
W: Removed bmsWIDEDFFCPE inst u_TSP_Core/u_TSP_Disp_Exu/moitf0[4:0] at 0 that is stuck at constant 0.
W: Removed bmsWIDEDFFCPE inst u_TSP_Core/u_TSP_Disp_Exu/moitf0[4:0] at 1 that is stuck at constant 0.
W: Removed bmsWIDEDFFCPE inst u_TSP_Core/u_TSP_Disp_Exu/moitf0[4:0] at 2 that is stuck at constant 0.
W: Removed bmsWIDEDFFCPE inst u_TSP_Core/u_TSP_Disp_Exu/moitf0[4:0] at 3 that is stuck at constant 0.
W: Removed bmsWIDEDFFCPE inst u_TSP_Core/u_TSP_Disp_Exu/moitf0[4:0] at 4 that is stuck at constant 0.
W: Removed bmsWIDEDFFCPE inst u_TSP_Core/u_ls_ctrl/wb_rd_r[4:0] at 0 that is stuck at constant 0.
W: Removed bmsWIDEDFFCPE inst u_TSP_Core/u_ls_ctrl/wb_rd_r[4:0] at 1 that is stuck at constant 0.
W: Removed bmsWIDEDFFCPE inst u_TSP_Core/u_ls_ctrl/wb_rd_r[4:0] at 2 that is stuck at constant 0.
W: Removed bmsWIDEDFFCPE inst u_TSP_Core/u_ls_ctrl/wb_rd_r[4:0] at 3 that is stuck at constant 0.
W: Removed bmsWIDEDFFCPE inst u_TSP_Core/u_ls_ctrl/wb_rd_r[4:0] at 4 that is stuck at constant 0.
W: Removed bmsWIDEDFFRSE inst u_TSP_Core/u_TSP_Idec/RV32M_type that is stuck at constant 0.
W: Removed bmsWIDEDFFRSE inst u_TSP_Core/u_TSP_Disp_Exu/ex_INST_SLTU that is stuck at constant 0.
W: Removed bmsWIDEDFFRSE inst u_TSP_Core/u_TSP_Disp_Exu/ex_INST_SLTIU that is stuck at constant 0.
W: Removed bmsWIDEDFFRSE inst u_TSP_Core/u_TSP_Disp_Exu/ex_INST_MULHU that is stuck at constant 0.
W: Removed bmsWIDEDFFRSE inst u_TSP_Core/u_TSP_Disp_Exu/ex_INST_SLL that is stuck at constant 0.
W: Removed bmsWIDEDFFRSE inst u_TSP_Core/u_TSP_Disp_Exu/ex_INST_SLLI that is stuck at constant 0.
W: Removed bmsWIDEDFFRSE inst u_TSP_Core/u_TSP_Disp_Exu/ex_INST_LH that is stuck at constant 0.
W: Removed bmsWIDEDFFRSE inst u_TSP_Core/u_TSP_Disp_Exu/ex_INST_SH that is stuck at constant 0.
W: Removed bmsWIDEDFFRSE inst u_TSP_Core/u_TSP_Disp_Exu/ex_INST_BNE that is stuck at constant 0.
W: Removed bmsWIDEDFFRSE inst u_TSP_Core/u_TSP_Disp_Exu/ex_INST_MULH that is stuck at constant 0.
W: Removed bmsWIDEDFFRSE inst u_TSP_Core/u_TSP_Idec/INST_SRL that is stuck at constant 0.
W: Removed bmsWIDEDFFRSE inst u_TSP_Core/u_TSP_Idec/INST_SRLI that is stuck at constant 0.
W: Removed bmsWIDEDFFRSE inst u_TSP_Core/u_TSP_Disp_Exu/ex_INST_LHU that is stuck at constant 0.
W: Removed bmsWIDEDFFRSE inst u_TSP_Core/u_TSP_Disp_Exu/ex_INST_BGE that is stuck at constant 0.
W: Removed bmsWIDEDFFRSE inst u_TSP_Core/u_TSP_Disp_Exu/ex_INST_DIVU that is stuck at constant 0.
W: Removed bmsWIDEDFFRSE inst u_TSP_Core/u_TSP_Disp_Exu/ex_INST_SLT that is stuck at constant 0.
W: Removed bmsWIDEDFFRSE inst u_TSP_Core/u_TSP_Disp_Exu/ex_INST_SLTI that is stuck at constant 0.
W: Removed bmsWIDEDFFRSE inst u_TSP_Core/u_TSP_Disp_Exu/ex_INST_LW that is stuck at constant 0.
W: Removed bmsWIDEDFFRSE inst u_TSP_Core/u_TSP_Disp_Exu/ex_INST_SW that is stuck at constant 0.
W: Removed bmsWIDEDFFRSE inst u_TSP_Core/u_TSP_Disp_Exu/ex_INST_MULHSU that is stuck at constant 0.
W: Removed bmsWIDEDFFRSE inst u_TSP_Core/u_TSP_Idec/INST_MUL that is stuck at constant 0.
W: Removed bmsWIDEDFFRSE inst u_TSP_Core/u_TSP_Disp_Exu/ex_RV32M_type that is stuck at constant 0.
W: Removed bmsWIDEDFFRSE inst u_TSP_Core/u_TSP_Idec/INST_SUB that is stuck at constant 0.
W: Removed bmsWIDEDFFRSE inst u_TSP_Core/u_TSP_Idec/INST_SRA that is stuck at constant 0.
W: Removed bmsWIDEDFFRSE inst u_TSP_Core/u_TSP_Idec/INST_SRAI that is stuck at constant 0.
W: Removed bmsWIDEDFFRSE inst u_TSP_Core/u_TSP_Disp_Exu/Exu_muldiv_u0/Exu_multiplier/reg_Unsigned_M that is stuck at constant 0.
W: Removed bmsWIDEDFFRSE inst u_TSP_Core/u_TSP_Disp_Exu/ex_INST_SRL that is stuck at constant 0.
W: Removed bmsWIDEDFFRSE inst u_TSP_Core/u_TSP_Disp_Exu/ex_INST_SRLI that is stuck at constant 0.
W: Removed bmsWIDEDFFRSE inst u_TSP_Core/u_TSP_Disp_Exu/ex_INST_MUL that is stuck at constant 0.
W: Removed bmsWIDEDFFRSE inst u_TSP_Core/u_TSP_Disp_Exu/ex_INST_SUB that is stuck at constant 0.
W: Removed bmsWIDEDFFRSE inst u_TSP_Core/u_TSP_Disp_Exu/ex_INST_SRA that is stuck at constant 0.
W: Removed bmsWIDEDFFRSE inst u_TSP_Core/u_TSP_Disp_Exu/ex_INST_SRAI that is stuck at constant 0.
W: Removed bmsWIDEDFFCPE inst u_TSP_Core/u_TSP_Disp_Exu/Exu_ls_u0/store_type_r[2:0] at 0 that is stuck at constant 0.
W: Removed bmsWIDEDFFCPE inst u_TSP_Core/u_TSP_Disp_Exu/Exu_ls_u0/store_type_r[2:0] at 1 that is stuck at constant 0.
W: Removed bmsWIDEDFFCPE inst u_TSP_Core/u_TSP_Regfiles/x1_31[16].RV32I_reg_i/qout[31:0] at 0 that is stuck at constant 0.
W: Removed bmsWIDEDFFCPE inst u_TSP_Core/u_TSP_Regfiles/x1_31[16].RV32I_reg_i/qout[31:0] at 1 that is stuck at constant 0.
W: Removed bmsWIDEDFFCPE inst u_TSP_Core/u_TSP_Regfiles/x1_31[16].RV32I_reg_i/qout[31:0] at 2 that is stuck at constant 0.
W: Removed bmsWIDEDFFCPE inst u_TSP_Core/u_TSP_Regfiles/x1_31[16].RV32I_reg_i/qout[31:0] at 3 that is stuck at constant 0.
W: Removed bmsWIDEDFFCPE inst u_TSP_Core/u_TSP_Regfiles/x1_31[16].RV32I_reg_i/qout[31:0] at 4 that is stuck at constant 0.
W: Removed bmsWIDEDFFCPE inst u_TSP_Core/u_TSP_Regfiles/x1_31[16].RV32I_reg_i/qout[31:0] at 5 that is stuck at constant 0.
W: Removed bmsWIDEDFFCPE inst u_TSP_Core/u_TSP_Regfiles/x1_31[16].RV32I_reg_i/qout[31:0] at 6 that is stuck at constant 0.
W: Removed bmsWIDEDFFCPE inst u_TSP_Core/u_TSP_Regfiles/x1_31[16].RV32I_reg_i/qout[31:0] at 7 that is stuck at constant 0.
W: Removed bmsWIDEDFFCPE inst u_TSP_Core/u_TSP_Regfiles/x1_31[16].RV32I_reg_i/qout[31:0] at 8 that is stuck at constant 0.
W: Removed bmsWIDEDFFCPE inst u_TSP_Core/u_TSP_Regfiles/x1_31[16].RV32I_reg_i/qout[31:0] at 9 that is stuck at constant 0.
W: Removed bmsWIDEDFFCPE inst u_TSP_Core/u_TSP_Regfiles/x1_31[16].RV32I_reg_i/qout[31:0] at 10 that is stuck at constant 0.
W: Removed bmsWIDEDFFCPE inst u_TSP_Core/u_TSP_Regfiles/x1_31[16].RV32I_reg_i/qout[31:0] at 11 that is stuck at constant 0.
W: Removed bmsWIDEDFFCPE inst u_TSP_Core/u_TSP_Regfiles/x1_31[16].RV32I_reg_i/qout[31:0] at 12 that is stuck at constant 0.
W: Removed bmsWIDEDFFCPE inst u_TSP_Core/u_TSP_Regfiles/x1_31[16].RV32I_reg_i/qout[31:0] at 13 that is stuck at constant 0.
W: Removed bmsWIDEDFFCPE inst u_TSP_Core/u_TSP_Regfiles/x1_31[16].RV32I_reg_i/qout[31:0] at 14 that is stuck at constant 0.
W: Removed bmsWIDEDFFCPE inst u_TSP_Core/u_TSP_Regfiles/x1_31[16].RV32I_reg_i/qout[31:0] at 15 that is stuck at constant 0.
W: Removed bmsWIDEDFFCPE inst u_TSP_Core/u_TSP_Regfiles/x1_31[16].RV32I_reg_i/qout[31:0] at 16 that is stuck at constant 0.
W: Removed bmsWIDEDFFCPE inst u_TSP_Core/u_TSP_Regfiles/x1_31[16].RV32I_reg_i/qout[31:0] at 17 that is stuck at constant 0.
W: Removed bmsWIDEDFFCPE inst u_TSP_Core/u_TSP_Regfiles/x1_31[16].RV32I_reg_i/qout[31:0] at 18 that is stuck at constant 0.
W: Removed bmsWIDEDFFCPE inst u_TSP_Core/u_TSP_Regfiles/x1_31[16].RV32I_reg_i/qout[31:0] at 19 that is stuck at constant 0.
W: Removed bmsWIDEDFFCPE inst u_TSP_Core/u_TSP_Regfiles/x1_31[16].RV32I_reg_i/qout[31:0] at 20 that is stuck at constant 0.
W: Removed bmsWIDEDFFCPE inst u_TSP_Core/u_TSP_Regfiles/x1_31[16].RV32I_reg_i/qout[31:0] at 21 that is stuck at constant 0.
W: Removed bmsWIDEDFFCPE inst u_TSP_Core/u_TSP_Regfiles/x1_31[16].RV32I_reg_i/qout[31:0] at 22 that is stuck at constant 0.
W: Removed bmsWIDEDFFCPE inst u_TSP_Core/u_TSP_Regfiles/x1_31[16].RV32I_reg_i/qout[31:0] at 23 that is stuck at constant 0.
W: Removed bmsWIDEDFFCPE inst u_TSP_Core/u_TSP_Regfiles/x1_31[16].RV32I_reg_i/qout[31:0] at 24 that is stuck at constant 0.
W: Removed bmsWIDEDFFCPE inst u_TSP_Core/u_TSP_Regfiles/x1_31[16].RV32I_reg_i/qout[31:0] at 25 that is stuck at constant 0.
W: Removed bmsWIDEDFFCPE inst u_TSP_Core/u_TSP_Regfiles/x1_31[16].RV32I_reg_i/qout[31:0] at 26 that is stuck at constant 0.
W: Removed bmsWIDEDFFCPE inst u_TSP_Core/u_TSP_Regfiles/x1_31[16].RV32I_reg_i/qout[31:0] at 27 that is stuck at constant 0.
W: Removed bmsWIDEDFFCPE inst u_TSP_Core/u_TSP_Regfiles/x1_31[16].RV32I_reg_i/qout[31:0] at 28 that is stuck at constant 0.
W: Removed bmsWIDEDFFCPE inst u_TSP_Core/u_TSP_Regfiles/x1_31[16].RV32I_reg_i/qout[31:0] at 29 that is stuck at constant 0.
W: Removed bmsWIDEDFFCPE inst u_TSP_Core/u_TSP_Regfiles/x1_31[16].RV32I_reg_i/qout[31:0] at 30 that is stuck at constant 0.
W: Removed bmsWIDEDFFCPE inst u_TSP_Core/u_TSP_Regfiles/x1_31[16].RV32I_reg_i/qout[31:0] at 31 that is stuck at constant 0.
W: Removed bmsWIDEDFFCPE inst u_TSP_Core/u_TSP_Regfiles/x1_31[24].RV32I_reg_i/qout[31:0] at 0 that is stuck at constant 0.
W: Removed bmsWIDEDFFCPE inst u_TSP_Core/u_TSP_Regfiles/x1_31[24].RV32I_reg_i/qout[31:0] at 1 that is stuck at constant 0.
W: Removed bmsWIDEDFFCPE inst u_TSP_Core/u_TSP_Regfiles/x1_31[24].RV32I_reg_i/qout[31:0] at 2 that is stuck at constant 0.
W: Removed bmsWIDEDFFCPE inst u_TSP_Core/u_TSP_Regfiles/x1_31[24].RV32I_reg_i/qout[31:0] at 3 that is stuck at constant 0.
W: Removed bmsWIDEDFFCPE inst u_TSP_Core/u_TSP_Regfiles/x1_31[24].RV32I_reg_i/qout[31:0] at 4 that is stuck at constant 0.
W: Removed bmsWIDEDFFCPE inst u_TSP_Core/u_TSP_Regfiles/x1_31[24].RV32I_reg_i/qout[31:0] at 5 that is stuck at constant 0.
W: Removed bmsWIDEDFFCPE inst u_TSP_Core/u_TSP_Regfiles/x1_31[24].RV32I_reg_i/qout[31:0] at 6 that is stuck at constant 0.
W: Removed bmsWIDEDFFCPE inst u_TSP_Core/u_TSP_Regfiles/x1_31[24].RV32I_reg_i/qout[31:0] at 7 that is stuck at constant 0.
W: Removed bmsWIDEDFFCPE inst u_TSP_Core/u_TSP_Regfiles/x1_31[24].RV32I_reg_i/qout[31:0] at 8 that is stuck at constant 0.
W: Removed bmsWIDEDFFCPE inst u_TSP_Core/u_TSP_Regfiles/x1_31[24].RV32I_reg_i/qout[31:0] at 9 that is stuck at constant 0.
W: Removed bmsWIDEDFFCPE inst u_TSP_Core/u_TSP_Regfiles/x1_31[24].RV32I_reg_i/qout[31:0] at 10 that is stuck at constant 0.
W: Removed bmsWIDEDFFCPE inst u_TSP_Core/u_TSP_Regfiles/x1_31[24].RV32I_reg_i/qout[31:0] at 11 that is stuck at constant 0.
W: Removed bmsWIDEDFFCPE inst u_TSP_Core/u_TSP_Regfiles/x1_31[24].RV32I_reg_i/qout[31:0] at 12 that is stuck at constant 0.
W: Removed bmsWIDEDFFCPE inst u_TSP_Core/u_TSP_Regfiles/x1_31[24].RV32I_reg_i/qout[31:0] at 13 that is stuck at constant 0.
W: Removed bmsWIDEDFFCPE inst u_TSP_Core/u_TSP_Regfiles/x1_31[24].RV32I_reg_i/qout[31:0] at 14 that is stuck at constant 0.
W: Removed bmsWIDEDFFCPE inst u_TSP_Core/u_TSP_Regfiles/x1_31[24].RV32I_reg_i/qout[31:0] at 15 that is stuck at constant 0.
W: Removed bmsWIDEDFFCPE inst u_TSP_Core/u_TSP_Regfiles/x1_31[24].RV32I_reg_i/qout[31:0] at 16 that is stuck at constant 0.
W: Removed bmsWIDEDFFCPE inst u_TSP_Core/u_TSP_Regfiles/x1_31[24].RV32I_reg_i/qout[31:0] at 17 that is stuck at constant 0.
W: Removed bmsWIDEDFFCPE inst u_TSP_Core/u_TSP_Regfiles/x1_31[24].RV32I_reg_i/qout[31:0] at 18 that is stuck at constant 0.
W: Removed bmsWIDEDFFCPE inst u_TSP_Core/u_TSP_Regfiles/x1_31[24].RV32I_reg_i/qout[31:0] at 19 that is stuck at constant 0.
W: Removed bmsWIDEDFFCPE inst u_TSP_Core/u_TSP_Regfiles/x1_31[24].RV32I_reg_i/qout[31:0] at 20 that is stuck at constant 0.
W: Removed bmsWIDEDFFCPE inst u_TSP_Core/u_TSP_Regfiles/x1_31[24].RV32I_reg_i/qout[31:0] at 21 that is stuck at constant 0.
W: Removed bmsWIDEDFFCPE inst u_TSP_Core/u_TSP_Regfiles/x1_31[24].RV32I_reg_i/qout[31:0] at 22 that is stuck at constant 0.
W: Removed bmsWIDEDFFCPE inst u_TSP_Core/u_TSP_Regfiles/x1_31[24].RV32I_reg_i/qout[31:0] at 23 that is stuck at constant 0.
W: Removed bmsWIDEDFFCPE inst u_TSP_Core/u_TSP_Regfiles/x1_31[24].RV32I_reg_i/qout[31:0] at 24 that is stuck at constant 0.
W: Removed bmsWIDEDFFCPE inst u_TSP_Core/u_TSP_Regfiles/x1_31[24].RV32I_reg_i/qout[31:0] at 25 that is stuck at constant 0.
W: Removed bmsWIDEDFFCPE inst u_TSP_Core/u_TSP_Regfiles/x1_31[24].RV32I_reg_i/qout[31:0] at 26 that is stuck at constant 0.
W: Removed bmsWIDEDFFCPE inst u_TSP_Core/u_TSP_Regfiles/x1_31[24].RV32I_reg_i/qout[31:0] at 27 that is stuck at constant 0.
W: Removed bmsWIDEDFFCPE inst u_TSP_Core/u_TSP_Regfiles/x1_31[24].RV32I_reg_i/qout[31:0] at 28 that is stuck at constant 0.
W: Removed bmsWIDEDFFCPE inst u_TSP_Core/u_TSP_Regfiles/x1_31[24].RV32I_reg_i/qout[31:0] at 29 that is stuck at constant 0.
W: Removed bmsWIDEDFFCPE inst u_TSP_Core/u_TSP_Regfiles/x1_31[24].RV32I_reg_i/qout[31:0] at 30 that is stuck at constant 0.
W: Removed bmsWIDEDFFCPE inst u_TSP_Core/u_TSP_Regfiles/x1_31[24].RV32I_reg_i/qout[31:0] at 31 that is stuck at constant 0.
W: Removed bmsWIDEDFFCPE inst u_TSP_Core/u_TSP_Regfiles/x1_31[28].RV32I_reg_i/qout[31:0] at 0 that is stuck at constant 0.
W: Removed bmsWIDEDFFCPE inst u_TSP_Core/u_TSP_Regfiles/x1_31[28].RV32I_reg_i/qout[31:0] at 1 that is stuck at constant 0.
W: Removed bmsWIDEDFFCPE inst u_TSP_Core/u_TSP_Regfiles/x1_31[28].RV32I_reg_i/qout[31:0] at 2 that is stuck at constant 0.
W: Removed bmsWIDEDFFCPE inst u_TSP_Core/u_TSP_Regfiles/x1_31[28].RV32I_reg_i/qout[31:0] at 3 that is stuck at constant 0.
W: Removed bmsWIDEDFFCPE inst u_TSP_Core/u_TSP_Regfiles/x1_31[28].RV32I_reg_i/qout[31:0] at 4 that is stuck at constant 0.
W: Removed bmsWIDEDFFCPE inst u_TSP_Core/u_TSP_Regfiles/x1_31[28].RV32I_reg_i/qout[31:0] at 5 that is stuck at constant 0.
W: Removed bmsWIDEDFFCPE inst u_TSP_Core/u_TSP_Regfiles/x1_31[28].RV32I_reg_i/qout[31:0] at 6 that is stuck at constant 0.
W: Removed bmsWIDEDFFCPE inst u_TSP_Core/u_TSP_Regfiles/x1_31[28].RV32I_reg_i/qout[31:0] at 7 that is stuck at constant 0.
W: Removed bmsWIDEDFFCPE inst u_TSP_Core/u_TSP_Regfiles/x1_31[28].RV32I_reg_i/qout[31:0] at 8 that is stuck at constant 0.
W: Removed bmsWIDEDFFCPE inst u_TSP_Core/u_TSP_Regfiles/x1_31[28].RV32I_reg_i/qout[31:0] at 9 that is stuck at constant 0.
W: Removed bmsWIDEDFFCPE inst u_TSP_Core/u_TSP_Regfiles/x1_31[28].RV32I_reg_i/qout[31:0] at 10 that is stuck at constant 0.
W: Removed bmsWIDEDFFCPE inst u_TSP_Core/u_TSP_Regfiles/x1_31[28].RV32I_reg_i/qout[31:0] at 11 that is stuck at constant 0.
W: Removed bmsWIDEDFFCPE inst u_TSP_Core/u_TSP_Regfiles/x1_31[28].RV32I_reg_i/qout[31:0] at 12 that is stuck at constant 0.
W: Removed bmsWIDEDFFCPE inst u_TSP_Core/u_TSP_Regfiles/x1_31[28].RV32I_reg_i/qout[31:0] at 13 that is stuck at constant 0.
W: Removed bmsWIDEDFFCPE inst u_TSP_Core/u_TSP_Regfiles/x1_31[28].RV32I_reg_i/qout[31:0] at 14 that is stuck at constant 0.
W: Removed bmsWIDEDFFCPE inst u_TSP_Core/u_TSP_Regfiles/x1_31[28].RV32I_reg_i/qout[31:0] at 15 that is stuck at constant 0.
W: Removed bmsWIDEDFFCPE inst u_TSP_Core/u_TSP_Regfiles/x1_31[28].RV32I_reg_i/qout[31:0] at 16 that is stuck at constant 0.
W: Removed bmsWIDEDFFCPE inst u_TSP_Core/u_TSP_Regfiles/x1_31[28].RV32I_reg_i/qout[31:0] at 17 that is stuck at constant 0.
W: Removed bmsWIDEDFFCPE inst u_TSP_Core/u_TSP_Regfiles/x1_31[28].RV32I_reg_i/qout[31:0] at 18 that is stuck at constant 0.
W: Removed bmsWIDEDFFCPE inst u_TSP_Core/u_TSP_Regfiles/x1_31[28].RV32I_reg_i/qout[31:0] at 19 that is stuck at constant 0.
W: Removed bmsWIDEDFFCPE inst u_TSP_Core/u_TSP_Regfiles/x1_31[28].RV32I_reg_i/qout[31:0] at 20 that is stuck at constant 0.
W: Removed bmsWIDEDFFCPE inst u_TSP_Core/u_TSP_Regfiles/x1_31[28].RV32I_reg_i/qout[31:0] at 21 that is stuck at constant 0.
W: Removed bmsWIDEDFFCPE inst u_TSP_Core/u_TSP_Regfiles/x1_31[28].RV32I_reg_i/qout[31:0] at 22 that is stuck at constant 0.
W: Removed bmsWIDEDFFCPE inst u_TSP_Core/u_TSP_Regfiles/x1_31[28].RV32I_reg_i/qout[31:0] at 23 that is stuck at constant 0.
W: Removed bmsWIDEDFFCPE inst u_TSP_Core/u_TSP_Regfiles/x1_31[28].RV32I_reg_i/qout[31:0] at 24 that is stuck at constant 0.
W: Removed bmsWIDEDFFCPE inst u_TSP_Core/u_TSP_Regfiles/x1_31[28].RV32I_reg_i/qout[31:0] at 25 that is stuck at constant 0.
W: Removed bmsWIDEDFFCPE inst u_TSP_Core/u_TSP_Regfiles/x1_31[28].RV32I_reg_i/qout[31:0] at 26 that is stuck at constant 0.
W: Removed bmsWIDEDFFCPE inst u_TSP_Core/u_TSP_Regfiles/x1_31[28].RV32I_reg_i/qout[31:0] at 27 that is stuck at constant 0.
W: Removed bmsWIDEDFFCPE inst u_TSP_Core/u_TSP_Regfiles/x1_31[28].RV32I_reg_i/qout[31:0] at 28 that is stuck at constant 0.
W: Removed bmsWIDEDFFCPE inst u_TSP_Core/u_TSP_Regfiles/x1_31[28].RV32I_reg_i/qout[31:0] at 29 that is stuck at constant 0.
W: Removed bmsWIDEDFFCPE inst u_TSP_Core/u_TSP_Regfiles/x1_31[28].RV32I_reg_i/qout[31:0] at 30 that is stuck at constant 0.
W: Removed bmsWIDEDFFCPE inst u_TSP_Core/u_TSP_Regfiles/x1_31[28].RV32I_reg_i/qout[31:0] at 31 that is stuck at constant 0.
W: Removed bmsWIDEDFFCPE inst u_TSP_Core/u_TSP_Regfiles/x1_31[30].RV32I_reg_i/qout[31:0] at 0 that is stuck at constant 0.
W: Removed bmsWIDEDFFCPE inst u_TSP_Core/u_TSP_Regfiles/x1_31[30].RV32I_reg_i/qout[31:0] at 1 that is stuck at constant 0.
W: Removed bmsWIDEDFFCPE inst u_TSP_Core/u_TSP_Regfiles/x1_31[30].RV32I_reg_i/qout[31:0] at 2 that is stuck at constant 0.
W: Removed bmsWIDEDFFCPE inst u_TSP_Core/u_TSP_Regfiles/x1_31[30].RV32I_reg_i/qout[31:0] at 3 that is stuck at constant 0.
W: Removed bmsWIDEDFFCPE inst u_TSP_Core/u_TSP_Regfiles/x1_31[30].RV32I_reg_i/qout[31:0] at 4 that is stuck at constant 0.
W: Removed bmsWIDEDFFCPE inst u_TSP_Core/u_TSP_Regfiles/x1_31[30].RV32I_reg_i/qout[31:0] at 5 that is stuck at constant 0.
W: Removed bmsWIDEDFFCPE inst u_TSP_Core/u_TSP_Regfiles/x1_31[30].RV32I_reg_i/qout[31:0] at 6 that is stuck at constant 0.
W: Removed bmsWIDEDFFCPE inst u_TSP_Core/u_TSP_Regfiles/x1_31[30].RV32I_reg_i/qout[31:0] at 7 that is stuck at constant 0.
W: Removed bmsWIDEDFFCPE inst u_TSP_Core/u_TSP_Regfiles/x1_31[30].RV32I_reg_i/qout[31:0] at 8 that is stuck at constant 0.
W: Removed bmsWIDEDFFCPE inst u_TSP_Core/u_TSP_Regfiles/x1_31[30].RV32I_reg_i/qout[31:0] at 9 that is stuck at constant 0.
W: Removed bmsWIDEDFFCPE inst u_TSP_Core/u_TSP_Regfiles/x1_31[30].RV32I_reg_i/qout[31:0] at 10 that is stuck at constant 0.
W: Removed bmsWIDEDFFCPE inst u_TSP_Core/u_TSP_Regfiles/x1_31[30].RV32I_reg_i/qout[31:0] at 11 that is stuck at constant 0.
W: Removed bmsWIDEDFFCPE inst u_TSP_Core/u_TSP_Regfiles/x1_31[30].RV32I_reg_i/qout[31:0] at 12 that is stuck at constant 0.
W: Removed bmsWIDEDFFCPE inst u_TSP_Core/u_TSP_Regfiles/x1_31[30].RV32I_reg_i/qout[31:0] at 13 that is stuck at constant 0.
W: Removed bmsWIDEDFFCPE inst u_TSP_Core/u_TSP_Regfiles/x1_31[30].RV32I_reg_i/qout[31:0] at 14 that is stuck at constant 0.
W: Removed bmsWIDEDFFCPE inst u_TSP_Core/u_TSP_Regfiles/x1_31[30].RV32I_reg_i/qout[31:0] at 15 that is stuck at constant 0.
W: Removed bmsWIDEDFFCPE inst u_TSP_Core/u_TSP_Regfiles/x1_31[30].RV32I_reg_i/qout[31:0] at 16 that is stuck at constant 0.
W: Removed bmsWIDEDFFCPE inst u_TSP_Core/u_TSP_Regfiles/x1_31[30].RV32I_reg_i/qout[31:0] at 17 that is stuck at constant 0.
W: Removed bmsWIDEDFFCPE inst u_TSP_Core/u_TSP_Regfiles/x1_31[30].RV32I_reg_i/qout[31:0] at 18 that is stuck at constant 0.
W: Removed bmsWIDEDFFCPE inst u_TSP_Core/u_TSP_Regfiles/x1_31[30].RV32I_reg_i/qout[31:0] at 19 that is stuck at constant 0.
W: Removed bmsWIDEDFFCPE inst u_TSP_Core/u_TSP_Regfiles/x1_31[30].RV32I_reg_i/qout[31:0] at 20 that is stuck at constant 0.
W: Removed bmsWIDEDFFCPE inst u_TSP_Core/u_TSP_Regfiles/x1_31[30].RV32I_reg_i/qout[31:0] at 21 that is stuck at constant 0.
W: Removed bmsWIDEDFFCPE inst u_TSP_Core/u_TSP_Regfiles/x1_31[30].RV32I_reg_i/qout[31:0] at 22 that is stuck at constant 0.
W: Removed bmsWIDEDFFCPE inst u_TSP_Core/u_TSP_Regfiles/x1_31[30].RV32I_reg_i/qout[31:0] at 23 that is stuck at constant 0.
W: Removed bmsWIDEDFFCPE inst u_TSP_Core/u_TSP_Regfiles/x1_31[30].RV32I_reg_i/qout[31:0] at 24 that is stuck at constant 0.
W: Removed bmsWIDEDFFCPE inst u_TSP_Core/u_TSP_Regfiles/x1_31[30].RV32I_reg_i/qout[31:0] at 25 that is stuck at constant 0.
W: Removed bmsWIDEDFFCPE inst u_TSP_Core/u_TSP_Regfiles/x1_31[30].RV32I_reg_i/qout[31:0] at 26 that is stuck at constant 0.
W: Removed bmsWIDEDFFCPE inst u_TSP_Core/u_TSP_Regfiles/x1_31[30].RV32I_reg_i/qout[31:0] at 27 that is stuck at constant 0.
W: Removed bmsWIDEDFFCPE inst u_TSP_Core/u_TSP_Regfiles/x1_31[30].RV32I_reg_i/qout[31:0] at 28 that is stuck at constant 0.
W: Removed bmsWIDEDFFCPE inst u_TSP_Core/u_TSP_Regfiles/x1_31[30].RV32I_reg_i/qout[31:0] at 29 that is stuck at constant 0.
W: Removed bmsWIDEDFFCPE inst u_TSP_Core/u_TSP_Regfiles/x1_31[30].RV32I_reg_i/qout[31:0] at 30 that is stuck at constant 0.
W: Removed bmsWIDEDFFCPE inst u_TSP_Core/u_TSP_Regfiles/x1_31[30].RV32I_reg_i/qout[31:0] at 31 that is stuck at constant 0.
W: Removed bmsWIDEDFFCPE inst u_TSP_Core/u_TSP_Regfiles/x1_31[31].RV32I_reg_i/qout[31:0] at 0 that is stuck at constant 0.
W: Removed bmsWIDEDFFCPE inst u_TSP_Core/u_TSP_Regfiles/x1_31[31].RV32I_reg_i/qout[31:0] at 1 that is stuck at constant 0.
W: Removed bmsWIDEDFFCPE inst u_TSP_Core/u_TSP_Regfiles/x1_31[31].RV32I_reg_i/qout[31:0] at 2 that is stuck at constant 0.
W: Removed bmsWIDEDFFCPE inst u_TSP_Core/u_TSP_Regfiles/x1_31[31].RV32I_reg_i/qout[31:0] at 3 that is stuck at constant 0.
W: Removed bmsWIDEDFFCPE inst u_TSP_Core/u_TSP_Regfiles/x1_31[31].RV32I_reg_i/qout[31:0] at 4 that is stuck at constant 0.
W: Removed bmsWIDEDFFCPE inst u_TSP_Core/u_TSP_Regfiles/x1_31[31].RV32I_reg_i/qout[31:0] at 5 that is stuck at constant 0.
W: Removed bmsWIDEDFFCPE inst u_TSP_Core/u_TSP_Regfiles/x1_31[31].RV32I_reg_i/qout[31:0] at 6 that is stuck at constant 0.
W: Removed bmsWIDEDFFCPE inst u_TSP_Core/u_TSP_Regfiles/x1_31[31].RV32I_reg_i/qout[31:0] at 7 that is stuck at constant 0.
W: Removed bmsWIDEDFFCPE inst u_TSP_Core/u_TSP_Regfiles/x1_31[31].RV32I_reg_i/qout[31:0] at 8 that is stuck at constant 0.
W: Removed bmsWIDEDFFCPE inst u_TSP_Core/u_TSP_Regfiles/x1_31[31].RV32I_reg_i/qout[31:0] at 9 that is stuck at constant 0.
W: Removed bmsWIDEDFFCPE inst u_TSP_Core/u_TSP_Regfiles/x1_31[31].RV32I_reg_i/qout[31:0] at 10 that is stuck at constant 0.
W: Removed bmsWIDEDFFCPE inst u_TSP_Core/u_TSP_Regfiles/x1_31[31].RV32I_reg_i/qout[31:0] at 11 that is stuck at constant 0.
W: Removed bmsWIDEDFFCPE inst u_TSP_Core/u_TSP_Regfiles/x1_31[31].RV32I_reg_i/qout[31:0] at 12 that is stuck at constant 0.
W: Removed bmsWIDEDFFCPE inst u_TSP_Core/u_TSP_Regfiles/x1_31[31].RV32I_reg_i/qout[31:0] at 13 that is stuck at constant 0.
W: Removed bmsWIDEDFFCPE inst u_TSP_Core/u_TSP_Regfiles/x1_31[31].RV32I_reg_i/qout[31:0] at 14 that is stuck at constant 0.
W: Removed bmsWIDEDFFCPE inst u_TSP_Core/u_TSP_Regfiles/x1_31[31].RV32I_reg_i/qout[31:0] at 15 that is stuck at constant 0.
W: Removed bmsWIDEDFFCPE inst u_TSP_Core/u_TSP_Regfiles/x1_31[31].RV32I_reg_i/qout[31:0] at 16 that is stuck at constant 0.
W: Removed bmsWIDEDFFCPE inst u_TSP_Core/u_TSP_Regfiles/x1_31[31].RV32I_reg_i/qout[31:0] at 17 that is stuck at constant 0.
W: Removed bmsWIDEDFFCPE inst u_TSP_Core/u_TSP_Regfiles/x1_31[31].RV32I_reg_i/qout[31:0] at 18 that is stuck at constant 0.
W: Removed bmsWIDEDFFCPE inst u_TSP_Core/u_TSP_Regfiles/x1_31[31].RV32I_reg_i/qout[31:0] at 19 that is stuck at constant 0.
W: Removed bmsWIDEDFFCPE inst u_TSP_Core/u_TSP_Regfiles/x1_31[31].RV32I_reg_i/qout[31:0] at 20 that is stuck at constant 0.
W: Removed bmsWIDEDFFCPE inst u_TSP_Core/u_TSP_Regfiles/x1_31[31].RV32I_reg_i/qout[31:0] at 21 that is stuck at constant 0.
W: Removed bmsWIDEDFFCPE inst u_TSP_Core/u_TSP_Regfiles/x1_31[31].RV32I_reg_i/qout[31:0] at 22 that is stuck at constant 0.
W: Removed bmsWIDEDFFCPE inst u_TSP_Core/u_TSP_Regfiles/x1_31[31].RV32I_reg_i/qout[31:0] at 23 that is stuck at constant 0.
W: Removed bmsWIDEDFFCPE inst u_TSP_Core/u_TSP_Regfiles/x1_31[31].RV32I_reg_i/qout[31:0] at 24 that is stuck at constant 0.
W: Removed bmsWIDEDFFCPE inst u_TSP_Core/u_TSP_Regfiles/x1_31[31].RV32I_reg_i/qout[31:0] at 25 that is stuck at constant 0.
W: Removed bmsWIDEDFFCPE inst u_TSP_Core/u_TSP_Regfiles/x1_31[31].RV32I_reg_i/qout[31:0] at 26 that is stuck at constant 0.
W: Removed bmsWIDEDFFCPE inst u_TSP_Core/u_TSP_Regfiles/x1_31[31].RV32I_reg_i/qout[31:0] at 27 that is stuck at constant 0.
W: Removed bmsWIDEDFFCPE inst u_TSP_Core/u_TSP_Regfiles/x1_31[31].RV32I_reg_i/qout[31:0] at 28 that is stuck at constant 0.
W: Removed bmsWIDEDFFCPE inst u_TSP_Core/u_TSP_Regfiles/x1_31[31].RV32I_reg_i/qout[31:0] at 29 that is stuck at constant 0.
W: Removed bmsWIDEDFFCPE inst u_TSP_Core/u_TSP_Regfiles/x1_31[31].RV32I_reg_i/qout[31:0] at 30 that is stuck at constant 0.
W: Removed bmsWIDEDFFCPE inst u_TSP_Core/u_TSP_Regfiles/x1_31[31].RV32I_reg_i/qout[31:0] at 31 that is stuck at constant 0.
W: Removed bmsWIDEDFFRSE inst u_TSP_Core/u_TSP_Disp_Exu/Exu_muldiv_u0/Exu_multiplier/A[35:0] at 0 that is stuck at constant 0.
W: Removed bmsWIDEDFFRSE inst u_TSP_Core/u_TSP_Disp_Exu/Exu_muldiv_u0/Exu_multiplier/A[35:0] at 1 that is stuck at constant 0.
W: Removed bmsWIDEDFFRSE inst u_TSP_Core/u_TSP_Disp_Exu/Exu_muldiv_u0/Exu_multiplier/A[35:0] at 2 that is stuck at constant 0.
W: Removed bmsWIDEDFFRSE inst u_TSP_Core/u_TSP_Disp_Exu/Exu_muldiv_u0/Exu_multiplier/A[35:0] at 3 that is stuck at constant 0.
W: Removed bmsWIDEDFFRSE inst u_TSP_Core/u_TSP_Disp_Exu/Exu_muldiv_u0/Exu_multiplier/A[35:0] at 4 that is stuck at constant 0.
W: Removed bmsWIDEDFFRSE inst u_TSP_Core/u_TSP_Disp_Exu/Exu_muldiv_u0/Exu_multiplier/A[35:0] at 5 that is stuck at constant 0.
W: Removed bmsWIDEDFFRSE inst u_TSP_Core/u_TSP_Disp_Exu/Exu_muldiv_u0/Exu_multiplier/A[35:0] at 6 that is stuck at constant 0.
W: Removed bmsWIDEDFFRSE inst u_TSP_Core/u_TSP_Disp_Exu/Exu_muldiv_u0/Exu_multiplier/A[35:0] at 7 that is stuck at constant 0.
W: Removed bmsWIDEDFFRSE inst u_TSP_Core/u_TSP_Disp_Exu/Exu_muldiv_u0/Exu_multiplier/A[35:0] at 8 that is stuck at constant 0.
W: Removed bmsWIDEDFFRSE inst u_TSP_Core/u_TSP_Disp_Exu/Exu_muldiv_u0/Exu_multiplier/A[35:0] at 9 that is stuck at constant 0.
W: Removed bmsWIDEDFFRSE inst u_TSP_Core/u_TSP_Disp_Exu/Exu_muldiv_u0/Exu_multiplier/A[35:0] at 10 that is stuck at constant 0.
W: Removed bmsWIDEDFFRSE inst u_TSP_Core/u_TSP_Disp_Exu/Exu_muldiv_u0/Exu_multiplier/A[35:0] at 11 that is stuck at constant 0.
W: Removed bmsWIDEDFFRSE inst u_TSP_Core/u_TSP_Disp_Exu/Exu_muldiv_u0/Exu_multiplier/A[35:0] at 12 that is stuck at constant 0.
W: Removed bmsWIDEDFFRSE inst u_TSP_Core/u_TSP_Disp_Exu/Exu_muldiv_u0/Exu_multiplier/A[35:0] at 13 that is stuck at constant 0.
W: Removed bmsWIDEDFFRSE inst u_TSP_Core/u_TSP_Disp_Exu/Exu_muldiv_u0/Exu_multiplier/A[35:0] at 14 that is stuck at constant 0.
W: Removed bmsWIDEDFFRSE inst u_TSP_Core/u_TSP_Disp_Exu/Exu_muldiv_u0/Exu_multiplier/A[35:0] at 15 that is stuck at constant 0.
W: Removed bmsWIDEDFFRSE inst u_TSP_Core/u_TSP_Disp_Exu/Exu_muldiv_u0/Exu_multiplier/A[35:0] at 16 that is stuck at constant 0.
W: Removed bmsWIDEDFFRSE inst u_TSP_Core/u_TSP_Disp_Exu/Exu_muldiv_u0/Exu_multiplier/A[35:0] at 17 that is stuck at constant 0.
W: Removed bmsWIDEDFFRSE inst u_TSP_Core/u_TSP_Disp_Exu/Exu_muldiv_u0/Exu_multiplier/A[35:0] at 18 that is stuck at constant 0.
W: Removed bmsWIDEDFFRSE inst u_TSP_Core/u_TSP_Disp_Exu/Exu_muldiv_u0/Exu_multiplier/A[35:0] at 19 that is stuck at constant 0.
W: Removed bmsWIDEDFFRSE inst u_TSP_Core/u_TSP_Disp_Exu/Exu_muldiv_u0/Exu_multiplier/A[35:0] at 20 that is stuck at constant 0.
W: Removed bmsWIDEDFFRSE inst u_TSP_Core/u_TSP_Disp_Exu/Exu_muldiv_u0/Exu_multiplier/A[35:0] at 21 that is stuck at constant 0.
W: Removed bmsWIDEDFFRSE inst u_TSP_Core/u_TSP_Disp_Exu/Exu_muldiv_u0/Exu_multiplier/A[35:0] at 22 that is stuck at constant 0.
W: Removed bmsWIDEDFFRSE inst u_TSP_Core/u_TSP_Disp_Exu/Exu_muldiv_u0/Exu_multiplier/A[35:0] at 23 that is stuck at constant 0.
W: Removed bmsWIDEDFFRSE inst u_TSP_Core/u_TSP_Disp_Exu/Exu_muldiv_u0/Exu_multiplier/A[35:0] at 24 that is stuck at constant 0.
W: Removed bmsWIDEDFFRSE inst u_TSP_Core/u_TSP_Disp_Exu/Exu_muldiv_u0/Exu_multiplier/A[35:0] at 25 that is stuck at constant 0.
W: Removed bmsWIDEDFFRSE inst u_TSP_Core/u_TSP_Disp_Exu/Exu_muldiv_u0/Exu_multiplier/A[35:0] at 26 that is stuck at constant 0.
W: Removed bmsWIDEDFFRSE inst u_TSP_Core/u_TSP_Disp_Exu/Exu_muldiv_u0/Exu_multiplier/A[35:0] at 27 that is stuck at constant 0.
W: Removed bmsWIDEDFFRSE inst u_TSP_Core/u_TSP_Disp_Exu/Exu_muldiv_u0/Exu_multiplier/A[35:0] at 28 that is stuck at constant 0.
W: Removed bmsWIDEDFFRSE inst u_TSP_Core/u_TSP_Disp_Exu/Exu_muldiv_u0/Exu_multiplier/A[35:0] at 29 that is stuck at constant 0.
W: Removed bmsWIDEDFFRSE inst u_TSP_Core/u_TSP_Disp_Exu/Exu_muldiv_u0/Exu_multiplier/A[35:0] at 30 that is stuck at constant 0.
W: Removed bmsWIDEDFFRSE inst u_TSP_Core/u_TSP_Disp_Exu/Exu_muldiv_u0/Exu_multiplier/A[35:0] at 31 that is stuck at constant 0.
W: Removed bmsWIDEDFFRSE inst u_TSP_Core/u_TSP_Disp_Exu/Exu_muldiv_u0/Exu_multiplier/A[35:0] at 32 that is stuck at constant 0.
W: Removed bmsWIDEDFFRSE inst u_TSP_Core/u_TSP_Disp_Exu/Exu_muldiv_u0/Exu_multiplier/reg_Unsigned_R that is stuck at constant 0.
W: Removed bmsWIDEDFFCPE inst u_TSP_Core/u_TSP_Regfiles/x1_31[15].RV32I_reg_i/qout[31:0] at 0 that is stuck at constant 0.
W: Removed bmsWIDEDFFCPE inst u_TSP_Core/u_TSP_Regfiles/x1_31[15].RV32I_reg_i/qout[31:0] at 1 that is stuck at constant 0.
W: Removed bmsWIDEDFFCPE inst u_TSP_Core/u_TSP_Regfiles/x1_31[15].RV32I_reg_i/qout[31:0] at 2 that is stuck at constant 0.
W: Removed bmsWIDEDFFCPE inst u_TSP_Core/u_TSP_Regfiles/x1_31[15].RV32I_reg_i/qout[31:0] at 3 that is stuck at constant 0.
W: Removed bmsWIDEDFFCPE inst u_TSP_Core/u_TSP_Regfiles/x1_31[15].RV32I_reg_i/qout[31:0] at 4 that is stuck at constant 0.
W: Removed bmsWIDEDFFCPE inst u_TSP_Core/u_TSP_Regfiles/x1_31[15].RV32I_reg_i/qout[31:0] at 5 that is stuck at constant 0.
W: Removed bmsWIDEDFFCPE inst u_TSP_Core/u_TSP_Regfiles/x1_31[15].RV32I_reg_i/qout[31:0] at 6 that is stuck at constant 0.
W: Removed bmsWIDEDFFCPE inst u_TSP_Core/u_TSP_Regfiles/x1_31[15].RV32I_reg_i/qout[31:0] at 7 that is stuck at constant 0.
W: Removed bmsWIDEDFFCPE inst u_TSP_Core/u_TSP_Regfiles/x1_31[15].RV32I_reg_i/qout[31:0] at 8 that is stuck at constant 0.
W: Removed bmsWIDEDFFCPE inst u_TSP_Core/u_TSP_Regfiles/x1_31[15].RV32I_reg_i/qout[31:0] at 9 that is stuck at constant 0.
W: Removed bmsWIDEDFFCPE inst u_TSP_Core/u_TSP_Regfiles/x1_31[15].RV32I_reg_i/qout[31:0] at 10 that is stuck at constant 0.
W: Removed bmsWIDEDFFCPE inst u_TSP_Core/u_TSP_Regfiles/x1_31[15].RV32I_reg_i/qout[31:0] at 11 that is stuck at constant 0.
W: Removed bmsWIDEDFFCPE inst u_TSP_Core/u_TSP_Regfiles/x1_31[15].RV32I_reg_i/qout[31:0] at 12 that is stuck at constant 0.
W: Removed bmsWIDEDFFCPE inst u_TSP_Core/u_TSP_Regfiles/x1_31[15].RV32I_reg_i/qout[31:0] at 13 that is stuck at constant 0.
W: Removed bmsWIDEDFFCPE inst u_TSP_Core/u_TSP_Regfiles/x1_31[15].RV32I_reg_i/qout[31:0] at 14 that is stuck at constant 0.
W: Removed bmsWIDEDFFCPE inst u_TSP_Core/u_TSP_Regfiles/x1_31[15].RV32I_reg_i/qout[31:0] at 15 that is stuck at constant 0.
W: Removed bmsWIDEDFFCPE inst u_TSP_Core/u_TSP_Regfiles/x1_31[15].RV32I_reg_i/qout[31:0] at 16 that is stuck at constant 0.
W: Removed bmsWIDEDFFCPE inst u_TSP_Core/u_TSP_Regfiles/x1_31[15].RV32I_reg_i/qout[31:0] at 17 that is stuck at constant 0.
W: Removed bmsWIDEDFFCPE inst u_TSP_Core/u_TSP_Regfiles/x1_31[15].RV32I_reg_i/qout[31:0] at 18 that is stuck at constant 0.
W: Removed bmsWIDEDFFCPE inst u_TSP_Core/u_TSP_Regfiles/x1_31[15].RV32I_reg_i/qout[31:0] at 19 that is stuck at constant 0.
W: Removed bmsWIDEDFFCPE inst u_TSP_Core/u_TSP_Regfiles/x1_31[15].RV32I_reg_i/qout[31:0] at 20 that is stuck at constant 0.
W: Removed bmsWIDEDFFCPE inst u_TSP_Core/u_TSP_Regfiles/x1_31[15].RV32I_reg_i/qout[31:0] at 21 that is stuck at constant 0.
W: Removed bmsWIDEDFFCPE inst u_TSP_Core/u_TSP_Regfiles/x1_31[15].RV32I_reg_i/qout[31:0] at 22 that is stuck at constant 0.
W: Removed bmsWIDEDFFCPE inst u_TSP_Core/u_TSP_Regfiles/x1_31[15].RV32I_reg_i/qout[31:0] at 23 that is stuck at constant 0.
W: Removed bmsWIDEDFFCPE inst u_TSP_Core/u_TSP_Regfiles/x1_31[15].RV32I_reg_i/qout[31:0] at 24 that is stuck at constant 0.
W: Removed bmsWIDEDFFCPE inst u_TSP_Core/u_TSP_Regfiles/x1_31[15].RV32I_reg_i/qout[31:0] at 25 that is stuck at constant 0.
W: Removed bmsWIDEDFFCPE inst u_TSP_Core/u_TSP_Regfiles/x1_31[15].RV32I_reg_i/qout[31:0] at 26 that is stuck at constant 0.
W: Removed bmsWIDEDFFCPE inst u_TSP_Core/u_TSP_Regfiles/x1_31[15].RV32I_reg_i/qout[31:0] at 27 that is stuck at constant 0.
W: Removed bmsWIDEDFFCPE inst u_TSP_Core/u_TSP_Regfiles/x1_31[15].RV32I_reg_i/qout[31:0] at 28 that is stuck at constant 0.
W: Removed bmsWIDEDFFCPE inst u_TSP_Core/u_TSP_Regfiles/x1_31[15].RV32I_reg_i/qout[31:0] at 29 that is stuck at constant 0.
W: Removed bmsWIDEDFFCPE inst u_TSP_Core/u_TSP_Regfiles/x1_31[15].RV32I_reg_i/qout[31:0] at 30 that is stuck at constant 0.
W: Removed bmsWIDEDFFCPE inst u_TSP_Core/u_TSP_Regfiles/x1_31[15].RV32I_reg_i/qout[31:0] at 31 that is stuck at constant 0.
W: Removed bmsWIDEDFFCPE inst u_TSP_Core/u_TSP_Regfiles/x1_31[7].RV32I_reg_i/qout[31:0] at 0 that is stuck at constant 0.
W: Removed bmsWIDEDFFCPE inst u_TSP_Core/u_TSP_Regfiles/x1_31[7].RV32I_reg_i/qout[31:0] at 1 that is stuck at constant 0.
W: Removed bmsWIDEDFFCPE inst u_TSP_Core/u_TSP_Regfiles/x1_31[7].RV32I_reg_i/qout[31:0] at 2 that is stuck at constant 0.
W: Removed bmsWIDEDFFCPE inst u_TSP_Core/u_TSP_Regfiles/x1_31[7].RV32I_reg_i/qout[31:0] at 3 that is stuck at constant 0.
W: Removed bmsWIDEDFFCPE inst u_TSP_Core/u_TSP_Regfiles/x1_31[7].RV32I_reg_i/qout[31:0] at 4 that is stuck at constant 0.
W: Removed bmsWIDEDFFCPE inst u_TSP_Core/u_TSP_Regfiles/x1_31[7].RV32I_reg_i/qout[31:0] at 5 that is stuck at constant 0.
W: Removed bmsWIDEDFFCPE inst u_TSP_Core/u_TSP_Regfiles/x1_31[7].RV32I_reg_i/qout[31:0] at 6 that is stuck at constant 0.
W: Removed bmsWIDEDFFCPE inst u_TSP_Core/u_TSP_Regfiles/x1_31[7].RV32I_reg_i/qout[31:0] at 7 that is stuck at constant 0.
W: Removed bmsWIDEDFFCPE inst u_TSP_Core/u_TSP_Regfiles/x1_31[7].RV32I_reg_i/qout[31:0] at 8 that is stuck at constant 0.
W: Removed bmsWIDEDFFCPE inst u_TSP_Core/u_TSP_Regfiles/x1_31[7].RV32I_reg_i/qout[31:0] at 9 that is stuck at constant 0.
W: Removed bmsWIDEDFFCPE inst u_TSP_Core/u_TSP_Regfiles/x1_31[7].RV32I_reg_i/qout[31:0] at 10 that is stuck at constant 0.
W: Removed bmsWIDEDFFCPE inst u_TSP_Core/u_TSP_Regfiles/x1_31[7].RV32I_reg_i/qout[31:0] at 11 that is stuck at constant 0.
W: Removed bmsWIDEDFFCPE inst u_TSP_Core/u_TSP_Regfiles/x1_31[7].RV32I_reg_i/qout[31:0] at 12 that is stuck at constant 0.
W: Removed bmsWIDEDFFCPE inst u_TSP_Core/u_TSP_Regfiles/x1_31[7].RV32I_reg_i/qout[31:0] at 13 that is stuck at constant 0.
W: Removed bmsWIDEDFFCPE inst u_TSP_Core/u_TSP_Regfiles/x1_31[7].RV32I_reg_i/qout[31:0] at 14 that is stuck at constant 0.
W: Removed bmsWIDEDFFCPE inst u_TSP_Core/u_TSP_Regfiles/x1_31[7].RV32I_reg_i/qout[31:0] at 15 that is stuck at constant 0.
W: Removed bmsWIDEDFFCPE inst u_TSP_Core/u_TSP_Regfiles/x1_31[7].RV32I_reg_i/qout[31:0] at 16 that is stuck at constant 0.
W: Removed bmsWIDEDFFCPE inst u_TSP_Core/u_TSP_Regfiles/x1_31[7].RV32I_reg_i/qout[31:0] at 17 that is stuck at constant 0.
W: Removed bmsWIDEDFFCPE inst u_TSP_Core/u_TSP_Regfiles/x1_31[7].RV32I_reg_i/qout[31:0] at 18 that is stuck at constant 0.
W: Removed bmsWIDEDFFCPE inst u_TSP_Core/u_TSP_Regfiles/x1_31[7].RV32I_reg_i/qout[31:0] at 19 that is stuck at constant 0.
W: Removed bmsWIDEDFFCPE inst u_TSP_Core/u_TSP_Regfiles/x1_31[7].RV32I_reg_i/qout[31:0] at 20 that is stuck at constant 0.
W: Removed bmsWIDEDFFCPE inst u_TSP_Core/u_TSP_Regfiles/x1_31[7].RV32I_reg_i/qout[31:0] at 21 that is stuck at constant 0.
W: Removed bmsWIDEDFFCPE inst u_TSP_Core/u_TSP_Regfiles/x1_31[7].RV32I_reg_i/qout[31:0] at 22 that is stuck at constant 0.
W: Removed bmsWIDEDFFCPE inst u_TSP_Core/u_TSP_Regfiles/x1_31[7].RV32I_reg_i/qout[31:0] at 23 that is stuck at constant 0.
W: Removed bmsWIDEDFFCPE inst u_TSP_Core/u_TSP_Regfiles/x1_31[7].RV32I_reg_i/qout[31:0] at 24 that is stuck at constant 0.
W: Removed bmsWIDEDFFCPE inst u_TSP_Core/u_TSP_Regfiles/x1_31[7].RV32I_reg_i/qout[31:0] at 25 that is stuck at constant 0.
W: Removed bmsWIDEDFFCPE inst u_TSP_Core/u_TSP_Regfiles/x1_31[7].RV32I_reg_i/qout[31:0] at 26 that is stuck at constant 0.
W: Removed bmsWIDEDFFCPE inst u_TSP_Core/u_TSP_Regfiles/x1_31[7].RV32I_reg_i/qout[31:0] at 27 that is stuck at constant 0.
W: Removed bmsWIDEDFFCPE inst u_TSP_Core/u_TSP_Regfiles/x1_31[7].RV32I_reg_i/qout[31:0] at 28 that is stuck at constant 0.
W: Removed bmsWIDEDFFCPE inst u_TSP_Core/u_TSP_Regfiles/x1_31[7].RV32I_reg_i/qout[31:0] at 29 that is stuck at constant 0.
W: Removed bmsWIDEDFFCPE inst u_TSP_Core/u_TSP_Regfiles/x1_31[7].RV32I_reg_i/qout[31:0] at 30 that is stuck at constant 0.
W: Removed bmsWIDEDFFCPE inst u_TSP_Core/u_TSP_Regfiles/x1_31[7].RV32I_reg_i/qout[31:0] at 31 that is stuck at constant 0.
W: Removed bmsWIDEDFFCPE inst u_TSP_Core/u_TSP_Regfiles/x1_31[23].RV32I_reg_i/qout[31:0] at 0 that is stuck at constant 0.
W: Removed bmsWIDEDFFCPE inst u_TSP_Core/u_TSP_Regfiles/x1_31[23].RV32I_reg_i/qout[31:0] at 1 that is stuck at constant 0.
W: Removed bmsWIDEDFFCPE inst u_TSP_Core/u_TSP_Regfiles/x1_31[23].RV32I_reg_i/qout[31:0] at 2 that is stuck at constant 0.
W: Removed bmsWIDEDFFCPE inst u_TSP_Core/u_TSP_Regfiles/x1_31[23].RV32I_reg_i/qout[31:0] at 3 that is stuck at constant 0.
W: Removed bmsWIDEDFFCPE inst u_TSP_Core/u_TSP_Regfiles/x1_31[23].RV32I_reg_i/qout[31:0] at 4 that is stuck at constant 0.
W: Removed bmsWIDEDFFCPE inst u_TSP_Core/u_TSP_Regfiles/x1_31[23].RV32I_reg_i/qout[31:0] at 5 that is stuck at constant 0.
W: Removed bmsWIDEDFFCPE inst u_TSP_Core/u_TSP_Regfiles/x1_31[23].RV32I_reg_i/qout[31:0] at 6 that is stuck at constant 0.
W: Removed bmsWIDEDFFCPE inst u_TSP_Core/u_TSP_Regfiles/x1_31[23].RV32I_reg_i/qout[31:0] at 7 that is stuck at constant 0.
W: Removed bmsWIDEDFFCPE inst u_TSP_Core/u_TSP_Regfiles/x1_31[23].RV32I_reg_i/qout[31:0] at 8 that is stuck at constant 0.
W: Removed bmsWIDEDFFCPE inst u_TSP_Core/u_TSP_Regfiles/x1_31[23].RV32I_reg_i/qout[31:0] at 9 that is stuck at constant 0.
W: Removed bmsWIDEDFFCPE inst u_TSP_Core/u_TSP_Regfiles/x1_31[23].RV32I_reg_i/qout[31:0] at 10 that is stuck at constant 0.
W: Removed bmsWIDEDFFCPE inst u_TSP_Core/u_TSP_Regfiles/x1_31[23].RV32I_reg_i/qout[31:0] at 11 that is stuck at constant 0.
W: Removed bmsWIDEDFFCPE inst u_TSP_Core/u_TSP_Regfiles/x1_31[23].RV32I_reg_i/qout[31:0] at 12 that is stuck at constant 0.
W: Removed bmsWIDEDFFCPE inst u_TSP_Core/u_TSP_Regfiles/x1_31[23].RV32I_reg_i/qout[31:0] at 13 that is stuck at constant 0.
W: Removed bmsWIDEDFFCPE inst u_TSP_Core/u_TSP_Regfiles/x1_31[23].RV32I_reg_i/qout[31:0] at 14 that is stuck at constant 0.
W: Removed bmsWIDEDFFCPE inst u_TSP_Core/u_TSP_Regfiles/x1_31[23].RV32I_reg_i/qout[31:0] at 15 that is stuck at constant 0.
W: Removed bmsWIDEDFFCPE inst u_TSP_Core/u_TSP_Regfiles/x1_31[23].RV32I_reg_i/qout[31:0] at 16 that is stuck at constant 0.
W: Removed bmsWIDEDFFCPE inst u_TSP_Core/u_TSP_Regfiles/x1_31[23].RV32I_reg_i/qout[31:0] at 17 that is stuck at constant 0.
W: Removed bmsWIDEDFFCPE inst u_TSP_Core/u_TSP_Regfiles/x1_31[23].RV32I_reg_i/qout[31:0] at 18 that is stuck at constant 0.
W: Removed bmsWIDEDFFCPE inst u_TSP_Core/u_TSP_Regfiles/x1_31[23].RV32I_reg_i/qout[31:0] at 19 that is stuck at constant 0.
W: Removed bmsWIDEDFFCPE inst u_TSP_Core/u_TSP_Regfiles/x1_31[23].RV32I_reg_i/qout[31:0] at 20 that is stuck at constant 0.
W: Removed bmsWIDEDFFCPE inst u_TSP_Core/u_TSP_Regfiles/x1_31[23].RV32I_reg_i/qout[31:0] at 21 that is stuck at constant 0.
W: Removed bmsWIDEDFFCPE inst u_TSP_Core/u_TSP_Regfiles/x1_31[23].RV32I_reg_i/qout[31:0] at 22 that is stuck at constant 0.
W: Removed bmsWIDEDFFCPE inst u_TSP_Core/u_TSP_Regfiles/x1_31[23].RV32I_reg_i/qout[31:0] at 23 that is stuck at constant 0.
W: Removed bmsWIDEDFFCPE inst u_TSP_Core/u_TSP_Regfiles/x1_31[23].RV32I_reg_i/qout[31:0] at 24 that is stuck at constant 0.
W: Removed bmsWIDEDFFCPE inst u_TSP_Core/u_TSP_Regfiles/x1_31[23].RV32I_reg_i/qout[31:0] at 25 that is stuck at constant 0.
W: Removed bmsWIDEDFFCPE inst u_TSP_Core/u_TSP_Regfiles/x1_31[23].RV32I_reg_i/qout[31:0] at 26 that is stuck at constant 0.
W: Removed bmsWIDEDFFCPE inst u_TSP_Core/u_TSP_Regfiles/x1_31[23].RV32I_reg_i/qout[31:0] at 27 that is stuck at constant 0.
W: Removed bmsWIDEDFFCPE inst u_TSP_Core/u_TSP_Regfiles/x1_31[23].RV32I_reg_i/qout[31:0] at 28 that is stuck at constant 0.
W: Removed bmsWIDEDFFCPE inst u_TSP_Core/u_TSP_Regfiles/x1_31[23].RV32I_reg_i/qout[31:0] at 29 that is stuck at constant 0.
W: Removed bmsWIDEDFFCPE inst u_TSP_Core/u_TSP_Regfiles/x1_31[23].RV32I_reg_i/qout[31:0] at 30 that is stuck at constant 0.
W: Removed bmsWIDEDFFCPE inst u_TSP_Core/u_TSP_Regfiles/x1_31[23].RV32I_reg_i/qout[31:0] at 31 that is stuck at constant 0.
W: Removed bmsWIDEDFFCPE inst u_TSP_Core/u_TSP_Regfiles/x1_31[3].RV32I_reg_i/qout[31:0] at 0 that is stuck at constant 0.
W: Removed bmsWIDEDFFCPE inst u_TSP_Core/u_TSP_Regfiles/x1_31[3].RV32I_reg_i/qout[31:0] at 1 that is stuck at constant 0.
W: Removed bmsWIDEDFFCPE inst u_TSP_Core/u_TSP_Regfiles/x1_31[3].RV32I_reg_i/qout[31:0] at 2 that is stuck at constant 0.
W: Removed bmsWIDEDFFCPE inst u_TSP_Core/u_TSP_Regfiles/x1_31[3].RV32I_reg_i/qout[31:0] at 3 that is stuck at constant 0.
W: Removed bmsWIDEDFFCPE inst u_TSP_Core/u_TSP_Regfiles/x1_31[3].RV32I_reg_i/qout[31:0] at 4 that is stuck at constant 0.
W: Removed bmsWIDEDFFCPE inst u_TSP_Core/u_TSP_Regfiles/x1_31[3].RV32I_reg_i/qout[31:0] at 5 that is stuck at constant 0.
W: Removed bmsWIDEDFFCPE inst u_TSP_Core/u_TSP_Regfiles/x1_31[3].RV32I_reg_i/qout[31:0] at 6 that is stuck at constant 0.
W: Removed bmsWIDEDFFCPE inst u_TSP_Core/u_TSP_Regfiles/x1_31[3].RV32I_reg_i/qout[31:0] at 7 that is stuck at constant 0.
W: Removed bmsWIDEDFFCPE inst u_TSP_Core/u_TSP_Regfiles/x1_31[3].RV32I_reg_i/qout[31:0] at 8 that is stuck at constant 0.
W: Removed bmsWIDEDFFCPE inst u_TSP_Core/u_TSP_Regfiles/x1_31[3].RV32I_reg_i/qout[31:0] at 9 that is stuck at constant 0.
W: Removed bmsWIDEDFFCPE inst u_TSP_Core/u_TSP_Regfiles/x1_31[3].RV32I_reg_i/qout[31:0] at 10 that is stuck at constant 0.
W: Removed bmsWIDEDFFCPE inst u_TSP_Core/u_TSP_Regfiles/x1_31[3].RV32I_reg_i/qout[31:0] at 11 that is stuck at constant 0.
W: Removed bmsWIDEDFFCPE inst u_TSP_Core/u_TSP_Regfiles/x1_31[3].RV32I_reg_i/qout[31:0] at 12 that is stuck at constant 0.
W: Removed bmsWIDEDFFCPE inst u_TSP_Core/u_TSP_Regfiles/x1_31[3].RV32I_reg_i/qout[31:0] at 13 that is stuck at constant 0.
W: Removed bmsWIDEDFFCPE inst u_TSP_Core/u_TSP_Regfiles/x1_31[3].RV32I_reg_i/qout[31:0] at 14 that is stuck at constant 0.
W: Removed bmsWIDEDFFCPE inst u_TSP_Core/u_TSP_Regfiles/x1_31[3].RV32I_reg_i/qout[31:0] at 15 that is stuck at constant 0.
W: Removed bmsWIDEDFFCPE inst u_TSP_Core/u_TSP_Regfiles/x1_31[3].RV32I_reg_i/qout[31:0] at 16 that is stuck at constant 0.
W: Removed bmsWIDEDFFCPE inst u_TSP_Core/u_TSP_Regfiles/x1_31[3].RV32I_reg_i/qout[31:0] at 17 that is stuck at constant 0.
W: Removed bmsWIDEDFFCPE inst u_TSP_Core/u_TSP_Regfiles/x1_31[3].RV32I_reg_i/qout[31:0] at 18 that is stuck at constant 0.
W: Removed bmsWIDEDFFCPE inst u_TSP_Core/u_TSP_Regfiles/x1_31[3].RV32I_reg_i/qout[31:0] at 19 that is stuck at constant 0.
W: Removed bmsWIDEDFFCPE inst u_TSP_Core/u_TSP_Regfiles/x1_31[3].RV32I_reg_i/qout[31:0] at 20 that is stuck at constant 0.
W: Removed bmsWIDEDFFCPE inst u_TSP_Core/u_TSP_Regfiles/x1_31[3].RV32I_reg_i/qout[31:0] at 21 that is stuck at constant 0.
W: Removed bmsWIDEDFFCPE inst u_TSP_Core/u_TSP_Regfiles/x1_31[3].RV32I_reg_i/qout[31:0] at 22 that is stuck at constant 0.
W: Removed bmsWIDEDFFCPE inst u_TSP_Core/u_TSP_Regfiles/x1_31[3].RV32I_reg_i/qout[31:0] at 23 that is stuck at constant 0.
W: Removed bmsWIDEDFFCPE inst u_TSP_Core/u_TSP_Regfiles/x1_31[3].RV32I_reg_i/qout[31:0] at 24 that is stuck at constant 0.
W: Removed bmsWIDEDFFCPE inst u_TSP_Core/u_TSP_Regfiles/x1_31[3].RV32I_reg_i/qout[31:0] at 25 that is stuck at constant 0.
W: Removed bmsWIDEDFFCPE inst u_TSP_Core/u_TSP_Regfiles/x1_31[3].RV32I_reg_i/qout[31:0] at 26 that is stuck at constant 0.
W: Removed bmsWIDEDFFCPE inst u_TSP_Core/u_TSP_Regfiles/x1_31[3].RV32I_reg_i/qout[31:0] at 27 that is stuck at constant 0.
W: Removed bmsWIDEDFFCPE inst u_TSP_Core/u_TSP_Regfiles/x1_31[3].RV32I_reg_i/qout[31:0] at 28 that is stuck at constant 0.
W: Removed bmsWIDEDFFCPE inst u_TSP_Core/u_TSP_Regfiles/x1_31[3].RV32I_reg_i/qout[31:0] at 29 that is stuck at constant 0.
W: Removed bmsWIDEDFFCPE inst u_TSP_Core/u_TSP_Regfiles/x1_31[3].RV32I_reg_i/qout[31:0] at 30 that is stuck at constant 0.
W: Removed bmsWIDEDFFCPE inst u_TSP_Core/u_TSP_Regfiles/x1_31[3].RV32I_reg_i/qout[31:0] at 31 that is stuck at constant 0.
W: Removed bmsWIDEDFFCPE inst u_TSP_Core/u_TSP_Regfiles/x1_31[11].RV32I_reg_i/qout[31:0] at 0 that is stuck at constant 0.
W: Removed bmsWIDEDFFCPE inst u_TSP_Core/u_TSP_Regfiles/x1_31[11].RV32I_reg_i/qout[31:0] at 1 that is stuck at constant 0.
W: Removed bmsWIDEDFFCPE inst u_TSP_Core/u_TSP_Regfiles/x1_31[11].RV32I_reg_i/qout[31:0] at 2 that is stuck at constant 0.
W: Removed bmsWIDEDFFCPE inst u_TSP_Core/u_TSP_Regfiles/x1_31[11].RV32I_reg_i/qout[31:0] at 3 that is stuck at constant 0.
W: Removed bmsWIDEDFFCPE inst u_TSP_Core/u_TSP_Regfiles/x1_31[11].RV32I_reg_i/qout[31:0] at 4 that is stuck at constant 0.
W: Removed bmsWIDEDFFCPE inst u_TSP_Core/u_TSP_Regfiles/x1_31[11].RV32I_reg_i/qout[31:0] at 5 that is stuck at constant 0.
W: Removed bmsWIDEDFFCPE inst u_TSP_Core/u_TSP_Regfiles/x1_31[11].RV32I_reg_i/qout[31:0] at 6 that is stuck at constant 0.
W: Removed bmsWIDEDFFCPE inst u_TSP_Core/u_TSP_Regfiles/x1_31[11].RV32I_reg_i/qout[31:0] at 7 that is stuck at constant 0.
W: Removed bmsWIDEDFFCPE inst u_TSP_Core/u_TSP_Regfiles/x1_31[11].RV32I_reg_i/qout[31:0] at 8 that is stuck at constant 0.
W: Removed bmsWIDEDFFCPE inst u_TSP_Core/u_TSP_Regfiles/x1_31[11].RV32I_reg_i/qout[31:0] at 9 that is stuck at constant 0.
W: Removed bmsWIDEDFFCPE inst u_TSP_Core/u_TSP_Regfiles/x1_31[11].RV32I_reg_i/qout[31:0] at 10 that is stuck at constant 0.
W: Removed bmsWIDEDFFCPE inst u_TSP_Core/u_TSP_Regfiles/x1_31[11].RV32I_reg_i/qout[31:0] at 11 that is stuck at constant 0.
W: Removed bmsWIDEDFFCPE inst u_TSP_Core/u_TSP_Regfiles/x1_31[11].RV32I_reg_i/qout[31:0] at 12 that is stuck at constant 0.
W: Removed bmsWIDEDFFCPE inst u_TSP_Core/u_TSP_Regfiles/x1_31[11].RV32I_reg_i/qout[31:0] at 13 that is stuck at constant 0.
W: Removed bmsWIDEDFFCPE inst u_TSP_Core/u_TSP_Regfiles/x1_31[11].RV32I_reg_i/qout[31:0] at 14 that is stuck at constant 0.
W: Removed bmsWIDEDFFCPE inst u_TSP_Core/u_TSP_Regfiles/x1_31[11].RV32I_reg_i/qout[31:0] at 15 that is stuck at constant 0.
W: Removed bmsWIDEDFFCPE inst u_TSP_Core/u_TSP_Regfiles/x1_31[11].RV32I_reg_i/qout[31:0] at 16 that is stuck at constant 0.
W: Removed bmsWIDEDFFCPE inst u_TSP_Core/u_TSP_Regfiles/x1_31[11].RV32I_reg_i/qout[31:0] at 17 that is stuck at constant 0.
W: Removed bmsWIDEDFFCPE inst u_TSP_Core/u_TSP_Regfiles/x1_31[11].RV32I_reg_i/qout[31:0] at 18 that is stuck at constant 0.
W: Removed bmsWIDEDFFCPE inst u_TSP_Core/u_TSP_Regfiles/x1_31[11].RV32I_reg_i/qout[31:0] at 19 that is stuck at constant 0.
W: Removed bmsWIDEDFFCPE inst u_TSP_Core/u_TSP_Regfiles/x1_31[11].RV32I_reg_i/qout[31:0] at 20 that is stuck at constant 0.
W: Removed bmsWIDEDFFCPE inst u_TSP_Core/u_TSP_Regfiles/x1_31[11].RV32I_reg_i/qout[31:0] at 21 that is stuck at constant 0.
W: Removed bmsWIDEDFFCPE inst u_TSP_Core/u_TSP_Regfiles/x1_31[11].RV32I_reg_i/qout[31:0] at 22 that is stuck at constant 0.
W: Removed bmsWIDEDFFCPE inst u_TSP_Core/u_TSP_Regfiles/x1_31[11].RV32I_reg_i/qout[31:0] at 23 that is stuck at constant 0.
W: Removed bmsWIDEDFFCPE inst u_TSP_Core/u_TSP_Regfiles/x1_31[11].RV32I_reg_i/qout[31:0] at 24 that is stuck at constant 0.
W: Removed bmsWIDEDFFCPE inst u_TSP_Core/u_TSP_Regfiles/x1_31[11].RV32I_reg_i/qout[31:0] at 25 that is stuck at constant 0.
W: Removed bmsWIDEDFFCPE inst u_TSP_Core/u_TSP_Regfiles/x1_31[11].RV32I_reg_i/qout[31:0] at 26 that is stuck at constant 0.
W: Removed bmsWIDEDFFCPE inst u_TSP_Core/u_TSP_Regfiles/x1_31[11].RV32I_reg_i/qout[31:0] at 27 that is stuck at constant 0.
W: Removed bmsWIDEDFFCPE inst u_TSP_Core/u_TSP_Regfiles/x1_31[11].RV32I_reg_i/qout[31:0] at 28 that is stuck at constant 0.
W: Removed bmsWIDEDFFCPE inst u_TSP_Core/u_TSP_Regfiles/x1_31[11].RV32I_reg_i/qout[31:0] at 29 that is stuck at constant 0.
W: Removed bmsWIDEDFFCPE inst u_TSP_Core/u_TSP_Regfiles/x1_31[11].RV32I_reg_i/qout[31:0] at 30 that is stuck at constant 0.
W: Removed bmsWIDEDFFCPE inst u_TSP_Core/u_TSP_Regfiles/x1_31[11].RV32I_reg_i/qout[31:0] at 31 that is stuck at constant 0.
W: Removed bmsWIDEDFFCPE inst u_TSP_Core/u_TSP_Regfiles/x1_31[19].RV32I_reg_i/qout[31:0] at 0 that is stuck at constant 0.
W: Removed bmsWIDEDFFCPE inst u_TSP_Core/u_TSP_Regfiles/x1_31[19].RV32I_reg_i/qout[31:0] at 1 that is stuck at constant 0.
W: Removed bmsWIDEDFFCPE inst u_TSP_Core/u_TSP_Regfiles/x1_31[19].RV32I_reg_i/qout[31:0] at 2 that is stuck at constant 0.
W: Removed bmsWIDEDFFCPE inst u_TSP_Core/u_TSP_Regfiles/x1_31[19].RV32I_reg_i/qout[31:0] at 3 that is stuck at constant 0.
W: Removed bmsWIDEDFFCPE inst u_TSP_Core/u_TSP_Regfiles/x1_31[19].RV32I_reg_i/qout[31:0] at 4 that is stuck at constant 0.
W: Removed bmsWIDEDFFCPE inst u_TSP_Core/u_TSP_Regfiles/x1_31[19].RV32I_reg_i/qout[31:0] at 5 that is stuck at constant 0.
W: Removed bmsWIDEDFFCPE inst u_TSP_Core/u_TSP_Regfiles/x1_31[19].RV32I_reg_i/qout[31:0] at 6 that is stuck at constant 0.
W: Removed bmsWIDEDFFCPE inst u_TSP_Core/u_TSP_Regfiles/x1_31[19].RV32I_reg_i/qout[31:0] at 7 that is stuck at constant 0.
W: Removed bmsWIDEDFFCPE inst u_TSP_Core/u_TSP_Regfiles/x1_31[19].RV32I_reg_i/qout[31:0] at 8 that is stuck at constant 0.
W: Removed bmsWIDEDFFCPE inst u_TSP_Core/u_TSP_Regfiles/x1_31[19].RV32I_reg_i/qout[31:0] at 9 that is stuck at constant 0.
W: Removed bmsWIDEDFFCPE inst u_TSP_Core/u_TSP_Regfiles/x1_31[19].RV32I_reg_i/qout[31:0] at 10 that is stuck at constant 0.
W: Removed bmsWIDEDFFCPE inst u_TSP_Core/u_TSP_Regfiles/x1_31[19].RV32I_reg_i/qout[31:0] at 11 that is stuck at constant 0.
W: Removed bmsWIDEDFFCPE inst u_TSP_Core/u_TSP_Regfiles/x1_31[19].RV32I_reg_i/qout[31:0] at 12 that is stuck at constant 0.
W: Removed bmsWIDEDFFCPE inst u_TSP_Core/u_TSP_Regfiles/x1_31[19].RV32I_reg_i/qout[31:0] at 13 that is stuck at constant 0.
W: Removed bmsWIDEDFFCPE inst u_TSP_Core/u_TSP_Regfiles/x1_31[19].RV32I_reg_i/qout[31:0] at 14 that is stuck at constant 0.
W: Removed bmsWIDEDFFCPE inst u_TSP_Core/u_TSP_Regfiles/x1_31[19].RV32I_reg_i/qout[31:0] at 15 that is stuck at constant 0.
W: Removed bmsWIDEDFFCPE inst u_TSP_Core/u_TSP_Regfiles/x1_31[19].RV32I_reg_i/qout[31:0] at 16 that is stuck at constant 0.
W: Removed bmsWIDEDFFCPE inst u_TSP_Core/u_TSP_Regfiles/x1_31[19].RV32I_reg_i/qout[31:0] at 17 that is stuck at constant 0.
W: Removed bmsWIDEDFFCPE inst u_TSP_Core/u_TSP_Regfiles/x1_31[19].RV32I_reg_i/qout[31:0] at 18 that is stuck at constant 0.
W: Removed bmsWIDEDFFCPE inst u_TSP_Core/u_TSP_Regfiles/x1_31[19].RV32I_reg_i/qout[31:0] at 19 that is stuck at constant 0.
W: Removed bmsWIDEDFFCPE inst u_TSP_Core/u_TSP_Regfiles/x1_31[19].RV32I_reg_i/qout[31:0] at 20 that is stuck at constant 0.
W: Removed bmsWIDEDFFCPE inst u_TSP_Core/u_TSP_Regfiles/x1_31[19].RV32I_reg_i/qout[31:0] at 21 that is stuck at constant 0.
W: Removed bmsWIDEDFFCPE inst u_TSP_Core/u_TSP_Regfiles/x1_31[19].RV32I_reg_i/qout[31:0] at 22 that is stuck at constant 0.
W: Removed bmsWIDEDFFCPE inst u_TSP_Core/u_TSP_Regfiles/x1_31[19].RV32I_reg_i/qout[31:0] at 23 that is stuck at constant 0.
W: Removed bmsWIDEDFFCPE inst u_TSP_Core/u_TSP_Regfiles/x1_31[19].RV32I_reg_i/qout[31:0] at 24 that is stuck at constant 0.
W: Removed bmsWIDEDFFCPE inst u_TSP_Core/u_TSP_Regfiles/x1_31[19].RV32I_reg_i/qout[31:0] at 25 that is stuck at constant 0.
W: Removed bmsWIDEDFFCPE inst u_TSP_Core/u_TSP_Regfiles/x1_31[19].RV32I_reg_i/qout[31:0] at 26 that is stuck at constant 0.
W: Removed bmsWIDEDFFCPE inst u_TSP_Core/u_TSP_Regfiles/x1_31[19].RV32I_reg_i/qout[31:0] at 27 that is stuck at constant 0.
W: Removed bmsWIDEDFFCPE inst u_TSP_Core/u_TSP_Regfiles/x1_31[19].RV32I_reg_i/qout[31:0] at 28 that is stuck at constant 0.
W: Removed bmsWIDEDFFCPE inst u_TSP_Core/u_TSP_Regfiles/x1_31[19].RV32I_reg_i/qout[31:0] at 29 that is stuck at constant 0.
W: Removed bmsWIDEDFFCPE inst u_TSP_Core/u_TSP_Regfiles/x1_31[19].RV32I_reg_i/qout[31:0] at 30 that is stuck at constant 0.
W: Removed bmsWIDEDFFCPE inst u_TSP_Core/u_TSP_Regfiles/x1_31[19].RV32I_reg_i/qout[31:0] at 31 that is stuck at constant 0.
W: Removed bmsWIDEDFFCPE inst u_TSP_Core/u_TSP_Regfiles/x1_31[27].RV32I_reg_i/qout[31:0] at 0 that is stuck at constant 0.
W: Removed bmsWIDEDFFCPE inst u_TSP_Core/u_TSP_Regfiles/x1_31[27].RV32I_reg_i/qout[31:0] at 1 that is stuck at constant 0.
W: Removed bmsWIDEDFFCPE inst u_TSP_Core/u_TSP_Regfiles/x1_31[27].RV32I_reg_i/qout[31:0] at 2 that is stuck at constant 0.
W: Removed bmsWIDEDFFCPE inst u_TSP_Core/u_TSP_Regfiles/x1_31[27].RV32I_reg_i/qout[31:0] at 3 that is stuck at constant 0.
W: Removed bmsWIDEDFFCPE inst u_TSP_Core/u_TSP_Regfiles/x1_31[27].RV32I_reg_i/qout[31:0] at 4 that is stuck at constant 0.
W: Removed bmsWIDEDFFCPE inst u_TSP_Core/u_TSP_Regfiles/x1_31[27].RV32I_reg_i/qout[31:0] at 5 that is stuck at constant 0.
W: Removed bmsWIDEDFFCPE inst u_TSP_Core/u_TSP_Regfiles/x1_31[27].RV32I_reg_i/qout[31:0] at 6 that is stuck at constant 0.
W: Removed bmsWIDEDFFCPE inst u_TSP_Core/u_TSP_Regfiles/x1_31[27].RV32I_reg_i/qout[31:0] at 7 that is stuck at constant 0.
W: Removed bmsWIDEDFFCPE inst u_TSP_Core/u_TSP_Regfiles/x1_31[27].RV32I_reg_i/qout[31:0] at 8 that is stuck at constant 0.
W: Removed bmsWIDEDFFCPE inst u_TSP_Core/u_TSP_Regfiles/x1_31[27].RV32I_reg_i/qout[31:0] at 9 that is stuck at constant 0.
W: Removed bmsWIDEDFFCPE inst u_TSP_Core/u_TSP_Regfiles/x1_31[27].RV32I_reg_i/qout[31:0] at 10 that is stuck at constant 0.
W: Removed bmsWIDEDFFCPE inst u_TSP_Core/u_TSP_Regfiles/x1_31[27].RV32I_reg_i/qout[31:0] at 11 that is stuck at constant 0.
W: Removed bmsWIDEDFFCPE inst u_TSP_Core/u_TSP_Regfiles/x1_31[27].RV32I_reg_i/qout[31:0] at 12 that is stuck at constant 0.
W: Removed bmsWIDEDFFCPE inst u_TSP_Core/u_TSP_Regfiles/x1_31[27].RV32I_reg_i/qout[31:0] at 13 that is stuck at constant 0.
W: Removed bmsWIDEDFFCPE inst u_TSP_Core/u_TSP_Regfiles/x1_31[27].RV32I_reg_i/qout[31:0] at 14 that is stuck at constant 0.
W: Removed bmsWIDEDFFCPE inst u_TSP_Core/u_TSP_Regfiles/x1_31[27].RV32I_reg_i/qout[31:0] at 15 that is stuck at constant 0.
W: Removed bmsWIDEDFFCPE inst u_TSP_Core/u_TSP_Regfiles/x1_31[27].RV32I_reg_i/qout[31:0] at 16 that is stuck at constant 0.
W: Removed bmsWIDEDFFCPE inst u_TSP_Core/u_TSP_Regfiles/x1_31[27].RV32I_reg_i/qout[31:0] at 17 that is stuck at constant 0.
W: Removed bmsWIDEDFFCPE inst u_TSP_Core/u_TSP_Regfiles/x1_31[27].RV32I_reg_i/qout[31:0] at 18 that is stuck at constant 0.
W: Removed bmsWIDEDFFCPE inst u_TSP_Core/u_TSP_Regfiles/x1_31[27].RV32I_reg_i/qout[31:0] at 19 that is stuck at constant 0.
W: Removed bmsWIDEDFFCPE inst u_TSP_Core/u_TSP_Regfiles/x1_31[27].RV32I_reg_i/qout[31:0] at 20 that is stuck at constant 0.
W: Removed bmsWIDEDFFCPE inst u_TSP_Core/u_TSP_Regfiles/x1_31[27].RV32I_reg_i/qout[31:0] at 21 that is stuck at constant 0.
W: Removed bmsWIDEDFFCPE inst u_TSP_Core/u_TSP_Regfiles/x1_31[27].RV32I_reg_i/qout[31:0] at 22 that is stuck at constant 0.
W: Removed bmsWIDEDFFCPE inst u_TSP_Core/u_TSP_Regfiles/x1_31[27].RV32I_reg_i/qout[31:0] at 23 that is stuck at constant 0.
W: Removed bmsWIDEDFFCPE inst u_TSP_Core/u_TSP_Regfiles/x1_31[27].RV32I_reg_i/qout[31:0] at 24 that is stuck at constant 0.
W: Removed bmsWIDEDFFCPE inst u_TSP_Core/u_TSP_Regfiles/x1_31[27].RV32I_reg_i/qout[31:0] at 25 that is stuck at constant 0.
W: Removed bmsWIDEDFFCPE inst u_TSP_Core/u_TSP_Regfiles/x1_31[27].RV32I_reg_i/qout[31:0] at 26 that is stuck at constant 0.
W: Removed bmsWIDEDFFCPE inst u_TSP_Core/u_TSP_Regfiles/x1_31[27].RV32I_reg_i/qout[31:0] at 27 that is stuck at constant 0.
W: Removed bmsWIDEDFFCPE inst u_TSP_Core/u_TSP_Regfiles/x1_31[27].RV32I_reg_i/qout[31:0] at 28 that is stuck at constant 0.
W: Removed bmsWIDEDFFCPE inst u_TSP_Core/u_TSP_Regfiles/x1_31[27].RV32I_reg_i/qout[31:0] at 29 that is stuck at constant 0.
W: Removed bmsWIDEDFFCPE inst u_TSP_Core/u_TSP_Regfiles/x1_31[27].RV32I_reg_i/qout[31:0] at 30 that is stuck at constant 0.
W: Removed bmsWIDEDFFCPE inst u_TSP_Core/u_TSP_Regfiles/x1_31[27].RV32I_reg_i/qout[31:0] at 31 that is stuck at constant 0.
W: Removed bmsWIDEDFFCPE inst u_TSP_Core/u_TSP_Regfiles/x1_31[1].RV32I_reg_i/qout[31:0] at 0 that is stuck at constant 0.
W: Removed bmsWIDEDFFCPE inst u_TSP_Core/u_TSP_Regfiles/x1_31[1].RV32I_reg_i/qout[31:0] at 1 that is stuck at constant 0.
W: Removed bmsWIDEDFFCPE inst u_TSP_Core/u_TSP_Regfiles/x1_31[1].RV32I_reg_i/qout[31:0] at 2 that is stuck at constant 0.
W: Removed bmsWIDEDFFCPE inst u_TSP_Core/u_TSP_Regfiles/x1_31[1].RV32I_reg_i/qout[31:0] at 3 that is stuck at constant 0.
W: Removed bmsWIDEDFFCPE inst u_TSP_Core/u_TSP_Regfiles/x1_31[1].RV32I_reg_i/qout[31:0] at 4 that is stuck at constant 0.
W: Removed bmsWIDEDFFCPE inst u_TSP_Core/u_TSP_Regfiles/x1_31[1].RV32I_reg_i/qout[31:0] at 5 that is stuck at constant 0.
W: Removed bmsWIDEDFFCPE inst u_TSP_Core/u_TSP_Regfiles/x1_31[1].RV32I_reg_i/qout[31:0] at 6 that is stuck at constant 0.
W: Removed bmsWIDEDFFCPE inst u_TSP_Core/u_TSP_Regfiles/x1_31[1].RV32I_reg_i/qout[31:0] at 7 that is stuck at constant 0.
W: Removed bmsWIDEDFFCPE inst u_TSP_Core/u_TSP_Regfiles/x1_31[1].RV32I_reg_i/qout[31:0] at 8 that is stuck at constant 0.
W: Removed bmsWIDEDFFCPE inst u_TSP_Core/u_TSP_Regfiles/x1_31[1].RV32I_reg_i/qout[31:0] at 9 that is stuck at constant 0.
W: Removed bmsWIDEDFFCPE inst u_TSP_Core/u_TSP_Regfiles/x1_31[1].RV32I_reg_i/qout[31:0] at 10 that is stuck at constant 0.
W: Removed bmsWIDEDFFCPE inst u_TSP_Core/u_TSP_Regfiles/x1_31[1].RV32I_reg_i/qout[31:0] at 11 that is stuck at constant 0.
W: Removed bmsWIDEDFFCPE inst u_TSP_Core/u_TSP_Regfiles/x1_31[1].RV32I_reg_i/qout[31:0] at 12 that is stuck at constant 0.
W: Removed bmsWIDEDFFCPE inst u_TSP_Core/u_TSP_Regfiles/x1_31[1].RV32I_reg_i/qout[31:0] at 13 that is stuck at constant 0.
W: Removed bmsWIDEDFFCPE inst u_TSP_Core/u_TSP_Regfiles/x1_31[1].RV32I_reg_i/qout[31:0] at 14 that is stuck at constant 0.
W: Removed bmsWIDEDFFCPE inst u_TSP_Core/u_TSP_Regfiles/x1_31[1].RV32I_reg_i/qout[31:0] at 15 that is stuck at constant 0.
W: Removed bmsWIDEDFFCPE inst u_TSP_Core/u_TSP_Regfiles/x1_31[1].RV32I_reg_i/qout[31:0] at 16 that is stuck at constant 0.
W: Removed bmsWIDEDFFCPE inst u_TSP_Core/u_TSP_Regfiles/x1_31[1].RV32I_reg_i/qout[31:0] at 17 that is stuck at constant 0.
W: Removed bmsWIDEDFFCPE inst u_TSP_Core/u_TSP_Regfiles/x1_31[1].RV32I_reg_i/qout[31:0] at 18 that is stuck at constant 0.
W: Removed bmsWIDEDFFCPE inst u_TSP_Core/u_TSP_Regfiles/x1_31[1].RV32I_reg_i/qout[31:0] at 19 that is stuck at constant 0.
W: Removed bmsWIDEDFFCPE inst u_TSP_Core/u_TSP_Regfiles/x1_31[1].RV32I_reg_i/qout[31:0] at 20 that is stuck at constant 0.
W: Removed bmsWIDEDFFCPE inst u_TSP_Core/u_TSP_Regfiles/x1_31[1].RV32I_reg_i/qout[31:0] at 21 that is stuck at constant 0.
W: Removed bmsWIDEDFFCPE inst u_TSP_Core/u_TSP_Regfiles/x1_31[1].RV32I_reg_i/qout[31:0] at 22 that is stuck at constant 0.
W: Removed bmsWIDEDFFCPE inst u_TSP_Core/u_TSP_Regfiles/x1_31[1].RV32I_reg_i/qout[31:0] at 23 that is stuck at constant 0.
W: Removed bmsWIDEDFFCPE inst u_TSP_Core/u_TSP_Regfiles/x1_31[1].RV32I_reg_i/qout[31:0] at 24 that is stuck at constant 0.
W: Removed bmsWIDEDFFCPE inst u_TSP_Core/u_TSP_Regfiles/x1_31[1].RV32I_reg_i/qout[31:0] at 25 that is stuck at constant 0.
W: Removed bmsWIDEDFFCPE inst u_TSP_Core/u_TSP_Regfiles/x1_31[1].RV32I_reg_i/qout[31:0] at 26 that is stuck at constant 0.
W: Removed bmsWIDEDFFCPE inst u_TSP_Core/u_TSP_Regfiles/x1_31[1].RV32I_reg_i/qout[31:0] at 27 that is stuck at constant 0.
W: Removed bmsWIDEDFFCPE inst u_TSP_Core/u_TSP_Regfiles/x1_31[1].RV32I_reg_i/qout[31:0] at 28 that is stuck at constant 0.
W: Removed bmsWIDEDFFCPE inst u_TSP_Core/u_TSP_Regfiles/x1_31[1].RV32I_reg_i/qout[31:0] at 29 that is stuck at constant 0.
W: Removed bmsWIDEDFFCPE inst u_TSP_Core/u_TSP_Regfiles/x1_31[1].RV32I_reg_i/qout[31:0] at 30 that is stuck at constant 0.
W: Removed bmsWIDEDFFCPE inst u_TSP_Core/u_TSP_Regfiles/x1_31[1].RV32I_reg_i/qout[31:0] at 31 that is stuck at constant 0.
W: Removed bmsWIDEDFFCPE inst u_TSP_Core/u_TSP_Regfiles/x1_31[5].RV32I_reg_i/qout[31:0] at 0 that is stuck at constant 0.
W: Removed bmsWIDEDFFCPE inst u_TSP_Core/u_TSP_Regfiles/x1_31[5].RV32I_reg_i/qout[31:0] at 1 that is stuck at constant 0.
W: Removed bmsWIDEDFFCPE inst u_TSP_Core/u_TSP_Regfiles/x1_31[5].RV32I_reg_i/qout[31:0] at 2 that is stuck at constant 0.
W: Removed bmsWIDEDFFCPE inst u_TSP_Core/u_TSP_Regfiles/x1_31[5].RV32I_reg_i/qout[31:0] at 3 that is stuck at constant 0.
W: Removed bmsWIDEDFFCPE inst u_TSP_Core/u_TSP_Regfiles/x1_31[5].RV32I_reg_i/qout[31:0] at 4 that is stuck at constant 0.
W: Removed bmsWIDEDFFCPE inst u_TSP_Core/u_TSP_Regfiles/x1_31[5].RV32I_reg_i/qout[31:0] at 5 that is stuck at constant 0.
W: Removed bmsWIDEDFFCPE inst u_TSP_Core/u_TSP_Regfiles/x1_31[5].RV32I_reg_i/qout[31:0] at 6 that is stuck at constant 0.
W: Removed bmsWIDEDFFCPE inst u_TSP_Core/u_TSP_Regfiles/x1_31[5].RV32I_reg_i/qout[31:0] at 7 that is stuck at constant 0.
W: Removed bmsWIDEDFFCPE inst u_TSP_Core/u_TSP_Regfiles/x1_31[5].RV32I_reg_i/qout[31:0] at 8 that is stuck at constant 0.
W: Removed bmsWIDEDFFCPE inst u_TSP_Core/u_TSP_Regfiles/x1_31[5].RV32I_reg_i/qout[31:0] at 9 that is stuck at constant 0.
W: Removed bmsWIDEDFFCPE inst u_TSP_Core/u_TSP_Regfiles/x1_31[5].RV32I_reg_i/qout[31:0] at 10 that is stuck at constant 0.
W: Removed bmsWIDEDFFCPE inst u_TSP_Core/u_TSP_Regfiles/x1_31[5].RV32I_reg_i/qout[31:0] at 11 that is stuck at constant 0.
W: Removed bmsWIDEDFFCPE inst u_TSP_Core/u_TSP_Regfiles/x1_31[5].RV32I_reg_i/qout[31:0] at 12 that is stuck at constant 0.
W: Removed bmsWIDEDFFCPE inst u_TSP_Core/u_TSP_Regfiles/x1_31[5].RV32I_reg_i/qout[31:0] at 13 that is stuck at constant 0.
W: Removed bmsWIDEDFFCPE inst u_TSP_Core/u_TSP_Regfiles/x1_31[5].RV32I_reg_i/qout[31:0] at 14 that is stuck at constant 0.
W: Removed bmsWIDEDFFCPE inst u_TSP_Core/u_TSP_Regfiles/x1_31[5].RV32I_reg_i/qout[31:0] at 15 that is stuck at constant 0.
W: Removed bmsWIDEDFFCPE inst u_TSP_Core/u_TSP_Regfiles/x1_31[5].RV32I_reg_i/qout[31:0] at 16 that is stuck at constant 0.
W: Removed bmsWIDEDFFCPE inst u_TSP_Core/u_TSP_Regfiles/x1_31[5].RV32I_reg_i/qout[31:0] at 17 that is stuck at constant 0.
W: Removed bmsWIDEDFFCPE inst u_TSP_Core/u_TSP_Regfiles/x1_31[5].RV32I_reg_i/qout[31:0] at 18 that is stuck at constant 0.
W: Removed bmsWIDEDFFCPE inst u_TSP_Core/u_TSP_Regfiles/x1_31[5].RV32I_reg_i/qout[31:0] at 19 that is stuck at constant 0.
W: Removed bmsWIDEDFFCPE inst u_TSP_Core/u_TSP_Regfiles/x1_31[5].RV32I_reg_i/qout[31:0] at 20 that is stuck at constant 0.
W: Removed bmsWIDEDFFCPE inst u_TSP_Core/u_TSP_Regfiles/x1_31[5].RV32I_reg_i/qout[31:0] at 21 that is stuck at constant 0.
W: Removed bmsWIDEDFFCPE inst u_TSP_Core/u_TSP_Regfiles/x1_31[5].RV32I_reg_i/qout[31:0] at 22 that is stuck at constant 0.
W: Removed bmsWIDEDFFCPE inst u_TSP_Core/u_TSP_Regfiles/x1_31[5].RV32I_reg_i/qout[31:0] at 23 that is stuck at constant 0.
W: Removed bmsWIDEDFFCPE inst u_TSP_Core/u_TSP_Regfiles/x1_31[5].RV32I_reg_i/qout[31:0] at 24 that is stuck at constant 0.
W: Removed bmsWIDEDFFCPE inst u_TSP_Core/u_TSP_Regfiles/x1_31[5].RV32I_reg_i/qout[31:0] at 25 that is stuck at constant 0.
W: Removed bmsWIDEDFFCPE inst u_TSP_Core/u_TSP_Regfiles/x1_31[5].RV32I_reg_i/qout[31:0] at 26 that is stuck at constant 0.
W: Removed bmsWIDEDFFCPE inst u_TSP_Core/u_TSP_Regfiles/x1_31[5].RV32I_reg_i/qout[31:0] at 27 that is stuck at constant 0.
W: Removed bmsWIDEDFFCPE inst u_TSP_Core/u_TSP_Regfiles/x1_31[5].RV32I_reg_i/qout[31:0] at 28 that is stuck at constant 0.
W: Removed bmsWIDEDFFCPE inst u_TSP_Core/u_TSP_Regfiles/x1_31[5].RV32I_reg_i/qout[31:0] at 29 that is stuck at constant 0.
W: Removed bmsWIDEDFFCPE inst u_TSP_Core/u_TSP_Regfiles/x1_31[5].RV32I_reg_i/qout[31:0] at 30 that is stuck at constant 0.
W: Removed bmsWIDEDFFCPE inst u_TSP_Core/u_TSP_Regfiles/x1_31[5].RV32I_reg_i/qout[31:0] at 31 that is stuck at constant 0.
W: Removed bmsWIDEDFFCPE inst u_TSP_Core/u_TSP_Regfiles/x1_31[9].RV32I_reg_i/qout[31:0] at 0 that is stuck at constant 0.
W: Removed bmsWIDEDFFCPE inst u_TSP_Core/u_TSP_Regfiles/x1_31[9].RV32I_reg_i/qout[31:0] at 1 that is stuck at constant 0.
W: Removed bmsWIDEDFFCPE inst u_TSP_Core/u_TSP_Regfiles/x1_31[9].RV32I_reg_i/qout[31:0] at 2 that is stuck at constant 0.
W: Removed bmsWIDEDFFCPE inst u_TSP_Core/u_TSP_Regfiles/x1_31[9].RV32I_reg_i/qout[31:0] at 3 that is stuck at constant 0.
W: Removed bmsWIDEDFFCPE inst u_TSP_Core/u_TSP_Regfiles/x1_31[9].RV32I_reg_i/qout[31:0] at 4 that is stuck at constant 0.
W: Removed bmsWIDEDFFCPE inst u_TSP_Core/u_TSP_Regfiles/x1_31[9].RV32I_reg_i/qout[31:0] at 5 that is stuck at constant 0.
W: Removed bmsWIDEDFFCPE inst u_TSP_Core/u_TSP_Regfiles/x1_31[9].RV32I_reg_i/qout[31:0] at 6 that is stuck at constant 0.
W: Removed bmsWIDEDFFCPE inst u_TSP_Core/u_TSP_Regfiles/x1_31[9].RV32I_reg_i/qout[31:0] at 7 that is stuck at constant 0.
W: Removed bmsWIDEDFFCPE inst u_TSP_Core/u_TSP_Regfiles/x1_31[9].RV32I_reg_i/qout[31:0] at 8 that is stuck at constant 0.
W: Removed bmsWIDEDFFCPE inst u_TSP_Core/u_TSP_Regfiles/x1_31[9].RV32I_reg_i/qout[31:0] at 9 that is stuck at constant 0.
W: Removed bmsWIDEDFFCPE inst u_TSP_Core/u_TSP_Regfiles/x1_31[9].RV32I_reg_i/qout[31:0] at 10 that is stuck at constant 0.
W: Removed bmsWIDEDFFCPE inst u_TSP_Core/u_TSP_Regfiles/x1_31[9].RV32I_reg_i/qout[31:0] at 11 that is stuck at constant 0.
W: Removed bmsWIDEDFFCPE inst u_TSP_Core/u_TSP_Regfiles/x1_31[9].RV32I_reg_i/qout[31:0] at 12 that is stuck at constant 0.
W: Removed bmsWIDEDFFCPE inst u_TSP_Core/u_TSP_Regfiles/x1_31[9].RV32I_reg_i/qout[31:0] at 13 that is stuck at constant 0.
W: Removed bmsWIDEDFFCPE inst u_TSP_Core/u_TSP_Regfiles/x1_31[9].RV32I_reg_i/qout[31:0] at 14 that is stuck at constant 0.
W: Removed bmsWIDEDFFCPE inst u_TSP_Core/u_TSP_Regfiles/x1_31[9].RV32I_reg_i/qout[31:0] at 15 that is stuck at constant 0.
W: Removed bmsWIDEDFFCPE inst u_TSP_Core/u_TSP_Regfiles/x1_31[9].RV32I_reg_i/qout[31:0] at 16 that is stuck at constant 0.
W: Removed bmsWIDEDFFCPE inst u_TSP_Core/u_TSP_Regfiles/x1_31[9].RV32I_reg_i/qout[31:0] at 17 that is stuck at constant 0.
W: Removed bmsWIDEDFFCPE inst u_TSP_Core/u_TSP_Regfiles/x1_31[9].RV32I_reg_i/qout[31:0] at 18 that is stuck at constant 0.
W: Removed bmsWIDEDFFCPE inst u_TSP_Core/u_TSP_Regfiles/x1_31[9].RV32I_reg_i/qout[31:0] at 19 that is stuck at constant 0.
W: Removed bmsWIDEDFFCPE inst u_TSP_Core/u_TSP_Regfiles/x1_31[9].RV32I_reg_i/qout[31:0] at 20 that is stuck at constant 0.
W: Removed bmsWIDEDFFCPE inst u_TSP_Core/u_TSP_Regfiles/x1_31[9].RV32I_reg_i/qout[31:0] at 21 that is stuck at constant 0.
W: Removed bmsWIDEDFFCPE inst u_TSP_Core/u_TSP_Regfiles/x1_31[9].RV32I_reg_i/qout[31:0] at 22 that is stuck at constant 0.
W: Removed bmsWIDEDFFCPE inst u_TSP_Core/u_TSP_Regfiles/x1_31[9].RV32I_reg_i/qout[31:0] at 23 that is stuck at constant 0.
W: Removed bmsWIDEDFFCPE inst u_TSP_Core/u_TSP_Regfiles/x1_31[9].RV32I_reg_i/qout[31:0] at 24 that is stuck at constant 0.
W: Removed bmsWIDEDFFCPE inst u_TSP_Core/u_TSP_Regfiles/x1_31[9].RV32I_reg_i/qout[31:0] at 25 that is stuck at constant 0.
W: Removed bmsWIDEDFFCPE inst u_TSP_Core/u_TSP_Regfiles/x1_31[9].RV32I_reg_i/qout[31:0] at 26 that is stuck at constant 0.
W: Removed bmsWIDEDFFCPE inst u_TSP_Core/u_TSP_Regfiles/x1_31[9].RV32I_reg_i/qout[31:0] at 27 that is stuck at constant 0.
W: Removed bmsWIDEDFFCPE inst u_TSP_Core/u_TSP_Regfiles/x1_31[9].RV32I_reg_i/qout[31:0] at 28 that is stuck at constant 0.
W: Removed bmsWIDEDFFCPE inst u_TSP_Core/u_TSP_Regfiles/x1_31[9].RV32I_reg_i/qout[31:0] at 29 that is stuck at constant 0.
W: Removed bmsWIDEDFFCPE inst u_TSP_Core/u_TSP_Regfiles/x1_31[9].RV32I_reg_i/qout[31:0] at 30 that is stuck at constant 0.
W: Removed bmsWIDEDFFCPE inst u_TSP_Core/u_TSP_Regfiles/x1_31[9].RV32I_reg_i/qout[31:0] at 31 that is stuck at constant 0.
W: Removed bmsWIDEDFFCPE inst u_TSP_Core/u_TSP_Regfiles/x1_31[13].RV32I_reg_i/qout[31:0] at 0 that is stuck at constant 0.
W: Removed bmsWIDEDFFCPE inst u_TSP_Core/u_TSP_Regfiles/x1_31[13].RV32I_reg_i/qout[31:0] at 1 that is stuck at constant 0.
W: Removed bmsWIDEDFFCPE inst u_TSP_Core/u_TSP_Regfiles/x1_31[13].RV32I_reg_i/qout[31:0] at 2 that is stuck at constant 0.
W: Removed bmsWIDEDFFCPE inst u_TSP_Core/u_TSP_Regfiles/x1_31[13].RV32I_reg_i/qout[31:0] at 3 that is stuck at constant 0.
W: Removed bmsWIDEDFFCPE inst u_TSP_Core/u_TSP_Regfiles/x1_31[13].RV32I_reg_i/qout[31:0] at 4 that is stuck at constant 0.
W: Removed bmsWIDEDFFCPE inst u_TSP_Core/u_TSP_Regfiles/x1_31[13].RV32I_reg_i/qout[31:0] at 5 that is stuck at constant 0.
W: Removed bmsWIDEDFFCPE inst u_TSP_Core/u_TSP_Regfiles/x1_31[13].RV32I_reg_i/qout[31:0] at 6 that is stuck at constant 0.
W: Removed bmsWIDEDFFCPE inst u_TSP_Core/u_TSP_Regfiles/x1_31[13].RV32I_reg_i/qout[31:0] at 7 that is stuck at constant 0.
W: Removed bmsWIDEDFFCPE inst u_TSP_Core/u_TSP_Regfiles/x1_31[13].RV32I_reg_i/qout[31:0] at 8 that is stuck at constant 0.
W: Removed bmsWIDEDFFCPE inst u_TSP_Core/u_TSP_Regfiles/x1_31[13].RV32I_reg_i/qout[31:0] at 9 that is stuck at constant 0.
W: Removed bmsWIDEDFFCPE inst u_TSP_Core/u_TSP_Regfiles/x1_31[13].RV32I_reg_i/qout[31:0] at 10 that is stuck at constant 0.
W: Removed bmsWIDEDFFCPE inst u_TSP_Core/u_TSP_Regfiles/x1_31[13].RV32I_reg_i/qout[31:0] at 11 that is stuck at constant 0.
W: Removed bmsWIDEDFFCPE inst u_TSP_Core/u_TSP_Regfiles/x1_31[13].RV32I_reg_i/qout[31:0] at 12 that is stuck at constant 0.
W: Removed bmsWIDEDFFCPE inst u_TSP_Core/u_TSP_Regfiles/x1_31[13].RV32I_reg_i/qout[31:0] at 13 that is stuck at constant 0.
W: Removed bmsWIDEDFFCPE inst u_TSP_Core/u_TSP_Regfiles/x1_31[13].RV32I_reg_i/qout[31:0] at 14 that is stuck at constant 0.
W: Removed bmsWIDEDFFCPE inst u_TSP_Core/u_TSP_Regfiles/x1_31[13].RV32I_reg_i/qout[31:0] at 15 that is stuck at constant 0.
W: Removed bmsWIDEDFFCPE inst u_TSP_Core/u_TSP_Regfiles/x1_31[13].RV32I_reg_i/qout[31:0] at 16 that is stuck at constant 0.
W: Removed bmsWIDEDFFCPE inst u_TSP_Core/u_TSP_Regfiles/x1_31[13].RV32I_reg_i/qout[31:0] at 17 that is stuck at constant 0.
W: Removed bmsWIDEDFFCPE inst u_TSP_Core/u_TSP_Regfiles/x1_31[13].RV32I_reg_i/qout[31:0] at 18 that is stuck at constant 0.
W: Removed bmsWIDEDFFCPE inst u_TSP_Core/u_TSP_Regfiles/x1_31[13].RV32I_reg_i/qout[31:0] at 19 that is stuck at constant 0.
W: Removed bmsWIDEDFFCPE inst u_TSP_Core/u_TSP_Regfiles/x1_31[13].RV32I_reg_i/qout[31:0] at 20 that is stuck at constant 0.
W: Removed bmsWIDEDFFCPE inst u_TSP_Core/u_TSP_Regfiles/x1_31[13].RV32I_reg_i/qout[31:0] at 21 that is stuck at constant 0.
W: Removed bmsWIDEDFFCPE inst u_TSP_Core/u_TSP_Regfiles/x1_31[13].RV32I_reg_i/qout[31:0] at 22 that is stuck at constant 0.
W: Removed bmsWIDEDFFCPE inst u_TSP_Core/u_TSP_Regfiles/x1_31[13].RV32I_reg_i/qout[31:0] at 23 that is stuck at constant 0.
W: Removed bmsWIDEDFFCPE inst u_TSP_Core/u_TSP_Regfiles/x1_31[13].RV32I_reg_i/qout[31:0] at 24 that is stuck at constant 0.
W: Removed bmsWIDEDFFCPE inst u_TSP_Core/u_TSP_Regfiles/x1_31[13].RV32I_reg_i/qout[31:0] at 25 that is stuck at constant 0.
W: Removed bmsWIDEDFFCPE inst u_TSP_Core/u_TSP_Regfiles/x1_31[13].RV32I_reg_i/qout[31:0] at 26 that is stuck at constant 0.
W: Removed bmsWIDEDFFCPE inst u_TSP_Core/u_TSP_Regfiles/x1_31[13].RV32I_reg_i/qout[31:0] at 27 that is stuck at constant 0.
W: Removed bmsWIDEDFFCPE inst u_TSP_Core/u_TSP_Regfiles/x1_31[13].RV32I_reg_i/qout[31:0] at 28 that is stuck at constant 0.
W: Removed bmsWIDEDFFCPE inst u_TSP_Core/u_TSP_Regfiles/x1_31[13].RV32I_reg_i/qout[31:0] at 29 that is stuck at constant 0.
W: Removed bmsWIDEDFFCPE inst u_TSP_Core/u_TSP_Regfiles/x1_31[13].RV32I_reg_i/qout[31:0] at 30 that is stuck at constant 0.
W: Removed bmsWIDEDFFCPE inst u_TSP_Core/u_TSP_Regfiles/x1_31[13].RV32I_reg_i/qout[31:0] at 31 that is stuck at constant 0.
W: Removed bmsWIDEDFFCPE inst u_TSP_Core/u_TSP_Regfiles/x1_31[17].RV32I_reg_i/qout[31:0] at 0 that is stuck at constant 0.
W: Removed bmsWIDEDFFCPE inst u_TSP_Core/u_TSP_Regfiles/x1_31[17].RV32I_reg_i/qout[31:0] at 1 that is stuck at constant 0.
W: Removed bmsWIDEDFFCPE inst u_TSP_Core/u_TSP_Regfiles/x1_31[17].RV32I_reg_i/qout[31:0] at 2 that is stuck at constant 0.
W: Removed bmsWIDEDFFCPE inst u_TSP_Core/u_TSP_Regfiles/x1_31[17].RV32I_reg_i/qout[31:0] at 3 that is stuck at constant 0.
W: Removed bmsWIDEDFFCPE inst u_TSP_Core/u_TSP_Regfiles/x1_31[17].RV32I_reg_i/qout[31:0] at 4 that is stuck at constant 0.
W: Removed bmsWIDEDFFCPE inst u_TSP_Core/u_TSP_Regfiles/x1_31[17].RV32I_reg_i/qout[31:0] at 5 that is stuck at constant 0.
W: Removed bmsWIDEDFFCPE inst u_TSP_Core/u_TSP_Regfiles/x1_31[17].RV32I_reg_i/qout[31:0] at 6 that is stuck at constant 0.
W: Removed bmsWIDEDFFCPE inst u_TSP_Core/u_TSP_Regfiles/x1_31[17].RV32I_reg_i/qout[31:0] at 7 that is stuck at constant 0.
W: Removed bmsWIDEDFFCPE inst u_TSP_Core/u_TSP_Regfiles/x1_31[17].RV32I_reg_i/qout[31:0] at 8 that is stuck at constant 0.
W: Removed bmsWIDEDFFCPE inst u_TSP_Core/u_TSP_Regfiles/x1_31[17].RV32I_reg_i/qout[31:0] at 9 that is stuck at constant 0.
W: Removed bmsWIDEDFFCPE inst u_TSP_Core/u_TSP_Regfiles/x1_31[17].RV32I_reg_i/qout[31:0] at 10 that is stuck at constant 0.
W: Removed bmsWIDEDFFCPE inst u_TSP_Core/u_TSP_Regfiles/x1_31[17].RV32I_reg_i/qout[31:0] at 11 that is stuck at constant 0.
W: Removed bmsWIDEDFFCPE inst u_TSP_Core/u_TSP_Regfiles/x1_31[17].RV32I_reg_i/qout[31:0] at 12 that is stuck at constant 0.
W: Removed bmsWIDEDFFCPE inst u_TSP_Core/u_TSP_Regfiles/x1_31[17].RV32I_reg_i/qout[31:0] at 13 that is stuck at constant 0.
W: Removed bmsWIDEDFFCPE inst u_TSP_Core/u_TSP_Regfiles/x1_31[17].RV32I_reg_i/qout[31:0] at 14 that is stuck at constant 0.
W: Removed bmsWIDEDFFCPE inst u_TSP_Core/u_TSP_Regfiles/x1_31[17].RV32I_reg_i/qout[31:0] at 15 that is stuck at constant 0.
W: Removed bmsWIDEDFFCPE inst u_TSP_Core/u_TSP_Regfiles/x1_31[17].RV32I_reg_i/qout[31:0] at 16 that is stuck at constant 0.
W: Removed bmsWIDEDFFCPE inst u_TSP_Core/u_TSP_Regfiles/x1_31[17].RV32I_reg_i/qout[31:0] at 17 that is stuck at constant 0.
W: Removed bmsWIDEDFFCPE inst u_TSP_Core/u_TSP_Regfiles/x1_31[17].RV32I_reg_i/qout[31:0] at 18 that is stuck at constant 0.
W: Removed bmsWIDEDFFCPE inst u_TSP_Core/u_TSP_Regfiles/x1_31[17].RV32I_reg_i/qout[31:0] at 19 that is stuck at constant 0.
W: Removed bmsWIDEDFFCPE inst u_TSP_Core/u_TSP_Regfiles/x1_31[17].RV32I_reg_i/qout[31:0] at 20 that is stuck at constant 0.
W: Removed bmsWIDEDFFCPE inst u_TSP_Core/u_TSP_Regfiles/x1_31[17].RV32I_reg_i/qout[31:0] at 21 that is stuck at constant 0.
W: Removed bmsWIDEDFFCPE inst u_TSP_Core/u_TSP_Regfiles/x1_31[17].RV32I_reg_i/qout[31:0] at 22 that is stuck at constant 0.
W: Removed bmsWIDEDFFCPE inst u_TSP_Core/u_TSP_Regfiles/x1_31[17].RV32I_reg_i/qout[31:0] at 23 that is stuck at constant 0.
W: Removed bmsWIDEDFFCPE inst u_TSP_Core/u_TSP_Regfiles/x1_31[17].RV32I_reg_i/qout[31:0] at 24 that is stuck at constant 0.
W: Removed bmsWIDEDFFCPE inst u_TSP_Core/u_TSP_Regfiles/x1_31[17].RV32I_reg_i/qout[31:0] at 25 that is stuck at constant 0.
W: Removed bmsWIDEDFFCPE inst u_TSP_Core/u_TSP_Regfiles/x1_31[17].RV32I_reg_i/qout[31:0] at 26 that is stuck at constant 0.
W: Removed bmsWIDEDFFCPE inst u_TSP_Core/u_TSP_Regfiles/x1_31[17].RV32I_reg_i/qout[31:0] at 27 that is stuck at constant 0.
W: Removed bmsWIDEDFFCPE inst u_TSP_Core/u_TSP_Regfiles/x1_31[17].RV32I_reg_i/qout[31:0] at 28 that is stuck at constant 0.
W: Removed bmsWIDEDFFCPE inst u_TSP_Core/u_TSP_Regfiles/x1_31[17].RV32I_reg_i/qout[31:0] at 29 that is stuck at constant 0.
W: Removed bmsWIDEDFFCPE inst u_TSP_Core/u_TSP_Regfiles/x1_31[17].RV32I_reg_i/qout[31:0] at 30 that is stuck at constant 0.
W: Removed bmsWIDEDFFCPE inst u_TSP_Core/u_TSP_Regfiles/x1_31[17].RV32I_reg_i/qout[31:0] at 31 that is stuck at constant 0.
W: Removed bmsWIDEDFFCPE inst u_TSP_Core/u_TSP_Regfiles/x1_31[21].RV32I_reg_i/qout[31:0] at 0 that is stuck at constant 0.
W: Removed bmsWIDEDFFCPE inst u_TSP_Core/u_TSP_Regfiles/x1_31[21].RV32I_reg_i/qout[31:0] at 1 that is stuck at constant 0.
W: Removed bmsWIDEDFFCPE inst u_TSP_Core/u_TSP_Regfiles/x1_31[21].RV32I_reg_i/qout[31:0] at 2 that is stuck at constant 0.
W: Removed bmsWIDEDFFCPE inst u_TSP_Core/u_TSP_Regfiles/x1_31[21].RV32I_reg_i/qout[31:0] at 3 that is stuck at constant 0.
W: Removed bmsWIDEDFFCPE inst u_TSP_Core/u_TSP_Regfiles/x1_31[21].RV32I_reg_i/qout[31:0] at 4 that is stuck at constant 0.
W: Removed bmsWIDEDFFCPE inst u_TSP_Core/u_TSP_Regfiles/x1_31[21].RV32I_reg_i/qout[31:0] at 5 that is stuck at constant 0.
W: Removed bmsWIDEDFFCPE inst u_TSP_Core/u_TSP_Regfiles/x1_31[21].RV32I_reg_i/qout[31:0] at 6 that is stuck at constant 0.
W: Removed bmsWIDEDFFCPE inst u_TSP_Core/u_TSP_Regfiles/x1_31[21].RV32I_reg_i/qout[31:0] at 7 that is stuck at constant 0.
W: Removed bmsWIDEDFFCPE inst u_TSP_Core/u_TSP_Regfiles/x1_31[21].RV32I_reg_i/qout[31:0] at 8 that is stuck at constant 0.
W: Removed bmsWIDEDFFCPE inst u_TSP_Core/u_TSP_Regfiles/x1_31[21].RV32I_reg_i/qout[31:0] at 9 that is stuck at constant 0.
W: Removed bmsWIDEDFFCPE inst u_TSP_Core/u_TSP_Regfiles/x1_31[21].RV32I_reg_i/qout[31:0] at 10 that is stuck at constant 0.
W: Removed bmsWIDEDFFCPE inst u_TSP_Core/u_TSP_Regfiles/x1_31[21].RV32I_reg_i/qout[31:0] at 11 that is stuck at constant 0.
W: Removed bmsWIDEDFFCPE inst u_TSP_Core/u_TSP_Regfiles/x1_31[21].RV32I_reg_i/qout[31:0] at 12 that is stuck at constant 0.
W: Removed bmsWIDEDFFCPE inst u_TSP_Core/u_TSP_Regfiles/x1_31[21].RV32I_reg_i/qout[31:0] at 13 that is stuck at constant 0.
W: Removed bmsWIDEDFFCPE inst u_TSP_Core/u_TSP_Regfiles/x1_31[21].RV32I_reg_i/qout[31:0] at 14 that is stuck at constant 0.
W: Removed bmsWIDEDFFCPE inst u_TSP_Core/u_TSP_Regfiles/x1_31[21].RV32I_reg_i/qout[31:0] at 15 that is stuck at constant 0.
W: Removed bmsWIDEDFFCPE inst u_TSP_Core/u_TSP_Regfiles/x1_31[21].RV32I_reg_i/qout[31:0] at 16 that is stuck at constant 0.
W: Removed bmsWIDEDFFCPE inst u_TSP_Core/u_TSP_Regfiles/x1_31[21].RV32I_reg_i/qout[31:0] at 17 that is stuck at constant 0.
W: Removed bmsWIDEDFFCPE inst u_TSP_Core/u_TSP_Regfiles/x1_31[21].RV32I_reg_i/qout[31:0] at 18 that is stuck at constant 0.
W: Removed bmsWIDEDFFCPE inst u_TSP_Core/u_TSP_Regfiles/x1_31[21].RV32I_reg_i/qout[31:0] at 19 that is stuck at constant 0.
W: Removed bmsWIDEDFFCPE inst u_TSP_Core/u_TSP_Regfiles/x1_31[21].RV32I_reg_i/qout[31:0] at 20 that is stuck at constant 0.
W: Removed bmsWIDEDFFCPE inst u_TSP_Core/u_TSP_Regfiles/x1_31[21].RV32I_reg_i/qout[31:0] at 21 that is stuck at constant 0.
W: Removed bmsWIDEDFFCPE inst u_TSP_Core/u_TSP_Regfiles/x1_31[21].RV32I_reg_i/qout[31:0] at 22 that is stuck at constant 0.
W: Removed bmsWIDEDFFCPE inst u_TSP_Core/u_TSP_Regfiles/x1_31[21].RV32I_reg_i/qout[31:0] at 23 that is stuck at constant 0.
W: Removed bmsWIDEDFFCPE inst u_TSP_Core/u_TSP_Regfiles/x1_31[21].RV32I_reg_i/qout[31:0] at 24 that is stuck at constant 0.
W: Removed bmsWIDEDFFCPE inst u_TSP_Core/u_TSP_Regfiles/x1_31[21].RV32I_reg_i/qout[31:0] at 25 that is stuck at constant 0.
W: Removed bmsWIDEDFFCPE inst u_TSP_Core/u_TSP_Regfiles/x1_31[21].RV32I_reg_i/qout[31:0] at 26 that is stuck at constant 0.
W: Removed bmsWIDEDFFCPE inst u_TSP_Core/u_TSP_Regfiles/x1_31[21].RV32I_reg_i/qout[31:0] at 27 that is stuck at constant 0.
W: Removed bmsWIDEDFFCPE inst u_TSP_Core/u_TSP_Regfiles/x1_31[21].RV32I_reg_i/qout[31:0] at 28 that is stuck at constant 0.
W: Removed bmsWIDEDFFCPE inst u_TSP_Core/u_TSP_Regfiles/x1_31[21].RV32I_reg_i/qout[31:0] at 29 that is stuck at constant 0.
W: Removed bmsWIDEDFFCPE inst u_TSP_Core/u_TSP_Regfiles/x1_31[21].RV32I_reg_i/qout[31:0] at 30 that is stuck at constant 0.
W: Removed bmsWIDEDFFCPE inst u_TSP_Core/u_TSP_Regfiles/x1_31[21].RV32I_reg_i/qout[31:0] at 31 that is stuck at constant 0.
W: Removed bmsWIDEDFFCPE inst u_TSP_Core/u_TSP_Regfiles/x1_31[25].RV32I_reg_i/qout[31:0] at 0 that is stuck at constant 0.
W: Removed bmsWIDEDFFCPE inst u_TSP_Core/u_TSP_Regfiles/x1_31[25].RV32I_reg_i/qout[31:0] at 1 that is stuck at constant 0.
W: Removed bmsWIDEDFFCPE inst u_TSP_Core/u_TSP_Regfiles/x1_31[25].RV32I_reg_i/qout[31:0] at 2 that is stuck at constant 0.
W: Removed bmsWIDEDFFCPE inst u_TSP_Core/u_TSP_Regfiles/x1_31[25].RV32I_reg_i/qout[31:0] at 3 that is stuck at constant 0.
W: Removed bmsWIDEDFFCPE inst u_TSP_Core/u_TSP_Regfiles/x1_31[25].RV32I_reg_i/qout[31:0] at 4 that is stuck at constant 0.
W: Removed bmsWIDEDFFCPE inst u_TSP_Core/u_TSP_Regfiles/x1_31[25].RV32I_reg_i/qout[31:0] at 5 that is stuck at constant 0.
W: Removed bmsWIDEDFFCPE inst u_TSP_Core/u_TSP_Regfiles/x1_31[25].RV32I_reg_i/qout[31:0] at 6 that is stuck at constant 0.
W: Removed bmsWIDEDFFCPE inst u_TSP_Core/u_TSP_Regfiles/x1_31[25].RV32I_reg_i/qout[31:0] at 7 that is stuck at constant 0.
W: Removed bmsWIDEDFFCPE inst u_TSP_Core/u_TSP_Regfiles/x1_31[25].RV32I_reg_i/qout[31:0] at 8 that is stuck at constant 0.
W: Removed bmsWIDEDFFCPE inst u_TSP_Core/u_TSP_Regfiles/x1_31[25].RV32I_reg_i/qout[31:0] at 9 that is stuck at constant 0.
W: Removed bmsWIDEDFFCPE inst u_TSP_Core/u_TSP_Regfiles/x1_31[25].RV32I_reg_i/qout[31:0] at 10 that is stuck at constant 0.
W: Removed bmsWIDEDFFCPE inst u_TSP_Core/u_TSP_Regfiles/x1_31[25].RV32I_reg_i/qout[31:0] at 11 that is stuck at constant 0.
W: Removed bmsWIDEDFFCPE inst u_TSP_Core/u_TSP_Regfiles/x1_31[25].RV32I_reg_i/qout[31:0] at 12 that is stuck at constant 0.
W: Removed bmsWIDEDFFCPE inst u_TSP_Core/u_TSP_Regfiles/x1_31[25].RV32I_reg_i/qout[31:0] at 13 that is stuck at constant 0.
W: Removed bmsWIDEDFFCPE inst u_TSP_Core/u_TSP_Regfiles/x1_31[25].RV32I_reg_i/qout[31:0] at 14 that is stuck at constant 0.
W: Removed bmsWIDEDFFCPE inst u_TSP_Core/u_TSP_Regfiles/x1_31[25].RV32I_reg_i/qout[31:0] at 15 that is stuck at constant 0.
W: Removed bmsWIDEDFFCPE inst u_TSP_Core/u_TSP_Regfiles/x1_31[25].RV32I_reg_i/qout[31:0] at 16 that is stuck at constant 0.
W: Removed bmsWIDEDFFCPE inst u_TSP_Core/u_TSP_Regfiles/x1_31[25].RV32I_reg_i/qout[31:0] at 17 that is stuck at constant 0.
W: Removed bmsWIDEDFFCPE inst u_TSP_Core/u_TSP_Regfiles/x1_31[25].RV32I_reg_i/qout[31:0] at 18 that is stuck at constant 0.
W: Removed bmsWIDEDFFCPE inst u_TSP_Core/u_TSP_Regfiles/x1_31[25].RV32I_reg_i/qout[31:0] at 19 that is stuck at constant 0.
W: Removed bmsWIDEDFFCPE inst u_TSP_Core/u_TSP_Regfiles/x1_31[25].RV32I_reg_i/qout[31:0] at 20 that is stuck at constant 0.
W: Removed bmsWIDEDFFCPE inst u_TSP_Core/u_TSP_Regfiles/x1_31[25].RV32I_reg_i/qout[31:0] at 21 that is stuck at constant 0.
W: Removed bmsWIDEDFFCPE inst u_TSP_Core/u_TSP_Regfiles/x1_31[25].RV32I_reg_i/qout[31:0] at 22 that is stuck at constant 0.
W: Removed bmsWIDEDFFCPE inst u_TSP_Core/u_TSP_Regfiles/x1_31[25].RV32I_reg_i/qout[31:0] at 23 that is stuck at constant 0.
W: Removed bmsWIDEDFFCPE inst u_TSP_Core/u_TSP_Regfiles/x1_31[25].RV32I_reg_i/qout[31:0] at 24 that is stuck at constant 0.
W: Removed bmsWIDEDFFCPE inst u_TSP_Core/u_TSP_Regfiles/x1_31[25].RV32I_reg_i/qout[31:0] at 25 that is stuck at constant 0.
W: Removed bmsWIDEDFFCPE inst u_TSP_Core/u_TSP_Regfiles/x1_31[25].RV32I_reg_i/qout[31:0] at 26 that is stuck at constant 0.
W: Removed bmsWIDEDFFCPE inst u_TSP_Core/u_TSP_Regfiles/x1_31[25].RV32I_reg_i/qout[31:0] at 27 that is stuck at constant 0.
W: Removed bmsWIDEDFFCPE inst u_TSP_Core/u_TSP_Regfiles/x1_31[25].RV32I_reg_i/qout[31:0] at 28 that is stuck at constant 0.
W: Removed bmsWIDEDFFCPE inst u_TSP_Core/u_TSP_Regfiles/x1_31[25].RV32I_reg_i/qout[31:0] at 29 that is stuck at constant 0.
W: Removed bmsWIDEDFFCPE inst u_TSP_Core/u_TSP_Regfiles/x1_31[25].RV32I_reg_i/qout[31:0] at 30 that is stuck at constant 0.
W: Removed bmsWIDEDFFCPE inst u_TSP_Core/u_TSP_Regfiles/x1_31[25].RV32I_reg_i/qout[31:0] at 31 that is stuck at constant 0.
W: Removed bmsWIDEDFFCPE inst u_TSP_Core/u_TSP_Regfiles/x1_31[29].RV32I_reg_i/qout[31:0] at 0 that is stuck at constant 0.
W: Removed bmsWIDEDFFCPE inst u_TSP_Core/u_TSP_Regfiles/x1_31[29].RV32I_reg_i/qout[31:0] at 1 that is stuck at constant 0.
W: Removed bmsWIDEDFFCPE inst u_TSP_Core/u_TSP_Regfiles/x1_31[29].RV32I_reg_i/qout[31:0] at 2 that is stuck at constant 0.
W: Removed bmsWIDEDFFCPE inst u_TSP_Core/u_TSP_Regfiles/x1_31[29].RV32I_reg_i/qout[31:0] at 3 that is stuck at constant 0.
W: Removed bmsWIDEDFFCPE inst u_TSP_Core/u_TSP_Regfiles/x1_31[29].RV32I_reg_i/qout[31:0] at 4 that is stuck at constant 0.
W: Removed bmsWIDEDFFCPE inst u_TSP_Core/u_TSP_Regfiles/x1_31[29].RV32I_reg_i/qout[31:0] at 5 that is stuck at constant 0.
W: Removed bmsWIDEDFFCPE inst u_TSP_Core/u_TSP_Regfiles/x1_31[29].RV32I_reg_i/qout[31:0] at 6 that is stuck at constant 0.
W: Removed bmsWIDEDFFCPE inst u_TSP_Core/u_TSP_Regfiles/x1_31[29].RV32I_reg_i/qout[31:0] at 7 that is stuck at constant 0.
W: Removed bmsWIDEDFFCPE inst u_TSP_Core/u_TSP_Regfiles/x1_31[29].RV32I_reg_i/qout[31:0] at 8 that is stuck at constant 0.
W: Removed bmsWIDEDFFCPE inst u_TSP_Core/u_TSP_Regfiles/x1_31[29].RV32I_reg_i/qout[31:0] at 9 that is stuck at constant 0.
W: Removed bmsWIDEDFFCPE inst u_TSP_Core/u_TSP_Regfiles/x1_31[29].RV32I_reg_i/qout[31:0] at 10 that is stuck at constant 0.
W: Removed bmsWIDEDFFCPE inst u_TSP_Core/u_TSP_Regfiles/x1_31[29].RV32I_reg_i/qout[31:0] at 11 that is stuck at constant 0.
W: Removed bmsWIDEDFFCPE inst u_TSP_Core/u_TSP_Regfiles/x1_31[29].RV32I_reg_i/qout[31:0] at 12 that is stuck at constant 0.
W: Removed bmsWIDEDFFCPE inst u_TSP_Core/u_TSP_Regfiles/x1_31[29].RV32I_reg_i/qout[31:0] at 13 that is stuck at constant 0.
W: Removed bmsWIDEDFFCPE inst u_TSP_Core/u_TSP_Regfiles/x1_31[29].RV32I_reg_i/qout[31:0] at 14 that is stuck at constant 0.
W: Removed bmsWIDEDFFCPE inst u_TSP_Core/u_TSP_Regfiles/x1_31[29].RV32I_reg_i/qout[31:0] at 15 that is stuck at constant 0.
W: Removed bmsWIDEDFFCPE inst u_TSP_Core/u_TSP_Regfiles/x1_31[29].RV32I_reg_i/qout[31:0] at 16 that is stuck at constant 0.
W: Removed bmsWIDEDFFCPE inst u_TSP_Core/u_TSP_Regfiles/x1_31[29].RV32I_reg_i/qout[31:0] at 17 that is stuck at constant 0.
W: Removed bmsWIDEDFFCPE inst u_TSP_Core/u_TSP_Regfiles/x1_31[29].RV32I_reg_i/qout[31:0] at 18 that is stuck at constant 0.
W: Removed bmsWIDEDFFCPE inst u_TSP_Core/u_TSP_Regfiles/x1_31[29].RV32I_reg_i/qout[31:0] at 19 that is stuck at constant 0.
W: Removed bmsWIDEDFFCPE inst u_TSP_Core/u_TSP_Regfiles/x1_31[29].RV32I_reg_i/qout[31:0] at 20 that is stuck at constant 0.
W: Removed bmsWIDEDFFCPE inst u_TSP_Core/u_TSP_Regfiles/x1_31[29].RV32I_reg_i/qout[31:0] at 21 that is stuck at constant 0.
W: Removed bmsWIDEDFFCPE inst u_TSP_Core/u_TSP_Regfiles/x1_31[29].RV32I_reg_i/qout[31:0] at 22 that is stuck at constant 0.
W: Removed bmsWIDEDFFCPE inst u_TSP_Core/u_TSP_Regfiles/x1_31[29].RV32I_reg_i/qout[31:0] at 23 that is stuck at constant 0.
W: Removed bmsWIDEDFFCPE inst u_TSP_Core/u_TSP_Regfiles/x1_31[29].RV32I_reg_i/qout[31:0] at 24 that is stuck at constant 0.
W: Removed bmsWIDEDFFCPE inst u_TSP_Core/u_TSP_Regfiles/x1_31[29].RV32I_reg_i/qout[31:0] at 25 that is stuck at constant 0.
W: Removed bmsWIDEDFFCPE inst u_TSP_Core/u_TSP_Regfiles/x1_31[29].RV32I_reg_i/qout[31:0] at 26 that is stuck at constant 0.
W: Removed bmsWIDEDFFCPE inst u_TSP_Core/u_TSP_Regfiles/x1_31[29].RV32I_reg_i/qout[31:0] at 27 that is stuck at constant 0.
W: Removed bmsWIDEDFFCPE inst u_TSP_Core/u_TSP_Regfiles/x1_31[29].RV32I_reg_i/qout[31:0] at 28 that is stuck at constant 0.
W: Removed bmsWIDEDFFCPE inst u_TSP_Core/u_TSP_Regfiles/x1_31[29].RV32I_reg_i/qout[31:0] at 29 that is stuck at constant 0.
W: Removed bmsWIDEDFFCPE inst u_TSP_Core/u_TSP_Regfiles/x1_31[29].RV32I_reg_i/qout[31:0] at 30 that is stuck at constant 0.
W: Removed bmsWIDEDFFCPE inst u_TSP_Core/u_TSP_Regfiles/x1_31[29].RV32I_reg_i/qout[31:0] at 31 that is stuck at constant 0.
W: Removed bmsWIDEDFFCPE inst u_TSP_Core/u_TSP_Regfiles/x1_31[2].RV32I_reg_i/qout[31:0] at 0 that is stuck at constant 0.
W: Removed bmsWIDEDFFCPE inst u_TSP_Core/u_TSP_Regfiles/x1_31[2].RV32I_reg_i/qout[31:0] at 1 that is stuck at constant 0.
W: Removed bmsWIDEDFFCPE inst u_TSP_Core/u_TSP_Regfiles/x1_31[2].RV32I_reg_i/qout[31:0] at 2 that is stuck at constant 0.
W: Removed bmsWIDEDFFCPE inst u_TSP_Core/u_TSP_Regfiles/x1_31[2].RV32I_reg_i/qout[31:0] at 3 that is stuck at constant 0.
W: Removed bmsWIDEDFFCPE inst u_TSP_Core/u_TSP_Regfiles/x1_31[2].RV32I_reg_i/qout[31:0] at 4 that is stuck at constant 0.
W: Removed bmsWIDEDFFCPE inst u_TSP_Core/u_TSP_Regfiles/x1_31[2].RV32I_reg_i/qout[31:0] at 5 that is stuck at constant 0.
W: Removed bmsWIDEDFFCPE inst u_TSP_Core/u_TSP_Regfiles/x1_31[2].RV32I_reg_i/qout[31:0] at 6 that is stuck at constant 0.
W: Removed bmsWIDEDFFCPE inst u_TSP_Core/u_TSP_Regfiles/x1_31[2].RV32I_reg_i/qout[31:0] at 7 that is stuck at constant 0.
W: Removed bmsWIDEDFFCPE inst u_TSP_Core/u_TSP_Regfiles/x1_31[2].RV32I_reg_i/qout[31:0] at 8 that is stuck at constant 0.
W: Removed bmsWIDEDFFCPE inst u_TSP_Core/u_TSP_Regfiles/x1_31[2].RV32I_reg_i/qout[31:0] at 9 that is stuck at constant 0.
W: Removed bmsWIDEDFFCPE inst u_TSP_Core/u_TSP_Regfiles/x1_31[2].RV32I_reg_i/qout[31:0] at 10 that is stuck at constant 0.
W: Removed bmsWIDEDFFCPE inst u_TSP_Core/u_TSP_Regfiles/x1_31[2].RV32I_reg_i/qout[31:0] at 11 that is stuck at constant 0.
W: Removed bmsWIDEDFFCPE inst u_TSP_Core/u_TSP_Regfiles/x1_31[2].RV32I_reg_i/qout[31:0] at 12 that is stuck at constant 0.
W: Removed bmsWIDEDFFCPE inst u_TSP_Core/u_TSP_Regfiles/x1_31[2].RV32I_reg_i/qout[31:0] at 13 that is stuck at constant 0.
W: Removed bmsWIDEDFFCPE inst u_TSP_Core/u_TSP_Regfiles/x1_31[2].RV32I_reg_i/qout[31:0] at 14 that is stuck at constant 0.
W: Removed bmsWIDEDFFCPE inst u_TSP_Core/u_TSP_Regfiles/x1_31[2].RV32I_reg_i/qout[31:0] at 15 that is stuck at constant 0.
W: Removed bmsWIDEDFFCPE inst u_TSP_Core/u_TSP_Regfiles/x1_31[2].RV32I_reg_i/qout[31:0] at 16 that is stuck at constant 0.
W: Removed bmsWIDEDFFCPE inst u_TSP_Core/u_TSP_Regfiles/x1_31[2].RV32I_reg_i/qout[31:0] at 17 that is stuck at constant 0.
W: Removed bmsWIDEDFFCPE inst u_TSP_Core/u_TSP_Regfiles/x1_31[2].RV32I_reg_i/qout[31:0] at 18 that is stuck at constant 0.
W: Removed bmsWIDEDFFCPE inst u_TSP_Core/u_TSP_Regfiles/x1_31[2].RV32I_reg_i/qout[31:0] at 19 that is stuck at constant 0.
W: Removed bmsWIDEDFFCPE inst u_TSP_Core/u_TSP_Regfiles/x1_31[2].RV32I_reg_i/qout[31:0] at 20 that is stuck at constant 0.
W: Removed bmsWIDEDFFCPE inst u_TSP_Core/u_TSP_Regfiles/x1_31[2].RV32I_reg_i/qout[31:0] at 21 that is stuck at constant 0.
W: Removed bmsWIDEDFFCPE inst u_TSP_Core/u_TSP_Regfiles/x1_31[2].RV32I_reg_i/qout[31:0] at 22 that is stuck at constant 0.
W: Removed bmsWIDEDFFCPE inst u_TSP_Core/u_TSP_Regfiles/x1_31[2].RV32I_reg_i/qout[31:0] at 23 that is stuck at constant 0.
W: Removed bmsWIDEDFFCPE inst u_TSP_Core/u_TSP_Regfiles/x1_31[2].RV32I_reg_i/qout[31:0] at 24 that is stuck at constant 0.
W: Removed bmsWIDEDFFCPE inst u_TSP_Core/u_TSP_Regfiles/x1_31[2].RV32I_reg_i/qout[31:0] at 25 that is stuck at constant 0.
W: Removed bmsWIDEDFFCPE inst u_TSP_Core/u_TSP_Regfiles/x1_31[2].RV32I_reg_i/qout[31:0] at 26 that is stuck at constant 0.
W: Removed bmsWIDEDFFCPE inst u_TSP_Core/u_TSP_Regfiles/x1_31[2].RV32I_reg_i/qout[31:0] at 27 that is stuck at constant 0.
W: Removed bmsWIDEDFFCPE inst u_TSP_Core/u_TSP_Regfiles/x1_31[2].RV32I_reg_i/qout[31:0] at 28 that is stuck at constant 0.
W: Removed bmsWIDEDFFCPE inst u_TSP_Core/u_TSP_Regfiles/x1_31[2].RV32I_reg_i/qout[31:0] at 29 that is stuck at constant 0.
W: Removed bmsWIDEDFFCPE inst u_TSP_Core/u_TSP_Regfiles/x1_31[2].RV32I_reg_i/qout[31:0] at 30 that is stuck at constant 0.
W: Removed bmsWIDEDFFCPE inst u_TSP_Core/u_TSP_Regfiles/x1_31[2].RV32I_reg_i/qout[31:0] at 31 that is stuck at constant 0.
W: Removed bmsWIDEDFFCPE inst u_TSP_Core/u_TSP_Regfiles/x1_31[4].RV32I_reg_i/qout[31:0] at 0 that is stuck at constant 0.
W: Removed bmsWIDEDFFCPE inst u_TSP_Core/u_TSP_Regfiles/x1_31[4].RV32I_reg_i/qout[31:0] at 1 that is stuck at constant 0.
W: Removed bmsWIDEDFFCPE inst u_TSP_Core/u_TSP_Regfiles/x1_31[4].RV32I_reg_i/qout[31:0] at 2 that is stuck at constant 0.
W: Removed bmsWIDEDFFCPE inst u_TSP_Core/u_TSP_Regfiles/x1_31[4].RV32I_reg_i/qout[31:0] at 3 that is stuck at constant 0.
W: Removed bmsWIDEDFFCPE inst u_TSP_Core/u_TSP_Regfiles/x1_31[4].RV32I_reg_i/qout[31:0] at 4 that is stuck at constant 0.
W: Removed bmsWIDEDFFCPE inst u_TSP_Core/u_TSP_Regfiles/x1_31[4].RV32I_reg_i/qout[31:0] at 5 that is stuck at constant 0.
W: Removed bmsWIDEDFFCPE inst u_TSP_Core/u_TSP_Regfiles/x1_31[4].RV32I_reg_i/qout[31:0] at 6 that is stuck at constant 0.
W: Removed bmsWIDEDFFCPE inst u_TSP_Core/u_TSP_Regfiles/x1_31[4].RV32I_reg_i/qout[31:0] at 7 that is stuck at constant 0.
W: Removed bmsWIDEDFFCPE inst u_TSP_Core/u_TSP_Regfiles/x1_31[4].RV32I_reg_i/qout[31:0] at 8 that is stuck at constant 0.
W: Removed bmsWIDEDFFCPE inst u_TSP_Core/u_TSP_Regfiles/x1_31[4].RV32I_reg_i/qout[31:0] at 9 that is stuck at constant 0.
W: Removed bmsWIDEDFFCPE inst u_TSP_Core/u_TSP_Regfiles/x1_31[4].RV32I_reg_i/qout[31:0] at 10 that is stuck at constant 0.
W: Removed bmsWIDEDFFCPE inst u_TSP_Core/u_TSP_Regfiles/x1_31[4].RV32I_reg_i/qout[31:0] at 11 that is stuck at constant 0.
W: Removed bmsWIDEDFFCPE inst u_TSP_Core/u_TSP_Regfiles/x1_31[4].RV32I_reg_i/qout[31:0] at 12 that is stuck at constant 0.
W: Removed bmsWIDEDFFCPE inst u_TSP_Core/u_TSP_Regfiles/x1_31[4].RV32I_reg_i/qout[31:0] at 13 that is stuck at constant 0.
W: Removed bmsWIDEDFFCPE inst u_TSP_Core/u_TSP_Regfiles/x1_31[4].RV32I_reg_i/qout[31:0] at 14 that is stuck at constant 0.
W: Removed bmsWIDEDFFCPE inst u_TSP_Core/u_TSP_Regfiles/x1_31[4].RV32I_reg_i/qout[31:0] at 15 that is stuck at constant 0.
W: Removed bmsWIDEDFFCPE inst u_TSP_Core/u_TSP_Regfiles/x1_31[4].RV32I_reg_i/qout[31:0] at 16 that is stuck at constant 0.
W: Removed bmsWIDEDFFCPE inst u_TSP_Core/u_TSP_Regfiles/x1_31[4].RV32I_reg_i/qout[31:0] at 17 that is stuck at constant 0.
W: Removed bmsWIDEDFFCPE inst u_TSP_Core/u_TSP_Regfiles/x1_31[4].RV32I_reg_i/qout[31:0] at 18 that is stuck at constant 0.
W: Removed bmsWIDEDFFCPE inst u_TSP_Core/u_TSP_Regfiles/x1_31[4].RV32I_reg_i/qout[31:0] at 19 that is stuck at constant 0.
W: Removed bmsWIDEDFFCPE inst u_TSP_Core/u_TSP_Regfiles/x1_31[4].RV32I_reg_i/qout[31:0] at 20 that is stuck at constant 0.
W: Removed bmsWIDEDFFCPE inst u_TSP_Core/u_TSP_Regfiles/x1_31[4].RV32I_reg_i/qout[31:0] at 21 that is stuck at constant 0.
W: Removed bmsWIDEDFFCPE inst u_TSP_Core/u_TSP_Regfiles/x1_31[4].RV32I_reg_i/qout[31:0] at 22 that is stuck at constant 0.
W: Removed bmsWIDEDFFCPE inst u_TSP_Core/u_TSP_Regfiles/x1_31[4].RV32I_reg_i/qout[31:0] at 23 that is stuck at constant 0.
W: Removed bmsWIDEDFFCPE inst u_TSP_Core/u_TSP_Regfiles/x1_31[4].RV32I_reg_i/qout[31:0] at 24 that is stuck at constant 0.
W: Removed bmsWIDEDFFCPE inst u_TSP_Core/u_TSP_Regfiles/x1_31[4].RV32I_reg_i/qout[31:0] at 25 that is stuck at constant 0.
W: Removed bmsWIDEDFFCPE inst u_TSP_Core/u_TSP_Regfiles/x1_31[4].RV32I_reg_i/qout[31:0] at 26 that is stuck at constant 0.
W: Removed bmsWIDEDFFCPE inst u_TSP_Core/u_TSP_Regfiles/x1_31[4].RV32I_reg_i/qout[31:0] at 27 that is stuck at constant 0.
W: Removed bmsWIDEDFFCPE inst u_TSP_Core/u_TSP_Regfiles/x1_31[4].RV32I_reg_i/qout[31:0] at 28 that is stuck at constant 0.
W: Removed bmsWIDEDFFCPE inst u_TSP_Core/u_TSP_Regfiles/x1_31[4].RV32I_reg_i/qout[31:0] at 29 that is stuck at constant 0.
W: Removed bmsWIDEDFFCPE inst u_TSP_Core/u_TSP_Regfiles/x1_31[4].RV32I_reg_i/qout[31:0] at 30 that is stuck at constant 0.
W: Removed bmsWIDEDFFCPE inst u_TSP_Core/u_TSP_Regfiles/x1_31[4].RV32I_reg_i/qout[31:0] at 31 that is stuck at constant 0.
W: Removed bmsWIDEDFFCPE inst u_TSP_Core/u_TSP_Regfiles/x1_31[6].RV32I_reg_i/qout[31:0] at 0 that is stuck at constant 0.
W: Removed bmsWIDEDFFCPE inst u_TSP_Core/u_TSP_Regfiles/x1_31[6].RV32I_reg_i/qout[31:0] at 1 that is stuck at constant 0.
W: Removed bmsWIDEDFFCPE inst u_TSP_Core/u_TSP_Regfiles/x1_31[6].RV32I_reg_i/qout[31:0] at 2 that is stuck at constant 0.
W: Removed bmsWIDEDFFCPE inst u_TSP_Core/u_TSP_Regfiles/x1_31[6].RV32I_reg_i/qout[31:0] at 3 that is stuck at constant 0.
W: Removed bmsWIDEDFFCPE inst u_TSP_Core/u_TSP_Regfiles/x1_31[6].RV32I_reg_i/qout[31:0] at 4 that is stuck at constant 0.
W: Removed bmsWIDEDFFCPE inst u_TSP_Core/u_TSP_Regfiles/x1_31[6].RV32I_reg_i/qout[31:0] at 5 that is stuck at constant 0.
W: Removed bmsWIDEDFFCPE inst u_TSP_Core/u_TSP_Regfiles/x1_31[6].RV32I_reg_i/qout[31:0] at 6 that is stuck at constant 0.
W: Removed bmsWIDEDFFCPE inst u_TSP_Core/u_TSP_Regfiles/x1_31[6].RV32I_reg_i/qout[31:0] at 7 that is stuck at constant 0.
W: Removed bmsWIDEDFFCPE inst u_TSP_Core/u_TSP_Regfiles/x1_31[6].RV32I_reg_i/qout[31:0] at 8 that is stuck at constant 0.
W: Removed bmsWIDEDFFCPE inst u_TSP_Core/u_TSP_Regfiles/x1_31[6].RV32I_reg_i/qout[31:0] at 9 that is stuck at constant 0.
W: Removed bmsWIDEDFFCPE inst u_TSP_Core/u_TSP_Regfiles/x1_31[6].RV32I_reg_i/qout[31:0] at 10 that is stuck at constant 0.
W: Removed bmsWIDEDFFCPE inst u_TSP_Core/u_TSP_Regfiles/x1_31[6].RV32I_reg_i/qout[31:0] at 11 that is stuck at constant 0.
W: Removed bmsWIDEDFFCPE inst u_TSP_Core/u_TSP_Regfiles/x1_31[6].RV32I_reg_i/qout[31:0] at 12 that is stuck at constant 0.
W: Removed bmsWIDEDFFCPE inst u_TSP_Core/u_TSP_Regfiles/x1_31[6].RV32I_reg_i/qout[31:0] at 13 that is stuck at constant 0.
W: Removed bmsWIDEDFFCPE inst u_TSP_Core/u_TSP_Regfiles/x1_31[6].RV32I_reg_i/qout[31:0] at 14 that is stuck at constant 0.
W: Removed bmsWIDEDFFCPE inst u_TSP_Core/u_TSP_Regfiles/x1_31[6].RV32I_reg_i/qout[31:0] at 15 that is stuck at constant 0.
W: Removed bmsWIDEDFFCPE inst u_TSP_Core/u_TSP_Regfiles/x1_31[6].RV32I_reg_i/qout[31:0] at 16 that is stuck at constant 0.
W: Removed bmsWIDEDFFCPE inst u_TSP_Core/u_TSP_Regfiles/x1_31[6].RV32I_reg_i/qout[31:0] at 17 that is stuck at constant 0.
W: Removed bmsWIDEDFFCPE inst u_TSP_Core/u_TSP_Regfiles/x1_31[6].RV32I_reg_i/qout[31:0] at 18 that is stuck at constant 0.
W: Removed bmsWIDEDFFCPE inst u_TSP_Core/u_TSP_Regfiles/x1_31[6].RV32I_reg_i/qout[31:0] at 19 that is stuck at constant 0.
W: Removed bmsWIDEDFFCPE inst u_TSP_Core/u_TSP_Regfiles/x1_31[6].RV32I_reg_i/qout[31:0] at 20 that is stuck at constant 0.
W: Removed bmsWIDEDFFCPE inst u_TSP_Core/u_TSP_Regfiles/x1_31[6].RV32I_reg_i/qout[31:0] at 21 that is stuck at constant 0.
W: Removed bmsWIDEDFFCPE inst u_TSP_Core/u_TSP_Regfiles/x1_31[6].RV32I_reg_i/qout[31:0] at 22 that is stuck at constant 0.
W: Removed bmsWIDEDFFCPE inst u_TSP_Core/u_TSP_Regfiles/x1_31[6].RV32I_reg_i/qout[31:0] at 23 that is stuck at constant 0.
W: Removed bmsWIDEDFFCPE inst u_TSP_Core/u_TSP_Regfiles/x1_31[6].RV32I_reg_i/qout[31:0] at 24 that is stuck at constant 0.
W: Removed bmsWIDEDFFCPE inst u_TSP_Core/u_TSP_Regfiles/x1_31[6].RV32I_reg_i/qout[31:0] at 25 that is stuck at constant 0.
W: Removed bmsWIDEDFFCPE inst u_TSP_Core/u_TSP_Regfiles/x1_31[6].RV32I_reg_i/qout[31:0] at 26 that is stuck at constant 0.
W: Removed bmsWIDEDFFCPE inst u_TSP_Core/u_TSP_Regfiles/x1_31[6].RV32I_reg_i/qout[31:0] at 27 that is stuck at constant 0.
W: Removed bmsWIDEDFFCPE inst u_TSP_Core/u_TSP_Regfiles/x1_31[6].RV32I_reg_i/qout[31:0] at 28 that is stuck at constant 0.
W: Removed bmsWIDEDFFCPE inst u_TSP_Core/u_TSP_Regfiles/x1_31[6].RV32I_reg_i/qout[31:0] at 29 that is stuck at constant 0.
W: Removed bmsWIDEDFFCPE inst u_TSP_Core/u_TSP_Regfiles/x1_31[6].RV32I_reg_i/qout[31:0] at 30 that is stuck at constant 0.
W: Removed bmsWIDEDFFCPE inst u_TSP_Core/u_TSP_Regfiles/x1_31[6].RV32I_reg_i/qout[31:0] at 31 that is stuck at constant 0.
W: Removed bmsWIDEDFFCPE inst u_TSP_Core/u_TSP_Regfiles/x1_31[8].RV32I_reg_i/qout[31:0] at 0 that is stuck at constant 0.
W: Removed bmsWIDEDFFCPE inst u_TSP_Core/u_TSP_Regfiles/x1_31[8].RV32I_reg_i/qout[31:0] at 1 that is stuck at constant 0.
W: Removed bmsWIDEDFFCPE inst u_TSP_Core/u_TSP_Regfiles/x1_31[8].RV32I_reg_i/qout[31:0] at 2 that is stuck at constant 0.
W: Removed bmsWIDEDFFCPE inst u_TSP_Core/u_TSP_Regfiles/x1_31[8].RV32I_reg_i/qout[31:0] at 3 that is stuck at constant 0.
W: Removed bmsWIDEDFFCPE inst u_TSP_Core/u_TSP_Regfiles/x1_31[8].RV32I_reg_i/qout[31:0] at 4 that is stuck at constant 0.
W: Removed bmsWIDEDFFCPE inst u_TSP_Core/u_TSP_Regfiles/x1_31[8].RV32I_reg_i/qout[31:0] at 5 that is stuck at constant 0.
W: Removed bmsWIDEDFFCPE inst u_TSP_Core/u_TSP_Regfiles/x1_31[8].RV32I_reg_i/qout[31:0] at 6 that is stuck at constant 0.
W: Removed bmsWIDEDFFCPE inst u_TSP_Core/u_TSP_Regfiles/x1_31[8].RV32I_reg_i/qout[31:0] at 7 that is stuck at constant 0.
W: Removed bmsWIDEDFFCPE inst u_TSP_Core/u_TSP_Regfiles/x1_31[8].RV32I_reg_i/qout[31:0] at 8 that is stuck at constant 0.
W: Removed bmsWIDEDFFCPE inst u_TSP_Core/u_TSP_Regfiles/x1_31[8].RV32I_reg_i/qout[31:0] at 9 that is stuck at constant 0.
W: Removed bmsWIDEDFFCPE inst u_TSP_Core/u_TSP_Regfiles/x1_31[8].RV32I_reg_i/qout[31:0] at 10 that is stuck at constant 0.
W: Removed bmsWIDEDFFCPE inst u_TSP_Core/u_TSP_Regfiles/x1_31[8].RV32I_reg_i/qout[31:0] at 11 that is stuck at constant 0.
W: Removed bmsWIDEDFFCPE inst u_TSP_Core/u_TSP_Regfiles/x1_31[8].RV32I_reg_i/qout[31:0] at 12 that is stuck at constant 0.
W: Removed bmsWIDEDFFCPE inst u_TSP_Core/u_TSP_Regfiles/x1_31[8].RV32I_reg_i/qout[31:0] at 13 that is stuck at constant 0.
W: Removed bmsWIDEDFFCPE inst u_TSP_Core/u_TSP_Regfiles/x1_31[8].RV32I_reg_i/qout[31:0] at 14 that is stuck at constant 0.
W: Removed bmsWIDEDFFCPE inst u_TSP_Core/u_TSP_Regfiles/x1_31[8].RV32I_reg_i/qout[31:0] at 15 that is stuck at constant 0.
W: Removed bmsWIDEDFFCPE inst u_TSP_Core/u_TSP_Regfiles/x1_31[8].RV32I_reg_i/qout[31:0] at 16 that is stuck at constant 0.
W: Removed bmsWIDEDFFCPE inst u_TSP_Core/u_TSP_Regfiles/x1_31[8].RV32I_reg_i/qout[31:0] at 17 that is stuck at constant 0.
W: Removed bmsWIDEDFFCPE inst u_TSP_Core/u_TSP_Regfiles/x1_31[8].RV32I_reg_i/qout[31:0] at 18 that is stuck at constant 0.
W: Removed bmsWIDEDFFCPE inst u_TSP_Core/u_TSP_Regfiles/x1_31[8].RV32I_reg_i/qout[31:0] at 19 that is stuck at constant 0.
W: Removed bmsWIDEDFFCPE inst u_TSP_Core/u_TSP_Regfiles/x1_31[8].RV32I_reg_i/qout[31:0] at 20 that is stuck at constant 0.
W: Removed bmsWIDEDFFCPE inst u_TSP_Core/u_TSP_Regfiles/x1_31[8].RV32I_reg_i/qout[31:0] at 21 that is stuck at constant 0.
W: Removed bmsWIDEDFFCPE inst u_TSP_Core/u_TSP_Regfiles/x1_31[8].RV32I_reg_i/qout[31:0] at 22 that is stuck at constant 0.
W: Removed bmsWIDEDFFCPE inst u_TSP_Core/u_TSP_Regfiles/x1_31[8].RV32I_reg_i/qout[31:0] at 23 that is stuck at constant 0.
W: Removed bmsWIDEDFFCPE inst u_TSP_Core/u_TSP_Regfiles/x1_31[8].RV32I_reg_i/qout[31:0] at 24 that is stuck at constant 0.
W: Removed bmsWIDEDFFCPE inst u_TSP_Core/u_TSP_Regfiles/x1_31[8].RV32I_reg_i/qout[31:0] at 25 that is stuck at constant 0.
W: Removed bmsWIDEDFFCPE inst u_TSP_Core/u_TSP_Regfiles/x1_31[8].RV32I_reg_i/qout[31:0] at 26 that is stuck at constant 0.
W: Removed bmsWIDEDFFCPE inst u_TSP_Core/u_TSP_Regfiles/x1_31[8].RV32I_reg_i/qout[31:0] at 27 that is stuck at constant 0.
W: Removed bmsWIDEDFFCPE inst u_TSP_Core/u_TSP_Regfiles/x1_31[8].RV32I_reg_i/qout[31:0] at 28 that is stuck at constant 0.
W: Removed bmsWIDEDFFCPE inst u_TSP_Core/u_TSP_Regfiles/x1_31[8].RV32I_reg_i/qout[31:0] at 29 that is stuck at constant 0.
W: Removed bmsWIDEDFFCPE inst u_TSP_Core/u_TSP_Regfiles/x1_31[8].RV32I_reg_i/qout[31:0] at 30 that is stuck at constant 0.
W: Removed bmsWIDEDFFCPE inst u_TSP_Core/u_TSP_Regfiles/x1_31[8].RV32I_reg_i/qout[31:0] at 31 that is stuck at constant 0.
W: Removed bmsWIDEDFFCPE inst u_TSP_Core/u_TSP_Regfiles/x1_31[10].RV32I_reg_i/qout[31:0] at 0 that is stuck at constant 0.
W: Removed bmsWIDEDFFCPE inst u_TSP_Core/u_TSP_Regfiles/x1_31[10].RV32I_reg_i/qout[31:0] at 1 that is stuck at constant 0.
W: Removed bmsWIDEDFFCPE inst u_TSP_Core/u_TSP_Regfiles/x1_31[10].RV32I_reg_i/qout[31:0] at 2 that is stuck at constant 0.
W: Removed bmsWIDEDFFCPE inst u_TSP_Core/u_TSP_Regfiles/x1_31[10].RV32I_reg_i/qout[31:0] at 3 that is stuck at constant 0.
W: Removed bmsWIDEDFFCPE inst u_TSP_Core/u_TSP_Regfiles/x1_31[10].RV32I_reg_i/qout[31:0] at 4 that is stuck at constant 0.
W: Removed bmsWIDEDFFCPE inst u_TSP_Core/u_TSP_Regfiles/x1_31[10].RV32I_reg_i/qout[31:0] at 5 that is stuck at constant 0.
W: Removed bmsWIDEDFFCPE inst u_TSP_Core/u_TSP_Regfiles/x1_31[10].RV32I_reg_i/qout[31:0] at 6 that is stuck at constant 0.
W: Removed bmsWIDEDFFCPE inst u_TSP_Core/u_TSP_Regfiles/x1_31[10].RV32I_reg_i/qout[31:0] at 7 that is stuck at constant 0.
W: Removed bmsWIDEDFFCPE inst u_TSP_Core/u_TSP_Regfiles/x1_31[10].RV32I_reg_i/qout[31:0] at 8 that is stuck at constant 0.
W: Removed bmsWIDEDFFCPE inst u_TSP_Core/u_TSP_Regfiles/x1_31[10].RV32I_reg_i/qout[31:0] at 9 that is stuck at constant 0.
W: Removed bmsWIDEDFFCPE inst u_TSP_Core/u_TSP_Regfiles/x1_31[10].RV32I_reg_i/qout[31:0] at 10 that is stuck at constant 0.
W: Removed bmsWIDEDFFCPE inst u_TSP_Core/u_TSP_Regfiles/x1_31[10].RV32I_reg_i/qout[31:0] at 11 that is stuck at constant 0.
W: Removed bmsWIDEDFFCPE inst u_TSP_Core/u_TSP_Regfiles/x1_31[10].RV32I_reg_i/qout[31:0] at 12 that is stuck at constant 0.
W: Removed bmsWIDEDFFCPE inst u_TSP_Core/u_TSP_Regfiles/x1_31[10].RV32I_reg_i/qout[31:0] at 13 that is stuck at constant 0.
W: Removed bmsWIDEDFFCPE inst u_TSP_Core/u_TSP_Regfiles/x1_31[10].RV32I_reg_i/qout[31:0] at 14 that is stuck at constant 0.
W: Removed bmsWIDEDFFCPE inst u_TSP_Core/u_TSP_Regfiles/x1_31[10].RV32I_reg_i/qout[31:0] at 15 that is stuck at constant 0.
W: Removed bmsWIDEDFFCPE inst u_TSP_Core/u_TSP_Regfiles/x1_31[10].RV32I_reg_i/qout[31:0] at 16 that is stuck at constant 0.
W: Removed bmsWIDEDFFCPE inst u_TSP_Core/u_TSP_Regfiles/x1_31[10].RV32I_reg_i/qout[31:0] at 17 that is stuck at constant 0.
W: Removed bmsWIDEDFFCPE inst u_TSP_Core/u_TSP_Regfiles/x1_31[10].RV32I_reg_i/qout[31:0] at 18 that is stuck at constant 0.
W: Removed bmsWIDEDFFCPE inst u_TSP_Core/u_TSP_Regfiles/x1_31[10].RV32I_reg_i/qout[31:0] at 19 that is stuck at constant 0.
W: Removed bmsWIDEDFFCPE inst u_TSP_Core/u_TSP_Regfiles/x1_31[10].RV32I_reg_i/qout[31:0] at 20 that is stuck at constant 0.
W: Removed bmsWIDEDFFCPE inst u_TSP_Core/u_TSP_Regfiles/x1_31[10].RV32I_reg_i/qout[31:0] at 21 that is stuck at constant 0.
W: Removed bmsWIDEDFFCPE inst u_TSP_Core/u_TSP_Regfiles/x1_31[10].RV32I_reg_i/qout[31:0] at 22 that is stuck at constant 0.
W: Removed bmsWIDEDFFCPE inst u_TSP_Core/u_TSP_Regfiles/x1_31[10].RV32I_reg_i/qout[31:0] at 23 that is stuck at constant 0.
W: Removed bmsWIDEDFFCPE inst u_TSP_Core/u_TSP_Regfiles/x1_31[10].RV32I_reg_i/qout[31:0] at 24 that is stuck at constant 0.
W: Removed bmsWIDEDFFCPE inst u_TSP_Core/u_TSP_Regfiles/x1_31[10].RV32I_reg_i/qout[31:0] at 25 that is stuck at constant 0.
W: Removed bmsWIDEDFFCPE inst u_TSP_Core/u_TSP_Regfiles/x1_31[10].RV32I_reg_i/qout[31:0] at 26 that is stuck at constant 0.
W: Removed bmsWIDEDFFCPE inst u_TSP_Core/u_TSP_Regfiles/x1_31[10].RV32I_reg_i/qout[31:0] at 27 that is stuck at constant 0.
W: Removed bmsWIDEDFFCPE inst u_TSP_Core/u_TSP_Regfiles/x1_31[10].RV32I_reg_i/qout[31:0] at 28 that is stuck at constant 0.
W: Removed bmsWIDEDFFCPE inst u_TSP_Core/u_TSP_Regfiles/x1_31[10].RV32I_reg_i/qout[31:0] at 29 that is stuck at constant 0.
W: Removed bmsWIDEDFFCPE inst u_TSP_Core/u_TSP_Regfiles/x1_31[10].RV32I_reg_i/qout[31:0] at 30 that is stuck at constant 0.
W: Removed bmsWIDEDFFCPE inst u_TSP_Core/u_TSP_Regfiles/x1_31[10].RV32I_reg_i/qout[31:0] at 31 that is stuck at constant 0.
W: Removed bmsWIDEDFFCPE inst u_TSP_Core/u_TSP_Regfiles/x1_31[12].RV32I_reg_i/qout[31:0] at 0 that is stuck at constant 0.
W: Removed bmsWIDEDFFCPE inst u_TSP_Core/u_TSP_Regfiles/x1_31[12].RV32I_reg_i/qout[31:0] at 1 that is stuck at constant 0.
W: Removed bmsWIDEDFFCPE inst u_TSP_Core/u_TSP_Regfiles/x1_31[12].RV32I_reg_i/qout[31:0] at 2 that is stuck at constant 0.
W: Removed bmsWIDEDFFCPE inst u_TSP_Core/u_TSP_Regfiles/x1_31[12].RV32I_reg_i/qout[31:0] at 3 that is stuck at constant 0.
W: Removed bmsWIDEDFFCPE inst u_TSP_Core/u_TSP_Regfiles/x1_31[12].RV32I_reg_i/qout[31:0] at 4 that is stuck at constant 0.
W: Removed bmsWIDEDFFCPE inst u_TSP_Core/u_TSP_Regfiles/x1_31[12].RV32I_reg_i/qout[31:0] at 5 that is stuck at constant 0.
W: Removed bmsWIDEDFFCPE inst u_TSP_Core/u_TSP_Regfiles/x1_31[12].RV32I_reg_i/qout[31:0] at 6 that is stuck at constant 0.
W: Removed bmsWIDEDFFCPE inst u_TSP_Core/u_TSP_Regfiles/x1_31[12].RV32I_reg_i/qout[31:0] at 7 that is stuck at constant 0.
W: Removed bmsWIDEDFFCPE inst u_TSP_Core/u_TSP_Regfiles/x1_31[12].RV32I_reg_i/qout[31:0] at 8 that is stuck at constant 0.
W: Removed bmsWIDEDFFCPE inst u_TSP_Core/u_TSP_Regfiles/x1_31[12].RV32I_reg_i/qout[31:0] at 9 that is stuck at constant 0.
W: Removed bmsWIDEDFFCPE inst u_TSP_Core/u_TSP_Regfiles/x1_31[12].RV32I_reg_i/qout[31:0] at 10 that is stuck at constant 0.
W: Removed bmsWIDEDFFCPE inst u_TSP_Core/u_TSP_Regfiles/x1_31[12].RV32I_reg_i/qout[31:0] at 11 that is stuck at constant 0.
W: Removed bmsWIDEDFFCPE inst u_TSP_Core/u_TSP_Regfiles/x1_31[12].RV32I_reg_i/qout[31:0] at 12 that is stuck at constant 0.
W: Removed bmsWIDEDFFCPE inst u_TSP_Core/u_TSP_Regfiles/x1_31[12].RV32I_reg_i/qout[31:0] at 13 that is stuck at constant 0.
W: Removed bmsWIDEDFFCPE inst u_TSP_Core/u_TSP_Regfiles/x1_31[12].RV32I_reg_i/qout[31:0] at 14 that is stuck at constant 0.
W: Removed bmsWIDEDFFCPE inst u_TSP_Core/u_TSP_Regfiles/x1_31[12].RV32I_reg_i/qout[31:0] at 15 that is stuck at constant 0.
W: Removed bmsWIDEDFFCPE inst u_TSP_Core/u_TSP_Regfiles/x1_31[12].RV32I_reg_i/qout[31:0] at 16 that is stuck at constant 0.
W: Removed bmsWIDEDFFCPE inst u_TSP_Core/u_TSP_Regfiles/x1_31[12].RV32I_reg_i/qout[31:0] at 17 that is stuck at constant 0.
W: Removed bmsWIDEDFFCPE inst u_TSP_Core/u_TSP_Regfiles/x1_31[12].RV32I_reg_i/qout[31:0] at 18 that is stuck at constant 0.
W: Removed bmsWIDEDFFCPE inst u_TSP_Core/u_TSP_Regfiles/x1_31[12].RV32I_reg_i/qout[31:0] at 19 that is stuck at constant 0.
W: Removed bmsWIDEDFFCPE inst u_TSP_Core/u_TSP_Regfiles/x1_31[12].RV32I_reg_i/qout[31:0] at 20 that is stuck at constant 0.
W: Removed bmsWIDEDFFCPE inst u_TSP_Core/u_TSP_Regfiles/x1_31[12].RV32I_reg_i/qout[31:0] at 21 that is stuck at constant 0.
W: Removed bmsWIDEDFFCPE inst u_TSP_Core/u_TSP_Regfiles/x1_31[12].RV32I_reg_i/qout[31:0] at 22 that is stuck at constant 0.
W: Removed bmsWIDEDFFCPE inst u_TSP_Core/u_TSP_Regfiles/x1_31[12].RV32I_reg_i/qout[31:0] at 23 that is stuck at constant 0.
W: Removed bmsWIDEDFFCPE inst u_TSP_Core/u_TSP_Regfiles/x1_31[12].RV32I_reg_i/qout[31:0] at 24 that is stuck at constant 0.
W: Removed bmsWIDEDFFCPE inst u_TSP_Core/u_TSP_Regfiles/x1_31[12].RV32I_reg_i/qout[31:0] at 25 that is stuck at constant 0.
W: Removed bmsWIDEDFFCPE inst u_TSP_Core/u_TSP_Regfiles/x1_31[12].RV32I_reg_i/qout[31:0] at 26 that is stuck at constant 0.
W: Removed bmsWIDEDFFCPE inst u_TSP_Core/u_TSP_Regfiles/x1_31[12].RV32I_reg_i/qout[31:0] at 27 that is stuck at constant 0.
W: Removed bmsWIDEDFFCPE inst u_TSP_Core/u_TSP_Regfiles/x1_31[12].RV32I_reg_i/qout[31:0] at 28 that is stuck at constant 0.
W: Removed bmsWIDEDFFCPE inst u_TSP_Core/u_TSP_Regfiles/x1_31[12].RV32I_reg_i/qout[31:0] at 29 that is stuck at constant 0.
W: Removed bmsWIDEDFFCPE inst u_TSP_Core/u_TSP_Regfiles/x1_31[12].RV32I_reg_i/qout[31:0] at 30 that is stuck at constant 0.
W: Removed bmsWIDEDFFCPE inst u_TSP_Core/u_TSP_Regfiles/x1_31[12].RV32I_reg_i/qout[31:0] at 31 that is stuck at constant 0.
W: Removed bmsWIDEDFFCPE inst u_TSP_Core/u_TSP_Regfiles/x1_31[14].RV32I_reg_i/qout[31:0] at 0 that is stuck at constant 0.
W: Removed bmsWIDEDFFCPE inst u_TSP_Core/u_TSP_Regfiles/x1_31[14].RV32I_reg_i/qout[31:0] at 1 that is stuck at constant 0.
W: Removed bmsWIDEDFFCPE inst u_TSP_Core/u_TSP_Regfiles/x1_31[14].RV32I_reg_i/qout[31:0] at 2 that is stuck at constant 0.
W: Removed bmsWIDEDFFCPE inst u_TSP_Core/u_TSP_Regfiles/x1_31[14].RV32I_reg_i/qout[31:0] at 3 that is stuck at constant 0.
W: Removed bmsWIDEDFFCPE inst u_TSP_Core/u_TSP_Regfiles/x1_31[14].RV32I_reg_i/qout[31:0] at 4 that is stuck at constant 0.
W: Removed bmsWIDEDFFCPE inst u_TSP_Core/u_TSP_Regfiles/x1_31[14].RV32I_reg_i/qout[31:0] at 5 that is stuck at constant 0.
W: Removed bmsWIDEDFFCPE inst u_TSP_Core/u_TSP_Regfiles/x1_31[14].RV32I_reg_i/qout[31:0] at 6 that is stuck at constant 0.
W: Removed bmsWIDEDFFCPE inst u_TSP_Core/u_TSP_Regfiles/x1_31[14].RV32I_reg_i/qout[31:0] at 7 that is stuck at constant 0.
W: Removed bmsWIDEDFFCPE inst u_TSP_Core/u_TSP_Regfiles/x1_31[14].RV32I_reg_i/qout[31:0] at 8 that is stuck at constant 0.
W: Removed bmsWIDEDFFCPE inst u_TSP_Core/u_TSP_Regfiles/x1_31[14].RV32I_reg_i/qout[31:0] at 9 that is stuck at constant 0.
W: Removed bmsWIDEDFFCPE inst u_TSP_Core/u_TSP_Regfiles/x1_31[14].RV32I_reg_i/qout[31:0] at 10 that is stuck at constant 0.
W: Removed bmsWIDEDFFCPE inst u_TSP_Core/u_TSP_Regfiles/x1_31[14].RV32I_reg_i/qout[31:0] at 11 that is stuck at constant 0.
W: Removed bmsWIDEDFFCPE inst u_TSP_Core/u_TSP_Regfiles/x1_31[14].RV32I_reg_i/qout[31:0] at 12 that is stuck at constant 0.
W: Removed bmsWIDEDFFCPE inst u_TSP_Core/u_TSP_Regfiles/x1_31[14].RV32I_reg_i/qout[31:0] at 13 that is stuck at constant 0.
W: Removed bmsWIDEDFFCPE inst u_TSP_Core/u_TSP_Regfiles/x1_31[14].RV32I_reg_i/qout[31:0] at 14 that is stuck at constant 0.
W: Removed bmsWIDEDFFCPE inst u_TSP_Core/u_TSP_Regfiles/x1_31[14].RV32I_reg_i/qout[31:0] at 15 that is stuck at constant 0.
W: Removed bmsWIDEDFFCPE inst u_TSP_Core/u_TSP_Regfiles/x1_31[14].RV32I_reg_i/qout[31:0] at 16 that is stuck at constant 0.
W: Removed bmsWIDEDFFCPE inst u_TSP_Core/u_TSP_Regfiles/x1_31[14].RV32I_reg_i/qout[31:0] at 17 that is stuck at constant 0.
W: Removed bmsWIDEDFFCPE inst u_TSP_Core/u_TSP_Regfiles/x1_31[14].RV32I_reg_i/qout[31:0] at 18 that is stuck at constant 0.
W: Removed bmsWIDEDFFCPE inst u_TSP_Core/u_TSP_Regfiles/x1_31[14].RV32I_reg_i/qout[31:0] at 19 that is stuck at constant 0.
W: Removed bmsWIDEDFFCPE inst u_TSP_Core/u_TSP_Regfiles/x1_31[14].RV32I_reg_i/qout[31:0] at 20 that is stuck at constant 0.
W: Removed bmsWIDEDFFCPE inst u_TSP_Core/u_TSP_Regfiles/x1_31[14].RV32I_reg_i/qout[31:0] at 21 that is stuck at constant 0.
W: Removed bmsWIDEDFFCPE inst u_TSP_Core/u_TSP_Regfiles/x1_31[14].RV32I_reg_i/qout[31:0] at 22 that is stuck at constant 0.
W: Removed bmsWIDEDFFCPE inst u_TSP_Core/u_TSP_Regfiles/x1_31[14].RV32I_reg_i/qout[31:0] at 23 that is stuck at constant 0.
W: Removed bmsWIDEDFFCPE inst u_TSP_Core/u_TSP_Regfiles/x1_31[14].RV32I_reg_i/qout[31:0] at 24 that is stuck at constant 0.
W: Removed bmsWIDEDFFCPE inst u_TSP_Core/u_TSP_Regfiles/x1_31[14].RV32I_reg_i/qout[31:0] at 25 that is stuck at constant 0.
W: Removed bmsWIDEDFFCPE inst u_TSP_Core/u_TSP_Regfiles/x1_31[14].RV32I_reg_i/qout[31:0] at 26 that is stuck at constant 0.
W: Removed bmsWIDEDFFCPE inst u_TSP_Core/u_TSP_Regfiles/x1_31[14].RV32I_reg_i/qout[31:0] at 27 that is stuck at constant 0.
W: Removed bmsWIDEDFFCPE inst u_TSP_Core/u_TSP_Regfiles/x1_31[14].RV32I_reg_i/qout[31:0] at 28 that is stuck at constant 0.
W: Removed bmsWIDEDFFCPE inst u_TSP_Core/u_TSP_Regfiles/x1_31[14].RV32I_reg_i/qout[31:0] at 29 that is stuck at constant 0.
W: Removed bmsWIDEDFFCPE inst u_TSP_Core/u_TSP_Regfiles/x1_31[14].RV32I_reg_i/qout[31:0] at 30 that is stuck at constant 0.
W: Removed bmsWIDEDFFCPE inst u_TSP_Core/u_TSP_Regfiles/x1_31[14].RV32I_reg_i/qout[31:0] at 31 that is stuck at constant 0.
W: Removed bmsWIDEDFFCPE inst u_TSP_Core/u_TSP_Regfiles/x1_31[18].RV32I_reg_i/qout[31:0] at 0 that is stuck at constant 0.
W: Removed bmsWIDEDFFCPE inst u_TSP_Core/u_TSP_Regfiles/x1_31[18].RV32I_reg_i/qout[31:0] at 1 that is stuck at constant 0.
W: Removed bmsWIDEDFFCPE inst u_TSP_Core/u_TSP_Regfiles/x1_31[18].RV32I_reg_i/qout[31:0] at 2 that is stuck at constant 0.
W: Removed bmsWIDEDFFCPE inst u_TSP_Core/u_TSP_Regfiles/x1_31[18].RV32I_reg_i/qout[31:0] at 3 that is stuck at constant 0.
W: Removed bmsWIDEDFFCPE inst u_TSP_Core/u_TSP_Regfiles/x1_31[18].RV32I_reg_i/qout[31:0] at 4 that is stuck at constant 0.
W: Removed bmsWIDEDFFCPE inst u_TSP_Core/u_TSP_Regfiles/x1_31[18].RV32I_reg_i/qout[31:0] at 5 that is stuck at constant 0.
W: Removed bmsWIDEDFFCPE inst u_TSP_Core/u_TSP_Regfiles/x1_31[18].RV32I_reg_i/qout[31:0] at 6 that is stuck at constant 0.
W: Removed bmsWIDEDFFCPE inst u_TSP_Core/u_TSP_Regfiles/x1_31[18].RV32I_reg_i/qout[31:0] at 7 that is stuck at constant 0.
W: Removed bmsWIDEDFFCPE inst u_TSP_Core/u_TSP_Regfiles/x1_31[18].RV32I_reg_i/qout[31:0] at 8 that is stuck at constant 0.
W: Removed bmsWIDEDFFCPE inst u_TSP_Core/u_TSP_Regfiles/x1_31[18].RV32I_reg_i/qout[31:0] at 9 that is stuck at constant 0.
W: Removed bmsWIDEDFFCPE inst u_TSP_Core/u_TSP_Regfiles/x1_31[18].RV32I_reg_i/qout[31:0] at 10 that is stuck at constant 0.
W: Removed bmsWIDEDFFCPE inst u_TSP_Core/u_TSP_Regfiles/x1_31[18].RV32I_reg_i/qout[31:0] at 11 that is stuck at constant 0.
W: Removed bmsWIDEDFFCPE inst u_TSP_Core/u_TSP_Regfiles/x1_31[18].RV32I_reg_i/qout[31:0] at 12 that is stuck at constant 0.
W: Removed bmsWIDEDFFCPE inst u_TSP_Core/u_TSP_Regfiles/x1_31[18].RV32I_reg_i/qout[31:0] at 13 that is stuck at constant 0.
W: Removed bmsWIDEDFFCPE inst u_TSP_Core/u_TSP_Regfiles/x1_31[18].RV32I_reg_i/qout[31:0] at 14 that is stuck at constant 0.
W: Removed bmsWIDEDFFCPE inst u_TSP_Core/u_TSP_Regfiles/x1_31[18].RV32I_reg_i/qout[31:0] at 15 that is stuck at constant 0.
W: Removed bmsWIDEDFFCPE inst u_TSP_Core/u_TSP_Regfiles/x1_31[18].RV32I_reg_i/qout[31:0] at 16 that is stuck at constant 0.
W: Removed bmsWIDEDFFCPE inst u_TSP_Core/u_TSP_Regfiles/x1_31[18].RV32I_reg_i/qout[31:0] at 17 that is stuck at constant 0.
W: Removed bmsWIDEDFFCPE inst u_TSP_Core/u_TSP_Regfiles/x1_31[18].RV32I_reg_i/qout[31:0] at 18 that is stuck at constant 0.
W: Removed bmsWIDEDFFCPE inst u_TSP_Core/u_TSP_Regfiles/x1_31[18].RV32I_reg_i/qout[31:0] at 19 that is stuck at constant 0.
W: Removed bmsWIDEDFFCPE inst u_TSP_Core/u_TSP_Regfiles/x1_31[18].RV32I_reg_i/qout[31:0] at 20 that is stuck at constant 0.
W: Removed bmsWIDEDFFCPE inst u_TSP_Core/u_TSP_Regfiles/x1_31[18].RV32I_reg_i/qout[31:0] at 21 that is stuck at constant 0.
W: Removed bmsWIDEDFFCPE inst u_TSP_Core/u_TSP_Regfiles/x1_31[18].RV32I_reg_i/qout[31:0] at 22 that is stuck at constant 0.
W: Removed bmsWIDEDFFCPE inst u_TSP_Core/u_TSP_Regfiles/x1_31[18].RV32I_reg_i/qout[31:0] at 23 that is stuck at constant 0.
W: Removed bmsWIDEDFFCPE inst u_TSP_Core/u_TSP_Regfiles/x1_31[18].RV32I_reg_i/qout[31:0] at 24 that is stuck at constant 0.
W: Removed bmsWIDEDFFCPE inst u_TSP_Core/u_TSP_Regfiles/x1_31[18].RV32I_reg_i/qout[31:0] at 25 that is stuck at constant 0.
W: Removed bmsWIDEDFFCPE inst u_TSP_Core/u_TSP_Regfiles/x1_31[18].RV32I_reg_i/qout[31:0] at 26 that is stuck at constant 0.
W: Removed bmsWIDEDFFCPE inst u_TSP_Core/u_TSP_Regfiles/x1_31[18].RV32I_reg_i/qout[31:0] at 27 that is stuck at constant 0.
W: Removed bmsWIDEDFFCPE inst u_TSP_Core/u_TSP_Regfiles/x1_31[18].RV32I_reg_i/qout[31:0] at 28 that is stuck at constant 0.
W: Removed bmsWIDEDFFCPE inst u_TSP_Core/u_TSP_Regfiles/x1_31[18].RV32I_reg_i/qout[31:0] at 29 that is stuck at constant 0.
W: Removed bmsWIDEDFFCPE inst u_TSP_Core/u_TSP_Regfiles/x1_31[18].RV32I_reg_i/qout[31:0] at 30 that is stuck at constant 0.
W: Removed bmsWIDEDFFCPE inst u_TSP_Core/u_TSP_Regfiles/x1_31[18].RV32I_reg_i/qout[31:0] at 31 that is stuck at constant 0.
W: Removed bmsWIDEDFFCPE inst u_TSP_Core/u_TSP_Regfiles/x1_31[20].RV32I_reg_i/qout[31:0] at 0 that is stuck at constant 0.
W: Removed bmsWIDEDFFCPE inst u_TSP_Core/u_TSP_Regfiles/x1_31[20].RV32I_reg_i/qout[31:0] at 1 that is stuck at constant 0.
W: Removed bmsWIDEDFFCPE inst u_TSP_Core/u_TSP_Regfiles/x1_31[20].RV32I_reg_i/qout[31:0] at 2 that is stuck at constant 0.
W: Removed bmsWIDEDFFCPE inst u_TSP_Core/u_TSP_Regfiles/x1_31[20].RV32I_reg_i/qout[31:0] at 3 that is stuck at constant 0.
W: Removed bmsWIDEDFFCPE inst u_TSP_Core/u_TSP_Regfiles/x1_31[20].RV32I_reg_i/qout[31:0] at 4 that is stuck at constant 0.
W: Removed bmsWIDEDFFCPE inst u_TSP_Core/u_TSP_Regfiles/x1_31[20].RV32I_reg_i/qout[31:0] at 5 that is stuck at constant 0.
W: Removed bmsWIDEDFFCPE inst u_TSP_Core/u_TSP_Regfiles/x1_31[20].RV32I_reg_i/qout[31:0] at 6 that is stuck at constant 0.
W: Removed bmsWIDEDFFCPE inst u_TSP_Core/u_TSP_Regfiles/x1_31[20].RV32I_reg_i/qout[31:0] at 7 that is stuck at constant 0.
W: Removed bmsWIDEDFFCPE inst u_TSP_Core/u_TSP_Regfiles/x1_31[20].RV32I_reg_i/qout[31:0] at 8 that is stuck at constant 0.
W: Removed bmsWIDEDFFCPE inst u_TSP_Core/u_TSP_Regfiles/x1_31[20].RV32I_reg_i/qout[31:0] at 9 that is stuck at constant 0.
W: Removed bmsWIDEDFFCPE inst u_TSP_Core/u_TSP_Regfiles/x1_31[20].RV32I_reg_i/qout[31:0] at 10 that is stuck at constant 0.
W: Removed bmsWIDEDFFCPE inst u_TSP_Core/u_TSP_Regfiles/x1_31[20].RV32I_reg_i/qout[31:0] at 11 that is stuck at constant 0.
W: Removed bmsWIDEDFFCPE inst u_TSP_Core/u_TSP_Regfiles/x1_31[20].RV32I_reg_i/qout[31:0] at 12 that is stuck at constant 0.
W: Removed bmsWIDEDFFCPE inst u_TSP_Core/u_TSP_Regfiles/x1_31[20].RV32I_reg_i/qout[31:0] at 13 that is stuck at constant 0.
W: Removed bmsWIDEDFFCPE inst u_TSP_Core/u_TSP_Regfiles/x1_31[20].RV32I_reg_i/qout[31:0] at 14 that is stuck at constant 0.
W: Removed bmsWIDEDFFCPE inst u_TSP_Core/u_TSP_Regfiles/x1_31[20].RV32I_reg_i/qout[31:0] at 15 that is stuck at constant 0.
W: Removed bmsWIDEDFFCPE inst u_TSP_Core/u_TSP_Regfiles/x1_31[20].RV32I_reg_i/qout[31:0] at 16 that is stuck at constant 0.
W: Removed bmsWIDEDFFCPE inst u_TSP_Core/u_TSP_Regfiles/x1_31[20].RV32I_reg_i/qout[31:0] at 17 that is stuck at constant 0.
W: Removed bmsWIDEDFFCPE inst u_TSP_Core/u_TSP_Regfiles/x1_31[20].RV32I_reg_i/qout[31:0] at 18 that is stuck at constant 0.
W: Removed bmsWIDEDFFCPE inst u_TSP_Core/u_TSP_Regfiles/x1_31[20].RV32I_reg_i/qout[31:0] at 19 that is stuck at constant 0.
W: Removed bmsWIDEDFFCPE inst u_TSP_Core/u_TSP_Regfiles/x1_31[20].RV32I_reg_i/qout[31:0] at 20 that is stuck at constant 0.
W: Removed bmsWIDEDFFCPE inst u_TSP_Core/u_TSP_Regfiles/x1_31[20].RV32I_reg_i/qout[31:0] at 21 that is stuck at constant 0.
W: Removed bmsWIDEDFFCPE inst u_TSP_Core/u_TSP_Regfiles/x1_31[20].RV32I_reg_i/qout[31:0] at 22 that is stuck at constant 0.
W: Removed bmsWIDEDFFCPE inst u_TSP_Core/u_TSP_Regfiles/x1_31[20].RV32I_reg_i/qout[31:0] at 23 that is stuck at constant 0.
W: Removed bmsWIDEDFFCPE inst u_TSP_Core/u_TSP_Regfiles/x1_31[20].RV32I_reg_i/qout[31:0] at 24 that is stuck at constant 0.
W: Removed bmsWIDEDFFCPE inst u_TSP_Core/u_TSP_Regfiles/x1_31[20].RV32I_reg_i/qout[31:0] at 25 that is stuck at constant 0.
W: Removed bmsWIDEDFFCPE inst u_TSP_Core/u_TSP_Regfiles/x1_31[20].RV32I_reg_i/qout[31:0] at 26 that is stuck at constant 0.
W: Removed bmsWIDEDFFCPE inst u_TSP_Core/u_TSP_Regfiles/x1_31[20].RV32I_reg_i/qout[31:0] at 27 that is stuck at constant 0.
W: Removed bmsWIDEDFFCPE inst u_TSP_Core/u_TSP_Regfiles/x1_31[20].RV32I_reg_i/qout[31:0] at 28 that is stuck at constant 0.
W: Removed bmsWIDEDFFCPE inst u_TSP_Core/u_TSP_Regfiles/x1_31[20].RV32I_reg_i/qout[31:0] at 29 that is stuck at constant 0.
W: Removed bmsWIDEDFFCPE inst u_TSP_Core/u_TSP_Regfiles/x1_31[20].RV32I_reg_i/qout[31:0] at 30 that is stuck at constant 0.
W: Removed bmsWIDEDFFCPE inst u_TSP_Core/u_TSP_Regfiles/x1_31[20].RV32I_reg_i/qout[31:0] at 31 that is stuck at constant 0.
W: Removed bmsWIDEDFFCPE inst u_TSP_Core/u_TSP_Regfiles/x1_31[22].RV32I_reg_i/qout[31:0] at 0 that is stuck at constant 0.
W: Removed bmsWIDEDFFCPE inst u_TSP_Core/u_TSP_Regfiles/x1_31[22].RV32I_reg_i/qout[31:0] at 1 that is stuck at constant 0.
W: Removed bmsWIDEDFFCPE inst u_TSP_Core/u_TSP_Regfiles/x1_31[22].RV32I_reg_i/qout[31:0] at 2 that is stuck at constant 0.
W: Removed bmsWIDEDFFCPE inst u_TSP_Core/u_TSP_Regfiles/x1_31[22].RV32I_reg_i/qout[31:0] at 3 that is stuck at constant 0.
W: Removed bmsWIDEDFFCPE inst u_TSP_Core/u_TSP_Regfiles/x1_31[22].RV32I_reg_i/qout[31:0] at 4 that is stuck at constant 0.
W: Removed bmsWIDEDFFCPE inst u_TSP_Core/u_TSP_Regfiles/x1_31[22].RV32I_reg_i/qout[31:0] at 5 that is stuck at constant 0.
W: Removed bmsWIDEDFFCPE inst u_TSP_Core/u_TSP_Regfiles/x1_31[22].RV32I_reg_i/qout[31:0] at 6 that is stuck at constant 0.
W: Removed bmsWIDEDFFCPE inst u_TSP_Core/u_TSP_Regfiles/x1_31[22].RV32I_reg_i/qout[31:0] at 7 that is stuck at constant 0.
W: Removed bmsWIDEDFFCPE inst u_TSP_Core/u_TSP_Regfiles/x1_31[22].RV32I_reg_i/qout[31:0] at 8 that is stuck at constant 0.
W: Removed bmsWIDEDFFCPE inst u_TSP_Core/u_TSP_Regfiles/x1_31[22].RV32I_reg_i/qout[31:0] at 9 that is stuck at constant 0.
W: Removed bmsWIDEDFFCPE inst u_TSP_Core/u_TSP_Regfiles/x1_31[22].RV32I_reg_i/qout[31:0] at 10 that is stuck at constant 0.
W: Removed bmsWIDEDFFCPE inst u_TSP_Core/u_TSP_Regfiles/x1_31[22].RV32I_reg_i/qout[31:0] at 11 that is stuck at constant 0.
W: Removed bmsWIDEDFFCPE inst u_TSP_Core/u_TSP_Regfiles/x1_31[22].RV32I_reg_i/qout[31:0] at 12 that is stuck at constant 0.
W: Removed bmsWIDEDFFCPE inst u_TSP_Core/u_TSP_Regfiles/x1_31[22].RV32I_reg_i/qout[31:0] at 13 that is stuck at constant 0.
W: Removed bmsWIDEDFFCPE inst u_TSP_Core/u_TSP_Regfiles/x1_31[22].RV32I_reg_i/qout[31:0] at 14 that is stuck at constant 0.
W: Removed bmsWIDEDFFCPE inst u_TSP_Core/u_TSP_Regfiles/x1_31[22].RV32I_reg_i/qout[31:0] at 15 that is stuck at constant 0.
W: Removed bmsWIDEDFFCPE inst u_TSP_Core/u_TSP_Regfiles/x1_31[22].RV32I_reg_i/qout[31:0] at 16 that is stuck at constant 0.
W: Removed bmsWIDEDFFCPE inst u_TSP_Core/u_TSP_Regfiles/x1_31[22].RV32I_reg_i/qout[31:0] at 17 that is stuck at constant 0.
W: Removed bmsWIDEDFFCPE inst u_TSP_Core/u_TSP_Regfiles/x1_31[22].RV32I_reg_i/qout[31:0] at 18 that is stuck at constant 0.
W: Removed bmsWIDEDFFCPE inst u_TSP_Core/u_TSP_Regfiles/x1_31[22].RV32I_reg_i/qout[31:0] at 19 that is stuck at constant 0.
W: Removed bmsWIDEDFFCPE inst u_TSP_Core/u_TSP_Regfiles/x1_31[22].RV32I_reg_i/qout[31:0] at 20 that is stuck at constant 0.
W: Removed bmsWIDEDFFCPE inst u_TSP_Core/u_TSP_Regfiles/x1_31[22].RV32I_reg_i/qout[31:0] at 21 that is stuck at constant 0.
W: Removed bmsWIDEDFFCPE inst u_TSP_Core/u_TSP_Regfiles/x1_31[22].RV32I_reg_i/qout[31:0] at 22 that is stuck at constant 0.
W: Removed bmsWIDEDFFCPE inst u_TSP_Core/u_TSP_Regfiles/x1_31[22].RV32I_reg_i/qout[31:0] at 23 that is stuck at constant 0.
W: Removed bmsWIDEDFFCPE inst u_TSP_Core/u_TSP_Regfiles/x1_31[22].RV32I_reg_i/qout[31:0] at 24 that is stuck at constant 0.
W: Removed bmsWIDEDFFCPE inst u_TSP_Core/u_TSP_Regfiles/x1_31[22].RV32I_reg_i/qout[31:0] at 25 that is stuck at constant 0.
W: Removed bmsWIDEDFFCPE inst u_TSP_Core/u_TSP_Regfiles/x1_31[22].RV32I_reg_i/qout[31:0] at 26 that is stuck at constant 0.
W: Removed bmsWIDEDFFCPE inst u_TSP_Core/u_TSP_Regfiles/x1_31[22].RV32I_reg_i/qout[31:0] at 27 that is stuck at constant 0.
W: Removed bmsWIDEDFFCPE inst u_TSP_Core/u_TSP_Regfiles/x1_31[22].RV32I_reg_i/qout[31:0] at 28 that is stuck at constant 0.
W: Removed bmsWIDEDFFCPE inst u_TSP_Core/u_TSP_Regfiles/x1_31[22].RV32I_reg_i/qout[31:0] at 29 that is stuck at constant 0.
W: Removed bmsWIDEDFFCPE inst u_TSP_Core/u_TSP_Regfiles/x1_31[22].RV32I_reg_i/qout[31:0] at 30 that is stuck at constant 0.
W: Removed bmsWIDEDFFCPE inst u_TSP_Core/u_TSP_Regfiles/x1_31[22].RV32I_reg_i/qout[31:0] at 31 that is stuck at constant 0.
W: Removed bmsWIDEDFFCPE inst u_TSP_Core/u_TSP_Regfiles/x1_31[26].RV32I_reg_i/qout[31:0] at 0 that is stuck at constant 0.
W: Removed bmsWIDEDFFCPE inst u_TSP_Core/u_TSP_Regfiles/x1_31[26].RV32I_reg_i/qout[31:0] at 1 that is stuck at constant 0.
W: Removed bmsWIDEDFFCPE inst u_TSP_Core/u_TSP_Regfiles/x1_31[26].RV32I_reg_i/qout[31:0] at 2 that is stuck at constant 0.
W: Removed bmsWIDEDFFCPE inst u_TSP_Core/u_TSP_Regfiles/x1_31[26].RV32I_reg_i/qout[31:0] at 3 that is stuck at constant 0.
W: Removed bmsWIDEDFFCPE inst u_TSP_Core/u_TSP_Regfiles/x1_31[26].RV32I_reg_i/qout[31:0] at 4 that is stuck at constant 0.
W: Removed bmsWIDEDFFCPE inst u_TSP_Core/u_TSP_Regfiles/x1_31[26].RV32I_reg_i/qout[31:0] at 5 that is stuck at constant 0.
W: Removed bmsWIDEDFFCPE inst u_TSP_Core/u_TSP_Regfiles/x1_31[26].RV32I_reg_i/qout[31:0] at 6 that is stuck at constant 0.
W: Removed bmsWIDEDFFCPE inst u_TSP_Core/u_TSP_Regfiles/x1_31[26].RV32I_reg_i/qout[31:0] at 7 that is stuck at constant 0.
W: Removed bmsWIDEDFFCPE inst u_TSP_Core/u_TSP_Regfiles/x1_31[26].RV32I_reg_i/qout[31:0] at 8 that is stuck at constant 0.
W: Removed bmsWIDEDFFCPE inst u_TSP_Core/u_TSP_Regfiles/x1_31[26].RV32I_reg_i/qout[31:0] at 9 that is stuck at constant 0.
W: Removed bmsWIDEDFFCPE inst u_TSP_Core/u_TSP_Regfiles/x1_31[26].RV32I_reg_i/qout[31:0] at 10 that is stuck at constant 0.
W: Removed bmsWIDEDFFCPE inst u_TSP_Core/u_TSP_Regfiles/x1_31[26].RV32I_reg_i/qout[31:0] at 11 that is stuck at constant 0.
W: Removed bmsWIDEDFFCPE inst u_TSP_Core/u_TSP_Regfiles/x1_31[26].RV32I_reg_i/qout[31:0] at 12 that is stuck at constant 0.
W: Removed bmsWIDEDFFCPE inst u_TSP_Core/u_TSP_Regfiles/x1_31[26].RV32I_reg_i/qout[31:0] at 13 that is stuck at constant 0.
W: Removed bmsWIDEDFFCPE inst u_TSP_Core/u_TSP_Regfiles/x1_31[26].RV32I_reg_i/qout[31:0] at 14 that is stuck at constant 0.
W: Removed bmsWIDEDFFCPE inst u_TSP_Core/u_TSP_Regfiles/x1_31[26].RV32I_reg_i/qout[31:0] at 15 that is stuck at constant 0.
W: Removed bmsWIDEDFFCPE inst u_TSP_Core/u_TSP_Regfiles/x1_31[26].RV32I_reg_i/qout[31:0] at 16 that is stuck at constant 0.
W: Removed bmsWIDEDFFCPE inst u_TSP_Core/u_TSP_Regfiles/x1_31[26].RV32I_reg_i/qout[31:0] at 17 that is stuck at constant 0.
W: Removed bmsWIDEDFFCPE inst u_TSP_Core/u_TSP_Regfiles/x1_31[26].RV32I_reg_i/qout[31:0] at 18 that is stuck at constant 0.
W: Removed bmsWIDEDFFCPE inst u_TSP_Core/u_TSP_Regfiles/x1_31[26].RV32I_reg_i/qout[31:0] at 19 that is stuck at constant 0.
W: Removed bmsWIDEDFFCPE inst u_TSP_Core/u_TSP_Regfiles/x1_31[26].RV32I_reg_i/qout[31:0] at 20 that is stuck at constant 0.
W: Removed bmsWIDEDFFCPE inst u_TSP_Core/u_TSP_Regfiles/x1_31[26].RV32I_reg_i/qout[31:0] at 21 that is stuck at constant 0.
W: Removed bmsWIDEDFFCPE inst u_TSP_Core/u_TSP_Regfiles/x1_31[26].RV32I_reg_i/qout[31:0] at 22 that is stuck at constant 0.
W: Removed bmsWIDEDFFCPE inst u_TSP_Core/u_TSP_Regfiles/x1_31[26].RV32I_reg_i/qout[31:0] at 23 that is stuck at constant 0.
W: Removed bmsWIDEDFFCPE inst u_TSP_Core/u_TSP_Regfiles/x1_31[26].RV32I_reg_i/qout[31:0] at 24 that is stuck at constant 0.
W: Removed bmsWIDEDFFCPE inst u_TSP_Core/u_TSP_Regfiles/x1_31[26].RV32I_reg_i/qout[31:0] at 25 that is stuck at constant 0.
W: Removed bmsWIDEDFFCPE inst u_TSP_Core/u_TSP_Regfiles/x1_31[26].RV32I_reg_i/qout[31:0] at 26 that is stuck at constant 0.
W: Removed bmsWIDEDFFCPE inst u_TSP_Core/u_TSP_Regfiles/x1_31[26].RV32I_reg_i/qout[31:0] at 27 that is stuck at constant 0.
W: Removed bmsWIDEDFFCPE inst u_TSP_Core/u_TSP_Regfiles/x1_31[26].RV32I_reg_i/qout[31:0] at 28 that is stuck at constant 0.
W: Removed bmsWIDEDFFCPE inst u_TSP_Core/u_TSP_Regfiles/x1_31[26].RV32I_reg_i/qout[31:0] at 29 that is stuck at constant 0.
W: Removed bmsWIDEDFFCPE inst u_TSP_Core/u_TSP_Regfiles/x1_31[26].RV32I_reg_i/qout[31:0] at 30 that is stuck at constant 0.
W: Removed bmsWIDEDFFCPE inst u_TSP_Core/u_TSP_Regfiles/x1_31[26].RV32I_reg_i/qout[31:0] at 31 that is stuck at constant 0.
W: Removed bmsWIDEDFFCPE inst u_TSP_Core/u_TSP_Disp_Exu/Exu_muldiv_u0/mul_op_type_r[1:0] at 0 that is stuck at constant 0.
W: Removed bmsWIDEDFFRSE inst u_TSP_Core/u_TSP_Disp_Exu/Exu_muldiv_u0/Exu_divider/s_quo_r that is stuck at constant 0.
W: Removed bmsWIDEDFFRSE inst u_TSP_Core/u_TSP_Disp_Exu/Exu_muldiv_u0/Exu_divider/s_rem_r that is stuck at constant 0.
W: Removed bmsWIDEDFFRSE inst u_TSP_Core/u_TSP_Disp_Exu/Exu_muldiv_u0/Exu_divider/div_orig_r[31:0] at 0 that is stuck at constant 0.
W: Removed bmsWIDEDFFRSE inst u_TSP_Core/u_TSP_Disp_Exu/Exu_muldiv_u0/Exu_divider/div_orig_r[31:0] at 1 that is stuck at constant 0.
W: Removed bmsWIDEDFFRSE inst u_TSP_Core/u_TSP_Disp_Exu/Exu_muldiv_u0/Exu_divider/div_orig_r[31:0] at 2 that is stuck at constant 0.
W: Removed bmsWIDEDFFRSE inst u_TSP_Core/u_TSP_Disp_Exu/Exu_muldiv_u0/Exu_divider/div_orig_r[31:0] at 3 that is stuck at constant 0.
W: Removed bmsWIDEDFFRSE inst u_TSP_Core/u_TSP_Disp_Exu/Exu_muldiv_u0/Exu_divider/div_orig_r[31:0] at 4 that is stuck at constant 0.
W: Removed bmsWIDEDFFRSE inst u_TSP_Core/u_TSP_Disp_Exu/Exu_muldiv_u0/Exu_divider/div_orig_r[31:0] at 5 that is stuck at constant 0.
W: Removed bmsWIDEDFFRSE inst u_TSP_Core/u_TSP_Disp_Exu/Exu_muldiv_u0/Exu_divider/div_orig_r[31:0] at 6 that is stuck at constant 0.
W: Removed bmsWIDEDFFRSE inst u_TSP_Core/u_TSP_Disp_Exu/Exu_muldiv_u0/Exu_divider/div_orig_r[31:0] at 7 that is stuck at constant 0.
W: Removed bmsWIDEDFFRSE inst u_TSP_Core/u_TSP_Disp_Exu/Exu_muldiv_u0/Exu_divider/div_orig_r[31:0] at 8 that is stuck at constant 0.
W: Removed bmsWIDEDFFRSE inst u_TSP_Core/u_TSP_Disp_Exu/Exu_muldiv_u0/Exu_divider/div_orig_r[31:0] at 9 that is stuck at constant 0.
W: Removed bmsWIDEDFFRSE inst u_TSP_Core/u_TSP_Disp_Exu/Exu_muldiv_u0/Exu_divider/div_orig_r[31:0] at 10 that is stuck at constant 0.
W: Removed bmsWIDEDFFRSE inst u_TSP_Core/u_TSP_Disp_Exu/Exu_muldiv_u0/Exu_divider/div_orig_r[31:0] at 11 that is stuck at constant 0.
W: Removed bmsWIDEDFFRSE inst u_TSP_Core/u_TSP_Disp_Exu/Exu_muldiv_u0/Exu_divider/div_orig_r[31:0] at 12 that is stuck at constant 0.
W: Removed bmsWIDEDFFRSE inst u_TSP_Core/u_TSP_Disp_Exu/Exu_muldiv_u0/Exu_divider/div_orig_r[31:0] at 13 that is stuck at constant 0.
W: Removed bmsWIDEDFFRSE inst u_TSP_Core/u_TSP_Disp_Exu/Exu_muldiv_u0/Exu_divider/div_orig_r[31:0] at 14 that is stuck at constant 0.
W: Removed bmsWIDEDFFRSE inst u_TSP_Core/u_TSP_Disp_Exu/Exu_muldiv_u0/Exu_divider/div_orig_r[31:0] at 15 that is stuck at constant 0.
W: Removed bmsWIDEDFFRSE inst u_TSP_Core/u_TSP_Disp_Exu/Exu_muldiv_u0/Exu_divider/div_orig_r[31:0] at 16 that is stuck at constant 0.
W: Removed bmsWIDEDFFRSE inst u_TSP_Core/u_TSP_Disp_Exu/Exu_muldiv_u0/Exu_divider/div_orig_r[31:0] at 17 that is stuck at constant 0.
W: Removed bmsWIDEDFFRSE inst u_TSP_Core/u_TSP_Disp_Exu/Exu_muldiv_u0/Exu_divider/div_orig_r[31:0] at 18 that is stuck at constant 0.
W: Removed bmsWIDEDFFRSE inst u_TSP_Core/u_TSP_Disp_Exu/Exu_muldiv_u0/Exu_divider/div_orig_r[31:0] at 19 that is stuck at constant 0.
W: Removed bmsWIDEDFFRSE inst u_TSP_Core/u_TSP_Disp_Exu/Exu_muldiv_u0/Exu_divider/div_orig_r[31:0] at 20 that is stuck at constant 0.
W: Removed bmsWIDEDFFRSE inst u_TSP_Core/u_TSP_Disp_Exu/Exu_muldiv_u0/Exu_divider/div_orig_r[31:0] at 21 that is stuck at constant 0.
W: Removed bmsWIDEDFFRSE inst u_TSP_Core/u_TSP_Disp_Exu/Exu_muldiv_u0/Exu_divider/div_orig_r[31:0] at 22 that is stuck at constant 0.
W: Removed bmsWIDEDFFRSE inst u_TSP_Core/u_TSP_Disp_Exu/Exu_muldiv_u0/Exu_divider/div_orig_r[31:0] at 23 that is stuck at constant 0.
W: Removed bmsWIDEDFFRSE inst u_TSP_Core/u_TSP_Disp_Exu/Exu_muldiv_u0/Exu_divider/div_orig_r[31:0] at 24 that is stuck at constant 0.
W: Removed bmsWIDEDFFRSE inst u_TSP_Core/u_TSP_Disp_Exu/Exu_muldiv_u0/Exu_divider/div_orig_r[31:0] at 25 that is stuck at constant 0.
W: Removed bmsWIDEDFFRSE inst u_TSP_Core/u_TSP_Disp_Exu/Exu_muldiv_u0/Exu_divider/div_orig_r[31:0] at 26 that is stuck at constant 0.
W: Removed bmsWIDEDFFRSE inst u_TSP_Core/u_TSP_Disp_Exu/Exu_muldiv_u0/Exu_divider/div_orig_r[31:0] at 27 that is stuck at constant 0.
W: Removed bmsWIDEDFFRSE inst u_TSP_Core/u_TSP_Disp_Exu/Exu_muldiv_u0/Exu_divider/div_orig_r[31:0] at 28 that is stuck at constant 0.
W: Removed bmsWIDEDFFRSE inst u_TSP_Core/u_TSP_Disp_Exu/Exu_muldiv_u0/Exu_divider/div_orig_r[31:0] at 29 that is stuck at constant 0.
W: Removed bmsWIDEDFFRSE inst u_TSP_Core/u_TSP_Disp_Exu/Exu_muldiv_u0/Exu_divider/div_orig_r[31:0] at 30 that is stuck at constant 0.
W: Removed bmsWIDEDFFRSE inst u_TSP_Core/u_TSP_Disp_Exu/Exu_muldiv_u0/Exu_divider/div_orig_r[31:0] at 31 that is stuck at constant 0.
W: Removed bmsWIDEDFFRSE inst u_TSP_Core/u_TSP_Disp_Exu/Exu_muldiv_u0/Exu_divider/divisor_r[31:0] at 0 that is stuck at constant 0.
W: Removed bmsWIDEDFFRSE inst u_TSP_Core/u_TSP_Disp_Exu/Exu_muldiv_u0/Exu_divider/divisor_r[31:0] at 1 that is stuck at constant 0.
W: Removed bmsWIDEDFFRSE inst u_TSP_Core/u_TSP_Disp_Exu/Exu_muldiv_u0/Exu_divider/divisor_r[31:0] at 2 that is stuck at constant 0.
W: Removed bmsWIDEDFFRSE inst u_TSP_Core/u_TSP_Disp_Exu/Exu_muldiv_u0/Exu_divider/divisor_r[31:0] at 3 that is stuck at constant 0.
W: Removed bmsWIDEDFFRSE inst u_TSP_Core/u_TSP_Disp_Exu/Exu_muldiv_u0/Exu_divider/divisor_r[31:0] at 4 that is stuck at constant 0.
W: Removed bmsWIDEDFFRSE inst u_TSP_Core/u_TSP_Disp_Exu/Exu_muldiv_u0/Exu_divider/divisor_r[31:0] at 5 that is stuck at constant 0.
W: Removed bmsWIDEDFFRSE inst u_TSP_Core/u_TSP_Disp_Exu/Exu_muldiv_u0/Exu_divider/divisor_r[31:0] at 6 that is stuck at constant 0.
W: Removed bmsWIDEDFFRSE inst u_TSP_Core/u_TSP_Disp_Exu/Exu_muldiv_u0/Exu_divider/divisor_r[31:0] at 7 that is stuck at constant 0.
W: Removed bmsWIDEDFFRSE inst u_TSP_Core/u_TSP_Disp_Exu/Exu_muldiv_u0/Exu_divider/divisor_r[31:0] at 8 that is stuck at constant 0.
W: Removed bmsWIDEDFFRSE inst u_TSP_Core/u_TSP_Disp_Exu/Exu_muldiv_u0/Exu_divider/divisor_r[31:0] at 9 that is stuck at constant 0.
W: Removed bmsWIDEDFFRSE inst u_TSP_Core/u_TSP_Disp_Exu/Exu_muldiv_u0/Exu_divider/divisor_r[31:0] at 10 that is stuck at constant 0.
W: Removed bmsWIDEDFFRSE inst u_TSP_Core/u_TSP_Disp_Exu/Exu_muldiv_u0/Exu_divider/divisor_r[31:0] at 11 that is stuck at constant 0.
W: Removed bmsWIDEDFFRSE inst u_TSP_Core/u_TSP_Disp_Exu/Exu_muldiv_u0/Exu_divider/divisor_r[31:0] at 12 that is stuck at constant 0.
W: Removed bmsWIDEDFFRSE inst u_TSP_Core/u_TSP_Disp_Exu/Exu_muldiv_u0/Exu_divider/divisor_r[31:0] at 13 that is stuck at constant 0.
W: Removed bmsWIDEDFFRSE inst u_TSP_Core/u_TSP_Disp_Exu/Exu_muldiv_u0/Exu_divider/divisor_r[31:0] at 14 that is stuck at constant 0.
W: Removed bmsWIDEDFFRSE inst u_TSP_Core/u_TSP_Disp_Exu/Exu_muldiv_u0/Exu_divider/divisor_r[31:0] at 15 that is stuck at constant 0.
W: Removed bmsWIDEDFFRSE inst u_TSP_Core/u_TSP_Disp_Exu/Exu_muldiv_u0/Exu_divider/divisor_r[31:0] at 16 that is stuck at constant 0.
W: Removed bmsWIDEDFFRSE inst u_TSP_Core/u_TSP_Disp_Exu/Exu_muldiv_u0/Exu_divider/divisor_r[31:0] at 17 that is stuck at constant 0.
W: Removed bmsWIDEDFFRSE inst u_TSP_Core/u_TSP_Disp_Exu/Exu_muldiv_u0/Exu_divider/divisor_r[31:0] at 18 that is stuck at constant 0.
W: Removed bmsWIDEDFFRSE inst u_TSP_Core/u_TSP_Disp_Exu/Exu_muldiv_u0/Exu_divider/divisor_r[31:0] at 19 that is stuck at constant 0.
W: Removed bmsWIDEDFFRSE inst u_TSP_Core/u_TSP_Disp_Exu/Exu_muldiv_u0/Exu_divider/divisor_r[31:0] at 20 that is stuck at constant 0.
W: Removed bmsWIDEDFFRSE inst u_TSP_Core/u_TSP_Disp_Exu/Exu_muldiv_u0/Exu_divider/divisor_r[31:0] at 21 that is stuck at constant 0.
W: Removed bmsWIDEDFFRSE inst u_TSP_Core/u_TSP_Disp_Exu/Exu_muldiv_u0/Exu_divider/divisor_r[31:0] at 22 that is stuck at constant 0.
W: Removed bmsWIDEDFFRSE inst u_TSP_Core/u_TSP_Disp_Exu/Exu_muldiv_u0/Exu_divider/divisor_r[31:0] at 23 that is stuck at constant 0.
W: Removed bmsWIDEDFFRSE inst u_TSP_Core/u_TSP_Disp_Exu/Exu_muldiv_u0/Exu_divider/divisor_r[31:0] at 24 that is stuck at constant 0.
W: Removed bmsWIDEDFFRSE inst u_TSP_Core/u_TSP_Disp_Exu/Exu_muldiv_u0/Exu_divider/divisor_r[31:0] at 25 that is stuck at constant 0.
W: Removed bmsWIDEDFFRSE inst u_TSP_Core/u_TSP_Disp_Exu/Exu_muldiv_u0/Exu_divider/divisor_r[31:0] at 26 that is stuck at constant 0.
W: Removed bmsWIDEDFFRSE inst u_TSP_Core/u_TSP_Disp_Exu/Exu_muldiv_u0/Exu_divider/divisor_r[31:0] at 27 that is stuck at constant 0.
W: Removed bmsWIDEDFFRSE inst u_TSP_Core/u_TSP_Disp_Exu/Exu_muldiv_u0/Exu_divider/divisor_r[31:0] at 28 that is stuck at constant 0.
W: Removed bmsWIDEDFFRSE inst u_TSP_Core/u_TSP_Disp_Exu/Exu_muldiv_u0/Exu_divider/divisor_r[31:0] at 29 that is stuck at constant 0.
W: Removed bmsWIDEDFFRSE inst u_TSP_Core/u_TSP_Disp_Exu/Exu_muldiv_u0/Exu_divider/divisor_r[31:0] at 30 that is stuck at constant 0.
W: Removed bmsWIDEDFFRSE inst u_TSP_Core/u_TSP_Disp_Exu/Exu_muldiv_u0/Exu_divider/divisor_r[31:0] at 31 that is stuck at constant 0.
W: Removed bmsWIDEDFFRSE inst u_TSP_Core/u_TSP_Disp_Exu/Exu_muldiv_u0/Exu_divider/is_div_by_0_r that is stuck at constant 0.
W: Removed bmsWIDEDFFCPE inst u_TSP_Core/u_TSP_Disp_Exu/Exu_muldiv_u0/Exu_divider/ready[1] that is stuck at constant 0.
W: Removed bmsWIDEDFFPATCE inst u_TSP_Core/u_TSP_Ifu/inst_buffer_r[31:0] at 0 that is stuck at constant 1.
W: Removed bmsWIDEDFFPATCE inst u_TSP_Core/u_TSP_Ifu/inst_buffer_r[31:0] at 1 that is stuck at constant 1.
W: Removed bmsWIDEDFFCPE inst u_TSP_Core/u_TSP_Disp_Exu/Exu_muldiv_u0/div_op_type_r[1:0] at 0 that is stuck at constant 0.
W: Removed bmsWIDEDFFCPE inst u_TSP_Core/u_TSP_Disp_Exu/Exu_muldiv_u0/div_op_type_r[1:0] at 1 that is stuck at constant 0.
W: Removed bmsWIDEDFFCPE inst u_TSP_Core/u_TSP_Disp_Exu/Exu_muldiv_u0/Exu_divider/ready[2] that is stuck at constant 0.
W: Removed bmsWIDEDFFRSE inst u_TSP_Core/u_TSP_Disp_Exu/ex_rs2_op[31:0] at 0 that is stuck at constant 0.
W: Removed bmsWIDEDFFRSE inst u_TSP_Core/u_TSP_Disp_Exu/ex_rs2_op[31:0] at 1 that is stuck at constant 0.
W: Removed bmsWIDEDFFRSE inst u_TSP_Core/u_TSP_Disp_Exu/ex_rs2_op[31:0] at 2 that is stuck at constant 0.
W: Removed bmsWIDEDFFRSE inst u_TSP_Core/u_TSP_Disp_Exu/ex_rs2_op[31:0] at 3 that is stuck at constant 0.
W: Removed bmsWIDEDFFRSE inst u_TSP_Core/u_TSP_Disp_Exu/ex_rs2_op[31:0] at 4 that is stuck at constant 0.
W: Removed bmsWIDEDFFRSE inst u_TSP_Core/u_TSP_Disp_Exu/ex_rs2_op[31:0] at 5 that is stuck at constant 0.
W: Removed bmsWIDEDFFRSE inst u_TSP_Core/u_TSP_Disp_Exu/ex_rs2_op[31:0] at 6 that is stuck at constant 0.
W: Removed bmsWIDEDFFRSE inst u_TSP_Core/u_TSP_Disp_Exu/ex_rs2_op[31:0] at 7 that is stuck at constant 0.
W: Removed bmsWIDEDFFRSE inst u_TSP_Core/u_TSP_Disp_Exu/ex_rs2_op[31:0] at 8 that is stuck at constant 0.
W: Removed bmsWIDEDFFRSE inst u_TSP_Core/u_TSP_Disp_Exu/ex_rs2_op[31:0] at 9 that is stuck at constant 0.
W: Removed bmsWIDEDFFRSE inst u_TSP_Core/u_TSP_Disp_Exu/ex_rs2_op[31:0] at 10 that is stuck at constant 0.
W: Removed bmsWIDEDFFRSE inst u_TSP_Core/u_TSP_Disp_Exu/ex_rs2_op[31:0] at 11 that is stuck at constant 0.
W: Removed bmsWIDEDFFRSE inst u_TSP_Core/u_TSP_Disp_Exu/ex_rs2_op[31:0] at 12 that is stuck at constant 0.
W: Removed bmsWIDEDFFRSE inst u_TSP_Core/u_TSP_Disp_Exu/ex_rs2_op[31:0] at 13 that is stuck at constant 0.
W: Removed bmsWIDEDFFRSE inst u_TSP_Core/u_TSP_Disp_Exu/ex_rs2_op[31:0] at 14 that is stuck at constant 0.
W: Removed bmsWIDEDFFRSE inst u_TSP_Core/u_TSP_Disp_Exu/ex_rs2_op[31:0] at 15 that is stuck at constant 0.
W: Removed bmsWIDEDFFRSE inst u_TSP_Core/u_TSP_Disp_Exu/ex_rs2_op[31:0] at 16 that is stuck at constant 0.
W: Removed bmsWIDEDFFRSE inst u_TSP_Core/u_TSP_Disp_Exu/ex_rs2_op[31:0] at 17 that is stuck at constant 0.
W: Removed bmsWIDEDFFRSE inst u_TSP_Core/u_TSP_Disp_Exu/ex_rs2_op[31:0] at 18 that is stuck at constant 0.
W: Removed bmsWIDEDFFRSE inst u_TSP_Core/u_TSP_Disp_Exu/ex_rs2_op[31:0] at 19 that is stuck at constant 0.
W: Removed bmsWIDEDFFRSE inst u_TSP_Core/u_TSP_Disp_Exu/ex_rs2_op[31:0] at 20 that is stuck at constant 0.
W: Removed bmsWIDEDFFRSE inst u_TSP_Core/u_TSP_Disp_Exu/ex_rs2_op[31:0] at 21 that is stuck at constant 0.
W: Removed bmsWIDEDFFRSE inst u_TSP_Core/u_TSP_Disp_Exu/ex_rs2_op[31:0] at 22 that is stuck at constant 0.
W: Removed bmsWIDEDFFRSE inst u_TSP_Core/u_TSP_Disp_Exu/ex_rs2_op[31:0] at 23 that is stuck at constant 0.
W: Removed bmsWIDEDFFRSE inst u_TSP_Core/u_TSP_Disp_Exu/ex_rs2_op[31:0] at 24 that is stuck at constant 0.
W: Removed bmsWIDEDFFRSE inst u_TSP_Core/u_TSP_Disp_Exu/ex_rs2_op[31:0] at 25 that is stuck at constant 0.
W: Removed bmsWIDEDFFRSE inst u_TSP_Core/u_TSP_Disp_Exu/ex_rs2_op[31:0] at 26 that is stuck at constant 0.
W: Removed bmsWIDEDFFRSE inst u_TSP_Core/u_TSP_Disp_Exu/ex_rs2_op[31:0] at 27 that is stuck at constant 0.
W: Removed bmsWIDEDFFRSE inst u_TSP_Core/u_TSP_Disp_Exu/ex_rs2_op[31:0] at 28 that is stuck at constant 0.
W: Removed bmsWIDEDFFRSE inst u_TSP_Core/u_TSP_Disp_Exu/ex_rs2_op[31:0] at 29 that is stuck at constant 0.
W: Removed bmsWIDEDFFRSE inst u_TSP_Core/u_TSP_Disp_Exu/ex_rs2_op[31:0] at 30 that is stuck at constant 0.
W: Removed bmsWIDEDFFRSE inst u_TSP_Core/u_TSP_Disp_Exu/ex_rs2_op[31:0] at 31 that is stuck at constant 0.
W: Removed bmsWIDEDFFCPE inst u_TSP_Core/u_TSP_Disp_Exu/Exu_muldiv_u0/Exu_divider/ready[3] that is stuck at constant 0.
W: Removed bmsWIDEDFFRSE inst u_TSP_Core/u_TSP_Disp_Exu/ex_rs1_op[31:0] at 0 that is stuck at constant 0.
W: Removed bmsWIDEDFFRSE inst u_TSP_Core/u_TSP_Disp_Exu/ex_rs1_op[31:0] at 1 that is stuck at constant 0.
W: Removed bmsWIDEDFFRSE inst u_TSP_Core/u_TSP_Disp_Exu/ex_rs1_op[31:0] at 2 that is stuck at constant 0.
W: Removed bmsWIDEDFFRSE inst u_TSP_Core/u_TSP_Disp_Exu/ex_rs1_op[31:0] at 3 that is stuck at constant 0.
W: Removed bmsWIDEDFFRSE inst u_TSP_Core/u_TSP_Disp_Exu/ex_rs1_op[31:0] at 4 that is stuck at constant 0.
W: Removed bmsWIDEDFFRSE inst u_TSP_Core/u_TSP_Disp_Exu/ex_rs1_op[31:0] at 5 that is stuck at constant 0.
W: Removed bmsWIDEDFFRSE inst u_TSP_Core/u_TSP_Disp_Exu/ex_rs1_op[31:0] at 6 that is stuck at constant 0.
W: Removed bmsWIDEDFFRSE inst u_TSP_Core/u_TSP_Disp_Exu/ex_rs1_op[31:0] at 7 that is stuck at constant 0.
W: Removed bmsWIDEDFFRSE inst u_TSP_Core/u_TSP_Disp_Exu/ex_rs1_op[31:0] at 8 that is stuck at constant 0.
W: Removed bmsWIDEDFFRSE inst u_TSP_Core/u_TSP_Disp_Exu/ex_rs1_op[31:0] at 9 that is stuck at constant 0.
W: Removed bmsWIDEDFFRSE inst u_TSP_Core/u_TSP_Disp_Exu/ex_rs1_op[31:0] at 10 that is stuck at constant 0.
W: Removed bmsWIDEDFFRSE inst u_TSP_Core/u_TSP_Disp_Exu/ex_rs1_op[31:0] at 11 that is stuck at constant 0.
W: Removed bmsWIDEDFFRSE inst u_TSP_Core/u_TSP_Disp_Exu/ex_rs1_op[31:0] at 12 that is stuck at constant 0.
W: Removed bmsWIDEDFFRSE inst u_TSP_Core/u_TSP_Disp_Exu/ex_rs1_op[31:0] at 13 that is stuck at constant 0.
W: Removed bmsWIDEDFFRSE inst u_TSP_Core/u_TSP_Disp_Exu/ex_rs1_op[31:0] at 14 that is stuck at constant 0.
W: Removed bmsWIDEDFFRSE inst u_TSP_Core/u_TSP_Disp_Exu/ex_rs1_op[31:0] at 15 that is stuck at constant 0.
W: Removed bmsWIDEDFFRSE inst u_TSP_Core/u_TSP_Disp_Exu/ex_rs1_op[31:0] at 16 that is stuck at constant 0.
W: Removed bmsWIDEDFFRSE inst u_TSP_Core/u_TSP_Disp_Exu/ex_rs1_op[31:0] at 17 that is stuck at constant 0.
W: Removed bmsWIDEDFFRSE inst u_TSP_Core/u_TSP_Disp_Exu/ex_rs1_op[31:0] at 18 that is stuck at constant 0.
W: Removed bmsWIDEDFFRSE inst u_TSP_Core/u_TSP_Disp_Exu/ex_rs1_op[31:0] at 19 that is stuck at constant 0.
W: Removed bmsWIDEDFFRSE inst u_TSP_Core/u_TSP_Disp_Exu/ex_rs1_op[31:0] at 20 that is stuck at constant 0.
W: Removed bmsWIDEDFFRSE inst u_TSP_Core/u_TSP_Disp_Exu/ex_rs1_op[31:0] at 21 that is stuck at constant 0.
W: Removed bmsWIDEDFFRSE inst u_TSP_Core/u_TSP_Disp_Exu/ex_rs1_op[31:0] at 22 that is stuck at constant 0.
W: Removed bmsWIDEDFFRSE inst u_TSP_Core/u_TSP_Disp_Exu/ex_rs1_op[31:0] at 23 that is stuck at constant 0.
W: Removed bmsWIDEDFFRSE inst u_TSP_Core/u_TSP_Disp_Exu/ex_rs1_op[31:0] at 24 that is stuck at constant 0.
W: Removed bmsWIDEDFFRSE inst u_TSP_Core/u_TSP_Disp_Exu/ex_rs1_op[31:0] at 25 that is stuck at constant 0.
W: Removed bmsWIDEDFFRSE inst u_TSP_Core/u_TSP_Disp_Exu/ex_rs1_op[31:0] at 26 that is stuck at constant 0.
W: Removed bmsWIDEDFFRSE inst u_TSP_Core/u_TSP_Disp_Exu/ex_rs1_op[31:0] at 27 that is stuck at constant 0.
W: Removed bmsWIDEDFFRSE inst u_TSP_Core/u_TSP_Disp_Exu/ex_rs1_op[31:0] at 28 that is stuck at constant 0.
W: Removed bmsWIDEDFFRSE inst u_TSP_Core/u_TSP_Disp_Exu/ex_rs1_op[31:0] at 29 that is stuck at constant 0.
W: Removed bmsWIDEDFFRSE inst u_TSP_Core/u_TSP_Disp_Exu/ex_rs1_op[31:0] at 30 that is stuck at constant 0.
W: Removed bmsWIDEDFFRSE inst u_TSP_Core/u_TSP_Disp_Exu/ex_rs1_op[31:0] at 31 that is stuck at constant 0.
W: Removed bmsWIDEDFFCPE inst u_TSP_Core/u_TSP_Disp_Exu/Exu_ls_u0/rs2_data_r[31:0] at 0 that is stuck at constant 0.
W: Removed bmsWIDEDFFCPE inst u_TSP_Core/u_TSP_Disp_Exu/Exu_ls_u0/rs2_data_r[31:0] at 1 that is stuck at constant 0.
W: Removed bmsWIDEDFFCPE inst u_TSP_Core/u_TSP_Disp_Exu/Exu_ls_u0/rs2_data_r[31:0] at 2 that is stuck at constant 0.
W: Removed bmsWIDEDFFCPE inst u_TSP_Core/u_TSP_Disp_Exu/Exu_ls_u0/rs2_data_r[31:0] at 3 that is stuck at constant 0.
W: Removed bmsWIDEDFFCPE inst u_TSP_Core/u_TSP_Disp_Exu/Exu_ls_u0/rs2_data_r[31:0] at 4 that is stuck at constant 0.
W: Removed bmsWIDEDFFCPE inst u_TSP_Core/u_TSP_Disp_Exu/Exu_ls_u0/rs2_data_r[31:0] at 5 that is stuck at constant 0.
W: Removed bmsWIDEDFFCPE inst u_TSP_Core/u_TSP_Disp_Exu/Exu_ls_u0/rs2_data_r[31:0] at 6 that is stuck at constant 0.
W: Removed bmsWIDEDFFCPE inst u_TSP_Core/u_TSP_Disp_Exu/Exu_ls_u0/rs2_data_r[31:0] at 7 that is stuck at constant 0.
W: Removed bmsWIDEDFFCPE inst u_TSP_Core/u_TSP_Disp_Exu/Exu_muldiv_u0/Exu_divider/ready[4] that is stuck at constant 0.
W: Removed bmsWIDEDFFCPE inst u_TSP_Core/u_TSP_Disp_Exu/Exu_muldiv_u0/Exu_divider/ready[5] that is stuck at constant 0.
W: Removed bmsWIDEDFFCPE inst u_TSP_Core/u_TSP_Disp_Exu/Exu_muldiv_u0/Exu_divider/dividend[1][31:0] at 0 that is stuck at constant 0.
W: Removed bmsWIDEDFFCPE inst u_TSP_Core/u_TSP_Disp_Exu/Exu_muldiv_u0/Exu_divider/dividend[1][31:0] at 1 that is stuck at constant 0.
W: Removed bmsWIDEDFFCPE inst u_TSP_Core/u_TSP_Disp_Exu/Exu_muldiv_u0/Exu_divider/dividend[1][31:0] at 2 that is stuck at constant 0.
W: Removed bmsWIDEDFFCPE inst u_TSP_Core/u_TSP_Disp_Exu/Exu_muldiv_u0/Exu_divider/dividend[1][31:0] at 3 that is stuck at constant 0.
W: Removed bmsWIDEDFFCPE inst u_TSP_Core/u_TSP_Disp_Exu/Exu_muldiv_u0/Exu_divider/dividend[1][31:0] at 4 that is stuck at constant 0.
W: Removed bmsWIDEDFFCPE inst u_TSP_Core/u_TSP_Disp_Exu/Exu_muldiv_u0/Exu_divider/dividend[1][31:0] at 5 that is stuck at constant 0.
W: Removed bmsWIDEDFFCPE inst u_TSP_Core/u_TSP_Disp_Exu/Exu_muldiv_u0/Exu_divider/dividend[1][31:0] at 6 that is stuck at constant 0.
W: Removed bmsWIDEDFFCPE inst u_TSP_Core/u_TSP_Disp_Exu/Exu_muldiv_u0/Exu_divider/dividend[1][31:0] at 7 that is stuck at constant 0.
W: Removed bmsWIDEDFFCPE inst u_TSP_Core/u_TSP_Disp_Exu/Exu_muldiv_u0/Exu_divider/dividend[1][31:0] at 8 that is stuck at constant 0.
W: Removed bmsWIDEDFFCPE inst u_TSP_Core/u_TSP_Disp_Exu/Exu_muldiv_u0/Exu_divider/dividend[1][31:0] at 9 that is stuck at constant 0.
W: Removed bmsWIDEDFFCPE inst u_TSP_Core/u_TSP_Disp_Exu/Exu_muldiv_u0/Exu_divider/dividend[1][31:0] at 10 that is stuck at constant 0.
W: Removed bmsWIDEDFFCPE inst u_TSP_Core/u_TSP_Disp_Exu/Exu_muldiv_u0/Exu_divider/dividend[1][31:0] at 11 that is stuck at constant 0.
W: Removed bmsWIDEDFFCPE inst u_TSP_Core/u_TSP_Disp_Exu/Exu_muldiv_u0/Exu_divider/dividend[1][31:0] at 12 that is stuck at constant 0.
W: Removed bmsWIDEDFFCPE inst u_TSP_Core/u_TSP_Disp_Exu/Exu_muldiv_u0/Exu_divider/dividend[1][31:0] at 13 that is stuck at constant 0.
W: Removed bmsWIDEDFFCPE inst u_TSP_Core/u_TSP_Disp_Exu/Exu_muldiv_u0/Exu_divider/dividend[1][31:0] at 14 that is stuck at constant 0.
W: Removed bmsWIDEDFFCPE inst u_TSP_Core/u_TSP_Disp_Exu/Exu_muldiv_u0/Exu_divider/dividend[1][31:0] at 15 that is stuck at constant 0.
W: Removed bmsWIDEDFFCPE inst u_TSP_Core/u_TSP_Disp_Exu/Exu_muldiv_u0/Exu_divider/dividend[1][31:0] at 16 that is stuck at constant 0.
W: Removed bmsWIDEDFFCPE inst u_TSP_Core/u_TSP_Disp_Exu/Exu_muldiv_u0/Exu_divider/dividend[1][31:0] at 17 that is stuck at constant 0.
W: Removed bmsWIDEDFFCPE inst u_TSP_Core/u_TSP_Disp_Exu/Exu_muldiv_u0/Exu_divider/dividend[1][31:0] at 18 that is stuck at constant 0.
W: Removed bmsWIDEDFFCPE inst u_TSP_Core/u_TSP_Disp_Exu/Exu_muldiv_u0/Exu_divider/dividend[1][31:0] at 19 that is stuck at constant 0.
W: Removed bmsWIDEDFFCPE inst u_TSP_Core/u_TSP_Disp_Exu/Exu_muldiv_u0/Exu_divider/dividend[1][31:0] at 20 that is stuck at constant 0.
W: Removed bmsWIDEDFFCPE inst u_TSP_Core/u_TSP_Disp_Exu/Exu_muldiv_u0/Exu_divider/dividend[1][31:0] at 21 that is stuck at constant 0.
W: Removed bmsWIDEDFFCPE inst u_TSP_Core/u_TSP_Disp_Exu/Exu_muldiv_u0/Exu_divider/dividend[1][31:0] at 22 that is stuck at constant 0.
W: Removed bmsWIDEDFFCPE inst u_TSP_Core/u_TSP_Disp_Exu/Exu_muldiv_u0/Exu_divider/dividend[1][31:0] at 23 that is stuck at constant 0.
W: Removed bmsWIDEDFFCPE inst u_TSP_Core/u_TSP_Disp_Exu/Exu_muldiv_u0/Exu_divider/dividend[1][31:0] at 24 that is stuck at constant 0.
W: Removed bmsWIDEDFFCPE inst u_TSP_Core/u_TSP_Disp_Exu/Exu_muldiv_u0/Exu_divider/dividend[1][31:0] at 25 that is stuck at constant 0.
W: Removed bmsWIDEDFFCPE inst u_TSP_Core/u_TSP_Disp_Exu/Exu_muldiv_u0/Exu_divider/dividend[1][31:0] at 26 that is stuck at constant 0.
W: Removed bmsWIDEDFFCPE inst u_TSP_Core/u_TSP_Disp_Exu/Exu_muldiv_u0/Exu_divider/dividend[1][31:0] at 27 that is stuck at constant 0.
W: Removed bmsWIDEDFFCPE inst u_TSP_Core/u_TSP_Disp_Exu/Exu_muldiv_u0/Exu_divider/dividend[1][31:0] at 28 that is stuck at constant 0.
W: Removed bmsWIDEDFFCPE inst u_TSP_Core/u_TSP_Disp_Exu/Exu_muldiv_u0/Exu_divider/dividend[1][31:0] at 29 that is stuck at constant 0.
W: Removed bmsWIDEDFFCPE inst u_TSP_Core/u_TSP_Disp_Exu/Exu_muldiv_u0/Exu_divider/dividend[1][31:0] at 30 that is stuck at constant 0.
W: Removed bmsWIDEDFFCPE inst u_TSP_Core/u_ls_ctrl/m_axi_wdata[31:0] at 0 that is stuck at constant 0.
W: Removed bmsWIDEDFFCPE inst u_TSP_Core/u_ls_ctrl/m_axi_wdata[31:0] at 1 that is stuck at constant 0.
W: Removed bmsWIDEDFFCPE inst u_TSP_Core/u_ls_ctrl/m_axi_wdata[31:0] at 2 that is stuck at constant 0.
W: Removed bmsWIDEDFFCPE inst u_TSP_Core/u_ls_ctrl/m_axi_wdata[31:0] at 3 that is stuck at constant 0.
W: Removed bmsWIDEDFFCPE inst u_TSP_Core/u_ls_ctrl/m_axi_wdata[31:0] at 4 that is stuck at constant 0.
W: Removed bmsWIDEDFFCPE inst u_TSP_Core/u_ls_ctrl/m_axi_wdata[31:0] at 5 that is stuck at constant 0.
W: Removed bmsWIDEDFFCPE inst u_TSP_Core/u_ls_ctrl/m_axi_wdata[31:0] at 6 that is stuck at constant 0.
W: Removed bmsWIDEDFFCPE inst u_TSP_Core/u_ls_ctrl/m_axi_wdata[31:0] at 7 that is stuck at constant 0.
W: Removed bmsWIDEDFFCPE inst u_TSP_Core/u_ls_ctrl/m_axi_wdata[31:0] at 8 that is stuck at constant 0.
W: Removed bmsWIDEDFFCPE inst u_TSP_Core/u_ls_ctrl/m_axi_wdata[31:0] at 9 that is stuck at constant 0.
W: Removed bmsWIDEDFFCPE inst u_TSP_Core/u_ls_ctrl/m_axi_wdata[31:0] at 10 that is stuck at constant 0.
W: Removed bmsWIDEDFFCPE inst u_TSP_Core/u_ls_ctrl/m_axi_wdata[31:0] at 11 that is stuck at constant 0.
W: Removed bmsWIDEDFFCPE inst u_TSP_Core/u_ls_ctrl/m_axi_wdata[31:0] at 12 that is stuck at constant 0.
W: Removed bmsWIDEDFFCPE inst u_TSP_Core/u_ls_ctrl/m_axi_wdata[31:0] at 13 that is stuck at constant 0.
W: Removed bmsWIDEDFFCPE inst u_TSP_Core/u_ls_ctrl/m_axi_wdata[31:0] at 14 that is stuck at constant 0.
W: Removed bmsWIDEDFFCPE inst u_TSP_Core/u_ls_ctrl/m_axi_wdata[31:0] at 15 that is stuck at constant 0.
W: Removed bmsWIDEDFFCPE inst u_TSP_Core/u_ls_ctrl/m_axi_wdata[31:0] at 16 that is stuck at constant 0.
W: Removed bmsWIDEDFFCPE inst u_TSP_Core/u_ls_ctrl/m_axi_wdata[31:0] at 17 that is stuck at constant 0.
W: Removed bmsWIDEDFFCPE inst u_TSP_Core/u_ls_ctrl/m_axi_wdata[31:0] at 18 that is stuck at constant 0.
W: Removed bmsWIDEDFFCPE inst u_TSP_Core/u_ls_ctrl/m_axi_wdata[31:0] at 19 that is stuck at constant 0.
W: Removed bmsWIDEDFFCPE inst u_TSP_Core/u_ls_ctrl/m_axi_wdata[31:0] at 20 that is stuck at constant 0.
W: Removed bmsWIDEDFFCPE inst u_TSP_Core/u_ls_ctrl/m_axi_wdata[31:0] at 21 that is stuck at constant 0.
W: Removed bmsWIDEDFFCPE inst u_TSP_Core/u_ls_ctrl/m_axi_wdata[31:0] at 22 that is stuck at constant 0.
W: Removed bmsWIDEDFFCPE inst u_TSP_Core/u_ls_ctrl/m_axi_wdata[31:0] at 23 that is stuck at constant 0.
W: Removed bmsWIDEDFFCPE inst u_TSP_Core/u_ls_ctrl/m_axi_wdata[31:0] at 24 that is stuck at constant 0.
W: Removed bmsWIDEDFFCPE inst u_TSP_Core/u_ls_ctrl/m_axi_wdata[31:0] at 25 that is stuck at constant 0.
W: Removed bmsWIDEDFFCPE inst u_TSP_Core/u_ls_ctrl/m_axi_wdata[31:0] at 26 that is stuck at constant 0.
W: Removed bmsWIDEDFFCPE inst u_TSP_Core/u_ls_ctrl/m_axi_wdata[31:0] at 27 that is stuck at constant 0.
W: Removed bmsWIDEDFFCPE inst u_TSP_Core/u_ls_ctrl/m_axi_wdata[31:0] at 28 that is stuck at constant 0.
W: Removed bmsWIDEDFFCPE inst u_TSP_Core/u_ls_ctrl/m_axi_wdata[31:0] at 29 that is stuck at constant 0.
W: Removed bmsWIDEDFFCPE inst u_TSP_Core/u_ls_ctrl/m_axi_wdata[31:0] at 30 that is stuck at constant 0.
W: Removed bmsWIDEDFFCPE inst u_TSP_Core/u_ls_ctrl/m_axi_wdata[31:0] at 31 that is stuck at constant 0.
W: Removed bmsWIDEDFFCPE inst u_TSP_Core/u_TSP_Disp_Exu/Exu_muldiv_u0/Exu_divider/ready[6] that is stuck at constant 0.
W: Removed bmsWIDEDFFCPE inst u_TSP_Core/u_TSP_Disp_Exu/Exu_muldiv_u0/Exu_divider/dividend[2][31:0] at 0 that is stuck at constant 0.
W: Removed bmsWIDEDFFCPE inst u_TSP_Core/u_TSP_Disp_Exu/Exu_muldiv_u0/Exu_divider/dividend[2][31:0] at 1 that is stuck at constant 0.
W: Removed bmsWIDEDFFCPE inst u_TSP_Core/u_TSP_Disp_Exu/Exu_muldiv_u0/Exu_divider/dividend[2][31:0] at 2 that is stuck at constant 0.
W: Removed bmsWIDEDFFCPE inst u_TSP_Core/u_TSP_Disp_Exu/Exu_muldiv_u0/Exu_divider/dividend[2][31:0] at 3 that is stuck at constant 0.
W: Removed bmsWIDEDFFCPE inst u_TSP_Core/u_TSP_Disp_Exu/Exu_muldiv_u0/Exu_divider/dividend[2][31:0] at 4 that is stuck at constant 0.
W: Removed bmsWIDEDFFCPE inst u_TSP_Core/u_TSP_Disp_Exu/Exu_muldiv_u0/Exu_divider/dividend[2][31:0] at 5 that is stuck at constant 0.
W: Removed bmsWIDEDFFCPE inst u_TSP_Core/u_TSP_Disp_Exu/Exu_muldiv_u0/Exu_divider/dividend[2][31:0] at 6 that is stuck at constant 0.
W: Removed bmsWIDEDFFCPE inst u_TSP_Core/u_TSP_Disp_Exu/Exu_muldiv_u0/Exu_divider/dividend[2][31:0] at 7 that is stuck at constant 0.
W: Removed bmsWIDEDFFCPE inst u_TSP_Core/u_TSP_Disp_Exu/Exu_muldiv_u0/Exu_divider/dividend[2][31:0] at 8 that is stuck at constant 0.
W: Removed bmsWIDEDFFCPE inst u_TSP_Core/u_TSP_Disp_Exu/Exu_muldiv_u0/Exu_divider/dividend[2][31:0] at 9 that is stuck at constant 0.
W: Removed bmsWIDEDFFCPE inst u_TSP_Core/u_TSP_Disp_Exu/Exu_muldiv_u0/Exu_divider/dividend[2][31:0] at 10 that is stuck at constant 0.
W: Removed bmsWIDEDFFCPE inst u_TSP_Core/u_TSP_Disp_Exu/Exu_muldiv_u0/Exu_divider/dividend[2][31:0] at 11 that is stuck at constant 0.
W: Removed bmsWIDEDFFCPE inst u_TSP_Core/u_TSP_Disp_Exu/Exu_muldiv_u0/Exu_divider/dividend[2][31:0] at 12 that is stuck at constant 0.
W: Removed bmsWIDEDFFCPE inst u_TSP_Core/u_TSP_Disp_Exu/Exu_muldiv_u0/Exu_divider/dividend[2][31:0] at 13 that is stuck at constant 0.
W: Removed bmsWIDEDFFCPE inst u_TSP_Core/u_TSP_Disp_Exu/Exu_muldiv_u0/Exu_divider/dividend[2][31:0] at 14 that is stuck at constant 0.
W: Removed bmsWIDEDFFCPE inst u_TSP_Core/u_TSP_Disp_Exu/Exu_muldiv_u0/Exu_divider/dividend[2][31:0] at 15 that is stuck at constant 0.
W: Removed bmsWIDEDFFCPE inst u_TSP_Core/u_TSP_Disp_Exu/Exu_muldiv_u0/Exu_divider/dividend[2][31:0] at 16 that is stuck at constant 0.
W: Removed bmsWIDEDFFCPE inst u_TSP_Core/u_TSP_Disp_Exu/Exu_muldiv_u0/Exu_divider/dividend[2][31:0] at 17 that is stuck at constant 0.
W: Removed bmsWIDEDFFCPE inst u_TSP_Core/u_TSP_Disp_Exu/Exu_muldiv_u0/Exu_divider/dividend[2][31:0] at 18 that is stuck at constant 0.
W: Removed bmsWIDEDFFCPE inst u_TSP_Core/u_TSP_Disp_Exu/Exu_muldiv_u0/Exu_divider/dividend[2][31:0] at 19 that is stuck at constant 0.
W: Removed bmsWIDEDFFCPE inst u_TSP_Core/u_TSP_Disp_Exu/Exu_muldiv_u0/Exu_divider/dividend[2][31:0] at 20 that is stuck at constant 0.
W: Removed bmsWIDEDFFCPE inst u_TSP_Core/u_TSP_Disp_Exu/Exu_muldiv_u0/Exu_divider/dividend[2][31:0] at 21 that is stuck at constant 0.
W: Removed bmsWIDEDFFCPE inst u_TSP_Core/u_TSP_Disp_Exu/Exu_muldiv_u0/Exu_divider/dividend[2][31:0] at 22 that is stuck at constant 0.
W: Removed bmsWIDEDFFCPE inst u_TSP_Core/u_TSP_Disp_Exu/Exu_muldiv_u0/Exu_divider/dividend[2][31:0] at 23 that is stuck at constant 0.
W: Removed bmsWIDEDFFCPE inst u_TSP_Core/u_TSP_Disp_Exu/Exu_muldiv_u0/Exu_divider/dividend[2][31:0] at 24 that is stuck at constant 0.
W: Removed bmsWIDEDFFCPE inst u_TSP_Core/u_TSP_Disp_Exu/Exu_muldiv_u0/Exu_divider/dividend[2][31:0] at 25 that is stuck at constant 0.
W: Removed bmsWIDEDFFCPE inst u_TSP_Core/u_TSP_Disp_Exu/Exu_muldiv_u0/Exu_divider/dividend[2][31:0] at 26 that is stuck at constant 0.
W: Removed bmsWIDEDFFCPE inst u_TSP_Core/u_TSP_Disp_Exu/Exu_muldiv_u0/Exu_divider/dividend[2][31:0] at 27 that is stuck at constant 0.
W: Removed bmsWIDEDFFCPE inst u_TSP_Core/u_TSP_Disp_Exu/Exu_muldiv_u0/Exu_divider/dividend[2][31:0] at 28 that is stuck at constant 0.
W: Removed bmsWIDEDFFCPE inst u_TSP_Core/u_TSP_Disp_Exu/Exu_muldiv_u0/Exu_divider/dividend[2][31:0] at 29 that is stuck at constant 0.
W: Removed bmsWIDEDFFCPE inst u_TSP_Core/u_TSP_Disp_Exu/Exu_muldiv_u0/Exu_divider/ready[7] that is stuck at constant 0.
W: Removed bmsWIDEDFFCPE inst u_TSP_Core/u_TSP_Disp_Exu/Exu_muldiv_u0/Exu_divider/dividend[3][31:0] at 0 that is stuck at constant 0.
W: Removed bmsWIDEDFFCPE inst u_TSP_Core/u_TSP_Disp_Exu/Exu_muldiv_u0/Exu_divider/dividend[3][31:0] at 1 that is stuck at constant 0.
W: Removed bmsWIDEDFFCPE inst u_TSP_Core/u_TSP_Disp_Exu/Exu_muldiv_u0/Exu_divider/dividend[3][31:0] at 2 that is stuck at constant 0.
W: Removed bmsWIDEDFFCPE inst u_TSP_Core/u_TSP_Disp_Exu/Exu_muldiv_u0/Exu_divider/dividend[3][31:0] at 3 that is stuck at constant 0.
W: Removed bmsWIDEDFFCPE inst u_TSP_Core/u_TSP_Disp_Exu/Exu_muldiv_u0/Exu_divider/dividend[3][31:0] at 4 that is stuck at constant 0.
W: Removed bmsWIDEDFFCPE inst u_TSP_Core/u_TSP_Disp_Exu/Exu_muldiv_u0/Exu_divider/dividend[3][31:0] at 5 that is stuck at constant 0.
W: Removed bmsWIDEDFFCPE inst u_TSP_Core/u_TSP_Disp_Exu/Exu_muldiv_u0/Exu_divider/dividend[3][31:0] at 6 that is stuck at constant 0.
W: Removed bmsWIDEDFFCPE inst u_TSP_Core/u_TSP_Disp_Exu/Exu_muldiv_u0/Exu_divider/dividend[3][31:0] at 7 that is stuck at constant 0.
W: Removed bmsWIDEDFFCPE inst u_TSP_Core/u_TSP_Disp_Exu/Exu_muldiv_u0/Exu_divider/dividend[3][31:0] at 8 that is stuck at constant 0.
W: Removed bmsWIDEDFFCPE inst u_TSP_Core/u_TSP_Disp_Exu/Exu_muldiv_u0/Exu_divider/dividend[3][31:0] at 9 that is stuck at constant 0.
W: Removed bmsWIDEDFFCPE inst u_TSP_Core/u_TSP_Disp_Exu/Exu_muldiv_u0/Exu_divider/dividend[3][31:0] at 10 that is stuck at constant 0.
W: Removed bmsWIDEDFFCPE inst u_TSP_Core/u_TSP_Disp_Exu/Exu_muldiv_u0/Exu_divider/dividend[3][31:0] at 11 that is stuck at constant 0.
W: Removed bmsWIDEDFFCPE inst u_TSP_Core/u_TSP_Disp_Exu/Exu_muldiv_u0/Exu_divider/dividend[3][31:0] at 12 that is stuck at constant 0.
W: Removed bmsWIDEDFFCPE inst u_TSP_Core/u_TSP_Disp_Exu/Exu_muldiv_u0/Exu_divider/dividend[3][31:0] at 13 that is stuck at constant 0.
W: Removed bmsWIDEDFFCPE inst u_TSP_Core/u_TSP_Disp_Exu/Exu_muldiv_u0/Exu_divider/dividend[3][31:0] at 14 that is stuck at constant 0.
W: Removed bmsWIDEDFFCPE inst u_TSP_Core/u_TSP_Disp_Exu/Exu_muldiv_u0/Exu_divider/dividend[3][31:0] at 15 that is stuck at constant 0.
W: Removed bmsWIDEDFFCPE inst u_TSP_Core/u_TSP_Disp_Exu/Exu_muldiv_u0/Exu_divider/dividend[3][31:0] at 16 that is stuck at constant 0.
W: Removed bmsWIDEDFFCPE inst u_TSP_Core/u_TSP_Disp_Exu/Exu_muldiv_u0/Exu_divider/dividend[3][31:0] at 17 that is stuck at constant 0.
W: Removed bmsWIDEDFFCPE inst u_TSP_Core/u_TSP_Disp_Exu/Exu_muldiv_u0/Exu_divider/dividend[3][31:0] at 18 that is stuck at constant 0.
W: Removed bmsWIDEDFFCPE inst u_TSP_Core/u_TSP_Disp_Exu/Exu_muldiv_u0/Exu_divider/dividend[3][31:0] at 19 that is stuck at constant 0.
W: Removed bmsWIDEDFFCPE inst u_TSP_Core/u_TSP_Disp_Exu/Exu_muldiv_u0/Exu_divider/dividend[3][31:0] at 20 that is stuck at constant 0.
W: Removed bmsWIDEDFFCPE inst u_TSP_Core/u_TSP_Disp_Exu/Exu_muldiv_u0/Exu_divider/dividend[3][31:0] at 21 that is stuck at constant 0.
W: Removed bmsWIDEDFFCPE inst u_TSP_Core/u_TSP_Disp_Exu/Exu_muldiv_u0/Exu_divider/dividend[3][31:0] at 22 that is stuck at constant 0.
W: Removed bmsWIDEDFFCPE inst u_TSP_Core/u_TSP_Disp_Exu/Exu_muldiv_u0/Exu_divider/dividend[3][31:0] at 23 that is stuck at constant 0.
W: Removed bmsWIDEDFFCPE inst u_TSP_Core/u_TSP_Disp_Exu/Exu_muldiv_u0/Exu_divider/dividend[3][31:0] at 24 that is stuck at constant 0.
W: Removed bmsWIDEDFFCPE inst u_TSP_Core/u_TSP_Disp_Exu/Exu_muldiv_u0/Exu_divider/dividend[3][31:0] at 25 that is stuck at constant 0.
W: Removed bmsWIDEDFFCPE inst u_TSP_Core/u_TSP_Disp_Exu/Exu_muldiv_u0/Exu_divider/dividend[3][31:0] at 26 that is stuck at constant 0.
W: Removed bmsWIDEDFFCPE inst u_TSP_Core/u_TSP_Disp_Exu/Exu_muldiv_u0/Exu_divider/dividend[3][31:0] at 27 that is stuck at constant 0.
W: Removed bmsWIDEDFFCPE inst u_TSP_Core/u_TSP_Disp_Exu/Exu_muldiv_u0/Exu_divider/dividend[3][31:0] at 28 that is stuck at constant 0.
W: Removed bmsWIDEDFFCPE inst u_TSP_Core/u_TSP_Disp_Exu/Exu_muldiv_u0/Exu_divider/ready[8] that is stuck at constant 0.
W: Removed bmsWIDEDFFCPE inst u_TSP_Core/u_TSP_Disp_Exu/Exu_muldiv_u0/Exu_divider/dividend[4][31:0] at 0 that is stuck at constant 0.
W: Removed bmsWIDEDFFCPE inst u_TSP_Core/u_TSP_Disp_Exu/Exu_muldiv_u0/Exu_divider/dividend[4][31:0] at 1 that is stuck at constant 0.
W: Removed bmsWIDEDFFCPE inst u_TSP_Core/u_TSP_Disp_Exu/Exu_muldiv_u0/Exu_divider/dividend[4][31:0] at 2 that is stuck at constant 0.
W: Removed bmsWIDEDFFCPE inst u_TSP_Core/u_TSP_Disp_Exu/Exu_muldiv_u0/Exu_divider/dividend[4][31:0] at 3 that is stuck at constant 0.
W: Removed bmsWIDEDFFCPE inst u_TSP_Core/u_TSP_Disp_Exu/Exu_muldiv_u0/Exu_divider/dividend[4][31:0] at 4 that is stuck at constant 0.
W: Removed bmsWIDEDFFCPE inst u_TSP_Core/u_TSP_Disp_Exu/Exu_muldiv_u0/Exu_divider/dividend[4][31:0] at 5 that is stuck at constant 0.
W: Removed bmsWIDEDFFCPE inst u_TSP_Core/u_TSP_Disp_Exu/Exu_muldiv_u0/Exu_divider/dividend[4][31:0] at 6 that is stuck at constant 0.
W: Removed bmsWIDEDFFCPE inst u_TSP_Core/u_TSP_Disp_Exu/Exu_muldiv_u0/Exu_divider/dividend[4][31:0] at 7 that is stuck at constant 0.
W: Removed bmsWIDEDFFCPE inst u_TSP_Core/u_TSP_Disp_Exu/Exu_muldiv_u0/Exu_divider/dividend[4][31:0] at 8 that is stuck at constant 0.
W: Removed bmsWIDEDFFCPE inst u_TSP_Core/u_TSP_Disp_Exu/Exu_muldiv_u0/Exu_divider/dividend[4][31:0] at 9 that is stuck at constant 0.
W: Removed bmsWIDEDFFCPE inst u_TSP_Core/u_TSP_Disp_Exu/Exu_muldiv_u0/Exu_divider/dividend[4][31:0] at 10 that is stuck at constant 0.
W: Removed bmsWIDEDFFCPE inst u_TSP_Core/u_TSP_Disp_Exu/Exu_muldiv_u0/Exu_divider/dividend[4][31:0] at 11 that is stuck at constant 0.
W: Removed bmsWIDEDFFCPE inst u_TSP_Core/u_TSP_Disp_Exu/Exu_muldiv_u0/Exu_divider/dividend[4][31:0] at 12 that is stuck at constant 0.
W: Removed bmsWIDEDFFCPE inst u_TSP_Core/u_TSP_Disp_Exu/Exu_muldiv_u0/Exu_divider/dividend[4][31:0] at 13 that is stuck at constant 0.
W: Removed bmsWIDEDFFCPE inst u_TSP_Core/u_TSP_Disp_Exu/Exu_muldiv_u0/Exu_divider/dividend[4][31:0] at 14 that is stuck at constant 0.
W: Removed bmsWIDEDFFCPE inst u_TSP_Core/u_TSP_Disp_Exu/Exu_muldiv_u0/Exu_divider/dividend[4][31:0] at 15 that is stuck at constant 0.
W: Removed bmsWIDEDFFCPE inst u_TSP_Core/u_TSP_Disp_Exu/Exu_muldiv_u0/Exu_divider/dividend[4][31:0] at 16 that is stuck at constant 0.
W: Removed bmsWIDEDFFCPE inst u_TSP_Core/u_TSP_Disp_Exu/Exu_muldiv_u0/Exu_divider/dividend[4][31:0] at 17 that is stuck at constant 0.
W: Removed bmsWIDEDFFCPE inst u_TSP_Core/u_TSP_Disp_Exu/Exu_muldiv_u0/Exu_divider/dividend[4][31:0] at 18 that is stuck at constant 0.
W: Removed bmsWIDEDFFCPE inst u_TSP_Core/u_TSP_Disp_Exu/Exu_muldiv_u0/Exu_divider/dividend[4][31:0] at 19 that is stuck at constant 0.
W: Removed bmsWIDEDFFCPE inst u_TSP_Core/u_TSP_Disp_Exu/Exu_muldiv_u0/Exu_divider/dividend[4][31:0] at 20 that is stuck at constant 0.
W: Removed bmsWIDEDFFCPE inst u_TSP_Core/u_TSP_Disp_Exu/Exu_muldiv_u0/Exu_divider/dividend[4][31:0] at 21 that is stuck at constant 0.
W: Removed bmsWIDEDFFCPE inst u_TSP_Core/u_TSP_Disp_Exu/Exu_muldiv_u0/Exu_divider/dividend[4][31:0] at 22 that is stuck at constant 0.
W: Removed bmsWIDEDFFCPE inst u_TSP_Core/u_TSP_Disp_Exu/Exu_muldiv_u0/Exu_divider/dividend[4][31:0] at 23 that is stuck at constant 0.
W: Removed bmsWIDEDFFCPE inst u_TSP_Core/u_TSP_Disp_Exu/Exu_muldiv_u0/Exu_divider/dividend[4][31:0] at 24 that is stuck at constant 0.
W: Removed bmsWIDEDFFCPE inst u_TSP_Core/u_TSP_Disp_Exu/Exu_muldiv_u0/Exu_divider/dividend[4][31:0] at 25 that is stuck at constant 0.
W: Removed bmsWIDEDFFCPE inst u_TSP_Core/u_TSP_Disp_Exu/Exu_muldiv_u0/Exu_divider/dividend[4][31:0] at 26 that is stuck at constant 0.
W: Removed bmsWIDEDFFCPE inst u_TSP_Core/u_TSP_Disp_Exu/Exu_muldiv_u0/Exu_divider/dividend[4][31:0] at 27 that is stuck at constant 0.
W: Removed bmsWIDEDFFCPE inst u_TSP_Core/u_TSP_Disp_Exu/Exu_muldiv_u0/Exu_divider/ready[9] that is stuck at constant 0.
W: Removed bmsWIDEDFFCPE inst u_TSP_Core/u_TSP_Disp_Exu/Exu_muldiv_u0/Exu_divider/dividend[5][31:0] at 0 that is stuck at constant 0.
W: Removed bmsWIDEDFFCPE inst u_TSP_Core/u_TSP_Disp_Exu/Exu_muldiv_u0/Exu_divider/dividend[5][31:0] at 1 that is stuck at constant 0.
W: Removed bmsWIDEDFFCPE inst u_TSP_Core/u_TSP_Disp_Exu/Exu_muldiv_u0/Exu_divider/dividend[5][31:0] at 2 that is stuck at constant 0.
W: Removed bmsWIDEDFFCPE inst u_TSP_Core/u_TSP_Disp_Exu/Exu_muldiv_u0/Exu_divider/dividend[5][31:0] at 3 that is stuck at constant 0.
W: Removed bmsWIDEDFFCPE inst u_TSP_Core/u_TSP_Disp_Exu/Exu_muldiv_u0/Exu_divider/dividend[5][31:0] at 4 that is stuck at constant 0.
W: Removed bmsWIDEDFFCPE inst u_TSP_Core/u_TSP_Disp_Exu/Exu_muldiv_u0/Exu_divider/dividend[5][31:0] at 5 that is stuck at constant 0.
W: Removed bmsWIDEDFFCPE inst u_TSP_Core/u_TSP_Disp_Exu/Exu_muldiv_u0/Exu_divider/dividend[5][31:0] at 6 that is stuck at constant 0.
W: Removed bmsWIDEDFFCPE inst u_TSP_Core/u_TSP_Disp_Exu/Exu_muldiv_u0/Exu_divider/dividend[5][31:0] at 7 that is stuck at constant 0.
W: Removed bmsWIDEDFFCPE inst u_TSP_Core/u_TSP_Disp_Exu/Exu_muldiv_u0/Exu_divider/dividend[5][31:0] at 8 that is stuck at constant 0.
W: Removed bmsWIDEDFFCPE inst u_TSP_Core/u_TSP_Disp_Exu/Exu_muldiv_u0/Exu_divider/dividend[5][31:0] at 9 that is stuck at constant 0.
W: Removed bmsWIDEDFFCPE inst u_TSP_Core/u_TSP_Disp_Exu/Exu_muldiv_u0/Exu_divider/dividend[5][31:0] at 10 that is stuck at constant 0.
W: Removed bmsWIDEDFFCPE inst u_TSP_Core/u_TSP_Disp_Exu/Exu_muldiv_u0/Exu_divider/dividend[5][31:0] at 11 that is stuck at constant 0.
W: Removed bmsWIDEDFFCPE inst u_TSP_Core/u_TSP_Disp_Exu/Exu_muldiv_u0/Exu_divider/dividend[5][31:0] at 12 that is stuck at constant 0.
W: Removed bmsWIDEDFFCPE inst u_TSP_Core/u_TSP_Disp_Exu/Exu_muldiv_u0/Exu_divider/dividend[5][31:0] at 13 that is stuck at constant 0.
W: Removed bmsWIDEDFFCPE inst u_TSP_Core/u_TSP_Disp_Exu/Exu_muldiv_u0/Exu_divider/dividend[5][31:0] at 14 that is stuck at constant 0.
W: Removed bmsWIDEDFFCPE inst u_TSP_Core/u_TSP_Disp_Exu/Exu_muldiv_u0/Exu_divider/dividend[5][31:0] at 15 that is stuck at constant 0.
W: Removed bmsWIDEDFFCPE inst u_TSP_Core/u_TSP_Disp_Exu/Exu_muldiv_u0/Exu_divider/dividend[5][31:0] at 16 that is stuck at constant 0.
W: Removed bmsWIDEDFFCPE inst u_TSP_Core/u_TSP_Disp_Exu/Exu_muldiv_u0/Exu_divider/dividend[5][31:0] at 17 that is stuck at constant 0.
W: Removed bmsWIDEDFFCPE inst u_TSP_Core/u_TSP_Disp_Exu/Exu_muldiv_u0/Exu_divider/dividend[5][31:0] at 18 that is stuck at constant 0.
W: Removed bmsWIDEDFFCPE inst u_TSP_Core/u_TSP_Disp_Exu/Exu_muldiv_u0/Exu_divider/dividend[5][31:0] at 19 that is stuck at constant 0.
W: Removed bmsWIDEDFFCPE inst u_TSP_Core/u_TSP_Disp_Exu/Exu_muldiv_u0/Exu_divider/dividend[5][31:0] at 20 that is stuck at constant 0.
W: Removed bmsWIDEDFFCPE inst u_TSP_Core/u_TSP_Disp_Exu/Exu_muldiv_u0/Exu_divider/dividend[5][31:0] at 21 that is stuck at constant 0.
W: Removed bmsWIDEDFFCPE inst u_TSP_Core/u_TSP_Disp_Exu/Exu_muldiv_u0/Exu_divider/dividend[5][31:0] at 22 that is stuck at constant 0.
W: Removed bmsWIDEDFFCPE inst u_TSP_Core/u_TSP_Disp_Exu/Exu_muldiv_u0/Exu_divider/dividend[5][31:0] at 23 that is stuck at constant 0.
W: Removed bmsWIDEDFFCPE inst u_TSP_Core/u_TSP_Disp_Exu/Exu_muldiv_u0/Exu_divider/dividend[5][31:0] at 24 that is stuck at constant 0.
W: Removed bmsWIDEDFFCPE inst u_TSP_Core/u_TSP_Disp_Exu/Exu_muldiv_u0/Exu_divider/dividend[5][31:0] at 25 that is stuck at constant 0.
W: Removed bmsWIDEDFFCPE inst u_TSP_Core/u_TSP_Disp_Exu/Exu_muldiv_u0/Exu_divider/dividend[5][31:0] at 26 that is stuck at constant 0.
W: Removed bmsWIDEDFFCPE inst u_TSP_Core/u_TSP_Disp_Exu/Exu_muldiv_u0/Exu_divider/ready[10] that is stuck at constant 0.
W: Removed bmsWIDEDFFCPE inst u_TSP_Core/u_TSP_Disp_Exu/Exu_muldiv_u0/Exu_divider/dividend[6][31:0] at 0 that is stuck at constant 0.
W: Removed bmsWIDEDFFCPE inst u_TSP_Core/u_TSP_Disp_Exu/Exu_muldiv_u0/Exu_divider/dividend[6][31:0] at 1 that is stuck at constant 0.
W: Removed bmsWIDEDFFCPE inst u_TSP_Core/u_TSP_Disp_Exu/Exu_muldiv_u0/Exu_divider/dividend[6][31:0] at 2 that is stuck at constant 0.
W: Removed bmsWIDEDFFCPE inst u_TSP_Core/u_TSP_Disp_Exu/Exu_muldiv_u0/Exu_divider/dividend[6][31:0] at 3 that is stuck at constant 0.
W: Removed bmsWIDEDFFCPE inst u_TSP_Core/u_TSP_Disp_Exu/Exu_muldiv_u0/Exu_divider/dividend[6][31:0] at 4 that is stuck at constant 0.
W: Removed bmsWIDEDFFCPE inst u_TSP_Core/u_TSP_Disp_Exu/Exu_muldiv_u0/Exu_divider/dividend[6][31:0] at 5 that is stuck at constant 0.
W: Removed bmsWIDEDFFCPE inst u_TSP_Core/u_TSP_Disp_Exu/Exu_muldiv_u0/Exu_divider/dividend[6][31:0] at 6 that is stuck at constant 0.
W: Removed bmsWIDEDFFCPE inst u_TSP_Core/u_TSP_Disp_Exu/Exu_muldiv_u0/Exu_divider/dividend[6][31:0] at 7 that is stuck at constant 0.
W: Removed bmsWIDEDFFCPE inst u_TSP_Core/u_TSP_Disp_Exu/Exu_muldiv_u0/Exu_divider/dividend[6][31:0] at 8 that is stuck at constant 0.
W: Removed bmsWIDEDFFCPE inst u_TSP_Core/u_TSP_Disp_Exu/Exu_muldiv_u0/Exu_divider/dividend[6][31:0] at 9 that is stuck at constant 0.
W: Removed bmsWIDEDFFCPE inst u_TSP_Core/u_TSP_Disp_Exu/Exu_muldiv_u0/Exu_divider/dividend[6][31:0] at 10 that is stuck at constant 0.
W: Removed bmsWIDEDFFCPE inst u_TSP_Core/u_TSP_Disp_Exu/Exu_muldiv_u0/Exu_divider/dividend[6][31:0] at 11 that is stuck at constant 0.
W: Removed bmsWIDEDFFCPE inst u_TSP_Core/u_TSP_Disp_Exu/Exu_muldiv_u0/Exu_divider/dividend[6][31:0] at 12 that is stuck at constant 0.
W: Removed bmsWIDEDFFCPE inst u_TSP_Core/u_TSP_Disp_Exu/Exu_muldiv_u0/Exu_divider/dividend[6][31:0] at 13 that is stuck at constant 0.
W: Removed bmsWIDEDFFCPE inst u_TSP_Core/u_TSP_Disp_Exu/Exu_muldiv_u0/Exu_divider/dividend[6][31:0] at 14 that is stuck at constant 0.
W: Removed bmsWIDEDFFCPE inst u_TSP_Core/u_TSP_Disp_Exu/Exu_muldiv_u0/Exu_divider/dividend[6][31:0] at 15 that is stuck at constant 0.
W: Removed bmsWIDEDFFCPE inst u_TSP_Core/u_TSP_Disp_Exu/Exu_muldiv_u0/Exu_divider/dividend[6][31:0] at 16 that is stuck at constant 0.
W: Removed bmsWIDEDFFCPE inst u_TSP_Core/u_TSP_Disp_Exu/Exu_muldiv_u0/Exu_divider/dividend[6][31:0] at 17 that is stuck at constant 0.
W: Removed bmsWIDEDFFCPE inst u_TSP_Core/u_TSP_Disp_Exu/Exu_muldiv_u0/Exu_divider/dividend[6][31:0] at 18 that is stuck at constant 0.
W: Removed bmsWIDEDFFCPE inst u_TSP_Core/u_TSP_Disp_Exu/Exu_muldiv_u0/Exu_divider/dividend[6][31:0] at 19 that is stuck at constant 0.
W: Removed bmsWIDEDFFCPE inst u_TSP_Core/u_TSP_Disp_Exu/Exu_muldiv_u0/Exu_divider/dividend[6][31:0] at 20 that is stuck at constant 0.
W: Removed bmsWIDEDFFCPE inst u_TSP_Core/u_TSP_Disp_Exu/Exu_muldiv_u0/Exu_divider/dividend[6][31:0] at 21 that is stuck at constant 0.
W: Removed bmsWIDEDFFCPE inst u_TSP_Core/u_TSP_Disp_Exu/Exu_muldiv_u0/Exu_divider/dividend[6][31:0] at 22 that is stuck at constant 0.
W: Removed bmsWIDEDFFCPE inst u_TSP_Core/u_TSP_Disp_Exu/Exu_muldiv_u0/Exu_divider/dividend[6][31:0] at 23 that is stuck at constant 0.
W: Removed bmsWIDEDFFCPE inst u_TSP_Core/u_TSP_Disp_Exu/Exu_muldiv_u0/Exu_divider/dividend[6][31:0] at 24 that is stuck at constant 0.
W: Removed bmsWIDEDFFCPE inst u_TSP_Core/u_TSP_Disp_Exu/Exu_muldiv_u0/Exu_divider/dividend[6][31:0] at 25 that is stuck at constant 0.
W: Removed bmsWIDEDFFCPE inst u_TSP_Core/u_TSP_Disp_Exu/Exu_muldiv_u0/Exu_divider/ready[11] that is stuck at constant 0.
W: Removed bmsWIDEDFFCPE inst u_TSP_Core/u_TSP_Disp_Exu/Exu_muldiv_u0/Exu_divider/dividend[7][31:0] at 0 that is stuck at constant 0.
W: Removed bmsWIDEDFFCPE inst u_TSP_Core/u_TSP_Disp_Exu/Exu_muldiv_u0/Exu_divider/dividend[7][31:0] at 1 that is stuck at constant 0.
W: Removed bmsWIDEDFFCPE inst u_TSP_Core/u_TSP_Disp_Exu/Exu_muldiv_u0/Exu_divider/dividend[7][31:0] at 2 that is stuck at constant 0.
W: Removed bmsWIDEDFFCPE inst u_TSP_Core/u_TSP_Disp_Exu/Exu_muldiv_u0/Exu_divider/dividend[7][31:0] at 3 that is stuck at constant 0.
W: Removed bmsWIDEDFFCPE inst u_TSP_Core/u_TSP_Disp_Exu/Exu_muldiv_u0/Exu_divider/dividend[7][31:0] at 4 that is stuck at constant 0.
W: Removed bmsWIDEDFFCPE inst u_TSP_Core/u_TSP_Disp_Exu/Exu_muldiv_u0/Exu_divider/dividend[7][31:0] at 5 that is stuck at constant 0.
W: Removed bmsWIDEDFFCPE inst u_TSP_Core/u_TSP_Disp_Exu/Exu_muldiv_u0/Exu_divider/dividend[7][31:0] at 6 that is stuck at constant 0.
W: Removed bmsWIDEDFFCPE inst u_TSP_Core/u_TSP_Disp_Exu/Exu_muldiv_u0/Exu_divider/dividend[7][31:0] at 7 that is stuck at constant 0.
W: Removed bmsWIDEDFFCPE inst u_TSP_Core/u_TSP_Disp_Exu/Exu_muldiv_u0/Exu_divider/dividend[7][31:0] at 8 that is stuck at constant 0.
W: Removed bmsWIDEDFFCPE inst u_TSP_Core/u_TSP_Disp_Exu/Exu_muldiv_u0/Exu_divider/dividend[7][31:0] at 9 that is stuck at constant 0.
W: Removed bmsWIDEDFFCPE inst u_TSP_Core/u_TSP_Disp_Exu/Exu_muldiv_u0/Exu_divider/dividend[7][31:0] at 10 that is stuck at constant 0.
W: Removed bmsWIDEDFFCPE inst u_TSP_Core/u_TSP_Disp_Exu/Exu_muldiv_u0/Exu_divider/dividend[7][31:0] at 11 that is stuck at constant 0.
W: Removed bmsWIDEDFFCPE inst u_TSP_Core/u_TSP_Disp_Exu/Exu_muldiv_u0/Exu_divider/dividend[7][31:0] at 12 that is stuck at constant 0.
W: Removed bmsWIDEDFFCPE inst u_TSP_Core/u_TSP_Disp_Exu/Exu_muldiv_u0/Exu_divider/dividend[7][31:0] at 13 that is stuck at constant 0.
W: Removed bmsWIDEDFFCPE inst u_TSP_Core/u_TSP_Disp_Exu/Exu_muldiv_u0/Exu_divider/dividend[7][31:0] at 14 that is stuck at constant 0.
W: Removed bmsWIDEDFFCPE inst u_TSP_Core/u_TSP_Disp_Exu/Exu_muldiv_u0/Exu_divider/dividend[7][31:0] at 15 that is stuck at constant 0.
W: Removed bmsWIDEDFFCPE inst u_TSP_Core/u_TSP_Disp_Exu/Exu_muldiv_u0/Exu_divider/dividend[7][31:0] at 16 that is stuck at constant 0.
W: Removed bmsWIDEDFFCPE inst u_TSP_Core/u_TSP_Disp_Exu/Exu_muldiv_u0/Exu_divider/dividend[7][31:0] at 17 that is stuck at constant 0.
W: Removed bmsWIDEDFFCPE inst u_TSP_Core/u_TSP_Disp_Exu/Exu_muldiv_u0/Exu_divider/dividend[7][31:0] at 18 that is stuck at constant 0.
W: Removed bmsWIDEDFFCPE inst u_TSP_Core/u_TSP_Disp_Exu/Exu_muldiv_u0/Exu_divider/dividend[7][31:0] at 19 that is stuck at constant 0.
W: Removed bmsWIDEDFFCPE inst u_TSP_Core/u_TSP_Disp_Exu/Exu_muldiv_u0/Exu_divider/dividend[7][31:0] at 20 that is stuck at constant 0.
W: Removed bmsWIDEDFFCPE inst u_TSP_Core/u_TSP_Disp_Exu/Exu_muldiv_u0/Exu_divider/dividend[7][31:0] at 21 that is stuck at constant 0.
W: Removed bmsWIDEDFFCPE inst u_TSP_Core/u_TSP_Disp_Exu/Exu_muldiv_u0/Exu_divider/dividend[7][31:0] at 22 that is stuck at constant 0.
W: Removed bmsWIDEDFFCPE inst u_TSP_Core/u_TSP_Disp_Exu/Exu_muldiv_u0/Exu_divider/dividend[7][31:0] at 23 that is stuck at constant 0.
W: Removed bmsWIDEDFFCPE inst u_TSP_Core/u_TSP_Disp_Exu/Exu_muldiv_u0/Exu_divider/dividend[7][31:0] at 24 that is stuck at constant 0.
W: Removed bmsWIDEDFFCPE inst u_TSP_Core/u_TSP_Disp_Exu/Exu_muldiv_u0/Exu_divider/ready[12] that is stuck at constant 0.
W: Removed bmsWIDEDFFCPE inst u_TSP_Core/u_TSP_Disp_Exu/Exu_muldiv_u0/Exu_divider/dividend[8][31:0] at 0 that is stuck at constant 0.
W: Removed bmsWIDEDFFCPE inst u_TSP_Core/u_TSP_Disp_Exu/Exu_muldiv_u0/Exu_divider/dividend[8][31:0] at 1 that is stuck at constant 0.
W: Removed bmsWIDEDFFCPE inst u_TSP_Core/u_TSP_Disp_Exu/Exu_muldiv_u0/Exu_divider/dividend[8][31:0] at 2 that is stuck at constant 0.
W: Removed bmsWIDEDFFCPE inst u_TSP_Core/u_TSP_Disp_Exu/Exu_muldiv_u0/Exu_divider/dividend[8][31:0] at 3 that is stuck at constant 0.
W: Removed bmsWIDEDFFCPE inst u_TSP_Core/u_TSP_Disp_Exu/Exu_muldiv_u0/Exu_divider/dividend[8][31:0] at 4 that is stuck at constant 0.
W: Removed bmsWIDEDFFCPE inst u_TSP_Core/u_TSP_Disp_Exu/Exu_muldiv_u0/Exu_divider/dividend[8][31:0] at 5 that is stuck at constant 0.
W: Removed bmsWIDEDFFCPE inst u_TSP_Core/u_TSP_Disp_Exu/Exu_muldiv_u0/Exu_divider/dividend[8][31:0] at 6 that is stuck at constant 0.
W: Removed bmsWIDEDFFCPE inst u_TSP_Core/u_TSP_Disp_Exu/Exu_muldiv_u0/Exu_divider/dividend[8][31:0] at 7 that is stuck at constant 0.
W: Removed bmsWIDEDFFCPE inst u_TSP_Core/u_TSP_Disp_Exu/Exu_muldiv_u0/Exu_divider/dividend[8][31:0] at 8 that is stuck at constant 0.
W: Removed bmsWIDEDFFCPE inst u_TSP_Core/u_TSP_Disp_Exu/Exu_muldiv_u0/Exu_divider/dividend[8][31:0] at 9 that is stuck at constant 0.
W: Removed bmsWIDEDFFCPE inst u_TSP_Core/u_TSP_Disp_Exu/Exu_muldiv_u0/Exu_divider/dividend[8][31:0] at 10 that is stuck at constant 0.
W: Removed bmsWIDEDFFCPE inst u_TSP_Core/u_TSP_Disp_Exu/Exu_muldiv_u0/Exu_divider/dividend[8][31:0] at 11 that is stuck at constant 0.
W: Removed bmsWIDEDFFCPE inst u_TSP_Core/u_TSP_Disp_Exu/Exu_muldiv_u0/Exu_divider/dividend[8][31:0] at 12 that is stuck at constant 0.
W: Removed bmsWIDEDFFCPE inst u_TSP_Core/u_TSP_Disp_Exu/Exu_muldiv_u0/Exu_divider/dividend[8][31:0] at 13 that is stuck at constant 0.
W: Removed bmsWIDEDFFCPE inst u_TSP_Core/u_TSP_Disp_Exu/Exu_muldiv_u0/Exu_divider/dividend[8][31:0] at 14 that is stuck at constant 0.
W: Removed bmsWIDEDFFCPE inst u_TSP_Core/u_TSP_Disp_Exu/Exu_muldiv_u0/Exu_divider/dividend[8][31:0] at 15 that is stuck at constant 0.
W: Removed bmsWIDEDFFCPE inst u_TSP_Core/u_TSP_Disp_Exu/Exu_muldiv_u0/Exu_divider/dividend[8][31:0] at 16 that is stuck at constant 0.
W: Removed bmsWIDEDFFCPE inst u_TSP_Core/u_TSP_Disp_Exu/Exu_muldiv_u0/Exu_divider/dividend[8][31:0] at 17 that is stuck at constant 0.
W: Removed bmsWIDEDFFCPE inst u_TSP_Core/u_TSP_Disp_Exu/Exu_muldiv_u0/Exu_divider/dividend[8][31:0] at 18 that is stuck at constant 0.
W: Removed bmsWIDEDFFCPE inst u_TSP_Core/u_TSP_Disp_Exu/Exu_muldiv_u0/Exu_divider/dividend[8][31:0] at 19 that is stuck at constant 0.
W: Removed bmsWIDEDFFCPE inst u_TSP_Core/u_TSP_Disp_Exu/Exu_muldiv_u0/Exu_divider/dividend[8][31:0] at 20 that is stuck at constant 0.
W: Removed bmsWIDEDFFCPE inst u_TSP_Core/u_TSP_Disp_Exu/Exu_muldiv_u0/Exu_divider/dividend[8][31:0] at 21 that is stuck at constant 0.
W: Removed bmsWIDEDFFCPE inst u_TSP_Core/u_TSP_Disp_Exu/Exu_muldiv_u0/Exu_divider/dividend[8][31:0] at 22 that is stuck at constant 0.
W: Removed bmsWIDEDFFCPE inst u_TSP_Core/u_TSP_Disp_Exu/Exu_muldiv_u0/Exu_divider/dividend[8][31:0] at 23 that is stuck at constant 0.
W: Removed bmsWIDEDFFCPE inst u_TSP_Core/u_TSP_Disp_Exu/Exu_muldiv_u0/Exu_divider/ready[13] that is stuck at constant 0.
W: Removed bmsWIDEDFFCPE inst u_TSP_Core/u_TSP_Disp_Exu/Exu_muldiv_u0/Exu_divider/dividend[9][31:0] at 0 that is stuck at constant 0.
W: Removed bmsWIDEDFFCPE inst u_TSP_Core/u_TSP_Disp_Exu/Exu_muldiv_u0/Exu_divider/dividend[9][31:0] at 1 that is stuck at constant 0.
W: Removed bmsWIDEDFFCPE inst u_TSP_Core/u_TSP_Disp_Exu/Exu_muldiv_u0/Exu_divider/dividend[9][31:0] at 2 that is stuck at constant 0.
W: Removed bmsWIDEDFFCPE inst u_TSP_Core/u_TSP_Disp_Exu/Exu_muldiv_u0/Exu_divider/dividend[9][31:0] at 3 that is stuck at constant 0.
W: Removed bmsWIDEDFFCPE inst u_TSP_Core/u_TSP_Disp_Exu/Exu_muldiv_u0/Exu_divider/dividend[9][31:0] at 4 that is stuck at constant 0.
W: Removed bmsWIDEDFFCPE inst u_TSP_Core/u_TSP_Disp_Exu/Exu_muldiv_u0/Exu_divider/dividend[9][31:0] at 5 that is stuck at constant 0.
W: Removed bmsWIDEDFFCPE inst u_TSP_Core/u_TSP_Disp_Exu/Exu_muldiv_u0/Exu_divider/dividend[9][31:0] at 6 that is stuck at constant 0.
W: Removed bmsWIDEDFFCPE inst u_TSP_Core/u_TSP_Disp_Exu/Exu_muldiv_u0/Exu_divider/dividend[9][31:0] at 7 that is stuck at constant 0.
W: Removed bmsWIDEDFFCPE inst u_TSP_Core/u_TSP_Disp_Exu/Exu_muldiv_u0/Exu_divider/dividend[9][31:0] at 8 that is stuck at constant 0.
W: Removed bmsWIDEDFFCPE inst u_TSP_Core/u_TSP_Disp_Exu/Exu_muldiv_u0/Exu_divider/dividend[9][31:0] at 9 that is stuck at constant 0.
W: Removed bmsWIDEDFFCPE inst u_TSP_Core/u_TSP_Disp_Exu/Exu_muldiv_u0/Exu_divider/dividend[9][31:0] at 10 that is stuck at constant 0.
W: Removed bmsWIDEDFFCPE inst u_TSP_Core/u_TSP_Disp_Exu/Exu_muldiv_u0/Exu_divider/dividend[9][31:0] at 11 that is stuck at constant 0.
W: Removed bmsWIDEDFFCPE inst u_TSP_Core/u_TSP_Disp_Exu/Exu_muldiv_u0/Exu_divider/dividend[9][31:0] at 12 that is stuck at constant 0.
W: Removed bmsWIDEDFFCPE inst u_TSP_Core/u_TSP_Disp_Exu/Exu_muldiv_u0/Exu_divider/dividend[9][31:0] at 13 that is stuck at constant 0.
W: Removed bmsWIDEDFFCPE inst u_TSP_Core/u_TSP_Disp_Exu/Exu_muldiv_u0/Exu_divider/dividend[9][31:0] at 14 that is stuck at constant 0.
W: Removed bmsWIDEDFFCPE inst u_TSP_Core/u_TSP_Disp_Exu/Exu_muldiv_u0/Exu_divider/dividend[9][31:0] at 15 that is stuck at constant 0.
W: Removed bmsWIDEDFFCPE inst u_TSP_Core/u_TSP_Disp_Exu/Exu_muldiv_u0/Exu_divider/dividend[9][31:0] at 16 that is stuck at constant 0.
W: Removed bmsWIDEDFFCPE inst u_TSP_Core/u_TSP_Disp_Exu/Exu_muldiv_u0/Exu_divider/dividend[9][31:0] at 17 that is stuck at constant 0.
W: Removed bmsWIDEDFFCPE inst u_TSP_Core/u_TSP_Disp_Exu/Exu_muldiv_u0/Exu_divider/dividend[9][31:0] at 18 that is stuck at constant 0.
W: Removed bmsWIDEDFFCPE inst u_TSP_Core/u_TSP_Disp_Exu/Exu_muldiv_u0/Exu_divider/dividend[9][31:0] at 19 that is stuck at constant 0.
W: Removed bmsWIDEDFFCPE inst u_TSP_Core/u_TSP_Disp_Exu/Exu_muldiv_u0/Exu_divider/dividend[9][31:0] at 20 that is stuck at constant 0.
W: Removed bmsWIDEDFFCPE inst u_TSP_Core/u_TSP_Disp_Exu/Exu_muldiv_u0/Exu_divider/dividend[9][31:0] at 21 that is stuck at constant 0.
W: Removed bmsWIDEDFFCPE inst u_TSP_Core/u_TSP_Disp_Exu/Exu_muldiv_u0/Exu_divider/dividend[9][31:0] at 22 that is stuck at constant 0.
W: Removed bmsWIDEDFFCPE inst u_TSP_Core/u_TSP_Disp_Exu/Exu_muldiv_u0/Exu_divider/ready[14] that is stuck at constant 0.
W: Removed bmsWIDEDFFCPE inst u_TSP_Core/u_TSP_Disp_Exu/Exu_muldiv_u0/Exu_divider/dividend[10][31:0] at 0 that is stuck at constant 0.
W: Removed bmsWIDEDFFCPE inst u_TSP_Core/u_TSP_Disp_Exu/Exu_muldiv_u0/Exu_divider/dividend[10][31:0] at 1 that is stuck at constant 0.
W: Removed bmsWIDEDFFCPE inst u_TSP_Core/u_TSP_Disp_Exu/Exu_muldiv_u0/Exu_divider/dividend[10][31:0] at 2 that is stuck at constant 0.
W: Removed bmsWIDEDFFCPE inst u_TSP_Core/u_TSP_Disp_Exu/Exu_muldiv_u0/Exu_divider/dividend[10][31:0] at 3 that is stuck at constant 0.
W: Removed bmsWIDEDFFCPE inst u_TSP_Core/u_TSP_Disp_Exu/Exu_muldiv_u0/Exu_divider/dividend[10][31:0] at 4 that is stuck at constant 0.
W: Removed bmsWIDEDFFCPE inst u_TSP_Core/u_TSP_Disp_Exu/Exu_muldiv_u0/Exu_divider/dividend[10][31:0] at 5 that is stuck at constant 0.
W: Removed bmsWIDEDFFCPE inst u_TSP_Core/u_TSP_Disp_Exu/Exu_muldiv_u0/Exu_divider/dividend[10][31:0] at 6 that is stuck at constant 0.
W: Removed bmsWIDEDFFCPE inst u_TSP_Core/u_TSP_Disp_Exu/Exu_muldiv_u0/Exu_divider/dividend[10][31:0] at 7 that is stuck at constant 0.
W: Removed bmsWIDEDFFCPE inst u_TSP_Core/u_TSP_Disp_Exu/Exu_muldiv_u0/Exu_divider/dividend[10][31:0] at 8 that is stuck at constant 0.
W: Removed bmsWIDEDFFCPE inst u_TSP_Core/u_TSP_Disp_Exu/Exu_muldiv_u0/Exu_divider/dividend[10][31:0] at 9 that is stuck at constant 0.
W: Removed bmsWIDEDFFCPE inst u_TSP_Core/u_TSP_Disp_Exu/Exu_muldiv_u0/Exu_divider/dividend[10][31:0] at 10 that is stuck at constant 0.
W: Removed bmsWIDEDFFCPE inst u_TSP_Core/u_TSP_Disp_Exu/Exu_muldiv_u0/Exu_divider/dividend[10][31:0] at 11 that is stuck at constant 0.
W: Removed bmsWIDEDFFCPE inst u_TSP_Core/u_TSP_Disp_Exu/Exu_muldiv_u0/Exu_divider/dividend[10][31:0] at 12 that is stuck at constant 0.
W: Removed bmsWIDEDFFCPE inst u_TSP_Core/u_TSP_Disp_Exu/Exu_muldiv_u0/Exu_divider/dividend[10][31:0] at 13 that is stuck at constant 0.
W: Removed bmsWIDEDFFCPE inst u_TSP_Core/u_TSP_Disp_Exu/Exu_muldiv_u0/Exu_divider/dividend[10][31:0] at 14 that is stuck at constant 0.
W: Removed bmsWIDEDFFCPE inst u_TSP_Core/u_TSP_Disp_Exu/Exu_muldiv_u0/Exu_divider/dividend[10][31:0] at 15 that is stuck at constant 0.
W: Removed bmsWIDEDFFCPE inst u_TSP_Core/u_TSP_Disp_Exu/Exu_muldiv_u0/Exu_divider/dividend[10][31:0] at 16 that is stuck at constant 0.
W: Removed bmsWIDEDFFCPE inst u_TSP_Core/u_TSP_Disp_Exu/Exu_muldiv_u0/Exu_divider/dividend[10][31:0] at 17 that is stuck at constant 0.
W: Removed bmsWIDEDFFCPE inst u_TSP_Core/u_TSP_Disp_Exu/Exu_muldiv_u0/Exu_divider/dividend[10][31:0] at 18 that is stuck at constant 0.
W: Removed bmsWIDEDFFCPE inst u_TSP_Core/u_TSP_Disp_Exu/Exu_muldiv_u0/Exu_divider/dividend[10][31:0] at 19 that is stuck at constant 0.
W: Removed bmsWIDEDFFCPE inst u_TSP_Core/u_TSP_Disp_Exu/Exu_muldiv_u0/Exu_divider/dividend[10][31:0] at 20 that is stuck at constant 0.
W: Removed bmsWIDEDFFCPE inst u_TSP_Core/u_TSP_Disp_Exu/Exu_muldiv_u0/Exu_divider/dividend[10][31:0] at 21 that is stuck at constant 0.
W: Removed bmsWIDEDFFCPE inst u_TSP_Core/u_TSP_Disp_Exu/Exu_muldiv_u0/Exu_divider/ready[15] that is stuck at constant 0.
W: Removed bmsWIDEDFFCPE inst u_TSP_Core/u_TSP_Disp_Exu/Exu_muldiv_u0/Exu_divider/dividend[11][31:0] at 0 that is stuck at constant 0.
W: Removed bmsWIDEDFFCPE inst u_TSP_Core/u_TSP_Disp_Exu/Exu_muldiv_u0/Exu_divider/dividend[11][31:0] at 1 that is stuck at constant 0.
W: Removed bmsWIDEDFFCPE inst u_TSP_Core/u_TSP_Disp_Exu/Exu_muldiv_u0/Exu_divider/dividend[11][31:0] at 2 that is stuck at constant 0.
W: Removed bmsWIDEDFFCPE inst u_TSP_Core/u_TSP_Disp_Exu/Exu_muldiv_u0/Exu_divider/dividend[11][31:0] at 3 that is stuck at constant 0.
W: Removed bmsWIDEDFFCPE inst u_TSP_Core/u_TSP_Disp_Exu/Exu_muldiv_u0/Exu_divider/dividend[11][31:0] at 4 that is stuck at constant 0.
W: Removed bmsWIDEDFFCPE inst u_TSP_Core/u_TSP_Disp_Exu/Exu_muldiv_u0/Exu_divider/dividend[11][31:0] at 5 that is stuck at constant 0.
W: Removed bmsWIDEDFFCPE inst u_TSP_Core/u_TSP_Disp_Exu/Exu_muldiv_u0/Exu_divider/dividend[11][31:0] at 6 that is stuck at constant 0.
W: Removed bmsWIDEDFFCPE inst u_TSP_Core/u_TSP_Disp_Exu/Exu_muldiv_u0/Exu_divider/dividend[11][31:0] at 7 that is stuck at constant 0.
W: Removed bmsWIDEDFFCPE inst u_TSP_Core/u_TSP_Disp_Exu/Exu_muldiv_u0/Exu_divider/dividend[11][31:0] at 8 that is stuck at constant 0.
W: Removed bmsWIDEDFFCPE inst u_TSP_Core/u_TSP_Disp_Exu/Exu_muldiv_u0/Exu_divider/dividend[11][31:0] at 9 that is stuck at constant 0.
W: Removed bmsWIDEDFFCPE inst u_TSP_Core/u_TSP_Disp_Exu/Exu_muldiv_u0/Exu_divider/dividend[11][31:0] at 10 that is stuck at constant 0.
W: Removed bmsWIDEDFFCPE inst u_TSP_Core/u_TSP_Disp_Exu/Exu_muldiv_u0/Exu_divider/dividend[11][31:0] at 11 that is stuck at constant 0.
W: Removed bmsWIDEDFFCPE inst u_TSP_Core/u_TSP_Disp_Exu/Exu_muldiv_u0/Exu_divider/dividend[11][31:0] at 12 that is stuck at constant 0.
W: Removed bmsWIDEDFFCPE inst u_TSP_Core/u_TSP_Disp_Exu/Exu_muldiv_u0/Exu_divider/dividend[11][31:0] at 13 that is stuck at constant 0.
W: Removed bmsWIDEDFFCPE inst u_TSP_Core/u_TSP_Disp_Exu/Exu_muldiv_u0/Exu_divider/dividend[11][31:0] at 14 that is stuck at constant 0.
W: Removed bmsWIDEDFFCPE inst u_TSP_Core/u_TSP_Disp_Exu/Exu_muldiv_u0/Exu_divider/dividend[11][31:0] at 15 that is stuck at constant 0.
W: Removed bmsWIDEDFFCPE inst u_TSP_Core/u_TSP_Disp_Exu/Exu_muldiv_u0/Exu_divider/dividend[11][31:0] at 16 that is stuck at constant 0.
W: Removed bmsWIDEDFFCPE inst u_TSP_Core/u_TSP_Disp_Exu/Exu_muldiv_u0/Exu_divider/dividend[11][31:0] at 17 that is stuck at constant 0.
W: Removed bmsWIDEDFFCPE inst u_TSP_Core/u_TSP_Disp_Exu/Exu_muldiv_u0/Exu_divider/dividend[11][31:0] at 18 that is stuck at constant 0.
W: Removed bmsWIDEDFFCPE inst u_TSP_Core/u_TSP_Disp_Exu/Exu_muldiv_u0/Exu_divider/dividend[11][31:0] at 19 that is stuck at constant 0.
W: Removed bmsWIDEDFFCPE inst u_TSP_Core/u_TSP_Disp_Exu/Exu_muldiv_u0/Exu_divider/dividend[11][31:0] at 20 that is stuck at constant 0.
W: Removed bmsWIDEDFFCPE inst u_TSP_Core/u_TSP_Disp_Exu/Exu_muldiv_u0/Exu_divider/ready[16] that is stuck at constant 0.
W: Removed bmsWIDEDFFCPE inst u_TSP_Core/u_TSP_Disp_Exu/Exu_muldiv_u0/Exu_divider/dividend[12][31:0] at 0 that is stuck at constant 0.
W: Removed bmsWIDEDFFCPE inst u_TSP_Core/u_TSP_Disp_Exu/Exu_muldiv_u0/Exu_divider/dividend[12][31:0] at 1 that is stuck at constant 0.
W: Removed bmsWIDEDFFCPE inst u_TSP_Core/u_TSP_Disp_Exu/Exu_muldiv_u0/Exu_divider/dividend[12][31:0] at 2 that is stuck at constant 0.
W: Removed bmsWIDEDFFCPE inst u_TSP_Core/u_TSP_Disp_Exu/Exu_muldiv_u0/Exu_divider/dividend[12][31:0] at 3 that is stuck at constant 0.
W: Removed bmsWIDEDFFCPE inst u_TSP_Core/u_TSP_Disp_Exu/Exu_muldiv_u0/Exu_divider/dividend[12][31:0] at 4 that is stuck at constant 0.
W: Removed bmsWIDEDFFCPE inst u_TSP_Core/u_TSP_Disp_Exu/Exu_muldiv_u0/Exu_divider/dividend[12][31:0] at 5 that is stuck at constant 0.
W: Removed bmsWIDEDFFCPE inst u_TSP_Core/u_TSP_Disp_Exu/Exu_muldiv_u0/Exu_divider/dividend[12][31:0] at 6 that is stuck at constant 0.
W: Removed bmsWIDEDFFCPE inst u_TSP_Core/u_TSP_Disp_Exu/Exu_muldiv_u0/Exu_divider/dividend[12][31:0] at 7 that is stuck at constant 0.
W: Removed bmsWIDEDFFCPE inst u_TSP_Core/u_TSP_Disp_Exu/Exu_muldiv_u0/Exu_divider/dividend[12][31:0] at 8 that is stuck at constant 0.
W: Removed bmsWIDEDFFCPE inst u_TSP_Core/u_TSP_Disp_Exu/Exu_muldiv_u0/Exu_divider/dividend[12][31:0] at 9 that is stuck at constant 0.
W: Removed bmsWIDEDFFCPE inst u_TSP_Core/u_TSP_Disp_Exu/Exu_muldiv_u0/Exu_divider/dividend[12][31:0] at 10 that is stuck at constant 0.
W: Removed bmsWIDEDFFCPE inst u_TSP_Core/u_TSP_Disp_Exu/Exu_muldiv_u0/Exu_divider/dividend[12][31:0] at 11 that is stuck at constant 0.
W: Removed bmsWIDEDFFCPE inst u_TSP_Core/u_TSP_Disp_Exu/Exu_muldiv_u0/Exu_divider/dividend[12][31:0] at 12 that is stuck at constant 0.
W: Removed bmsWIDEDFFCPE inst u_TSP_Core/u_TSP_Disp_Exu/Exu_muldiv_u0/Exu_divider/dividend[12][31:0] at 13 that is stuck at constant 0.
W: Removed bmsWIDEDFFCPE inst u_TSP_Core/u_TSP_Disp_Exu/Exu_muldiv_u0/Exu_divider/dividend[12][31:0] at 14 that is stuck at constant 0.
W: Removed bmsWIDEDFFCPE inst u_TSP_Core/u_TSP_Disp_Exu/Exu_muldiv_u0/Exu_divider/dividend[12][31:0] at 15 that is stuck at constant 0.
W: Removed bmsWIDEDFFCPE inst u_TSP_Core/u_TSP_Disp_Exu/Exu_muldiv_u0/Exu_divider/dividend[12][31:0] at 16 that is stuck at constant 0.
W: Removed bmsWIDEDFFCPE inst u_TSP_Core/u_TSP_Disp_Exu/Exu_muldiv_u0/Exu_divider/dividend[12][31:0] at 17 that is stuck at constant 0.
W: Removed bmsWIDEDFFCPE inst u_TSP_Core/u_TSP_Disp_Exu/Exu_muldiv_u0/Exu_divider/dividend[12][31:0] at 18 that is stuck at constant 0.
W: Removed bmsWIDEDFFCPE inst u_TSP_Core/u_TSP_Disp_Exu/Exu_muldiv_u0/Exu_divider/dividend[12][31:0] at 19 that is stuck at constant 0.
W: Removed bmsWIDEDFFCPE inst u_TSP_Core/u_TSP_Disp_Exu/Exu_muldiv_u0/Exu_divider/ready[17] that is stuck at constant 0.
W: Removed bmsWIDEDFFCPE inst u_TSP_Core/u_TSP_Disp_Exu/Exu_muldiv_u0/Exu_divider/dividend[13][31:0] at 0 that is stuck at constant 0.
W: Removed bmsWIDEDFFCPE inst u_TSP_Core/u_TSP_Disp_Exu/Exu_muldiv_u0/Exu_divider/dividend[13][31:0] at 1 that is stuck at constant 0.
W: Removed bmsWIDEDFFCPE inst u_TSP_Core/u_TSP_Disp_Exu/Exu_muldiv_u0/Exu_divider/dividend[13][31:0] at 2 that is stuck at constant 0.
W: Removed bmsWIDEDFFCPE inst u_TSP_Core/u_TSP_Disp_Exu/Exu_muldiv_u0/Exu_divider/dividend[13][31:0] at 3 that is stuck at constant 0.
W: Removed bmsWIDEDFFCPE inst u_TSP_Core/u_TSP_Disp_Exu/Exu_muldiv_u0/Exu_divider/dividend[13][31:0] at 4 that is stuck at constant 0.
W: Removed bmsWIDEDFFCPE inst u_TSP_Core/u_TSP_Disp_Exu/Exu_muldiv_u0/Exu_divider/dividend[13][31:0] at 5 that is stuck at constant 0.
W: Removed bmsWIDEDFFCPE inst u_TSP_Core/u_TSP_Disp_Exu/Exu_muldiv_u0/Exu_divider/dividend[13][31:0] at 6 that is stuck at constant 0.
W: Removed bmsWIDEDFFCPE inst u_TSP_Core/u_TSP_Disp_Exu/Exu_muldiv_u0/Exu_divider/dividend[13][31:0] at 7 that is stuck at constant 0.
W: Removed bmsWIDEDFFCPE inst u_TSP_Core/u_TSP_Disp_Exu/Exu_muldiv_u0/Exu_divider/dividend[13][31:0] at 8 that is stuck at constant 0.
W: Removed bmsWIDEDFFCPE inst u_TSP_Core/u_TSP_Disp_Exu/Exu_muldiv_u0/Exu_divider/dividend[13][31:0] at 9 that is stuck at constant 0.
W: Removed bmsWIDEDFFCPE inst u_TSP_Core/u_TSP_Disp_Exu/Exu_muldiv_u0/Exu_divider/dividend[13][31:0] at 10 that is stuck at constant 0.
W: Removed bmsWIDEDFFCPE inst u_TSP_Core/u_TSP_Disp_Exu/Exu_muldiv_u0/Exu_divider/dividend[13][31:0] at 11 that is stuck at constant 0.
W: Removed bmsWIDEDFFCPE inst u_TSP_Core/u_TSP_Disp_Exu/Exu_muldiv_u0/Exu_divider/dividend[13][31:0] at 12 that is stuck at constant 0.
W: Removed bmsWIDEDFFCPE inst u_TSP_Core/u_TSP_Disp_Exu/Exu_muldiv_u0/Exu_divider/dividend[13][31:0] at 13 that is stuck at constant 0.
W: Removed bmsWIDEDFFCPE inst u_TSP_Core/u_TSP_Disp_Exu/Exu_muldiv_u0/Exu_divider/dividend[13][31:0] at 14 that is stuck at constant 0.
W: Removed bmsWIDEDFFCPE inst u_TSP_Core/u_TSP_Disp_Exu/Exu_muldiv_u0/Exu_divider/dividend[13][31:0] at 15 that is stuck at constant 0.
W: Removed bmsWIDEDFFCPE inst u_TSP_Core/u_TSP_Disp_Exu/Exu_muldiv_u0/Exu_divider/dividend[13][31:0] at 16 that is stuck at constant 0.
W: Removed bmsWIDEDFFCPE inst u_TSP_Core/u_TSP_Disp_Exu/Exu_muldiv_u0/Exu_divider/dividend[13][31:0] at 17 that is stuck at constant 0.
W: Removed bmsWIDEDFFCPE inst u_TSP_Core/u_TSP_Disp_Exu/Exu_muldiv_u0/Exu_divider/dividend[13][31:0] at 18 that is stuck at constant 0.
W: Removed bmsWIDEDFFCPE inst u_TSP_Core/u_TSP_Disp_Exu/Exu_muldiv_u0/Exu_divider/ready[18] that is stuck at constant 0.
W: Removed bmsWIDEDFFCPE inst u_TSP_Core/u_TSP_Disp_Exu/Exu_muldiv_u0/Exu_divider/dividend[14][31:0] at 0 that is stuck at constant 0.
W: Removed bmsWIDEDFFCPE inst u_TSP_Core/u_TSP_Disp_Exu/Exu_muldiv_u0/Exu_divider/dividend[14][31:0] at 1 that is stuck at constant 0.
W: Removed bmsWIDEDFFCPE inst u_TSP_Core/u_TSP_Disp_Exu/Exu_muldiv_u0/Exu_divider/dividend[14][31:0] at 2 that is stuck at constant 0.
W: Removed bmsWIDEDFFCPE inst u_TSP_Core/u_TSP_Disp_Exu/Exu_muldiv_u0/Exu_divider/dividend[14][31:0] at 3 that is stuck at constant 0.
W: Removed bmsWIDEDFFCPE inst u_TSP_Core/u_TSP_Disp_Exu/Exu_muldiv_u0/Exu_divider/dividend[14][31:0] at 4 that is stuck at constant 0.
W: Removed bmsWIDEDFFCPE inst u_TSP_Core/u_TSP_Disp_Exu/Exu_muldiv_u0/Exu_divider/dividend[14][31:0] at 5 that is stuck at constant 0.
W: Removed bmsWIDEDFFCPE inst u_TSP_Core/u_TSP_Disp_Exu/Exu_muldiv_u0/Exu_divider/dividend[14][31:0] at 6 that is stuck at constant 0.
W: Removed bmsWIDEDFFCPE inst u_TSP_Core/u_TSP_Disp_Exu/Exu_muldiv_u0/Exu_divider/dividend[14][31:0] at 7 that is stuck at constant 0.
W: Removed bmsWIDEDFFCPE inst u_TSP_Core/u_TSP_Disp_Exu/Exu_muldiv_u0/Exu_divider/dividend[14][31:0] at 8 that is stuck at constant 0.
W: Removed bmsWIDEDFFCPE inst u_TSP_Core/u_TSP_Disp_Exu/Exu_muldiv_u0/Exu_divider/dividend[14][31:0] at 9 that is stuck at constant 0.
W: Removed bmsWIDEDFFCPE inst u_TSP_Core/u_TSP_Disp_Exu/Exu_muldiv_u0/Exu_divider/dividend[14][31:0] at 10 that is stuck at constant 0.
W: Removed bmsWIDEDFFCPE inst u_TSP_Core/u_TSP_Disp_Exu/Exu_muldiv_u0/Exu_divider/dividend[14][31:0] at 11 that is stuck at constant 0.
W: Removed bmsWIDEDFFCPE inst u_TSP_Core/u_TSP_Disp_Exu/Exu_muldiv_u0/Exu_divider/dividend[14][31:0] at 12 that is stuck at constant 0.
W: Removed bmsWIDEDFFCPE inst u_TSP_Core/u_TSP_Disp_Exu/Exu_muldiv_u0/Exu_divider/dividend[14][31:0] at 13 that is stuck at constant 0.
W: Removed bmsWIDEDFFCPE inst u_TSP_Core/u_TSP_Disp_Exu/Exu_muldiv_u0/Exu_divider/dividend[14][31:0] at 14 that is stuck at constant 0.
W: Removed bmsWIDEDFFCPE inst u_TSP_Core/u_TSP_Disp_Exu/Exu_muldiv_u0/Exu_divider/dividend[14][31:0] at 15 that is stuck at constant 0.
W: Removed bmsWIDEDFFCPE inst u_TSP_Core/u_TSP_Disp_Exu/Exu_muldiv_u0/Exu_divider/dividend[14][31:0] at 16 that is stuck at constant 0.
W: Removed bmsWIDEDFFCPE inst u_TSP_Core/u_TSP_Disp_Exu/Exu_muldiv_u0/Exu_divider/dividend[14][31:0] at 17 that is stuck at constant 0.
W: Removed bmsWIDEDFFCPE inst u_TSP_Core/u_TSP_Disp_Exu/Exu_muldiv_u0/Exu_divider/ready[19] that is stuck at constant 0.
W: Removed bmsWIDEDFFCPE inst u_TSP_Core/u_TSP_Disp_Exu/Exu_muldiv_u0/Exu_divider/dividend[15][31:0] at 0 that is stuck at constant 0.
W: Removed bmsWIDEDFFCPE inst u_TSP_Core/u_TSP_Disp_Exu/Exu_muldiv_u0/Exu_divider/dividend[15][31:0] at 1 that is stuck at constant 0.
W: Removed bmsWIDEDFFCPE inst u_TSP_Core/u_TSP_Disp_Exu/Exu_muldiv_u0/Exu_divider/dividend[15][31:0] at 2 that is stuck at constant 0.
W: Removed bmsWIDEDFFCPE inst u_TSP_Core/u_TSP_Disp_Exu/Exu_muldiv_u0/Exu_divider/dividend[15][31:0] at 3 that is stuck at constant 0.
W: Removed bmsWIDEDFFCPE inst u_TSP_Core/u_TSP_Disp_Exu/Exu_muldiv_u0/Exu_divider/dividend[15][31:0] at 4 that is stuck at constant 0.
W: Removed bmsWIDEDFFCPE inst u_TSP_Core/u_TSP_Disp_Exu/Exu_muldiv_u0/Exu_divider/dividend[15][31:0] at 5 that is stuck at constant 0.
W: Removed bmsWIDEDFFCPE inst u_TSP_Core/u_TSP_Disp_Exu/Exu_muldiv_u0/Exu_divider/dividend[15][31:0] at 6 that is stuck at constant 0.
W: Removed bmsWIDEDFFCPE inst u_TSP_Core/u_TSP_Disp_Exu/Exu_muldiv_u0/Exu_divider/dividend[15][31:0] at 7 that is stuck at constant 0.
W: Removed bmsWIDEDFFCPE inst u_TSP_Core/u_TSP_Disp_Exu/Exu_muldiv_u0/Exu_divider/dividend[15][31:0] at 8 that is stuck at constant 0.
W: Removed bmsWIDEDFFCPE inst u_TSP_Core/u_TSP_Disp_Exu/Exu_muldiv_u0/Exu_divider/dividend[15][31:0] at 9 that is stuck at constant 0.
W: Removed bmsWIDEDFFCPE inst u_TSP_Core/u_TSP_Disp_Exu/Exu_muldiv_u0/Exu_divider/dividend[15][31:0] at 10 that is stuck at constant 0.
W: Removed bmsWIDEDFFCPE inst u_TSP_Core/u_TSP_Disp_Exu/Exu_muldiv_u0/Exu_divider/dividend[15][31:0] at 11 that is stuck at constant 0.
W: Removed bmsWIDEDFFCPE inst u_TSP_Core/u_TSP_Disp_Exu/Exu_muldiv_u0/Exu_divider/dividend[15][31:0] at 12 that is stuck at constant 0.
W: Removed bmsWIDEDFFCPE inst u_TSP_Core/u_TSP_Disp_Exu/Exu_muldiv_u0/Exu_divider/dividend[15][31:0] at 13 that is stuck at constant 0.
W: Removed bmsWIDEDFFCPE inst u_TSP_Core/u_TSP_Disp_Exu/Exu_muldiv_u0/Exu_divider/dividend[15][31:0] at 14 that is stuck at constant 0.
W: Removed bmsWIDEDFFCPE inst u_TSP_Core/u_TSP_Disp_Exu/Exu_muldiv_u0/Exu_divider/dividend[15][31:0] at 15 that is stuck at constant 0.
W: Removed bmsWIDEDFFCPE inst u_TSP_Core/u_TSP_Disp_Exu/Exu_muldiv_u0/Exu_divider/dividend[15][31:0] at 16 that is stuck at constant 0.
W: Removed bmsWIDEDFFCPE inst u_TSP_Core/u_TSP_Disp_Exu/Exu_muldiv_u0/Exu_divider/ready[20] that is stuck at constant 0.
W: Removed bmsWIDEDFFCPE inst u_TSP_Core/u_TSP_Disp_Exu/Exu_muldiv_u0/Exu_divider/dividend[16][31:0] at 0 that is stuck at constant 0.
W: Removed bmsWIDEDFFCPE inst u_TSP_Core/u_TSP_Disp_Exu/Exu_muldiv_u0/Exu_divider/dividend[16][31:0] at 1 that is stuck at constant 0.
W: Removed bmsWIDEDFFCPE inst u_TSP_Core/u_TSP_Disp_Exu/Exu_muldiv_u0/Exu_divider/dividend[16][31:0] at 2 that is stuck at constant 0.
W: Removed bmsWIDEDFFCPE inst u_TSP_Core/u_TSP_Disp_Exu/Exu_muldiv_u0/Exu_divider/dividend[16][31:0] at 3 that is stuck at constant 0.
W: Removed bmsWIDEDFFCPE inst u_TSP_Core/u_TSP_Disp_Exu/Exu_muldiv_u0/Exu_divider/dividend[16][31:0] at 4 that is stuck at constant 0.
W: Removed bmsWIDEDFFCPE inst u_TSP_Core/u_TSP_Disp_Exu/Exu_muldiv_u0/Exu_divider/dividend[16][31:0] at 5 that is stuck at constant 0.
W: Removed bmsWIDEDFFCPE inst u_TSP_Core/u_TSP_Disp_Exu/Exu_muldiv_u0/Exu_divider/dividend[16][31:0] at 6 that is stuck at constant 0.
W: Removed bmsWIDEDFFCPE inst u_TSP_Core/u_TSP_Disp_Exu/Exu_muldiv_u0/Exu_divider/dividend[16][31:0] at 7 that is stuck at constant 0.
W: Removed bmsWIDEDFFCPE inst u_TSP_Core/u_TSP_Disp_Exu/Exu_muldiv_u0/Exu_divider/dividend[16][31:0] at 8 that is stuck at constant 0.
W: Removed bmsWIDEDFFCPE inst u_TSP_Core/u_TSP_Disp_Exu/Exu_muldiv_u0/Exu_divider/dividend[16][31:0] at 9 that is stuck at constant 0.
W: Removed bmsWIDEDFFCPE inst u_TSP_Core/u_TSP_Disp_Exu/Exu_muldiv_u0/Exu_divider/dividend[16][31:0] at 10 that is stuck at constant 0.
W: Removed bmsWIDEDFFCPE inst u_TSP_Core/u_TSP_Disp_Exu/Exu_muldiv_u0/Exu_divider/dividend[16][31:0] at 11 that is stuck at constant 0.
W: Removed bmsWIDEDFFCPE inst u_TSP_Core/u_TSP_Disp_Exu/Exu_muldiv_u0/Exu_divider/dividend[16][31:0] at 12 that is stuck at constant 0.
W: Removed bmsWIDEDFFCPE inst u_TSP_Core/u_TSP_Disp_Exu/Exu_muldiv_u0/Exu_divider/dividend[16][31:0] at 13 that is stuck at constant 0.
W: Removed bmsWIDEDFFCPE inst u_TSP_Core/u_TSP_Disp_Exu/Exu_muldiv_u0/Exu_divider/dividend[16][31:0] at 14 that is stuck at constant 0.
W: Removed bmsWIDEDFFCPE inst u_TSP_Core/u_TSP_Disp_Exu/Exu_muldiv_u0/Exu_divider/dividend[16][31:0] at 15 that is stuck at constant 0.
W: Removed bmsWIDEDFFCPE inst u_TSP_Core/u_TSP_Disp_Exu/Exu_muldiv_u0/Exu_divider/ready[21] that is stuck at constant 0.
W: Removed bmsWIDEDFFCPE inst u_TSP_Core/u_TSP_Disp_Exu/Exu_muldiv_u0/Exu_divider/dividend[17][31:0] at 0 that is stuck at constant 0.
W: Removed bmsWIDEDFFCPE inst u_TSP_Core/u_TSP_Disp_Exu/Exu_muldiv_u0/Exu_divider/dividend[17][31:0] at 1 that is stuck at constant 0.
W: Removed bmsWIDEDFFCPE inst u_TSP_Core/u_TSP_Disp_Exu/Exu_muldiv_u0/Exu_divider/dividend[17][31:0] at 2 that is stuck at constant 0.
W: Removed bmsWIDEDFFCPE inst u_TSP_Core/u_TSP_Disp_Exu/Exu_muldiv_u0/Exu_divider/dividend[17][31:0] at 3 that is stuck at constant 0.
W: Removed bmsWIDEDFFCPE inst u_TSP_Core/u_TSP_Disp_Exu/Exu_muldiv_u0/Exu_divider/dividend[17][31:0] at 4 that is stuck at constant 0.
W: Removed bmsWIDEDFFCPE inst u_TSP_Core/u_TSP_Disp_Exu/Exu_muldiv_u0/Exu_divider/dividend[17][31:0] at 5 that is stuck at constant 0.
W: Removed bmsWIDEDFFCPE inst u_TSP_Core/u_TSP_Disp_Exu/Exu_muldiv_u0/Exu_divider/dividend[17][31:0] at 6 that is stuck at constant 0.
W: Removed bmsWIDEDFFCPE inst u_TSP_Core/u_TSP_Disp_Exu/Exu_muldiv_u0/Exu_divider/dividend[17][31:0] at 7 that is stuck at constant 0.
W: Removed bmsWIDEDFFCPE inst u_TSP_Core/u_TSP_Disp_Exu/Exu_muldiv_u0/Exu_divider/dividend[17][31:0] at 8 that is stuck at constant 0.
W: Removed bmsWIDEDFFCPE inst u_TSP_Core/u_TSP_Disp_Exu/Exu_muldiv_u0/Exu_divider/dividend[17][31:0] at 9 that is stuck at constant 0.
W: Removed bmsWIDEDFFCPE inst u_TSP_Core/u_TSP_Disp_Exu/Exu_muldiv_u0/Exu_divider/dividend[17][31:0] at 10 that is stuck at constant 0.
W: Removed bmsWIDEDFFCPE inst u_TSP_Core/u_TSP_Disp_Exu/Exu_muldiv_u0/Exu_divider/dividend[17][31:0] at 11 that is stuck at constant 0.
W: Removed bmsWIDEDFFCPE inst u_TSP_Core/u_TSP_Disp_Exu/Exu_muldiv_u0/Exu_divider/dividend[17][31:0] at 12 that is stuck at constant 0.
W: Removed bmsWIDEDFFCPE inst u_TSP_Core/u_TSP_Disp_Exu/Exu_muldiv_u0/Exu_divider/dividend[17][31:0] at 13 that is stuck at constant 0.
W: Removed bmsWIDEDFFCPE inst u_TSP_Core/u_TSP_Disp_Exu/Exu_muldiv_u0/Exu_divider/dividend[17][31:0] at 14 that is stuck at constant 0.
W: Removed bmsWIDEDFFCPE inst u_TSP_Core/u_TSP_Disp_Exu/Exu_muldiv_u0/Exu_divider/ready[22] that is stuck at constant 0.
W: Removed bmsWIDEDFFCPE inst u_TSP_Core/u_TSP_Disp_Exu/Exu_muldiv_u0/Exu_divider/dividend[18][31:0] at 0 that is stuck at constant 0.
W: Removed bmsWIDEDFFCPE inst u_TSP_Core/u_TSP_Disp_Exu/Exu_muldiv_u0/Exu_divider/dividend[18][31:0] at 1 that is stuck at constant 0.
W: Removed bmsWIDEDFFCPE inst u_TSP_Core/u_TSP_Disp_Exu/Exu_muldiv_u0/Exu_divider/dividend[18][31:0] at 2 that is stuck at constant 0.
W: Removed bmsWIDEDFFCPE inst u_TSP_Core/u_TSP_Disp_Exu/Exu_muldiv_u0/Exu_divider/dividend[18][31:0] at 3 that is stuck at constant 0.
W: Removed bmsWIDEDFFCPE inst u_TSP_Core/u_TSP_Disp_Exu/Exu_muldiv_u0/Exu_divider/dividend[18][31:0] at 4 that is stuck at constant 0.
W: Removed bmsWIDEDFFCPE inst u_TSP_Core/u_TSP_Disp_Exu/Exu_muldiv_u0/Exu_divider/dividend[18][31:0] at 5 that is stuck at constant 0.
W: Removed bmsWIDEDFFCPE inst u_TSP_Core/u_TSP_Disp_Exu/Exu_muldiv_u0/Exu_divider/dividend[18][31:0] at 6 that is stuck at constant 0.
W: Removed bmsWIDEDFFCPE inst u_TSP_Core/u_TSP_Disp_Exu/Exu_muldiv_u0/Exu_divider/dividend[18][31:0] at 7 that is stuck at constant 0.
W: Removed bmsWIDEDFFCPE inst u_TSP_Core/u_TSP_Disp_Exu/Exu_muldiv_u0/Exu_divider/dividend[18][31:0] at 8 that is stuck at constant 0.
W: Removed bmsWIDEDFFCPE inst u_TSP_Core/u_TSP_Disp_Exu/Exu_muldiv_u0/Exu_divider/dividend[18][31:0] at 9 that is stuck at constant 0.
W: Removed bmsWIDEDFFCPE inst u_TSP_Core/u_TSP_Disp_Exu/Exu_muldiv_u0/Exu_divider/dividend[18][31:0] at 10 that is stuck at constant 0.
W: Removed bmsWIDEDFFCPE inst u_TSP_Core/u_TSP_Disp_Exu/Exu_muldiv_u0/Exu_divider/dividend[18][31:0] at 11 that is stuck at constant 0.
W: Removed bmsWIDEDFFCPE inst u_TSP_Core/u_TSP_Disp_Exu/Exu_muldiv_u0/Exu_divider/dividend[18][31:0] at 12 that is stuck at constant 0.
W: Removed bmsWIDEDFFCPE inst u_TSP_Core/u_TSP_Disp_Exu/Exu_muldiv_u0/Exu_divider/dividend[18][31:0] at 13 that is stuck at constant 0.
W: Removed bmsWIDEDFFCPE inst u_TSP_Core/u_TSP_Disp_Exu/Exu_muldiv_u0/Exu_divider/ready[23] that is stuck at constant 0.
W: Removed bmsWIDEDFFCPE inst u_TSP_Core/u_TSP_Disp_Exu/Exu_muldiv_u0/Exu_divider/dividend[19][31:0] at 0 that is stuck at constant 0.
W: Removed bmsWIDEDFFCPE inst u_TSP_Core/u_TSP_Disp_Exu/Exu_muldiv_u0/Exu_divider/dividend[19][31:0] at 1 that is stuck at constant 0.
W: Removed bmsWIDEDFFCPE inst u_TSP_Core/u_TSP_Disp_Exu/Exu_muldiv_u0/Exu_divider/dividend[19][31:0] at 2 that is stuck at constant 0.
W: Removed bmsWIDEDFFCPE inst u_TSP_Core/u_TSP_Disp_Exu/Exu_muldiv_u0/Exu_divider/dividend[19][31:0] at 3 that is stuck at constant 0.
W: Removed bmsWIDEDFFCPE inst u_TSP_Core/u_TSP_Disp_Exu/Exu_muldiv_u0/Exu_divider/dividend[19][31:0] at 4 that is stuck at constant 0.
W: Removed bmsWIDEDFFCPE inst u_TSP_Core/u_TSP_Disp_Exu/Exu_muldiv_u0/Exu_divider/dividend[19][31:0] at 5 that is stuck at constant 0.
W: Removed bmsWIDEDFFCPE inst u_TSP_Core/u_TSP_Disp_Exu/Exu_muldiv_u0/Exu_divider/dividend[19][31:0] at 6 that is stuck at constant 0.
W: Removed bmsWIDEDFFCPE inst u_TSP_Core/u_TSP_Disp_Exu/Exu_muldiv_u0/Exu_divider/dividend[19][31:0] at 7 that is stuck at constant 0.
W: Removed bmsWIDEDFFCPE inst u_TSP_Core/u_TSP_Disp_Exu/Exu_muldiv_u0/Exu_divider/dividend[19][31:0] at 8 that is stuck at constant 0.
W: Removed bmsWIDEDFFCPE inst u_TSP_Core/u_TSP_Disp_Exu/Exu_muldiv_u0/Exu_divider/dividend[19][31:0] at 9 that is stuck at constant 0.
W: Removed bmsWIDEDFFCPE inst u_TSP_Core/u_TSP_Disp_Exu/Exu_muldiv_u0/Exu_divider/dividend[19][31:0] at 10 that is stuck at constant 0.
W: Removed bmsWIDEDFFCPE inst u_TSP_Core/u_TSP_Disp_Exu/Exu_muldiv_u0/Exu_divider/dividend[19][31:0] at 11 that is stuck at constant 0.
W: Removed bmsWIDEDFFCPE inst u_TSP_Core/u_TSP_Disp_Exu/Exu_muldiv_u0/Exu_divider/dividend[19][31:0] at 12 that is stuck at constant 0.
W: Removed bmsWIDEDFFCPE inst u_TSP_Core/u_TSP_Disp_Exu/Exu_muldiv_u0/Exu_divider/ready[24] that is stuck at constant 0.
W: Removed bmsWIDEDFFCPE inst u_TSP_Core/u_TSP_Disp_Exu/Exu_muldiv_u0/Exu_divider/dividend[20][31:0] at 0 that is stuck at constant 0.
W: Removed bmsWIDEDFFCPE inst u_TSP_Core/u_TSP_Disp_Exu/Exu_muldiv_u0/Exu_divider/dividend[20][31:0] at 1 that is stuck at constant 0.
W: Removed bmsWIDEDFFCPE inst u_TSP_Core/u_TSP_Disp_Exu/Exu_muldiv_u0/Exu_divider/dividend[20][31:0] at 2 that is stuck at constant 0.
W: Removed bmsWIDEDFFCPE inst u_TSP_Core/u_TSP_Disp_Exu/Exu_muldiv_u0/Exu_divider/dividend[20][31:0] at 3 that is stuck at constant 0.
W: Removed bmsWIDEDFFCPE inst u_TSP_Core/u_TSP_Disp_Exu/Exu_muldiv_u0/Exu_divider/dividend[20][31:0] at 4 that is stuck at constant 0.
W: Removed bmsWIDEDFFCPE inst u_TSP_Core/u_TSP_Disp_Exu/Exu_muldiv_u0/Exu_divider/dividend[20][31:0] at 5 that is stuck at constant 0.
W: Removed bmsWIDEDFFCPE inst u_TSP_Core/u_TSP_Disp_Exu/Exu_muldiv_u0/Exu_divider/dividend[20][31:0] at 6 that is stuck at constant 0.
W: Removed bmsWIDEDFFCPE inst u_TSP_Core/u_TSP_Disp_Exu/Exu_muldiv_u0/Exu_divider/dividend[20][31:0] at 7 that is stuck at constant 0.
W: Removed bmsWIDEDFFCPE inst u_TSP_Core/u_TSP_Disp_Exu/Exu_muldiv_u0/Exu_divider/dividend[20][31:0] at 8 that is stuck at constant 0.
W: Removed bmsWIDEDFFCPE inst u_TSP_Core/u_TSP_Disp_Exu/Exu_muldiv_u0/Exu_divider/dividend[20][31:0] at 9 that is stuck at constant 0.
W: Removed bmsWIDEDFFCPE inst u_TSP_Core/u_TSP_Disp_Exu/Exu_muldiv_u0/Exu_divider/dividend[20][31:0] at 10 that is stuck at constant 0.
W: Removed bmsWIDEDFFCPE inst u_TSP_Core/u_TSP_Disp_Exu/Exu_muldiv_u0/Exu_divider/dividend[20][31:0] at 11 that is stuck at constant 0.
W: Removed bmsWIDEDFFCPE inst u_TSP_Core/u_TSP_Disp_Exu/Exu_muldiv_u0/Exu_divider/ready[25] that is stuck at constant 0.
W: Removed bmsWIDEDFFCPE inst u_TSP_Core/u_TSP_Disp_Exu/Exu_muldiv_u0/Exu_divider/dividend[21][31:0] at 0 that is stuck at constant 0.
W: Removed bmsWIDEDFFCPE inst u_TSP_Core/u_TSP_Disp_Exu/Exu_muldiv_u0/Exu_divider/dividend[21][31:0] at 1 that is stuck at constant 0.
W: Removed bmsWIDEDFFCPE inst u_TSP_Core/u_TSP_Disp_Exu/Exu_muldiv_u0/Exu_divider/dividend[21][31:0] at 2 that is stuck at constant 0.
W: Removed bmsWIDEDFFCPE inst u_TSP_Core/u_TSP_Disp_Exu/Exu_muldiv_u0/Exu_divider/dividend[21][31:0] at 3 that is stuck at constant 0.
W: Removed bmsWIDEDFFCPE inst u_TSP_Core/u_TSP_Disp_Exu/Exu_muldiv_u0/Exu_divider/dividend[21][31:0] at 4 that is stuck at constant 0.
W: Removed bmsWIDEDFFCPE inst u_TSP_Core/u_TSP_Disp_Exu/Exu_muldiv_u0/Exu_divider/dividend[21][31:0] at 5 that is stuck at constant 0.
W: Removed bmsWIDEDFFCPE inst u_TSP_Core/u_TSP_Disp_Exu/Exu_muldiv_u0/Exu_divider/dividend[21][31:0] at 6 that is stuck at constant 0.
W: Removed bmsWIDEDFFCPE inst u_TSP_Core/u_TSP_Disp_Exu/Exu_muldiv_u0/Exu_divider/dividend[21][31:0] at 7 that is stuck at constant 0.
W: Removed bmsWIDEDFFCPE inst u_TSP_Core/u_TSP_Disp_Exu/Exu_muldiv_u0/Exu_divider/dividend[21][31:0] at 8 that is stuck at constant 0.
W: Removed bmsWIDEDFFCPE inst u_TSP_Core/u_TSP_Disp_Exu/Exu_muldiv_u0/Exu_divider/dividend[21][31:0] at 9 that is stuck at constant 0.
W: Removed bmsWIDEDFFCPE inst u_TSP_Core/u_TSP_Disp_Exu/Exu_muldiv_u0/Exu_divider/dividend[21][31:0] at 10 that is stuck at constant 0.
W: Removed bmsWIDEDFFCPE inst u_TSP_Core/u_TSP_Disp_Exu/Exu_muldiv_u0/Exu_divider/ready[26] that is stuck at constant 0.
W: Removed bmsWIDEDFFCPE inst u_TSP_Core/u_TSP_Disp_Exu/Exu_muldiv_u0/Exu_divider/dividend[22][31:0] at 0 that is stuck at constant 0.
W: Removed bmsWIDEDFFCPE inst u_TSP_Core/u_TSP_Disp_Exu/Exu_muldiv_u0/Exu_divider/dividend[22][31:0] at 1 that is stuck at constant 0.
W: Removed bmsWIDEDFFCPE inst u_TSP_Core/u_TSP_Disp_Exu/Exu_muldiv_u0/Exu_divider/dividend[22][31:0] at 2 that is stuck at constant 0.
W: Removed bmsWIDEDFFCPE inst u_TSP_Core/u_TSP_Disp_Exu/Exu_muldiv_u0/Exu_divider/dividend[22][31:0] at 3 that is stuck at constant 0.
W: Removed bmsWIDEDFFCPE inst u_TSP_Core/u_TSP_Disp_Exu/Exu_muldiv_u0/Exu_divider/dividend[22][31:0] at 4 that is stuck at constant 0.
W: Removed bmsWIDEDFFCPE inst u_TSP_Core/u_TSP_Disp_Exu/Exu_muldiv_u0/Exu_divider/dividend[22][31:0] at 5 that is stuck at constant 0.
W: Removed bmsWIDEDFFCPE inst u_TSP_Core/u_TSP_Disp_Exu/Exu_muldiv_u0/Exu_divider/dividend[22][31:0] at 6 that is stuck at constant 0.
W: Removed bmsWIDEDFFCPE inst u_TSP_Core/u_TSP_Disp_Exu/Exu_muldiv_u0/Exu_divider/dividend[22][31:0] at 7 that is stuck at constant 0.
W: Removed bmsWIDEDFFCPE inst u_TSP_Core/u_TSP_Disp_Exu/Exu_muldiv_u0/Exu_divider/dividend[22][31:0] at 8 that is stuck at constant 0.
W: Removed bmsWIDEDFFCPE inst u_TSP_Core/u_TSP_Disp_Exu/Exu_muldiv_u0/Exu_divider/dividend[22][31:0] at 9 that is stuck at constant 0.
W: Removed bmsWIDEDFFCPE inst u_TSP_Core/u_TSP_Disp_Exu/Exu_muldiv_u0/Exu_divider/ready[27] that is stuck at constant 0.
W: Removed bmsWIDEDFFCPE inst u_TSP_Core/u_TSP_Disp_Exu/Exu_muldiv_u0/Exu_divider/dividend[23][31:0] at 0 that is stuck at constant 0.
W: Removed bmsWIDEDFFCPE inst u_TSP_Core/u_TSP_Disp_Exu/Exu_muldiv_u0/Exu_divider/dividend[23][31:0] at 1 that is stuck at constant 0.
W: Removed bmsWIDEDFFCPE inst u_TSP_Core/u_TSP_Disp_Exu/Exu_muldiv_u0/Exu_divider/dividend[23][31:0] at 2 that is stuck at constant 0.
W: Removed bmsWIDEDFFCPE inst u_TSP_Core/u_TSP_Disp_Exu/Exu_muldiv_u0/Exu_divider/dividend[23][31:0] at 3 that is stuck at constant 0.
W: Removed bmsWIDEDFFCPE inst u_TSP_Core/u_TSP_Disp_Exu/Exu_muldiv_u0/Exu_divider/dividend[23][31:0] at 4 that is stuck at constant 0.
W: Removed bmsWIDEDFFCPE inst u_TSP_Core/u_TSP_Disp_Exu/Exu_muldiv_u0/Exu_divider/dividend[23][31:0] at 5 that is stuck at constant 0.
W: Removed bmsWIDEDFFCPE inst u_TSP_Core/u_TSP_Disp_Exu/Exu_muldiv_u0/Exu_divider/dividend[23][31:0] at 6 that is stuck at constant 0.
W: Removed bmsWIDEDFFCPE inst u_TSP_Core/u_TSP_Disp_Exu/Exu_muldiv_u0/Exu_divider/dividend[23][31:0] at 7 that is stuck at constant 0.
W: Removed bmsWIDEDFFCPE inst u_TSP_Core/u_TSP_Disp_Exu/Exu_muldiv_u0/Exu_divider/dividend[23][31:0] at 8 that is stuck at constant 0.
W: Removed bmsWIDEDFFCPE inst u_TSP_Core/u_TSP_Disp_Exu/Exu_muldiv_u0/Exu_divider/ready[28] that is stuck at constant 0.
W: Removed bmsWIDEDFFCPE inst u_TSP_Core/u_TSP_Disp_Exu/Exu_muldiv_u0/Exu_divider/dividend[24][31:0] at 0 that is stuck at constant 0.
W: Removed bmsWIDEDFFCPE inst u_TSP_Core/u_TSP_Disp_Exu/Exu_muldiv_u0/Exu_divider/dividend[24][31:0] at 1 that is stuck at constant 0.
W: Removed bmsWIDEDFFCPE inst u_TSP_Core/u_TSP_Disp_Exu/Exu_muldiv_u0/Exu_divider/dividend[24][31:0] at 2 that is stuck at constant 0.
W: Removed bmsWIDEDFFCPE inst u_TSP_Core/u_TSP_Disp_Exu/Exu_muldiv_u0/Exu_divider/dividend[24][31:0] at 3 that is stuck at constant 0.
W: Removed bmsWIDEDFFCPE inst u_TSP_Core/u_TSP_Disp_Exu/Exu_muldiv_u0/Exu_divider/dividend[24][31:0] at 4 that is stuck at constant 0.
W: Removed bmsWIDEDFFCPE inst u_TSP_Core/u_TSP_Disp_Exu/Exu_muldiv_u0/Exu_divider/dividend[24][31:0] at 5 that is stuck at constant 0.
W: Removed bmsWIDEDFFCPE inst u_TSP_Core/u_TSP_Disp_Exu/Exu_muldiv_u0/Exu_divider/dividend[24][31:0] at 6 that is stuck at constant 0.
W: Removed bmsWIDEDFFCPE inst u_TSP_Core/u_TSP_Disp_Exu/Exu_muldiv_u0/Exu_divider/dividend[24][31:0] at 7 that is stuck at constant 0.
W: Removed bmsWIDEDFFCPE inst u_TSP_Core/u_TSP_Disp_Exu/Exu_muldiv_u0/Exu_divider/ready[29] that is stuck at constant 0.
W: Removed bmsWIDEDFFCPE inst u_TSP_Core/u_TSP_Disp_Exu/Exu_muldiv_u0/Exu_divider/dividend[25][31:0] at 0 that is stuck at constant 0.
W: Removed bmsWIDEDFFCPE inst u_TSP_Core/u_TSP_Disp_Exu/Exu_muldiv_u0/Exu_divider/dividend[25][31:0] at 1 that is stuck at constant 0.
W: Removed bmsWIDEDFFCPE inst u_TSP_Core/u_TSP_Disp_Exu/Exu_muldiv_u0/Exu_divider/dividend[25][31:0] at 2 that is stuck at constant 0.
W: Removed bmsWIDEDFFCPE inst u_TSP_Core/u_TSP_Disp_Exu/Exu_muldiv_u0/Exu_divider/dividend[25][31:0] at 3 that is stuck at constant 0.
W: Removed bmsWIDEDFFCPE inst u_TSP_Core/u_TSP_Disp_Exu/Exu_muldiv_u0/Exu_divider/dividend[25][31:0] at 4 that is stuck at constant 0.
W: Removed bmsWIDEDFFCPE inst u_TSP_Core/u_TSP_Disp_Exu/Exu_muldiv_u0/Exu_divider/dividend[25][31:0] at 5 that is stuck at constant 0.
W: Removed bmsWIDEDFFCPE inst u_TSP_Core/u_TSP_Disp_Exu/Exu_muldiv_u0/Exu_divider/dividend[25][31:0] at 6 that is stuck at constant 0.
W: Removed bmsWIDEDFFCPE inst u_TSP_Core/u_TSP_Disp_Exu/Exu_muldiv_u0/Exu_divider/ready[30] that is stuck at constant 0.
W: Removed bmsWIDEDFFCPE inst u_TSP_Core/u_TSP_Disp_Exu/Exu_muldiv_u0/Exu_divider/dividend[26][31:0] at 0 that is stuck at constant 0.
W: Removed bmsWIDEDFFCPE inst u_TSP_Core/u_TSP_Disp_Exu/Exu_muldiv_u0/Exu_divider/dividend[26][31:0] at 1 that is stuck at constant 0.
W: Removed bmsWIDEDFFCPE inst u_TSP_Core/u_TSP_Disp_Exu/Exu_muldiv_u0/Exu_divider/dividend[26][31:0] at 2 that is stuck at constant 0.
W: Removed bmsWIDEDFFCPE inst u_TSP_Core/u_TSP_Disp_Exu/Exu_muldiv_u0/Exu_divider/dividend[26][31:0] at 3 that is stuck at constant 0.
W: Removed bmsWIDEDFFCPE inst u_TSP_Core/u_TSP_Disp_Exu/Exu_muldiv_u0/Exu_divider/dividend[26][31:0] at 4 that is stuck at constant 0.
W: Removed bmsWIDEDFFCPE inst u_TSP_Core/u_TSP_Disp_Exu/Exu_muldiv_u0/Exu_divider/dividend[26][31:0] at 5 that is stuck at constant 0.
W: Removed bmsWIDEDFFCPE inst u_TSP_Core/u_TSP_Disp_Exu/Exu_muldiv_u0/Exu_divider/ready[31] that is stuck at constant 0.
W: Removed bmsWIDEDFFCPE inst u_TSP_Core/u_TSP_Disp_Exu/Exu_muldiv_u0/Exu_divider/dividend[27][31:0] at 0 that is stuck at constant 0.
W: Removed bmsWIDEDFFCPE inst u_TSP_Core/u_TSP_Disp_Exu/Exu_muldiv_u0/Exu_divider/dividend[27][31:0] at 1 that is stuck at constant 0.
W: Removed bmsWIDEDFFCPE inst u_TSP_Core/u_TSP_Disp_Exu/Exu_muldiv_u0/Exu_divider/dividend[27][31:0] at 2 that is stuck at constant 0.
W: Removed bmsWIDEDFFCPE inst u_TSP_Core/u_TSP_Disp_Exu/Exu_muldiv_u0/Exu_divider/dividend[27][31:0] at 3 that is stuck at constant 0.
W: Removed bmsWIDEDFFCPE inst u_TSP_Core/u_TSP_Disp_Exu/Exu_muldiv_u0/Exu_divider/dividend[27][31:0] at 4 that is stuck at constant 0.
W: Removed bmsWIDEDFFCPE inst u_TSP_Core/u_TSP_Disp_Exu/Exu_muldiv_u0/Exu_divider/ready[32] that is stuck at constant 0.
W: Removed bmsWIDEDFFCPE inst u_TSP_Core/u_TSP_Disp_Exu/Exu_muldiv_u0/Exu_divider/dividend[28][31:0] at 0 that is stuck at constant 0.
W: Removed bmsWIDEDFFCPE inst u_TSP_Core/u_TSP_Disp_Exu/Exu_muldiv_u0/Exu_divider/dividend[28][31:0] at 1 that is stuck at constant 0.
W: Removed bmsWIDEDFFCPE inst u_TSP_Core/u_TSP_Disp_Exu/Exu_muldiv_u0/Exu_divider/dividend[28][31:0] at 2 that is stuck at constant 0.
W: Removed bmsWIDEDFFCPE inst u_TSP_Core/u_TSP_Disp_Exu/Exu_muldiv_u0/Exu_divider/dividend[28][31:0] at 3 that is stuck at constant 0.
W: Removed bmsWIDEDFFCPE inst u_TSP_Core/u_TSP_Disp_Exu/Exu_muldiv_u0/Exu_divider/dividend[29][31:0] at 0 that is stuck at constant 0.
W: Removed bmsWIDEDFFCPE inst u_TSP_Core/u_TSP_Disp_Exu/Exu_muldiv_u0/Exu_divider/dividend[29][31:0] at 1 that is stuck at constant 0.
W: Removed bmsWIDEDFFCPE inst u_TSP_Core/u_TSP_Disp_Exu/Exu_muldiv_u0/Exu_divider/dividend[29][31:0] at 2 that is stuck at constant 0.
W: Removed bmsWIDEDFFCPE inst u_TSP_Core/u_TSP_Disp_Exu/Exu_muldiv_u0/div_busy_r that is stuck at constant 0.
W: Removed bmsWIDEDFFCPE inst u_TSP_Core/u_TSP_Disp_Exu/Exu_muldiv_u0/Exu_divider/dividend[30][31:0] at 0 that is stuck at constant 0.
W: Removed bmsWIDEDFFCPE inst u_TSP_Core/u_TSP_Disp_Exu/Exu_muldiv_u0/Exu_divider/dividend[30][31:0] at 1 that is stuck at constant 0.
W: Removed bmsWIDEDFFCPE inst u_TSP_Core/u_TSP_Disp_Exu/Exu_muldiv_u0/Exu_divider/dividend[31][31:0] at 0 that is stuck at constant 0.
I: Removed bmsADD inst u_TSP_Core/u_TSP_Disp_Exu/Exu_muldiv_u0/Exu_divider/N9 that is redundant to u_TSP_Core/u_TSP_Disp_Exu/Exu_muldiv_u0/Exu_divider/N5
I: Removed bmsEQUAL inst u_TSP_Core/u_TSP_Disp_Exu/N10 that is redundant to u_TSP_Core/u_TSP_Disp_Exu/N4
I: Removed bmsEQUAL inst u_TSP_Core/u_TSP_Disp_Exu/N279 that is redundant to u_TSP_Core/u_TSP_Disp_Exu/N4
I: Removed bmsEQUAL inst u_TSP_Core/u_TSP_Disp_Exu/N285 that is redundant to u_TSP_Core/u_TSP_Disp_Exu/N4
I: Removed bmsEQUAL inst u_TSP_Core/u_TSP_Disp_Exu/N292 that is redundant to u_TSP_Core/u_TSP_Disp_Exu/N4
I: Removed bmsEQUAL inst u_TSP_Core/u_TSP_Disp_Exu/N293 that is redundant to u_TSP_Core/u_TSP_Disp_Exu/N4
I: Removed bmsEQUAL inst u_TSP_Core/u_TSP_Disp_Exu/N295 that is redundant to u_TSP_Core/u_TSP_Disp_Exu/N4
I: Removed bmsEQUAL inst u_TSP_Core/u_TSP_Disp_Exu/N360 that is redundant to u_TSP_Core/u_TSP_Disp_Exu/N4
I: Removed bmsEQUAL inst u_TSP_Core/u_TSP_Disp_Exu/N302 that is redundant to u_TSP_Core/u_TSP_Disp_Exu/N301
I: Removed bmsEQUAL inst u_TSP_Core/u_TSP_Disp_Exu/N304 that is redundant to u_TSP_Core/u_TSP_Disp_Exu/N301
I: Removed bmsEQUAL inst u_TSP_Core/u_TSP_Disp_Exu/N363 that is redundant to u_TSP_Core/u_TSP_Disp_Exu/N301
I: Removed bmsSRL inst u_TSP_Core/u_TSP_Disp_Exu/Exu_common_u0/N83 that is redundant to u_TSP_Core/u_TSP_Disp_Exu/Exu_common_u0/N82
I: Removed bmsWIDEINV inst u_TSP_Core/u_TSP_Disp_Exu/Exu_muldiv_u0/Exu_multiplier/N1243 that is redundant to u_TSP_Core/u_TSP_Disp_Exu/Exu_muldiv_u0/Exu_multiplier/N1238
I: Removed bmsWIDEINV inst u_TSP_Core/u_TSP_Disp_Exu/Exu_muldiv_u0/Exu_multiplier/N1268 that is redundant to u_TSP_Core/u_TSP_Disp_Exu/Exu_muldiv_u0/Exu_multiplier/N1238
I: Removed bmsWIDEINV inst u_TSP_Core/u_TSP_Disp_Exu/Exu_muldiv_u0/Exu_multiplier/N1297 that is redundant to u_TSP_Core/u_TSP_Disp_Exu/Exu_muldiv_u0/Exu_multiplier/N1238
I: Removed bmsWIDEINV inst u_TSP_Core/u_TSP_Disp_Exu/Exu_muldiv_u0/Exu_multiplier/N1302 that is redundant to u_TSP_Core/u_TSP_Disp_Exu/Exu_muldiv_u0/Exu_multiplier/N1238
I: Removed bmsWIDEINV inst u_TSP_Core/u_TSP_Disp_Exu/Exu_muldiv_u0/Exu_divider/N3 that is redundant to u_TSP_Core/u_TSP_Disp_Exu/Exu_common_u0/N16
I: Removed bmsWIDEINV inst u_TSP_Core/u_TSP_Disp_Exu/Exu_muldiv_u0/Exu_divider/N7 that is redundant to u_TSP_Core/u_TSP_Disp_Exu/Exu_common_u0/N16
I: Removed bmsWIDEDFFRSE inst u_TSP_Core/u_TSP_Idec/RV32I_Btype that is redundant to u_TSP_Core/u_TSP_Idec/INST_BEQ
I: Removed bmsDECODER inst u_TSP_Core/u_TSP_Regfiles/ND1 that is redundant to u_TSP_Core/u_TSP_Regfiles/ND0
I: Removed bmsPMUX inst u_TSP_Core/u_TSP_Regfiles/N228_1 that is redundant to u_TSP_Core/u_TSP_Regfiles/N221_1
I: Removed bmsWIDEDFFRSE inst u_TSP_Core/u_TSP_Disp_Exu/ex_RV32I_Btype that is redundant to u_TSP_Core/u_TSP_Disp_Exu/ex_INST_BEQ
W: Removed bmsWIDEDFFRSE inst u_TSP_Core/u_TSP_Idec/imm_o[31:0] at 0 that is stuck at constant 0.
W: Removed bmsWIDEDFFRSE inst u_TSP_Core/u_TSP_Disp_Exu/ex_imm[31:0] at 0 that is stuck at constant 0.
W: Removed bmsWIDEDFFRSE inst u_TSP_Core/u_TSP_Disp_Exu/ex_imm[31:0] at 1 that is stuck at constant 0.
W: Removed bmsWIDEDFFRSE inst u_TSP_Core/u_TSP_Disp_Exu/ex_imm[31:0] at 2 that is stuck at constant 0.
W: Removed bmsWIDEDFFRSE inst u_TSP_Core/u_TSP_Disp_Exu/ex_imm[31:0] at 3 that is stuck at constant 0.
W: Removed bmsWIDEDFFRSE inst u_TSP_Core/u_TSP_Disp_Exu/ex_imm[31:0] at 4 that is stuck at constant 0.
W: Removed bmsWIDEDFFRSE inst u_TSP_Core/u_TSP_Disp_Exu/ex_imm[31:0] at 5 that is stuck at constant 0.
W: Removed bmsWIDEDFFRSE inst u_TSP_Core/u_TSP_Disp_Exu/ex_imm[31:0] at 6 that is stuck at constant 0.
W: Removed bmsWIDEDFFRSE inst u_TSP_Core/u_TSP_Disp_Exu/ex_imm[31:0] at 7 that is stuck at constant 0.
W: Removed bmsWIDEDFFRSE inst u_TSP_Core/u_TSP_Disp_Exu/ex_imm[31:0] at 8 that is stuck at constant 0.
W: Removed bmsWIDEDFFRSE inst u_TSP_Core/u_TSP_Disp_Exu/ex_imm[31:0] at 9 that is stuck at constant 0.
W: Removed bmsWIDEDFFRSE inst u_TSP_Core/u_TSP_Disp_Exu/ex_imm[31:0] at 10 that is stuck at constant 0.
W: Removed bmsWIDEDFFRSE inst u_TSP_Core/u_TSP_Disp_Exu/ex_imm[31:0] at 11 that is stuck at constant 0.
W: Removed bmsWIDEDFFRSE inst u_TSP_Core/u_TSP_Disp_Exu/ex_imm[31:0] at 12 that is stuck at constant 0.
W: Removed bmsWIDEDFFRSE inst u_TSP_Core/u_TSP_Disp_Exu/ex_imm[31:0] at 13 that is stuck at constant 0.
W: Removed bmsWIDEDFFRSE inst u_TSP_Core/u_TSP_Disp_Exu/ex_imm[31:0] at 14 that is stuck at constant 0.
W: Removed bmsWIDEDFFRSE inst u_TSP_Core/u_TSP_Disp_Exu/ex_imm[31:0] at 15 that is stuck at constant 0.
W: Removed bmsWIDEDFFRSE inst u_TSP_Core/u_TSP_Disp_Exu/ex_imm[31:0] at 16 that is stuck at constant 0.
W: Removed bmsWIDEDFFRSE inst u_TSP_Core/u_TSP_Disp_Exu/ex_imm[31:0] at 17 that is stuck at constant 0.
W: Removed bmsWIDEDFFRSE inst u_TSP_Core/u_TSP_Disp_Exu/ex_imm[31:0] at 18 that is stuck at constant 0.
W: Removed bmsWIDEDFFRSE inst u_TSP_Core/u_TSP_Disp_Exu/ex_imm[31:0] at 19 that is stuck at constant 0.
W: Removed bmsWIDEDFFRSE inst u_TSP_Core/u_TSP_Disp_Exu/ex_imm[31:0] at 20 that is stuck at constant 0.
W: Removed bmsWIDEDFFRSE inst u_TSP_Core/u_TSP_Disp_Exu/ex_imm[31:0] at 21 that is stuck at constant 0.
W: Removed bmsWIDEDFFRSE inst u_TSP_Core/u_TSP_Disp_Exu/ex_imm[31:0] at 22 that is stuck at constant 0.
W: Removed bmsWIDEDFFRSE inst u_TSP_Core/u_TSP_Disp_Exu/ex_imm[31:0] at 23 that is stuck at constant 0.
W: Removed bmsWIDEDFFRSE inst u_TSP_Core/u_TSP_Disp_Exu/ex_imm[31:0] at 24 that is stuck at constant 0.
W: Removed bmsWIDEDFFRSE inst u_TSP_Core/u_TSP_Disp_Exu/ex_imm[31:0] at 25 that is stuck at constant 0.
W: Removed bmsWIDEDFFRSE inst u_TSP_Core/u_TSP_Disp_Exu/ex_imm[31:0] at 26 that is stuck at constant 0.
W: Removed bmsWIDEDFFRSE inst u_TSP_Core/u_TSP_Disp_Exu/ex_imm[31:0] at 27 that is stuck at constant 0.
W: Removed bmsWIDEDFFRSE inst u_TSP_Core/u_TSP_Disp_Exu/ex_imm[31:0] at 28 that is stuck at constant 0.
W: Removed bmsWIDEDFFRSE inst u_TSP_Core/u_TSP_Disp_Exu/ex_imm[31:0] at 29 that is stuck at constant 0.
W: Removed bmsWIDEDFFRSE inst u_TSP_Core/u_TSP_Disp_Exu/ex_imm[31:0] at 30 that is stuck at constant 0.
W: Removed bmsWIDEDFFRSE inst u_TSP_Core/u_TSP_Disp_Exu/ex_imm[31:0] at 31 that is stuck at constant 0.
W: Public-4008: Instance 'u_TSP_Core/u_TSP_Disp_Exu/Exu_muldiv_u0/Exu_divider/dividend[24][31:0]' of 'bmsWIDEDFFCPE' unit is dangling and will be cleaned.
W: Public-4008: Instance 'u_TSP_Core/u_TSP_Disp_Exu/Exu_muldiv_u0/Exu_divider/dividend[25][31:0]' of 'bmsWIDEDFFCPE' unit is dangling and will be cleaned.
W: Public-4008: Instance 'u_TSP_Core/u_TSP_Disp_Exu/Exu_muldiv_u0/Exu_divider/quotient[14][31:0]' of 'bmsWIDEDFFCPE' unit is dangling and will be cleaned.
W: Public-4008: Instance 'u_TSP_Core/u_TSP_Disp_Exu/Exu_muldiv_u0/Exu_divider/dividend[12][31:0]' of 'bmsWIDEDFFCPE' unit is dangling and will be cleaned.
W: Public-4008: Instance 'u_TSP_Core/u_TSP_Disp_Exu/Exu_muldiv_u0/Exu_divider/dividend[11][31:0]' of 'bmsWIDEDFFCPE' unit is dangling and will be cleaned.
W: Public-4008: Instance 'u_TSP_Core/u_TSP_Disp_Exu/Exu_muldiv_u0/Exu_divider/dividend[28][31:0]' of 'bmsWIDEDFFCPE' unit is dangling and will be cleaned.
W: Public-4008: Instance 'u_TSP_Core/u_TSP_Disp_Exu/Exu_muldiv_u0/Exu_divider/dividend[9][31:0]' of 'bmsWIDEDFFCPE' unit is dangling and will be cleaned.
W: Public-4008: Instance 'u_TSP_Core/u_TSP_Disp_Exu/Exu_muldiv_u0/Exu_divider/dividend[13][31:0]' of 'bmsWIDEDFFCPE' unit is dangling and will be cleaned.
W: Public-4008: Instance 'u_TSP_Core/u_ls_ctrl/load_type_r[2:0]' of 'bmsWIDEDFFCPE' unit is dangling and will be cleaned.
W: Public-4008: Instance 'u_TSP_Core/u_TSP_Disp_Exu/Exu_muldiv_u0/Exu_divider/dividend[6][31:0]' of 'bmsWIDEDFFCPE' unit is dangling and will be cleaned.
W: Public-4008: Instance 'u_UART/rdata_r[31:0]' of 'bmsWIDEDFFCPE' unit is dangling and will be cleaned.
W: Public-4008: Instance 'u_UART/u_uart_core/uart_rx_inst/prescale_reg[18:0]' of 'bmsWIDEDFFRSE' unit is dangling and will be cleaned.
W: Public-4008: Instance 'u_UART/u_uart_core/uart_rx_inst/rxd_reg' of 'bmsWIDEDFFRSE' unit is dangling and will be cleaned.
W: Public-4008: Instance 'u_UART/u_uart_core/uart_rx_inst/bit_cnt[3:0]' of 'bmsWIDEDFFRSE' unit is dangling and will be cleaned.
W: Public-4008: Instance 'u_UART/u_uart_core/uart_rx_inst/data_reg[7:0]' of 'bmsWIDEDFFRSE' unit is dangling and will be cleaned.
W: Public-4008: Instance 'u_UART/u_uart_core/uart_rx_inst/m_axis_tdata_reg[7:0]' of 'bmsWIDEDFFRSE' unit is dangling and will be cleaned.
W: Public-4008: Instance 'u_UART/u_uart_core/uart_rx_inst/m_axis_tvalid_reg' of 'bmsWIDEDFFRSE' unit is dangling and will be cleaned.
W: Public-4008: Instance 'u_SRAM/u_Data_Ram/U_ipml_spram_RAM/wr_en_ff' of 'bmsWIDEDFFRSE' unit is dangling and will be cleaned.
W: Public-4008: Instance 'u_SRAM/rdata_latch[31:0]' of 'bmsWIDEDFFCPE' unit is dangling and will be cleaned.
W: Public-4008: Instance 'u_SRAM/u_Data_Ram/U_ipml_spram_RAM/addr_bus_rd_ce[1:0]' of 'bmsWIDEDFFRSE' unit is dangling and will be cleaned.
W: Public-4008: Instance 'u_SRAM/u_Data_Ram/U_ipml_spram_RAM/addr_bus_rd_ce_ff[1:0]' of 'bmsWIDEDFFRSE' unit is dangling and will be cleaned.
W: Public-4008: Instance 'u_TSP_Core/u_ls_ctrl/m_axi_wstrb[3:0]' of 'bmsWIDEDFFCPE' unit is dangling and will be cleaned.
W: Public-4008: Instance 'u_TSP_Core/u_TSP_Disp_Exu/Exu_muldiv_u0/Exu_multiplier/Prod[67:0]' of 'bmsWIDEDFFRSE' unit is dangling and will be cleaned.
W: Public-4008: Instance 'u_TSP_Core/u_TSP_Disp_Exu/Exu_muldiv_u0/Exu_divider/dividend[17][31:0]' of 'bmsWIDEDFFCPE' unit is dangling and will be cleaned.
W: Public-4008: Instance 'u_TSP_Core/u_TSP_Disp_Exu/Exu_muldiv_u0/Exu_divider/dividend[21][31:0]' of 'bmsWIDEDFFCPE' unit is dangling and will be cleaned.
W: Public-4008: Instance 'u_TSP_Core/u_TSP_Disp_Exu/Exu_muldiv_u0/Exu_divider/quotient[16][31:0]' of 'bmsWIDEDFFCPE' unit is dangling and will be cleaned.
W: Public-4008: Instance 'u_TSP_Core/u_TSP_Disp_Exu/Exu_muldiv_u0/Exu_divider/quotient[19][31:0]' of 'bmsWIDEDFFCPE' unit is dangling and will be cleaned.
W: Public-4008: Instance 'u_TSP_Core/u_TSP_Disp_Exu/Exu_muldiv_u0/Exu_divider/dividend[15][31:0]' of 'bmsWIDEDFFCPE' unit is dangling and will be cleaned.
W: Public-4008: Instance 'u_TSP_Core/u_TSP_Disp_Exu/Exu_muldiv_u0/Exu_divider/dividend[27][31:0]' of 'bmsWIDEDFFCPE' unit is dangling and will be cleaned.
W: Public-4008: Instance 'u_TSP_Core/u_TSP_Disp_Exu/Exu_muldiv_u0/Exu_divider/quotient[31][31:0]' of 'bmsWIDEDFFCPE' unit is dangling and will be cleaned.
W: Public-4008: Instance 'u_TSP_Core/u_TSP_Disp_Exu/Exu_muldiv_u0/Exu_divider/quotient[8][31:0]' of 'bmsWIDEDFFCPE' unit is dangling and will be cleaned.
W: Public-4008: Instance 'u_TSP_Core/u_TSP_Disp_Exu/Exu_muldiv_u0/Exu_divider/quotient[1][31:0]' of 'bmsWIDEDFFCPE' unit is dangling and will be cleaned.
W: Public-4008: Instance 'u_TSP_Core/u_TSP_Disp_Exu/Exu_muldiv_u0/Exu_divider/quotient[15][31:0]' of 'bmsWIDEDFFCPE' unit is dangling and will be cleaned.
W: Public-4008: Instance 'u_TSP_Core/u_TSP_Disp_Exu/Exu_muldiv_u0/Exu_divider/dividend[22][31:0]' of 'bmsWIDEDFFCPE' unit is dangling and will be cleaned.
W: Public-4008: Instance 'u_TSP_Core/u_TSP_Disp_Exu/Exu_muldiv_u0/Exu_divider/dividend[26][31:0]' of 'bmsWIDEDFFCPE' unit is dangling and will be cleaned.
W: Public-4008: Instance 'u_TSP_Core/u_TSP_Disp_Exu/Exu_muldiv_u0/Exu_divider/quotient[18][31:0]' of 'bmsWIDEDFFCPE' unit is dangling and will be cleaned.
W: Public-4008: Instance 'u_TSP_Core/u_TSP_Disp_Exu/Exu_muldiv_u0/Exu_divider/quotient[20][31:0]' of 'bmsWIDEDFFCPE' unit is dangling and will be cleaned.
W: Public-4008: Instance 'u_TSP_Core/u_TSP_Disp_Exu/Exu_muldiv_u0/Exu_divider/dividend[20][31:0]' of 'bmsWIDEDFFCPE' unit is dangling and will be cleaned.
W: Public-4008: Instance 'u_TSP_Core/u_TSP_Disp_Exu/Exu_muldiv_u0/Exu_divider/quotient[22][31:0]' of 'bmsWIDEDFFCPE' unit is dangling and will be cleaned.
W: Public-4008: Instance 'u_TSP_Core/u_TSP_Disp_Exu/Exu_muldiv_u0/Exu_divider/quotient[13][31:0]' of 'bmsWIDEDFFCPE' unit is dangling and will be cleaned.
W: Public-4008: Instance 'u_TSP_Core/u_TSP_Disp_Exu/Exu_muldiv_u0/Exu_divider/quotient[10][31:0]' of 'bmsWIDEDFFCPE' unit is dangling and will be cleaned.
W: Public-4008: Instance 'u_TSP_Core/u_TSP_Disp_Exu/Exu_muldiv_u0/Exu_divider/quotient[24][31:0]' of 'bmsWIDEDFFCPE' unit is dangling and will be cleaned.
W: Public-4008: Instance 'u_TSP_Core/u_TSP_Disp_Exu/Exu_muldiv_u0/Exu_divider/quotient[9][31:0]' of 'bmsWIDEDFFCPE' unit is dangling and will be cleaned.
W: Public-4008: Instance 'u_TSP_Core/u_TSP_Disp_Exu/Exu_muldiv_u0/Exu_divider/quotient[23][31:0]' of 'bmsWIDEDFFCPE' unit is dangling and will be cleaned.
W: Public-4008: Instance 'u_TSP_Core/u_TSP_Disp_Exu/Exu_muldiv_u0/Exu_divider/quotient[11][31:0]' of 'bmsWIDEDFFCPE' unit is dangling and will be cleaned.
W: Public-4008: Instance 'u_TSP_Core/u_TSP_Disp_Exu/Exu_muldiv_u0/Exu_divider/quotient[12][31:0]' of 'bmsWIDEDFFCPE' unit is dangling and will be cleaned.
W: Public-4008: Instance 'u_TSP_Core/u_TSP_Disp_Exu/Exu_muldiv_u0/Exu_divider/dividend[32][31:0]' of 'bmsWIDEDFFCPE' unit is dangling and will be cleaned.
W: Public-4008: Instance 'u_TSP_Core/u_TSP_Disp_Exu/Exu_muldiv_u0/Exu_divider/dividend[4][31:0]' of 'bmsWIDEDFFCPE' unit is dangling and will be cleaned.
W: Public-4008: Instance 'u_TSP_Core/u_TSP_Disp_Exu/Exu_muldiv_u0/Exu_divider/quotient[21][31:0]' of 'bmsWIDEDFFCPE' unit is dangling and will be cleaned.
W: Public-4008: Instance 'u_TSP_Core/u_TSP_Disp_Exu/Exu_muldiv_u0/Exu_divider/dividend[29][31:0]' of 'bmsWIDEDFFCPE' unit is dangling and will be cleaned.
W: Public-4008: Instance 'u_TSP_Core/u_TSP_Disp_Exu/Exu_muldiv_u0/Exu_divider/dividend[31][31:0]' of 'bmsWIDEDFFCPE' unit is dangling and will be cleaned.
W: Public-4008: Instance 'u_TSP_Core/u_TSP_Disp_Exu/Exu_muldiv_u0/Exu_divider/quotient[7][31:0]' of 'bmsWIDEDFFCPE' unit is dangling and will be cleaned.
W: Public-4008: Instance 'u_TSP_Core/u_TSP_Disp_Exu/Exu_muldiv_u0/Exu_divider/quotient[6][31:0]' of 'bmsWIDEDFFCPE' unit is dangling and will be cleaned.
W: Public-4008: Instance 'u_TSP_Core/u_TSP_Disp_Exu/Exu_muldiv_u0/Exu_divider/dividend[1][31:0]' of 'bmsWIDEDFFCPE' unit is dangling and will be cleaned.
W: Public-4008: Instance 'u_TSP_Core/u_TSP_Disp_Exu/Exu_muldiv_u0/Exu_divider/quotient[5][31:0]' of 'bmsWIDEDFFCPE' unit is dangling and will be cleaned.
W: Public-4008: Instance 'u_TSP_Core/u_TSP_Disp_Exu/Exu_muldiv_u0/Exu_divider/dividend[2][31:0]' of 'bmsWIDEDFFCPE' unit is dangling and will be cleaned.
W: Public-4008: Instance 'u_TSP_Core/u_TSP_Disp_Exu/Exu_muldiv_u0/Exu_divider/quotient[4][31:0]' of 'bmsWIDEDFFCPE' unit is dangling and will be cleaned.
W: Public-4008: Instance 'u_TSP_Core/u_TSP_Disp_Exu/Exu_muldiv_u0/Exu_divider/dividend[3][31:0]' of 'bmsWIDEDFFCPE' unit is dangling and will be cleaned.
W: Public-4008: Instance 'u_TSP_Core/u_TSP_Disp_Exu/Exu_muldiv_u0/Exu_divider/quotient[32][31:0]' of 'bmsWIDEDFFCPE' unit is dangling and will be cleaned.
W: Public-4008: Instance 'u_TSP_Core/u_TSP_Disp_Exu/Exu_muldiv_u0/Exu_multiplier/Guard' of 'bmsWIDEDFFRSE' unit is dangling and will be cleaned.
W: Public-4008: Instance 'u_TSP_Core/u_TSP_Disp_Exu/Exu_muldiv_u0/Exu_divider/dividend[8][31:0]' of 'bmsWIDEDFFCPE' unit is dangling and will be cleaned.
W: Public-4008: Instance 'u_TSP_Core/u_ls_ctrl/axi_read_data_r[31:0]' of 'bmsWIDEDFFCPE' unit is dangling and will be cleaned.
W: Public-4008: Instance 'u_TSP_Core/u_ls_ctrl/addr_align_r[1:0]' of 'bmsWIDEDFFCPE' unit is dangling and will be cleaned.
W: Public-4008: Instance 'u_TSP_Core/u_TSP_Disp_Exu/Exu_muldiv_u0/Exu_divider/dividend[7][31:0]' of 'bmsWIDEDFFCPE' unit is dangling and will be cleaned.
W: Public-4008: Instance 'u_TSP_Core/u_TSP_Disp_Exu/Exu_muldiv_u0/Exu_divider/quotient[25][31:0]' of 'bmsWIDEDFFCPE' unit is dangling and will be cleaned.
W: Public-4008: Instance 'u_TSP_Core/u_TSP_Disp_Exu/Exu_muldiv_u0/Exu_divider/quotient[26][31:0]' of 'bmsWIDEDFFCPE' unit is dangling and will be cleaned.
W: Public-4008: Instance 'u_TSP_Core/u_TSP_Disp_Exu/Exu_muldiv_u0/Exu_divider/dividend[5][31:0]' of 'bmsWIDEDFFCPE' unit is dangling and will be cleaned.
W: Public-4008: Instance 'u_TSP_Core/u_TSP_Disp_Exu/Exu_muldiv_u0/Exu_divider/dividend[18][31:0]' of 'bmsWIDEDFFCPE' unit is dangling and will be cleaned.
W: Public-4008: Instance 'u_TSP_Core/u_TSP_Disp_Exu/Exu_muldiv_u0/Exu_divider/dividend[16][31:0]' of 'bmsWIDEDFFCPE' unit is dangling and will be cleaned.
W: Public-4008: Instance 'u_TSP_Core/u_TSP_Disp_Exu/Exu_common_u0/rd_op[31:0]' of 'bmsWIDEDFFCPE' unit is dangling and will be cleaned.
W: Public-4008: Instance 'u_TSP_Core/u_TSP_Disp_Exu/Exu_muldiv_u0/Exu_divider/quotient[3][31:0]' of 'bmsWIDEDFFCPE' unit is dangling and will be cleaned.
W: Public-4008: Instance 'u_TSP_Core/u_TSP_Disp_Exu/Exu_muldiv_u0/Exu_divider/dividend[14][31:0]' of 'bmsWIDEDFFCPE' unit is dangling and will be cleaned.
W: Public-4008: Instance 'u_TSP_Core/u_TSP_Disp_Exu/Exu_muldiv_u0/Exu_divider/dividend[30][31:0]' of 'bmsWIDEDFFCPE' unit is dangling and will be cleaned.
W: Public-4008: Instance 'u_TSP_Core/u_TSP_Disp_Exu/Exu_ls_u0/load_type_r[2:0]' of 'bmsWIDEDFFCPE' unit is dangling and will be cleaned.
W: Public-4008: Instance 'u_TSP_Core/u_TSP_Disp_Exu/Exu_muldiv_u0/Exu_divider/quotient[27][31:0]' of 'bmsWIDEDFFCPE' unit is dangling and will be cleaned.
W: Public-4008: Instance 'u_TSP_Core/u_TSP_Disp_Exu/Exu_muldiv_u0/Exu_divider/quotient[2][31:0]' of 'bmsWIDEDFFCPE' unit is dangling and will be cleaned.
W: Public-4008: Instance 'u_TSP_Core/u_TSP_Disp_Exu/Exu_muldiv_u0/Exu_divider/quotient[29][31:0]' of 'bmsWIDEDFFCPE' unit is dangling and will be cleaned.
W: Public-4008: Instance 'u_TSP_Core/u_TSP_Disp_Exu/Exu_muldiv_u0/Exu_divider/dividend[23][31:0]' of 'bmsWIDEDFFCPE' unit is dangling and will be cleaned.
W: Public-4008: Instance 'u_TSP_Core/u_TSP_Disp_Exu/Exu_muldiv_u0/Exu_divider/quotient[30][31:0]' of 'bmsWIDEDFFCPE' unit is dangling and will be cleaned.
W: Public-4008: Instance 'u_TSP_Core/u_TSP_Disp_Exu/Exu_muldiv_u0/Exu_divider/dividend[10][31:0]' of 'bmsWIDEDFFCPE' unit is dangling and will be cleaned.
W: Public-4008: Instance 'u_TSP_Core/u_TSP_Disp_Exu/Exu_muldiv_u0/mul_busy_r' of 'bmsWIDEDFFCPE' unit is dangling and will be cleaned.
W: Public-4008: Instance 'u_TSP_Core/u_TSP_Disp_Exu/Exu_muldiv_u0/Exu_divider/quotient[28][31:0]' of 'bmsWIDEDFFCPE' unit is dangling and will be cleaned.
W: Public-4008: Instance 'u_TSP_Core/u_TSP_Disp_Exu/Exu_muldiv_u0/Exu_divider/quotient[17][31:0]' of 'bmsWIDEDFFCPE' unit is dangling and will be cleaned.
W: Public-4008: Instance 'u_TSP_Core/u_TSP_Disp_Exu/Exu_muldiv_u0/Exu_divider/dividend[19][31:0]' of 'bmsWIDEDFFCPE' unit is dangling and will be cleaned.
W: Public-4008: Instance 'u_TSP_Core/u_TSP_Disp_Exu/Exu_muldiv_u0/Exu_multiplier/Cntr[4:0]' of 'bmsWIDEDFFRSE' unit is dangling and will be cleaned.
Executing : mod-gen successfully. Time elapsed: 0.459s wall, 0.531s user + 0.141s system = 0.672s CPU (146.5%)

Start logic-optimization.
W: Removed bmsWIDEDFFCPE inst u_TSP_Core/u_TSP_Disp_Exu/moitf1[4:0] at 0 that is stuck at constant 0.
W: Removed bmsWIDEDFFCPE inst u_TSP_Core/u_TSP_Disp_Exu/moitf1[4:0] at 1 that is stuck at constant 0.
W: Removed bmsWIDEDFFCPE inst u_TSP_Core/u_TSP_Disp_Exu/moitf1[4:0] at 2 that is stuck at constant 0.
W: Removed bmsWIDEDFFCPE inst u_TSP_Core/u_TSP_Disp_Exu/moitf1[4:0] at 3 that is stuck at constant 0.
W: Removed bmsWIDEDFFCPE inst u_TSP_Core/u_TSP_Disp_Exu/moitf1[4:0] at 4 that is stuck at constant 0.
W: Removed bmsWIDEDFFCPE inst u_TSP_Core/u_TSP_Disp_Exu/Exu_ls_u0/ls_addr_r[31:0] at 28 that is stuck at constant 0.
W: Removed bmsWIDEDFFCPE inst u_TSP_Core/u_TSP_Disp_Exu/Exu_ls_u0/ls_addr_r[31:0] at 29 that is stuck at constant 0.
W: Removed bmsWIDEDFFCPE inst u_TSP_Core/u_TSP_Disp_Exu/Exu_ls_u0/ls_addr_r[31:0] at 30 that is stuck at constant 0.
W: Removed bmsWIDEDFFCPE inst u_TSP_Core/u_TSP_Disp_Exu/Exu_ls_u0/ls_addr_r[31:0] at 31 that is stuck at constant 0.
W: Removed bmsWIDEDFFCPE inst u_TSP_Core/u_ls_ctrl/m_axi_araddr[31:0] at 28 that is stuck at constant 0.
W: Removed bmsWIDEDFFCPE inst u_TSP_Core/u_ls_ctrl/m_axi_araddr[31:0] at 29 that is stuck at constant 0.
W: Removed bmsWIDEDFFCPE inst u_TSP_Core/u_ls_ctrl/m_axi_araddr[31:0] at 30 that is stuck at constant 0.
W: Removed bmsWIDEDFFCPE inst u_TSP_Core/u_ls_ctrl/m_axi_araddr[31:0] at 31 that is stuck at constant 0.
W: Removed bmsWIDEDFFCPE inst u_TSP_Core/u_ls_ctrl/m_axi_awaddr[31:0] at 28 that is stuck at constant 0.
W: Removed bmsWIDEDFFCPE inst u_TSP_Core/u_ls_ctrl/m_axi_awaddr[31:0] at 29 that is stuck at constant 0.
W: Removed bmsWIDEDFFCPE inst u_TSP_Core/u_ls_ctrl/m_axi_awaddr[31:0] at 30 that is stuck at constant 0.
W: Removed bmsWIDEDFFCPE inst u_TSP_Core/u_ls_ctrl/m_axi_awaddr[31:0] at 31 that is stuck at constant 0.
W: Removed bmsWIDEDFFPATCE inst u_Interconnect/r_target_reg at 1 that is stuck at constant 0.
W: Removed bmsWIDEDFFPATCE inst u_Interconnect/r_target_reg at 2 that is stuck at constant 0.
W: Removed bmsWIDEDFFPATCE inst u_Interconnect/w_target_reg at 1 that is stuck at constant 0.
W: Removed bmsWIDEDFFPATCE inst u_Interconnect/w_target_reg at 2 that is stuck at constant 0.
W: Removed bmsWIDEDFFCPE inst u_TSP_Core/u_ls_ctrl/m_axi_wvalid that is stuck at constant 0.
W: Removed bmsWIDEDFFCPE inst u_TSP_Core/u_ls_ctrl/m_axi_awvalid that is stuck at constant 0.
W: Removed bmsWIDEDFFPATCE inst u_TSP_Core/u_ls_ctrl/state_reg at 1 that is stuck at constant 0.
W: Removed bmsWIDEDFFPATCE inst u_TSP_Core/u_ls_ctrl/state_reg at 3 that is stuck at constant 0.
W: Removed bmsWIDEDFFPATCE inst u_Interconnect/w_target_reg at 3 that is stuck at constant 0.
W: Removed bmsWIDEDFFCPE inst u_SRAM/awready_r that is stuck at constant 0.
W: Removed bmsWIDEDFFCPE inst u_TSP_Core/u_ls_ctrl/m_axi_bready that is stuck at constant 0.
W: Removed bmsWIDEDFFCPE inst u_TSP_Core/u_ls_ctrl/m_axi_rready that is stuck at constant 0.
W: Removed bmsWIDEDFFPATCE inst u_TSP_Core/u_ls_ctrl/state_reg at 2 that is stuck at constant 0.
W: Removed bmsWIDEDFFPATCE inst u_TSP_Core/u_ls_ctrl/state_reg at 4 that is stuck at constant 0.
W: Removed bmsWIDEDFFCPE inst u_TSP_Core/u_ls_ctrl/m_axi_arvalid that is stuck at constant 0.
W: Removed bmsWIDEDFFCPE inst u_SRAM/bvalid_r that is stuck at constant 0.
W: Removed bmsWIDEDFFRSE inst u_UART/u_uart_core/uart_tx_inst/data_reg[8:0] at 8 that is stuck at constant 0.
W: Removed bmsWIDEDFFCPE inst u_SRAM/arready_r that is stuck at constant 0.
W: Removed bmsWIDEDFFCPE inst u_UART/arready_r that is stuck at constant 0.
W: Removed bmsWIDEDFFPATCE inst u_Interconnect/r_target_reg at 0 that is stuck at constant 1.
W: Removed bmsWIDEDFFPATCE inst u_Interconnect/r_target_reg at 3 that is stuck at constant 0.
W: Removed bmsWIDEDFFCPE inst u_UART/bvalid_r that is stuck at constant 0.
W: Removed bmsWIDEDFFCPE inst u_SRAM/rvalid_r that is stuck at constant 0.
W: Removed bmsWIDEDFFCPE inst u_UART/rvalid_r that is stuck at constant 0.
W: Removed bmsWIDEDFFRSE inst u_UART/u_uart_core/uart_tx_inst/data_reg[8:0] at 7 that is stuck at constant 0.
W: Removed bmsWIDEDFFRSE inst u_UART/u_uart_core/uart_tx_inst/data_reg[8:0] at 6 that is stuck at constant 0.
W: Removed bmsWIDEDFFRSE inst u_UART/u_uart_core/uart_tx_inst/data_reg[8:0] at 5 that is stuck at constant 0.
W: Removed bmsWIDEDFFRSE inst u_UART/u_uart_core/uart_tx_inst/data_reg[8:0] at 4 that is stuck at constant 0.
W: Removed bmsWIDEDFFRSE inst u_UART/u_uart_core/uart_tx_inst/data_reg[8:0] at 3 that is stuck at constant 0.
W: Removed bmsWIDEDFFRSE inst u_UART/u_uart_core/uart_tx_inst/data_reg[8:0] at 2 that is stuck at constant 0.
W: Removed bmsWIDEDFFRSE inst u_UART/u_uart_core/uart_tx_inst/data_reg[8:0] at 1 that is stuck at constant 0.
W: Removed bmsWIDEDFFRSE inst u_UART/u_uart_core/uart_tx_inst/data_reg[8:0] at 0 that is stuck at constant 0.
W: Public-4008: Instance 'u_TSP_Core/u_TSP_Idec/idec_valid_o' of 'bmsWIDEDFFCPE' unit is dangling and will be cleaned.
W: Public-4008: Instance 'u_TSP_Core/u_TSP_Ifu/fetch_pc_delay_r[31:0]' of 'bmsWIDEDFFCPE' unit is dangling and will be cleaned.
W: Public-4008: Instance 'u_TSP_Core/u_TSP_Disp_Exu/ex_valid' of 'bmsWIDEDFFCPE' unit is dangling and will be cleaned.
W: Public-4008: Instance 'u_TSP_Core/u_TSP_Idec/INST_ADDI' of 'bmsWIDEDFFRSE' unit is dangling and will be cleaned.
W: Public-4008: Instance 'u_TSP_Core/u_TSP_Idec/INST_BEQ' of 'bmsWIDEDFFRSE' unit is dangling and will be cleaned.
W: Public-4008: Instance 'u_TSP_Core/u_TSP_Disp_Exu/ex_INST_ADD' of 'bmsWIDEDFFRSE' unit is dangling and will be cleaned.
W: Public-4008: Instance 'u_TSP_Core/u_TSP_Disp_Exu/ex_INST_ADDI' of 'bmsWIDEDFFRSE' unit is dangling and will be cleaned.
W: Public-4008: Instance 'u_TSP_Core/u_TSP_Ifu/pc_buffer_r[31:0]' of 'bmsWIDEDFFCPE' unit is dangling and will be cleaned.
W: Public-4008: Instance 'u_TSP_Core/u_TSP_Disp_Exu/ex_INST_AUIPC' of 'bmsWIDEDFFRSE' unit is dangling and will be cleaned.
W: Public-4008: Instance 'u_TSP_Core/u_TSP_Disp_Exu/ex_INST_BEQ' of 'bmsWIDEDFFRSE' unit is dangling and will be cleaned.
W: Public-4008: Instance 'u_TSP_Core/u_TSP_Idec/INST_JAL' of 'bmsWIDEDFFRSE' unit is dangling and will be cleaned.
W: Public-4008: Instance 'u_TSP_Core/u_TSP_Idec/INST_LB' of 'bmsWIDEDFFRSE' unit is dangling and will be cleaned.
W: Public-4008: Instance 'u_TSP_Core/u_TSP_Idec/INST_SB' of 'bmsWIDEDFFRSE' unit is dangling and will be cleaned.
W: Public-4008: Instance 'u_TSP_Core/u_TSP_Disp_Exu/ex_INST_JAL' of 'bmsWIDEDFFRSE' unit is dangling and will be cleaned.
W: Public-4008: Instance 'u_TSP_Core/u_TSP_Ifu/fetch_taken_delay_r' of 'bmsWIDEDFFCPE' unit is dangling and will be cleaned.
W: Public-4008: Instance 'u_TSP_Core/u_TSP_Disp_Exu/ex_INST_JALR' of 'bmsWIDEDFFRSE' unit is dangling and will be cleaned.
W: Public-4008: Instance 'u_TSP_Core/u_TSP_Disp_Exu/ex_INST_LB' of 'bmsWIDEDFFRSE' unit is dangling and will be cleaned.
W: Public-4008: Instance 'u_TSP_Core/u_TSP_Ifu/pre_pc_taken_r' of 'bmsWIDEDFFCPE' unit is dangling and will be cleaned.
W: Public-4008: Instance 'u_TSP_Core/u_TSP_Disp_Exu/ex_INST_LUI' of 'bmsWIDEDFFRSE' unit is dangling and will be cleaned.
W: Public-4008: Instance 'u_TSP_Core/u_TSP_Disp_Exu/ex_INST_SB' of 'bmsWIDEDFFRSE' unit is dangling and will be cleaned.
W: Public-4008: Instance 'u_TSP_Core/u_TSP_Disp_Exu/Exu_ls_u0/is_store_r' of 'bmsWIDEDFFCPE' unit is dangling and will be cleaned.
W: Public-4008: Instance 'u_TSP_Core/u_TSP_Ifu/inst_buffer_r[31:0]' of 'bmsWIDEDFFPATCE' unit is dangling and will be cleaned.
W: Public-4008: Instance 'u_TSP_Core/u_TSP_Idec/inst_pc_o[31:0]' of 'bmsWIDEDFFRSE' unit is dangling and will be cleaned.
W: Public-4008: Instance 'u_TSP_Core/u_TSP_Disp_Exu/Exu_ls_u0/ls_busy_r' of 'bmsWIDEDFFCPE' unit is dangling and will be cleaned.
W: Public-4008: Instance 'u_TSP_Core/u_TSP_Disp_Exu/Exu_bjp_u0/bjp_pc_r[31:0]' of 'bmsWIDEDFFCPE' unit is dangling and will be cleaned.
W: Public-4008: Instance 'u_TSP_Core/u_TSP_Disp_Exu/Exu_bjp_u0/pre_pc_taken_r' of 'bmsWIDEDFFCPE' unit is dangling and will be cleaned.
W: Public-4008: Instance 'u_TSP_Core/u_TSP_Disp_Exu/Exu_bjp_u0/BTB_update_valid_reg/qout[0]' of 'bmsWIDEDFFCPE' unit is dangling and will be cleaned.
W: Public-4008: Instance 'u_TSP_Core/u_TSP_Idec/INST_ADD' of 'bmsWIDEDFFRSE' unit is dangling and will be cleaned.
W: Public-4008: Instance 'u_TSP_Core/u_TSP_Idec/INST_AUIPC' of 'bmsWIDEDFFRSE' unit is dangling and will be cleaned.
W: Public-4008: Instance 'u_TSP_Core/u_TSP_Ifu/flush_r' of 'bmsWIDEDFFCPE' unit is dangling and will be cleaned.
W: Public-4008: Instance 'u_TSP_Core/u_TSP_Idec/INST_JALR' of 'bmsWIDEDFFRSE' unit is dangling and will be cleaned.
W: Public-4008: Instance 'u_TSP_Core/u_TSP_Idec/INST_LUI' of 'bmsWIDEDFFRSE' unit is dangling and will be cleaned.
W: Public-4008: Instance 'u_TSP_Core/u_TSP_Disp_Exu/ex_pc[31:0]' of 'bmsWIDEDFFCPE' unit is dangling and will be cleaned.
W: Public-4008: Instance 'u_TSP_Core/u_TSP_Disp_Exu/ex_pre_pc_taken' of 'bmsWIDEDFFRSE' unit is dangling and will be cleaned.
W: Public-4008: Instance 'u_TSP_Core/u_TSP_Disp_Exu/Exu_common_u0/bjp_cal_pre_pc[31:0]' of 'bmsWIDEDFFCPE' unit is dangling and will be cleaned.
W: Public-4008: Instance 'u_TSP_Core/u_TSP_Disp_Exu/Exu_common_u0/branch_taken' of 'bmsWIDEDFFCPE' unit is dangling and will be cleaned.
W: Public-4008: Instance 'u_TSP_Core/u_TSP_Disp_Exu/Exu_common_u0/common_wb_en' of 'bmsWIDEDFFCPE' unit is dangling and will be cleaned.
W: Public-4008: Instance 'u_UART/u_uart_core/uart_tx_inst/s_axis_tready_reg' of 'bmsWIDEDFFRSE' unit is dangling and will be cleaned.
W: Public-4008: Instance 'u_TSP_Core/u_TSP_Idec/pre_pc_taken_o' of 'bmsWIDEDFFRSE' unit is dangling and will be cleaned.
W: Public-4008: Instance 'u_TSP_Core/u_TSP_Ifu/u_Iram/portA_ack' of 'bmsWIDEDFFCPE' unit is dangling and will be cleaned.
W: Public-4008: Instance 'u_TSP_Core/u_ls_ctrl/state_reg' of 'bmsWIDEDFFPATCE' unit is dangling and will be cleaned.
W: Public-4008: Instance 'u_TSP_Core/u_PC_control/BTBuffer[0][47:0]' of 'bmsWIDEDFFCPE' unit is dangling and will be cleaned.
W: Public-4008: Instance 'u_TSP_Core/u_PC_control/BTBuffer[1][47:0]' of 'bmsWIDEDFFCPE' unit is dangling and will be cleaned.
W: Public-4008: Instance 'u_TSP_Core/u_PC_control/lru' of 'bmsWIDEDFFCPE' unit is dangling and will be cleaned.
W: Public-4008: Instance 'u_TSP_Core/u_PC_control/global_pc_o[31:0]' of 'bmsWIDEDFFCPE' unit is dangling and will be cleaned.
W: Public-4008: Instance 'u_TSP_Core/u_TSP_Ifu/use_buffer_r' of 'bmsWIDEDFFCPE' unit is dangling and will be cleaned.
Executing : logic-optimization successfully. Time elapsed: 0.137s wall, 0.125s user + 0.016s system = 0.141s CPU (102.6%)

Start tech-mapping phase 1.
Executing : tech-mapping phase 1 successfully. Time elapsed: 0.006s wall, 0.000s user + 0.000s system = 0.000s CPU (n/a%)

Start tech-mapping phase 2.
Executing : tech-mapping phase 2 successfully. Time elapsed: 0.047s wall, 0.094s user + 0.016s system = 0.109s CPU (234.1%)

Start tech-optimization.
Executing : tech-optimization successfully. Time elapsed: 0.017s wall, 0.062s user + 0.016s system = 0.078s CPU (466.8%)

Start phys-optimization.
Executing : phys-optimization successfully. Time elapsed: 0.000s wall, 0.000s user + 0.000s system = 0.000s CPU (n/a%)

Start restore-hierarchy.
Executing : restore-hierarchy successfully. Time elapsed: 0.004s wall, 0.000s user + 0.000s system = 0.000s CPU (n/a%)


Cell Usage:
GTP_DFF_C                     2 uses
GTP_DFF_CE                    2 uses
GTP_DFF_RE                   23 uses
GTP_DFF_SE                    1 use
GTP_GRS                       1 use
GTP_INV                       1 use
GTP_LUT1                      1 use
GTP_LUT2                      2 uses
GTP_LUT3                      9 uses
GTP_LUT4                      3 uses
GTP_LUT5                      6 uses
GTP_LUT5CARRY                19 uses
GTP_PLL_E3                    1 use

I/O ports: 49
GTP_INBUF                   7 uses
GTP_OUTBUF                 10 uses
GTP_OUTBUFT                32 uses

Mapping Summary:
Total LUTs: 40 of 42800 (0.09%)
	LUTs as dram: 0 of 17000 (0.00%)
	LUTs as logic: 40
Total Registers: 28 of 64200 (0.04%)
Total Latches: 0

DRM18K:
Total DRM18K = 0.0 of 134 (0.00%)

APMs:
Total APMs = 0.00 of 84 (0.00%)

Total I/O ports = 49 of 218 (22.48%)


Overview of Control Sets:

Number of unique control sets : 5

Histogram:
**************************************************************
  Fanout      | Count    | Sync Set/Reset    Async Set/Reset
--------------------------------------------------------------
  [0, 2)      | 2        | 0                 2
  [2, 4)      | 1        | 0                 1
  [4, 6)      | 1        | 1                 0
  [6, 8)      | 0        | 0                 0
  [8, 10)     | 0        | 0                 0
  [10, 12)    | 0        | 0                 0
  [12, 14)    | 0        | 0                 0
  [14, 16)    | 0        | 0                 0
  [16, Inf)   | 1        | 1                 0
--------------------------------------------------------------
  The maximum fanout: 19
==============================================================

Flip-Flop Distribution:
************************************************************************
  Clock Enable    Sync Set/Reset    Async Set/Reset    Total Registers
------------------------------------------------------------------------
  NO              NO                NO                 0
  NO              NO                YES                2
  NO              YES               NO                 0
  YES             NO                NO                 0
  YES             NO                YES                2
  YES             YES               NO                 24
========================================================================

Latch Distribution:
************************************************
  Gate Enable    Preset/Clear    Total Latches
************************************************
  NO             NO              0
  NO             YES             0
  YES            NO              0
  YES            YES             0
************************************************

Design 'SoC_Top' has been successfully synthesized to architecture-specific objects.
Saving design to DB.
Saving design to SoC_Top_syn.vm
Constructing timing graph ...
Timing graph has been constructed successfully
W: Timing-4087: Port 'ext_axi_if_arready' is not constrained, it is treated as combinational output.
W: Timing-4087: Port 'ext_axi_if_awready' is not constrained, it is treated as combinational output.
W: Timing-4087: Port 'ext_axi_if_bresp[0]' is not constrained, it is treated as combinational output.
W: Timing-4087: Port 'ext_axi_if_bresp[1]' is not constrained, it is treated as combinational output.
W: Timing-4087: Port 'ext_axi_if_bvalid' is not constrained, it is treated as combinational output.
W: Timing-4087: Port 'ext_axi_if_rdata[0]' is not constrained, it is treated as combinational output.
W: Timing-4087: Port 'ext_axi_if_rdata[1]' is not constrained, it is treated as combinational output.
W: Timing-4087: Port 'ext_axi_if_rdata[2]' is not constrained, it is treated as combinational output.
W: Timing-4087: Port 'ext_axi_if_rdata[3]' is not constrained, it is treated as combinational output.
W: Timing-4087: Port 'ext_axi_if_rdata[4]' is not constrained, it is treated as combinational output.
W: Timing-4087: Port 'ext_axi_if_rdata[5]' is not constrained, it is treated as combinational output.
W: Timing-4087: Port 'ext_axi_if_rdata[6]' is not constrained, it is treated as combinational output.
W: Timing-4087: Port 'ext_axi_if_rdata[7]' is not constrained, it is treated as combinational output.
W: Timing-4087: Port 'ext_axi_if_rdata[8]' is not constrained, it is treated as combinational output.
W: Timing-4087: Port 'ext_axi_if_rdata[9]' is not constrained, it is treated as combinational output.
W: Timing-4087: Port 'ext_axi_if_rdata[10]' is not constrained, it is treated as combinational output.
W: Timing-4087: Port 'ext_axi_if_rdata[11]' is not constrained, it is treated as combinational output.
W: Timing-4087: Port 'ext_axi_if_rdata[12]' is not constrained, it is treated as combinational output.
W: Timing-4087: Port 'ext_axi_if_rdata[13]' is not constrained, it is treated as combinational output.
W: Timing-4087: Port 'ext_axi_if_rdata[14]' is not constrained, it is treated as combinational output.
W: Timing-4087: Port 'ext_axi_if_rdata[15]' is not constrained, it is treated as combinational output.
W: Timing-4087: Port 'ext_axi_if_rdata[16]' is not constrained, it is treated as combinational output.
W: Timing-4087: Port 'ext_axi_if_rdata[17]' is not constrained, it is treated as combinational output.
W: Timing-4087: Port 'ext_axi_if_rdata[18]' is not constrained, it is treated as combinational output.
W: Timing-4087: Port 'ext_axi_if_rdata[19]' is not constrained, it is treated as combinational output.
W: Timing-4087: Port 'ext_axi_if_rdata[20]' is not constrained, it is treated as combinational output.
W: Timing-4087: Port 'ext_axi_if_rdata[21]' is not constrained, it is treated as combinational output.
W: Timing-4087: Port 'ext_axi_if_rdata[22]' is not constrained, it is treated as combinational output.
W: Timing-4087: Port 'ext_axi_if_rdata[23]' is not constrained, it is treated as combinational output.
W: Timing-4087: Port 'ext_axi_if_rdata[24]' is not constrained, it is treated as combinational output.
W: Timing-4087: Port 'ext_axi_if_rdata[25]' is not constrained, it is treated as combinational output.
W: Timing-4087: Port 'ext_axi_if_rdata[26]' is not constrained, it is treated as combinational output.
W: Timing-4087: Port 'ext_axi_if_rdata[27]' is not constrained, it is treated as combinational output.
W: Timing-4087: Port 'ext_axi_if_rdata[28]' is not constrained, it is treated as combinational output.
W: Timing-4087: Port 'ext_axi_if_rdata[29]' is not constrained, it is treated as combinational output.
W: Timing-4087: Port 'ext_axi_if_rdata[30]' is not constrained, it is treated as combinational output.
W: Timing-4087: Port 'ext_axi_if_rdata[31]' is not constrained, it is treated as combinational output.
W: Timing-4087: Port 'ext_axi_if_rresp[0]' is not constrained, it is treated as combinational output.
W: Timing-4087: Port 'ext_axi_if_rresp[1]' is not constrained, it is treated as combinational output.
W: Timing-4087: Port 'ext_axi_if_rvalid' is not constrained, it is treated as combinational output.
W: Timing-4087: Port 'ext_axi_if_wready' is not constrained, it is treated as combinational output.
W: Timing-4087: Port 'uart_tx' is not constrained, it is treated as combinational output.
W: Timing-4086: Port 'ext_axi_if_arvalid' is not constrained, it is treated as combinational input.
W: Timing-4086: Port 'ext_axi_if_awvalid' is not constrained, it is treated as combinational input.
W: Timing-4086: Port 'ext_axi_if_bready' is not constrained, it is treated as combinational input.
W: Timing-4086: Port 'ext_axi_if_rready' is not constrained, it is treated as combinational input.
W: Timing-4086: Port 'ext_axi_if_wvalid' is not constrained, it is treated as combinational input.
W: Timing-4086: Port 'rst_n' is not constrained, it is treated as combinational input.
Action synthesize: Real time elapsed is 0h:0m:6s
Action synthesize: CPU time elapsed is 0h:0m:4s
Action synthesize: Process CPU time elapsed is 0h:0m:4s
Current time: Wed Mar 25 12:37:00 2026
Action synthesize: Peak memory pool usage is 326 MB
