#Build: Fabric Compiler 2022.2-SP6.4, Build 146967, Jan 31 01:39 2024
#Install: E:\pango\PDS_2022.2-SP6.4\bin
#Application name: pds_shell.exe
#OS: Windows 10 10.0.26200
#Hostname: LAPTOP-E3CFACBD
Generated by Fabric Compiler (version 2022.2-SP6.4 build 146967) at Wed Mar 25 12:14:10 2026
License checkout: fabric_ads from C:\Users\lhx\Downloads\new_pds_cc1531929604.lic
Compiling verification operator library.
Compiling common defs.
Loading technology operator library.
Compiling technology operator library.
Compiling technology operator (valence) library.
Reading design from compile DB
Reading design from compile DB successfully.
Constraint check start.
Compiling prim grid devices.
Building architecture model.
Loading device packaging model.
Building architecture floorplan logic view.
Executing : get_ports sys_clk
Executing : get_ports sys_clk successfully.
Executing : create_clock -name sys_clk [get_ports sys_clk] -period 20.000 -waveform {0.000 10.000}
Executing : create_clock -name sys_clk [get_ports sys_clk] -period 20.000 -waveform {0.000 10.000} successfully.
C: ConstraintEditor-2009: p:uart_tx is lack of PAP_IO_DRIVE, OUTPUT or INOUT PORT had better set PAP_IO_DRIVE, the optional value is {8, 4, 12, 16, 24}.
C: ConstraintEditor-2009: p:uart_tx is lack of PAP_IO_SLEW, OUTPUT or INOUT PORT had better set PAP_IO_SLEW, the optional value is {SLOW, FAST}.
W: ConstraintEditor-4019: Port Bus 'ext_axi_if_araddr' unspecified I/O constraint.
W: ConstraintEditor-4019: Port Bus 'ext_axi_if_awaddr' unspecified I/O constraint.
W: ConstraintEditor-4019: Port Bus 'ext_axi_if_bresp' unspecified I/O constraint.
W: ConstraintEditor-4019: Port Bus 'ext_axi_if_rdata' unspecified I/O constraint.
W: ConstraintEditor-4019: Port Bus 'ext_axi_if_rresp' unspecified I/O constraint.
W: ConstraintEditor-4019: Port Bus 'ext_axi_if_wdata' unspecified I/O constraint.
W: ConstraintEditor-4019: Port Bus 'ext_axi_if_wstrb' unspecified I/O constraint.
W: ConstraintEditor-4019: Port 'ext_axi_if_arready' unspecified I/O constraint.
W: ConstraintEditor-4019: Port 'ext_axi_if_arvalid' unspecified I/O constraint.
W: ConstraintEditor-4019: Port 'ext_axi_if_awready' unspecified I/O constraint.
W: ConstraintEditor-4019: Port 'ext_axi_if_awvalid' unspecified I/O constraint.
W: ConstraintEditor-4019: Port 'ext_axi_if_bready' unspecified I/O constraint.
W: ConstraintEditor-4019: Port 'ext_axi_if_bvalid' unspecified I/O constraint.
W: ConstraintEditor-4019: Port 'ext_axi_if_rready' unspecified I/O constraint.
W: ConstraintEditor-4019: Port 'ext_axi_if_rvalid' unspecified I/O constraint.
W: ConstraintEditor-4019: Port 'ext_axi_if_wready' unspecified I/O constraint.
W: ConstraintEditor-4019: Port 'ext_axi_if_wvalid' unspecified I/O constraint.
Constraint check end.

C: SDC-2025: Clock source 'n:sys_pll_u0/clkout0' need a clock constraint, please use 'create_clock' or 'create_generate_clock' to generate.
Executing : get_ports sys_clk
Executing : get_ports sys_clk successfully.
Executing : get_pins sys_pll_u0/u_pll_e3:CLKOUT0
Executing : get_pins sys_pll_u0/u_pll_e3:CLKOUT0 successfully.
Executing : create_generated_clock -name sys_clk|sys_pll_u0/u_pll_e3/CLKOUT0_Inferred -source [get_ports sys_clk] [get_pins sys_pll_u0/u_pll_e3:CLKOUT0] -master_clock sys_clk -edges {1 2 3} -edge_shift {0.000000 10.000000 20.000000} -add
Executing : create_generated_clock -name sys_clk|sys_pll_u0/u_pll_e3/CLKOUT0_Inferred -source [get_ports sys_clk] [get_pins sys_pll_u0/u_pll_e3:CLKOUT0] -master_clock sys_clk -edges {1 2 3} -edge_shift {0.000000 10.000000 20.000000} -add successfully.
Start pre-mapping.
I: Constant propagation done on u_TSP_Core/u_TSP_Disp_Exu/Exu_common_u0/N203 (bmsWIDEMUX).
I: Constant propagation done on u_TSP_Core/u_TSP_Disp_Exu/Exu_muldiv_u0/Exu_multiplier/N20 (bmsWIDEMUX).
I: Constant propagation done on u_TSP_Core/u_TSP_Disp_Exu/Exu_muldiv_u0/Exu_multiplier/N1333 (bmsWIDEMUX).
I: Encoding type of FSM 'r_target_fsm[1:0]' is: onehot.
I: Encoding table of FSM 'r_target_fsm[1:0]':
I: from  u_Interconnect/r_target[1] u_Interconnect/r_target[0]
I: to  u_Interconnect/r_target_reg[3] u_Interconnect/r_target_reg[2] u_Interconnect/r_target_reg[1] u_Interconnect/r_target_reg[0]
I: 00 => 0001
I: 01 => 0010
I: 10 => 0100
I: 11 => 1000
I: Encoding type of FSM 'w_target_fsm[1:0]' is: onehot.
I: Encoding table of FSM 'w_target_fsm[1:0]':
I: from  u_Interconnect/w_target[1] u_Interconnect/w_target[0]
I: to  u_Interconnect/w_target_reg[3] u_Interconnect/w_target_reg[2] u_Interconnect/w_target_reg[1] u_Interconnect/w_target_reg[0]
I: 00 => 0001
I: 01 => 0010
I: 10 => 0100
I: 11 => 1000
I: Encoding type of FSM 'state_fsm[2:0]' is: onehot.
I: Encoding table of FSM 'state_fsm[2:0]':
I: from  u_TSP_Core/u_ls_ctrl/state[2] u_TSP_Core/u_ls_ctrl/state[1] u_TSP_Core/u_ls_ctrl/state[0]
I: to  u_TSP_Core/u_ls_ctrl/state_reg[5] u_TSP_Core/u_ls_ctrl/state_reg[4] u_TSP_Core/u_ls_ctrl/state_reg[3] u_TSP_Core/u_ls_ctrl/state_reg[2] u_TSP_Core/u_ls_ctrl/state_reg[1] u_TSP_Core/u_ls_ctrl/state_reg[0]
I: 000 => 000001
I: 001 => 000010
I: 010 => 000100
I: 011 => 001000
I: 100 => 010000
I: 101 => 100000
I: Constant propagation done on u_Interconnect/r_target_fsm[1:0]_1 (bmsREDOR).
I: Constant propagation done on u_Interconnect/r_target_fsm[1:0]_2 (bmsREDOR).
I: Constant propagation done on u_Interconnect/w_target_fsm[1:0]_1 (bmsREDOR).
I: Constant propagation done on u_Interconnect/w_target_fsm[1:0]_2 (bmsREDOR).
I: Constant propagation done on u_UART/u_uart_core/uart_rx_inst/m_axis_tvalid_reg_e (bmsREDOR).
W: Removed bmsWIDEDFFCPE inst store_type_r[2:0] at 2 that is stuck at constant 0.
I: Constant propagation done on u_TSP_Core/u_TSP_Disp_Exu/Exu_ls_u0/store_type_r[2:0] (bmsWIDEDFFCPE).
I: Constant propagation done on u_TSP_Core/u_TSP_Disp_Exu/Exu_ls_u0/N71 (bmsWIDEINV).
W: Removed bmsWIDEDFFCPE inst mul_op_type_r[1:0] at 1 that is stuck at constant 0.
W: Removed bmsWIDEDFFCPE inst quotient[1][31:0] at 0 that is stuck at constant 0.
W: Removed bmsWIDEDFFCPE inst quotient[2][31:0] at 0 that is stuck at constant 0.
W: Removed bmsWIDEDFFCPE inst quotient[3][31:0] at 0 that is stuck at constant 0.
W: Removed bmsWIDEDFFCPE inst quotient[4][31:0] at 0 that is stuck at constant 0.
W: Removed bmsWIDEDFFCPE inst quotient[5][31:0] at 0 that is stuck at constant 0.
W: Removed bmsWIDEDFFCPE inst quotient[6][31:0] at 0 that is stuck at constant 0.
W: Removed bmsWIDEDFFCPE inst quotient[7][31:0] at 0 that is stuck at constant 0.
W: Removed bmsWIDEDFFCPE inst quotient[8][31:0] at 0 that is stuck at constant 0.
W: Removed bmsWIDEDFFCPE inst quotient[9][31:0] at 0 that is stuck at constant 0.
W: Removed bmsWIDEDFFCPE inst quotient[10][31:0] at 0 that is stuck at constant 0.
W: Removed bmsWIDEDFFCPE inst quotient[11][31:0] at 0 that is stuck at constant 0.
W: Removed bmsWIDEDFFCPE inst quotient[12][31:0] at 0 that is stuck at constant 0.
W: Removed bmsWIDEDFFCPE inst quotient[13][31:0] at 0 that is stuck at constant 0.
W: Removed bmsWIDEDFFCPE inst quotient[14][31:0] at 0 that is stuck at constant 0.
W: Removed bmsWIDEDFFCPE inst quotient[15][31:0] at 0 that is stuck at constant 0.
W: Removed bmsWIDEDFFCPE inst quotient[16][31:0] at 0 that is stuck at constant 0.
W: Removed bmsWIDEDFFCPE inst quotient[17][31:0] at 0 that is stuck at constant 0.
W: Removed bmsWIDEDFFCPE inst quotient[18][31:0] at 0 that is stuck at constant 0.
W: Removed bmsWIDEDFFCPE inst quotient[19][31:0] at 0 that is stuck at constant 0.
W: Removed bmsWIDEDFFCPE inst quotient[20][31:0] at 0 that is stuck at constant 0.
W: Removed bmsWIDEDFFCPE inst quotient[21][31:0] at 0 that is stuck at constant 0.
W: Removed bmsWIDEDFFCPE inst quotient[22][31:0] at 0 that is stuck at constant 0.
W: Removed bmsWIDEDFFCPE inst quotient[23][31:0] at 0 that is stuck at constant 0.
W: Removed bmsWIDEDFFCPE inst quotient[24][31:0] at 0 that is stuck at constant 0.
W: Removed bmsWIDEDFFCPE inst quotient[25][31:0] at 0 that is stuck at constant 0.
W: Removed bmsWIDEDFFCPE inst quotient[26][31:0] at 0 that is stuck at constant 0.
W: Removed bmsWIDEDFFCPE inst quotient[27][31:0] at 0 that is stuck at constant 0.
W: Removed bmsWIDEDFFCPE inst quotient[28][31:0] at 0 that is stuck at constant 0.
W: Removed bmsWIDEDFFCPE inst quotient[29][31:0] at 0 that is stuck at constant 0.
W: Removed bmsWIDEDFFCPE inst quotient[30][31:0] at 0 that is stuck at constant 0.
W: Removed bmsWIDEDFFCPE inst quotient[31][31:0] at 0 that is stuck at constant 0.
W: Removed bmsWIDEDFFCPE inst rdata_r[31:0] at 8 that is stuck at constant 0.
Executing : pre-mapping successfully. Time elapsed: 0.456s wall, 0.547s user + 0.156s system = 0.703s CPU (154.1%)

Start mod-gen.
W: Public-4008: Instance 'u_Data_Ram/portA_ack' of 'bmsWIDEDFFCPE' unit is dangling and will be cleaned.
W: Public-4008: Instance 'u_Data_Ram/portA_err' of 'bmsWIDEDFFCPE' unit is dangling and will be cleaned.
W: Public-4008: Instance 'u_Data_Ram/portB_ack' of 'bmsWIDEDFFCPE' unit is dangling and will be cleaned.
W: Public-4008: Instance 'u_Data_Ram/portB_err' of 'bmsWIDEDFFCPE' unit is dangling and will be cleaned.
W: Public-4008: Instance 'u_Iram/portB_ack' of 'bmsWIDEDFFCPE' unit is dangling and will be cleaned.
W: Public-4008: Instance 'u_Iram/portB_err' of 'bmsWIDEDFFCPE' unit is dangling and will be cleaned.
W: Public-4008: Instance 'u_TSP_Disp_Exu/DECODE_PC_REG1/qout[31:0]' of 'bmsWIDEDFFCPE' unit is dangling and will be cleaned.
W: Public-4008: Instance 'u_TSP_Idec/INST_CSRRC' of 'bmsWIDEDFFRSE' unit is dangling and will be cleaned.
W: Public-4008: Instance 'u_TSP_Idec/INST_CSRRCI' of 'bmsWIDEDFFRSE' unit is dangling and will be cleaned.
W: Public-4008: Instance 'u_TSP_Idec/INST_CSRRS' of 'bmsWIDEDFFRSE' unit is dangling and will be cleaned.
W: Public-4008: Instance 'u_TSP_Idec/INST_CSRRSI' of 'bmsWIDEDFFRSE' unit is dangling and will be cleaned.
W: Public-4008: Instance 'u_TSP_Idec/INST_CSRRW' of 'bmsWIDEDFFRSE' unit is dangling and will be cleaned.
W: Public-4008: Instance 'u_TSP_Idec/INST_CSRRWI' of 'bmsWIDEDFFRSE' unit is dangling and will be cleaned.
W: Public-4008: Instance 'u_TSP_Idec/INST_EBREAK' of 'bmsWIDEDFFRSE' unit is dangling and will be cleaned.
W: Public-4008: Instance 'u_TSP_Idec/INST_ECALL' of 'bmsWIDEDFFRSE' unit is dangling and will be cleaned.
W: Public-4008: Instance 'u_TSP_Idec/INST_FENCE' of 'bmsWIDEDFFRSE' unit is dangling and will be cleaned.
W: Public-4008: Instance 'u_TSP_Ifu/u_Iram/portA_err' of 'bmsWIDEDFFCPE' unit is dangling and will be cleaned.
W: Public-4008: Instance 'u_uart_core/uart_rx_inst/busy_reg' of 'bmsWIDEDFFRSE' unit is dangling and will be cleaned.
W: Public-4008: Instance 'u_uart_core/uart_rx_inst/frame_error_reg' of 'bmsWIDEDFFRSE' unit is dangling and will be cleaned.
W: Public-4008: Instance 'u_uart_core/uart_rx_inst/overrun_error_reg' of 'bmsWIDEDFFRSE' unit is dangling and will be cleaned.
W: Public-4008: Instance 'u_uart_core/uart_tx_inst/busy_reg' of 'bmsWIDEDFFRSE' unit is dangling and will be cleaned.
I: Removed bmsWIDEINV inst u_TSP_Core/u_TSP_Disp_Exu/Exu_muldiv_u0/Exu_divider/N7 that is redundant to u_TSP_Core/u_TSP_Disp_Exu/Exu_common_u0/N16
I: Removed bmsDPRAM inst u_TSP_Core/u_TSP_Ifu/u_Iram/RAM_3_1 that is redundant to u_TSP_Core/u_TSP_Ifu/u_Iram/RAM_3_0
Executing : mod-gen successfully. Time elapsed: 1.415s wall, 1.516s user + 0.312s system = 1.828s CPU (129.2%)

Start logic-optimization.
Executing : logic-optimization successfully. Time elapsed: 3.210s wall, 2.984s user + 0.172s system = 3.156s CPU (98.3%)

Start tech-mapping phase 1.
W: Public-4008: Instance 'u_TSP_Core/u_ls_ctrl/m_axi_awaddr[0]' of 'bmsWIDEDFFCPE' unit is dangling and will be cleaned.
W: Public-4008: Instance 'u_TSP_Core/u_ls_ctrl/m_axi_awaddr[1]' of 'bmsWIDEDFFCPE' unit is dangling and will be cleaned.
W: Public-4008: Instance 'u_TSP_Core/u_ls_ctrl/m_axi_awaddr[15]' of 'bmsWIDEDFFCPE' unit is dangling and will be cleaned.
W: Public-4008: Instance 'u_TSP_Core/u_ls_ctrl/m_axi_awaddr[16]' of 'bmsWIDEDFFCPE' unit is dangling and will be cleaned.
W: Public-4008: Instance 'u_TSP_Core/u_ls_ctrl/m_axi_awaddr[17]' of 'bmsWIDEDFFCPE' unit is dangling and will be cleaned.
W: Public-4008: Instance 'u_TSP_Core/u_ls_ctrl/m_axi_awaddr[18]' of 'bmsWIDEDFFCPE' unit is dangling and will be cleaned.
W: Public-4008: Instance 'u_TSP_Core/u_ls_ctrl/m_axi_awaddr[19]' of 'bmsWIDEDFFCPE' unit is dangling and will be cleaned.
W: Public-4008: Instance 'u_TSP_Core/u_ls_ctrl/m_axi_awaddr[20]' of 'bmsWIDEDFFCPE' unit is dangling and will be cleaned.
W: Public-4008: Instance 'u_TSP_Core/u_ls_ctrl/m_axi_awaddr[21]' of 'bmsWIDEDFFCPE' unit is dangling and will be cleaned.
W: Public-4008: Instance 'u_TSP_Core/u_ls_ctrl/m_axi_awaddr[22]' of 'bmsWIDEDFFCPE' unit is dangling and will be cleaned.
W: Public-4008: Instance 'u_TSP_Core/u_ls_ctrl/m_axi_awaddr[23]' of 'bmsWIDEDFFCPE' unit is dangling and will be cleaned.
W: Public-4008: Instance 'u_TSP_Core/u_ls_ctrl/m_axi_awaddr[24]' of 'bmsWIDEDFFCPE' unit is dangling and will be cleaned.
W: Public-4008: Instance 'u_TSP_Core/u_ls_ctrl/m_axi_awaddr[25]' of 'bmsWIDEDFFCPE' unit is dangling and will be cleaned.
W: Public-4008: Instance 'u_TSP_Core/u_ls_ctrl/m_axi_awaddr[26]' of 'bmsWIDEDFFCPE' unit is dangling and will be cleaned.
W: Public-4008: Instance 'u_TSP_Core/u_ls_ctrl/m_axi_awaddr[27]' of 'bmsWIDEDFFCPE' unit is dangling and will be cleaned.
W: Public-4008: Instance 'u_UART/rdata_r[8]' of 'bmsWIDEDFFCPE' unit is dangling and will be cleaned.
W: Public-4008: Instance 'u_UART/rdata_r[9]' of 'bmsWIDEDFFCPE' unit is dangling and will be cleaned.
W: Public-4008: Instance 'u_UART/rdata_r[10]' of 'bmsWIDEDFFCPE' unit is dangling and will be cleaned.
W: Public-4008: Instance 'u_UART/rdata_r[11]' of 'bmsWIDEDFFCPE' unit is dangling and will be cleaned.
W: Public-4008: Instance 'u_UART/rdata_r[12]' of 'bmsWIDEDFFCPE' unit is dangling and will be cleaned.
W: Public-4008: Instance 'u_UART/rdata_r[13]' of 'bmsWIDEDFFCPE' unit is dangling and will be cleaned.
W: Public-4008: Instance 'u_UART/rdata_r[14]' of 'bmsWIDEDFFCPE' unit is dangling and will be cleaned.
W: Public-4008: Instance 'u_UART/rdata_r[15]' of 'bmsWIDEDFFCPE' unit is dangling and will be cleaned.
W: Public-4008: Instance 'u_UART/rdata_r[16]' of 'bmsWIDEDFFCPE' unit is dangling and will be cleaned.
W: Public-4008: Instance 'u_UART/rdata_r[17]' of 'bmsWIDEDFFCPE' unit is dangling and will be cleaned.
W: Public-4008: Instance 'u_UART/rdata_r[18]' of 'bmsWIDEDFFCPE' unit is dangling and will be cleaned.
W: Public-4008: Instance 'u_UART/rdata_r[19]' of 'bmsWIDEDFFCPE' unit is dangling and will be cleaned.
W: Public-4008: Instance 'u_UART/rdata_r[20]' of 'bmsWIDEDFFCPE' unit is dangling and will be cleaned.
W: Public-4008: Instance 'u_UART/rdata_r[21]' of 'bmsWIDEDFFCPE' unit is dangling and will be cleaned.
W: Public-4008: Instance 'u_UART/rdata_r[22]' of 'bmsWIDEDFFCPE' unit is dangling and will be cleaned.
W: Public-4008: Instance 'u_UART/rdata_r[23]' of 'bmsWIDEDFFCPE' unit is dangling and will be cleaned.
W: Public-4008: Instance 'u_UART/rdata_r[24]' of 'bmsWIDEDFFCPE' unit is dangling and will be cleaned.
W: Public-4008: Instance 'u_UART/rdata_r[25]' of 'bmsWIDEDFFCPE' unit is dangling and will be cleaned.
W: Public-4008: Instance 'u_UART/rdata_r[26]' of 'bmsWIDEDFFCPE' unit is dangling and will be cleaned.
W: Public-4008: Instance 'u_UART/rdata_r[27]' of 'bmsWIDEDFFCPE' unit is dangling and will be cleaned.
W: Public-4008: Instance 'u_UART/rdata_r[28]' of 'bmsWIDEDFFCPE' unit is dangling and will be cleaned.
W: Public-4008: Instance 'u_UART/rdata_r[29]' of 'bmsWIDEDFFCPE' unit is dangling and will be cleaned.
W: Public-4008: Instance 'u_UART/rdata_r[30]' of 'bmsWIDEDFFCPE' unit is dangling and will be cleaned.
W: Public-4008: Instance 'u_TSP_Core/u_TSP_Disp_Exu/Exu_muldiv_u0/Exu_multiplier/Prod[65]' of 'bmsWIDEDFFRSE' unit is dangling and will be cleaned.
W: Public-4008: Instance 'u_TSP_Core/u_TSP_Disp_Exu/Exu_muldiv_u0/Exu_multiplier/Prod[66]' of 'bmsWIDEDFFRSE' unit is dangling and will be cleaned.
W: Public-4008: Instance 'u_TSP_Core/u_TSP_Disp_Exu/Exu_muldiv_u0/Exu_multiplier/Prod[67]' of 'bmsWIDEDFFRSE' unit is dangling and will be cleaned.
W: Public-4008: Instance 'u_TSP_Core/u_TSP_Disp_Exu/Exu_ls_u0/store_type_r[2]' of 'bmsWIDEDFFCPE' unit is dangling and will be cleaned.
W: Public-4008: Instance 'u_TSP_Core/u_TSP_Disp_Exu/Exu_ls_u0/ls_addr_r[15]' of 'bmsWIDEDFFCPE' unit is dangling and will be cleaned.
W: Public-4008: Instance 'u_TSP_Core/u_TSP_Disp_Exu/Exu_ls_u0/ls_addr_r[16]' of 'bmsWIDEDFFCPE' unit is dangling and will be cleaned.
W: Public-4008: Instance 'u_TSP_Core/u_TSP_Disp_Exu/Exu_ls_u0/ls_addr_r[17]' of 'bmsWIDEDFFCPE' unit is dangling and will be cleaned.
W: Public-4008: Instance 'u_TSP_Core/u_TSP_Disp_Exu/Exu_ls_u0/ls_addr_r[18]' of 'bmsWIDEDFFCPE' unit is dangling and will be cleaned.
W: Public-4008: Instance 'u_TSP_Core/u_TSP_Disp_Exu/Exu_ls_u0/ls_addr_r[19]' of 'bmsWIDEDFFCPE' unit is dangling and will be cleaned.
W: Public-4008: Instance 'u_TSP_Core/u_TSP_Disp_Exu/Exu_ls_u0/ls_addr_r[20]' of 'bmsWIDEDFFCPE' unit is dangling and will be cleaned.
W: Public-4008: Instance 'u_TSP_Core/u_TSP_Disp_Exu/Exu_ls_u0/ls_addr_r[21]' of 'bmsWIDEDFFCPE' unit is dangling and will be cleaned.
W: Public-4008: Instance 'u_TSP_Core/u_TSP_Disp_Exu/Exu_ls_u0/ls_addr_r[22]' of 'bmsWIDEDFFCPE' unit is dangling and will be cleaned.
W: Public-4008: Instance 'u_TSP_Core/u_TSP_Disp_Exu/Exu_ls_u0/ls_addr_r[23]' of 'bmsWIDEDFFCPE' unit is dangling and will be cleaned.
W: Public-4008: Instance 'u_TSP_Core/u_TSP_Disp_Exu/Exu_ls_u0/ls_addr_r[24]' of 'bmsWIDEDFFCPE' unit is dangling and will be cleaned.
W: Public-4008: Instance 'u_TSP_Core/u_TSP_Disp_Exu/Exu_ls_u0/ls_addr_r[25]' of 'bmsWIDEDFFCPE' unit is dangling and will be cleaned.
W: Public-4008: Instance 'u_TSP_Core/u_TSP_Disp_Exu/Exu_ls_u0/ls_addr_r[26]' of 'bmsWIDEDFFCPE' unit is dangling and will be cleaned.
W: Public-4008: Instance 'u_TSP_Core/u_TSP_Disp_Exu/Exu_ls_u0/ls_addr_r[27]' of 'bmsWIDEDFFCPE' unit is dangling and will be cleaned.
W: Public-4008: Instance 'u_TSP_Core/u_TSP_Disp_Exu/Exu_muldiv_u0/mul_op_type_r[1]' of 'bmsWIDEDFFCPE' unit is dangling and will be cleaned.
W: Public-4008: Instance 'u_TSP_Core/u_TSP_Disp_Exu/Exu_muldiv_u0/Exu_divider/quotient[1][0]' of 'bmsWIDEDFFCPE' unit is dangling and will be cleaned.
W: Public-4008: Instance 'u_TSP_Core/u_TSP_Disp_Exu/Exu_muldiv_u0/Exu_divider/quotient[1][1]' of 'bmsWIDEDFFCPE' unit is dangling and will be cleaned.
W: Public-4008: Instance 'u_TSP_Core/u_TSP_Disp_Exu/Exu_muldiv_u0/Exu_divider/quotient[1][2]' of 'bmsWIDEDFFCPE' unit is dangling and will be cleaned.
W: Public-4008: Instance 'u_TSP_Core/u_TSP_Disp_Exu/Exu_muldiv_u0/Exu_divider/quotient[1][3]' of 'bmsWIDEDFFCPE' unit is dangling and will be cleaned.
W: Public-4008: Instance 'u_TSP_Core/u_TSP_Disp_Exu/Exu_muldiv_u0/Exu_divider/quotient[1][4]' of 'bmsWIDEDFFCPE' unit is dangling and will be cleaned.
W: Public-4008: Instance 'u_TSP_Core/u_TSP_Disp_Exu/Exu_muldiv_u0/Exu_divider/quotient[1][5]' of 'bmsWIDEDFFCPE' unit is dangling and will be cleaned.
W: Public-4008: Instance 'u_TSP_Core/u_TSP_Disp_Exu/Exu_muldiv_u0/Exu_divider/quotient[1][6]' of 'bmsWIDEDFFCPE' unit is dangling and will be cleaned.
W: Public-4008: Instance 'u_TSP_Core/u_TSP_Disp_Exu/Exu_muldiv_u0/Exu_divider/quotient[1][7]' of 'bmsWIDEDFFCPE' unit is dangling and will be cleaned.
W: Public-4008: Instance 'u_TSP_Core/u_TSP_Disp_Exu/Exu_muldiv_u0/Exu_divider/quotient[1][8]' of 'bmsWIDEDFFCPE' unit is dangling and will be cleaned.
W: Public-4008: Instance 'u_TSP_Core/u_TSP_Disp_Exu/Exu_muldiv_u0/Exu_divider/quotient[1][9]' of 'bmsWIDEDFFCPE' unit is dangling and will be cleaned.
W: Public-4008: Instance 'u_TSP_Core/u_TSP_Disp_Exu/Exu_muldiv_u0/Exu_divider/quotient[1][10]' of 'bmsWIDEDFFCPE' unit is dangling and will be cleaned.
W: Public-4008: Instance 'u_TSP_Core/u_TSP_Disp_Exu/Exu_muldiv_u0/Exu_divider/quotient[1][11]' of 'bmsWIDEDFFCPE' unit is dangling and will be cleaned.
W: Public-4008: Instance 'u_TSP_Core/u_TSP_Disp_Exu/Exu_muldiv_u0/Exu_divider/quotient[1][12]' of 'bmsWIDEDFFCPE' unit is dangling and will be cleaned.
W: Public-4008: Instance 'u_TSP_Core/u_TSP_Disp_Exu/Exu_muldiv_u0/Exu_divider/quotient[1][13]' of 'bmsWIDEDFFCPE' unit is dangling and will be cleaned.
W: Public-4008: Instance 'u_TSP_Core/u_TSP_Disp_Exu/Exu_muldiv_u0/Exu_divider/quotient[1][14]' of 'bmsWIDEDFFCPE' unit is dangling and will be cleaned.
W: Public-4008: Instance 'u_TSP_Core/u_TSP_Disp_Exu/Exu_muldiv_u0/Exu_divider/quotient[1][15]' of 'bmsWIDEDFFCPE' unit is dangling and will be cleaned.
W: Public-4008: Instance 'u_TSP_Core/u_TSP_Disp_Exu/Exu_muldiv_u0/Exu_divider/quotient[1][16]' of 'bmsWIDEDFFCPE' unit is dangling and will be cleaned.
W: Public-4008: Instance 'u_TSP_Core/u_TSP_Disp_Exu/Exu_muldiv_u0/Exu_divider/quotient[1][17]' of 'bmsWIDEDFFCPE' unit is dangling and will be cleaned.
W: Public-4008: Instance 'u_TSP_Core/u_TSP_Disp_Exu/Exu_muldiv_u0/Exu_divider/quotient[1][18]' of 'bmsWIDEDFFCPE' unit is dangling and will be cleaned.
W: Public-4008: Instance 'u_TSP_Core/u_TSP_Disp_Exu/Exu_muldiv_u0/Exu_divider/quotient[1][19]' of 'bmsWIDEDFFCPE' unit is dangling and will be cleaned.
W: Public-4008: Instance 'u_TSP_Core/u_TSP_Disp_Exu/Exu_muldiv_u0/Exu_divider/quotient[1][20]' of 'bmsWIDEDFFCPE' unit is dangling and will be cleaned.
W: Public-4008: Instance 'u_TSP_Core/u_TSP_Disp_Exu/Exu_muldiv_u0/Exu_divider/quotient[1][21]' of 'bmsWIDEDFFCPE' unit is dangling and will be cleaned.
W: Public-4008: Instance 'u_TSP_Core/u_TSP_Disp_Exu/Exu_muldiv_u0/Exu_divider/quotient[1][22]' of 'bmsWIDEDFFCPE' unit is dangling and will be cleaned.
W: Public-4008: Instance 'u_TSP_Core/u_TSP_Disp_Exu/Exu_muldiv_u0/Exu_divider/quotient[1][23]' of 'bmsWIDEDFFCPE' unit is dangling and will be cleaned.
W: Public-4008: Instance 'u_TSP_Core/u_TSP_Disp_Exu/Exu_muldiv_u0/Exu_divider/quotient[1][24]' of 'bmsWIDEDFFCPE' unit is dangling and will be cleaned.
W: Public-4008: Instance 'u_TSP_Core/u_TSP_Disp_Exu/Exu_muldiv_u0/Exu_divider/quotient[1][25]' of 'bmsWIDEDFFCPE' unit is dangling and will be cleaned.
W: Public-4008: Instance 'u_TSP_Core/u_TSP_Disp_Exu/Exu_muldiv_u0/Exu_divider/quotient[1][26]' of 'bmsWIDEDFFCPE' unit is dangling and will be cleaned.
W: Public-4008: Instance 'u_TSP_Core/u_TSP_Disp_Exu/Exu_muldiv_u0/Exu_divider/quotient[1][27]' of 'bmsWIDEDFFCPE' unit is dangling and will be cleaned.
W: Public-4008: Instance 'u_TSP_Core/u_TSP_Disp_Exu/Exu_muldiv_u0/Exu_divider/quotient[1][28]' of 'bmsWIDEDFFCPE' unit is dangling and will be cleaned.
W: Public-4008: Instance 'u_TSP_Core/u_TSP_Disp_Exu/Exu_muldiv_u0/Exu_divider/quotient[1][29]' of 'bmsWIDEDFFCPE' unit is dangling and will be cleaned.
W: Public-4008: Instance 'u_TSP_Core/u_TSP_Disp_Exu/Exu_muldiv_u0/Exu_divider/quotient[1][30]' of 'bmsWIDEDFFCPE' unit is dangling and will be cleaned.
W: Public-4008: Instance 'u_TSP_Core/u_TSP_Disp_Exu/Exu_muldiv_u0/Exu_divider/quotient[2][0]' of 'bmsWIDEDFFCPE' unit is dangling and will be cleaned.
W: Public-4008: Instance 'u_TSP_Core/u_TSP_Disp_Exu/Exu_muldiv_u0/Exu_divider/quotient[2][1]' of 'bmsWIDEDFFCPE' unit is dangling and will be cleaned.
W: Public-4008: Instance 'u_TSP_Core/u_TSP_Disp_Exu/Exu_muldiv_u0/Exu_divider/quotient[2][2]' of 'bmsWIDEDFFCPE' unit is dangling and will be cleaned.
W: Public-4008: Instance 'u_TSP_Core/u_TSP_Disp_Exu/Exu_muldiv_u0/Exu_divider/quotient[2][3]' of 'bmsWIDEDFFCPE' unit is dangling and will be cleaned.
W: Public-4008: Instance 'u_TSP_Core/u_TSP_Disp_Exu/Exu_muldiv_u0/Exu_divider/quotient[2][4]' of 'bmsWIDEDFFCPE' unit is dangling and will be cleaned.
W: Public-4008: Instance 'u_TSP_Core/u_TSP_Disp_Exu/Exu_muldiv_u0/Exu_divider/quotient[2][5]' of 'bmsWIDEDFFCPE' unit is dangling and will be cleaned.
W: Public-4008: Instance 'u_TSP_Core/u_TSP_Disp_Exu/Exu_muldiv_u0/Exu_divider/quotient[2][6]' of 'bmsWIDEDFFCPE' unit is dangling and will be cleaned.
W: Public-4008: Instance 'u_TSP_Core/u_TSP_Disp_Exu/Exu_muldiv_u0/Exu_divider/quotient[2][7]' of 'bmsWIDEDFFCPE' unit is dangling and will be cleaned.
W: Public-4008: Instance 'u_TSP_Core/u_TSP_Disp_Exu/Exu_muldiv_u0/Exu_divider/quotient[2][8]' of 'bmsWIDEDFFCPE' unit is dangling and will be cleaned.
W: Public-4008: Instance 'u_TSP_Core/u_TSP_Disp_Exu/Exu_muldiv_u0/Exu_divider/quotient[2][9]' of 'bmsWIDEDFFCPE' unit is dangling and will be cleaned.
W: Public-4008: Instance 'u_TSP_Core/u_TSP_Disp_Exu/Exu_muldiv_u0/Exu_divider/quotient[2][10]' of 'bmsWIDEDFFCPE' unit is dangling and will be cleaned.
W: Public-4008: Instance 'u_TSP_Core/u_TSP_Disp_Exu/Exu_muldiv_u0/Exu_divider/quotient[2][11]' of 'bmsWIDEDFFCPE' unit is dangling and will be cleaned.
W: Public-4008: Instance 'u_TSP_Core/u_TSP_Disp_Exu/Exu_muldiv_u0/Exu_divider/quotient[2][12]' of 'bmsWIDEDFFCPE' unit is dangling and will be cleaned.
W: Public-4008: Instance 'u_TSP_Core/u_TSP_Disp_Exu/Exu_muldiv_u0/Exu_divider/quotient[2][13]' of 'bmsWIDEDFFCPE' unit is dangling and will be cleaned.
W: Public-4008: Instance 'u_TSP_Core/u_TSP_Disp_Exu/Exu_muldiv_u0/Exu_divider/quotient[2][14]' of 'bmsWIDEDFFCPE' unit is dangling and will be cleaned.
W: Public-4008: Instance 'u_TSP_Core/u_TSP_Disp_Exu/Exu_muldiv_u0/Exu_divider/quotient[2][15]' of 'bmsWIDEDFFCPE' unit is dangling and will be cleaned.
W: Public-4008: Instance 'u_TSP_Core/u_TSP_Disp_Exu/Exu_muldiv_u0/Exu_divider/quotient[2][16]' of 'bmsWIDEDFFCPE' unit is dangling and will be cleaned.
W: Public-4008: Instance 'u_TSP_Core/u_TSP_Disp_Exu/Exu_muldiv_u0/Exu_divider/quotient[2][17]' of 'bmsWIDEDFFCPE' unit is dangling and will be cleaned.
W: Public-4008: Instance 'u_TSP_Core/u_TSP_Disp_Exu/Exu_muldiv_u0/Exu_divider/quotient[2][18]' of 'bmsWIDEDFFCPE' unit is dangling and will be cleaned.
W: Public-4008: Instance 'u_TSP_Core/u_TSP_Disp_Exu/Exu_muldiv_u0/Exu_divider/quotient[2][19]' of 'bmsWIDEDFFCPE' unit is dangling and will be cleaned.
W: Public-4008: Instance 'u_TSP_Core/u_TSP_Disp_Exu/Exu_muldiv_u0/Exu_divider/quotient[2][20]' of 'bmsWIDEDFFCPE' unit is dangling and will be cleaned.
W: Public-4008: Instance 'u_TSP_Core/u_TSP_Disp_Exu/Exu_muldiv_u0/Exu_divider/quotient[2][21]' of 'bmsWIDEDFFCPE' unit is dangling and will be cleaned.
W: Public-4008: Instance 'u_TSP_Core/u_TSP_Disp_Exu/Exu_muldiv_u0/Exu_divider/quotient[2][22]' of 'bmsWIDEDFFCPE' unit is dangling and will be cleaned.
W: Public-4008: Instance 'u_TSP_Core/u_TSP_Disp_Exu/Exu_muldiv_u0/Exu_divider/quotient[2][23]' of 'bmsWIDEDFFCPE' unit is dangling and will be cleaned.
W: Public-4008: Instance 'u_TSP_Core/u_TSP_Disp_Exu/Exu_muldiv_u0/Exu_divider/quotient[2][24]' of 'bmsWIDEDFFCPE' unit is dangling and will be cleaned.
W: Public-4008: Instance 'u_TSP_Core/u_TSP_Disp_Exu/Exu_muldiv_u0/Exu_divider/quotient[2][25]' of 'bmsWIDEDFFCPE' unit is dangling and will be cleaned.
W: Public-4008: Instance 'u_TSP_Core/u_TSP_Disp_Exu/Exu_muldiv_u0/Exu_divider/quotient[2][26]' of 'bmsWIDEDFFCPE' unit is dangling and will be cleaned.
W: Public-4008: Instance 'u_TSP_Core/u_TSP_Disp_Exu/Exu_muldiv_u0/Exu_divider/quotient[2][27]' of 'bmsWIDEDFFCPE' unit is dangling and will be cleaned.
W: Public-4008: Instance 'u_TSP_Core/u_TSP_Disp_Exu/Exu_muldiv_u0/Exu_divider/quotient[2][28]' of 'bmsWIDEDFFCPE' unit is dangling and will be cleaned.
W: Public-4008: Instance 'u_TSP_Core/u_TSP_Disp_Exu/Exu_muldiv_u0/Exu_divider/quotient[2][29]' of 'bmsWIDEDFFCPE' unit is dangling and will be cleaned.
W: Public-4008: Instance 'u_TSP_Core/u_TSP_Disp_Exu/Exu_muldiv_u0/Exu_divider/quotient[3][0]' of 'bmsWIDEDFFCPE' unit is dangling and will be cleaned.
W: Public-4008: Instance 'u_TSP_Core/u_TSP_Disp_Exu/Exu_muldiv_u0/Exu_divider/quotient[3][1]' of 'bmsWIDEDFFCPE' unit is dangling and will be cleaned.
W: Public-4008: Instance 'u_TSP_Core/u_TSP_Disp_Exu/Exu_muldiv_u0/Exu_divider/quotient[3][2]' of 'bmsWIDEDFFCPE' unit is dangling and will be cleaned.
W: Public-4008: Instance 'u_TSP_Core/u_TSP_Disp_Exu/Exu_muldiv_u0/Exu_divider/quotient[3][3]' of 'bmsWIDEDFFCPE' unit is dangling and will be cleaned.
W: Public-4008: Instance 'u_TSP_Core/u_TSP_Disp_Exu/Exu_muldiv_u0/Exu_divider/quotient[3][4]' of 'bmsWIDEDFFCPE' unit is dangling and will be cleaned.
W: Public-4008: Instance 'u_TSP_Core/u_TSP_Disp_Exu/Exu_muldiv_u0/Exu_divider/quotient[3][5]' of 'bmsWIDEDFFCPE' unit is dangling and will be cleaned.
W: Public-4008: Instance 'u_TSP_Core/u_TSP_Disp_Exu/Exu_muldiv_u0/Exu_divider/quotient[3][6]' of 'bmsWIDEDFFCPE' unit is dangling and will be cleaned.
W: Public-4008: Instance 'u_TSP_Core/u_TSP_Disp_Exu/Exu_muldiv_u0/Exu_divider/quotient[3][7]' of 'bmsWIDEDFFCPE' unit is dangling and will be cleaned.
W: Public-4008: Instance 'u_TSP_Core/u_TSP_Disp_Exu/Exu_muldiv_u0/Exu_divider/quotient[3][8]' of 'bmsWIDEDFFCPE' unit is dangling and will be cleaned.
W: Public-4008: Instance 'u_TSP_Core/u_TSP_Disp_Exu/Exu_muldiv_u0/Exu_divider/quotient[3][9]' of 'bmsWIDEDFFCPE' unit is dangling and will be cleaned.
W: Public-4008: Instance 'u_TSP_Core/u_TSP_Disp_Exu/Exu_muldiv_u0/Exu_divider/quotient[3][10]' of 'bmsWIDEDFFCPE' unit is dangling and will be cleaned.
W: Public-4008: Instance 'u_TSP_Core/u_TSP_Disp_Exu/Exu_muldiv_u0/Exu_divider/quotient[3][11]' of 'bmsWIDEDFFCPE' unit is dangling and will be cleaned.
W: Public-4008: Instance 'u_TSP_Core/u_TSP_Disp_Exu/Exu_muldiv_u0/Exu_divider/quotient[3][12]' of 'bmsWIDEDFFCPE' unit is dangling and will be cleaned.
W: Public-4008: Instance 'u_TSP_Core/u_TSP_Disp_Exu/Exu_muldiv_u0/Exu_divider/quotient[3][13]' of 'bmsWIDEDFFCPE' unit is dangling and will be cleaned.
W: Public-4008: Instance 'u_TSP_Core/u_TSP_Disp_Exu/Exu_muldiv_u0/Exu_divider/quotient[3][14]' of 'bmsWIDEDFFCPE' unit is dangling and will be cleaned.
W: Public-4008: Instance 'u_TSP_Core/u_TSP_Disp_Exu/Exu_muldiv_u0/Exu_divider/quotient[3][15]' of 'bmsWIDEDFFCPE' unit is dangling and will be cleaned.
W: Public-4008: Instance 'u_TSP_Core/u_TSP_Disp_Exu/Exu_muldiv_u0/Exu_divider/quotient[3][16]' of 'bmsWIDEDFFCPE' unit is dangling and will be cleaned.
W: Public-4008: Instance 'u_TSP_Core/u_TSP_Disp_Exu/Exu_muldiv_u0/Exu_divider/quotient[3][17]' of 'bmsWIDEDFFCPE' unit is dangling and will be cleaned.
W: Public-4008: Instance 'u_TSP_Core/u_TSP_Disp_Exu/Exu_muldiv_u0/Exu_divider/quotient[3][18]' of 'bmsWIDEDFFCPE' unit is dangling and will be cleaned.
W: Public-4008: Instance 'u_TSP_Core/u_TSP_Disp_Exu/Exu_muldiv_u0/Exu_divider/quotient[3][19]' of 'bmsWIDEDFFCPE' unit is dangling and will be cleaned.
W: Public-4008: Instance 'u_TSP_Core/u_TSP_Disp_Exu/Exu_muldiv_u0/Exu_divider/quotient[3][20]' of 'bmsWIDEDFFCPE' unit is dangling and will be cleaned.
W: Public-4008: Instance 'u_TSP_Core/u_TSP_Disp_Exu/Exu_muldiv_u0/Exu_divider/quotient[3][21]' of 'bmsWIDEDFFCPE' unit is dangling and will be cleaned.
W: Public-4008: Instance 'u_TSP_Core/u_TSP_Disp_Exu/Exu_muldiv_u0/Exu_divider/quotient[3][22]' of 'bmsWIDEDFFCPE' unit is dangling and will be cleaned.
W: Public-4008: Instance 'u_TSP_Core/u_TSP_Disp_Exu/Exu_muldiv_u0/Exu_divider/quotient[3][23]' of 'bmsWIDEDFFCPE' unit is dangling and will be cleaned.
W: Public-4008: Instance 'u_TSP_Core/u_TSP_Disp_Exu/Exu_muldiv_u0/Exu_divider/quotient[3][24]' of 'bmsWIDEDFFCPE' unit is dangling and will be cleaned.
W: Public-4008: Instance 'u_TSP_Core/u_TSP_Disp_Exu/Exu_muldiv_u0/Exu_divider/quotient[3][25]' of 'bmsWIDEDFFCPE' unit is dangling and will be cleaned.
W: Public-4008: Instance 'u_TSP_Core/u_TSP_Disp_Exu/Exu_muldiv_u0/Exu_divider/quotient[3][26]' of 'bmsWIDEDFFCPE' unit is dangling and will be cleaned.
W: Public-4008: Instance 'u_TSP_Core/u_TSP_Disp_Exu/Exu_muldiv_u0/Exu_divider/quotient[3][27]' of 'bmsWIDEDFFCPE' unit is dangling and will be cleaned.
W: Public-4008: Instance 'u_TSP_Core/u_TSP_Disp_Exu/Exu_muldiv_u0/Exu_divider/quotient[3][28]' of 'bmsWIDEDFFCPE' unit is dangling and will be cleaned.
W: Public-4008: Instance 'u_TSP_Core/u_TSP_Disp_Exu/Exu_muldiv_u0/Exu_divider/quotient[4][0]' of 'bmsWIDEDFFCPE' unit is dangling and will be cleaned.
W: Public-4008: Instance 'u_TSP_Core/u_TSP_Disp_Exu/Exu_muldiv_u0/Exu_divider/quotient[4][1]' of 'bmsWIDEDFFCPE' unit is dangling and will be cleaned.
W: Public-4008: Instance 'u_TSP_Core/u_TSP_Disp_Exu/Exu_muldiv_u0/Exu_divider/quotient[4][2]' of 'bmsWIDEDFFCPE' unit is dangling and will be cleaned.
W: Public-4008: Instance 'u_TSP_Core/u_TSP_Disp_Exu/Exu_muldiv_u0/Exu_divider/quotient[4][3]' of 'bmsWIDEDFFCPE' unit is dangling and will be cleaned.
W: Public-4008: Instance 'u_TSP_Core/u_TSP_Disp_Exu/Exu_muldiv_u0/Exu_divider/quotient[4][4]' of 'bmsWIDEDFFCPE' unit is dangling and will be cleaned.
W: Public-4008: Instance 'u_TSP_Core/u_TSP_Disp_Exu/Exu_muldiv_u0/Exu_divider/quotient[4][5]' of 'bmsWIDEDFFCPE' unit is dangling and will be cleaned.
W: Public-4008: Instance 'u_TSP_Core/u_TSP_Disp_Exu/Exu_muldiv_u0/Exu_divider/quotient[4][6]' of 'bmsWIDEDFFCPE' unit is dangling and will be cleaned.
W: Public-4008: Instance 'u_TSP_Core/u_TSP_Disp_Exu/Exu_muldiv_u0/Exu_divider/quotient[4][7]' of 'bmsWIDEDFFCPE' unit is dangling and will be cleaned.
W: Public-4008: Instance 'u_TSP_Core/u_TSP_Disp_Exu/Exu_muldiv_u0/Exu_divider/quotient[4][8]' of 'bmsWIDEDFFCPE' unit is dangling and will be cleaned.
W: Public-4008: Instance 'u_TSP_Core/u_TSP_Disp_Exu/Exu_muldiv_u0/Exu_divider/quotient[4][9]' of 'bmsWIDEDFFCPE' unit is dangling and will be cleaned.
W: Public-4008: Instance 'u_TSP_Core/u_TSP_Disp_Exu/Exu_muldiv_u0/Exu_divider/quotient[4][10]' of 'bmsWIDEDFFCPE' unit is dangling and will be cleaned.
W: Public-4008: Instance 'u_TSP_Core/u_TSP_Disp_Exu/Exu_muldiv_u0/Exu_divider/quotient[4][11]' of 'bmsWIDEDFFCPE' unit is dangling and will be cleaned.
W: Public-4008: Instance 'u_TSP_Core/u_TSP_Disp_Exu/Exu_muldiv_u0/Exu_divider/quotient[4][12]' of 'bmsWIDEDFFCPE' unit is dangling and will be cleaned.
W: Public-4008: Instance 'u_TSP_Core/u_TSP_Disp_Exu/Exu_muldiv_u0/Exu_divider/quotient[4][13]' of 'bmsWIDEDFFCPE' unit is dangling and will be cleaned.
W: Public-4008: Instance 'u_TSP_Core/u_TSP_Disp_Exu/Exu_muldiv_u0/Exu_divider/quotient[4][14]' of 'bmsWIDEDFFCPE' unit is dangling and will be cleaned.
W: Public-4008: Instance 'u_TSP_Core/u_TSP_Disp_Exu/Exu_muldiv_u0/Exu_divider/quotient[4][15]' of 'bmsWIDEDFFCPE' unit is dangling and will be cleaned.
W: Public-4008: Instance 'u_TSP_Core/u_TSP_Disp_Exu/Exu_muldiv_u0/Exu_divider/quotient[4][16]' of 'bmsWIDEDFFCPE' unit is dangling and will be cleaned.
W: Public-4008: Instance 'u_TSP_Core/u_TSP_Disp_Exu/Exu_muldiv_u0/Exu_divider/quotient[4][17]' of 'bmsWIDEDFFCPE' unit is dangling and will be cleaned.
W: Public-4008: Instance 'u_TSP_Core/u_TSP_Disp_Exu/Exu_muldiv_u0/Exu_divider/quotient[4][18]' of 'bmsWIDEDFFCPE' unit is dangling and will be cleaned.
W: Public-4008: Instance 'u_TSP_Core/u_TSP_Disp_Exu/Exu_muldiv_u0/Exu_divider/quotient[4][19]' of 'bmsWIDEDFFCPE' unit is dangling and will be cleaned.
W: Public-4008: Instance 'u_TSP_Core/u_TSP_Disp_Exu/Exu_muldiv_u0/Exu_divider/quotient[4][20]' of 'bmsWIDEDFFCPE' unit is dangling and will be cleaned.
W: Public-4008: Instance 'u_TSP_Core/u_TSP_Disp_Exu/Exu_muldiv_u0/Exu_divider/quotient[4][21]' of 'bmsWIDEDFFCPE' unit is dangling and will be cleaned.
W: Public-4008: Instance 'u_TSP_Core/u_TSP_Disp_Exu/Exu_muldiv_u0/Exu_divider/quotient[4][22]' of 'bmsWIDEDFFCPE' unit is dangling and will be cleaned.
W: Public-4008: Instance 'u_TSP_Core/u_TSP_Disp_Exu/Exu_muldiv_u0/Exu_divider/quotient[4][23]' of 'bmsWIDEDFFCPE' unit is dangling and will be cleaned.
W: Public-4008: Instance 'u_TSP_Core/u_TSP_Disp_Exu/Exu_muldiv_u0/Exu_divider/quotient[4][24]' of 'bmsWIDEDFFCPE' unit is dangling and will be cleaned.
W: Public-4008: Instance 'u_TSP_Core/u_TSP_Disp_Exu/Exu_muldiv_u0/Exu_divider/quotient[4][25]' of 'bmsWIDEDFFCPE' unit is dangling and will be cleaned.
W: Public-4008: Instance 'u_TSP_Core/u_TSP_Disp_Exu/Exu_muldiv_u0/Exu_divider/quotient[4][26]' of 'bmsWIDEDFFCPE' unit is dangling and will be cleaned.
W: Public-4008: Instance 'u_TSP_Core/u_TSP_Disp_Exu/Exu_muldiv_u0/Exu_divider/quotient[4][27]' of 'bmsWIDEDFFCPE' unit is dangling and will be cleaned.
W: Public-4008: Instance 'u_TSP_Core/u_TSP_Disp_Exu/Exu_muldiv_u0/Exu_divider/quotient[5][0]' of 'bmsWIDEDFFCPE' unit is dangling and will be cleaned.
W: Public-4008: Instance 'u_TSP_Core/u_TSP_Disp_Exu/Exu_muldiv_u0/Exu_divider/quotient[5][1]' of 'bmsWIDEDFFCPE' unit is dangling and will be cleaned.
W: Public-4008: Instance 'u_TSP_Core/u_TSP_Disp_Exu/Exu_muldiv_u0/Exu_divider/quotient[5][2]' of 'bmsWIDEDFFCPE' unit is dangling and will be cleaned.
W: Public-4008: Instance 'u_TSP_Core/u_TSP_Disp_Exu/Exu_muldiv_u0/Exu_divider/quotient[5][3]' of 'bmsWIDEDFFCPE' unit is dangling and will be cleaned.
W: Public-4008: Instance 'u_TSP_Core/u_TSP_Disp_Exu/Exu_muldiv_u0/Exu_divider/quotient[5][4]' of 'bmsWIDEDFFCPE' unit is dangling and will be cleaned.
W: Public-4008: Instance 'u_TSP_Core/u_TSP_Disp_Exu/Exu_muldiv_u0/Exu_divider/quotient[5][5]' of 'bmsWIDEDFFCPE' unit is dangling and will be cleaned.
W: Public-4008: Instance 'u_TSP_Core/u_TSP_Disp_Exu/Exu_muldiv_u0/Exu_divider/quotient[5][6]' of 'bmsWIDEDFFCPE' unit is dangling and will be cleaned.
W: Public-4008: Instance 'u_TSP_Core/u_TSP_Disp_Exu/Exu_muldiv_u0/Exu_divider/quotient[5][7]' of 'bmsWIDEDFFCPE' unit is dangling and will be cleaned.
W: Public-4008: Instance 'u_TSP_Core/u_TSP_Disp_Exu/Exu_muldiv_u0/Exu_divider/quotient[5][8]' of 'bmsWIDEDFFCPE' unit is dangling and will be cleaned.
W: Public-4008: Instance 'u_TSP_Core/u_TSP_Disp_Exu/Exu_muldiv_u0/Exu_divider/quotient[5][9]' of 'bmsWIDEDFFCPE' unit is dangling and will be cleaned.
W: Public-4008: Instance 'u_TSP_Core/u_TSP_Disp_Exu/Exu_muldiv_u0/Exu_divider/quotient[5][10]' of 'bmsWIDEDFFCPE' unit is dangling and will be cleaned.
W: Public-4008: Instance 'u_TSP_Core/u_TSP_Disp_Exu/Exu_muldiv_u0/Exu_divider/quotient[5][11]' of 'bmsWIDEDFFCPE' unit is dangling and will be cleaned.
W: Public-4008: Instance 'u_TSP_Core/u_TSP_Disp_Exu/Exu_muldiv_u0/Exu_divider/quotient[5][12]' of 'bmsWIDEDFFCPE' unit is dangling and will be cleaned.
W: Public-4008: Instance 'u_TSP_Core/u_TSP_Disp_Exu/Exu_muldiv_u0/Exu_divider/quotient[5][13]' of 'bmsWIDEDFFCPE' unit is dangling and will be cleaned.
W: Public-4008: Instance 'u_TSP_Core/u_TSP_Disp_Exu/Exu_muldiv_u0/Exu_divider/quotient[5][14]' of 'bmsWIDEDFFCPE' unit is dangling and will be cleaned.
W: Public-4008: Instance 'u_TSP_Core/u_TSP_Disp_Exu/Exu_muldiv_u0/Exu_divider/quotient[5][15]' of 'bmsWIDEDFFCPE' unit is dangling and will be cleaned.
W: Public-4008: Instance 'u_TSP_Core/u_TSP_Disp_Exu/Exu_muldiv_u0/Exu_divider/quotient[5][16]' of 'bmsWIDEDFFCPE' unit is dangling and will be cleaned.
W: Public-4008: Instance 'u_TSP_Core/u_TSP_Disp_Exu/Exu_muldiv_u0/Exu_divider/quotient[5][17]' of 'bmsWIDEDFFCPE' unit is dangling and will be cleaned.
W: Public-4008: Instance 'u_TSP_Core/u_TSP_Disp_Exu/Exu_muldiv_u0/Exu_divider/quotient[5][18]' of 'bmsWIDEDFFCPE' unit is dangling and will be cleaned.
W: Public-4008: Instance 'u_TSP_Core/u_TSP_Disp_Exu/Exu_muldiv_u0/Exu_divider/quotient[5][19]' of 'bmsWIDEDFFCPE' unit is dangling and will be cleaned.
W: Public-4008: Instance 'u_TSP_Core/u_TSP_Disp_Exu/Exu_muldiv_u0/Exu_divider/quotient[5][20]' of 'bmsWIDEDFFCPE' unit is dangling and will be cleaned.
W: Public-4008: Instance 'u_TSP_Core/u_TSP_Disp_Exu/Exu_muldiv_u0/Exu_divider/quotient[5][21]' of 'bmsWIDEDFFCPE' unit is dangling and will be cleaned.
W: Public-4008: Instance 'u_TSP_Core/u_TSP_Disp_Exu/Exu_muldiv_u0/Exu_divider/quotient[5][22]' of 'bmsWIDEDFFCPE' unit is dangling and will be cleaned.
W: Public-4008: Instance 'u_TSP_Core/u_TSP_Disp_Exu/Exu_muldiv_u0/Exu_divider/quotient[5][23]' of 'bmsWIDEDFFCPE' unit is dangling and will be cleaned.
W: Public-4008: Instance 'u_TSP_Core/u_TSP_Disp_Exu/Exu_muldiv_u0/Exu_divider/quotient[5][24]' of 'bmsWIDEDFFCPE' unit is dangling and will be cleaned.
W: Public-4008: Instance 'u_TSP_Core/u_TSP_Disp_Exu/Exu_muldiv_u0/Exu_divider/quotient[5][25]' of 'bmsWIDEDFFCPE' unit is dangling and will be cleaned.
W: Public-4008: Instance 'u_TSP_Core/u_TSP_Disp_Exu/Exu_muldiv_u0/Exu_divider/quotient[5][26]' of 'bmsWIDEDFFCPE' unit is dangling and will be cleaned.
W: Public-4008: Instance 'u_TSP_Core/u_TSP_Disp_Exu/Exu_muldiv_u0/Exu_divider/quotient[6][0]' of 'bmsWIDEDFFCPE' unit is dangling and will be cleaned.
W: Public-4008: Instance 'u_TSP_Core/u_TSP_Disp_Exu/Exu_muldiv_u0/Exu_divider/quotient[6][1]' of 'bmsWIDEDFFCPE' unit is dangling and will be cleaned.
W: Public-4008: Instance 'u_TSP_Core/u_TSP_Disp_Exu/Exu_muldiv_u0/Exu_divider/quotient[6][2]' of 'bmsWIDEDFFCPE' unit is dangling and will be cleaned.
W: Public-4008: Instance 'u_TSP_Core/u_TSP_Disp_Exu/Exu_muldiv_u0/Exu_divider/quotient[6][3]' of 'bmsWIDEDFFCPE' unit is dangling and will be cleaned.
W: Public-4008: Instance 'u_TSP_Core/u_TSP_Disp_Exu/Exu_muldiv_u0/Exu_divider/quotient[6][4]' of 'bmsWIDEDFFCPE' unit is dangling and will be cleaned.
W: Public-4008: Instance 'u_TSP_Core/u_TSP_Disp_Exu/Exu_muldiv_u0/Exu_divider/quotient[6][5]' of 'bmsWIDEDFFCPE' unit is dangling and will be cleaned.
W: Public-4008: Instance 'u_TSP_Core/u_TSP_Disp_Exu/Exu_muldiv_u0/Exu_divider/quotient[6][6]' of 'bmsWIDEDFFCPE' unit is dangling and will be cleaned.
W: Public-4008: Instance 'u_TSP_Core/u_TSP_Disp_Exu/Exu_muldiv_u0/Exu_divider/quotient[6][7]' of 'bmsWIDEDFFCPE' unit is dangling and will be cleaned.
W: Public-4008: Instance 'u_TSP_Core/u_TSP_Disp_Exu/Exu_muldiv_u0/Exu_divider/quotient[6][8]' of 'bmsWIDEDFFCPE' unit is dangling and will be cleaned.
W: Public-4008: Instance 'u_TSP_Core/u_TSP_Disp_Exu/Exu_muldiv_u0/Exu_divider/quotient[6][9]' of 'bmsWIDEDFFCPE' unit is dangling and will be cleaned.
W: Public-4008: Instance 'u_TSP_Core/u_TSP_Disp_Exu/Exu_muldiv_u0/Exu_divider/quotient[6][10]' of 'bmsWIDEDFFCPE' unit is dangling and will be cleaned.
W: Public-4008: Instance 'u_TSP_Core/u_TSP_Disp_Exu/Exu_muldiv_u0/Exu_divider/quotient[6][11]' of 'bmsWIDEDFFCPE' unit is dangling and will be cleaned.
W: Public-4008: Instance 'u_TSP_Core/u_TSP_Disp_Exu/Exu_muldiv_u0/Exu_divider/quotient[6][12]' of 'bmsWIDEDFFCPE' unit is dangling and will be cleaned.
W: Public-4008: Instance 'u_TSP_Core/u_TSP_Disp_Exu/Exu_muldiv_u0/Exu_divider/quotient[6][13]' of 'bmsWIDEDFFCPE' unit is dangling and will be cleaned.
W: Public-4008: Instance 'u_TSP_Core/u_TSP_Disp_Exu/Exu_muldiv_u0/Exu_divider/quotient[6][14]' of 'bmsWIDEDFFCPE' unit is dangling and will be cleaned.
W: Public-4008: Instance 'u_TSP_Core/u_TSP_Disp_Exu/Exu_muldiv_u0/Exu_divider/quotient[6][15]' of 'bmsWIDEDFFCPE' unit is dangling and will be cleaned.
W: Public-4008: Instance 'u_TSP_Core/u_TSP_Disp_Exu/Exu_muldiv_u0/Exu_divider/quotient[6][16]' of 'bmsWIDEDFFCPE' unit is dangling and will be cleaned.
W: Public-4008: Instance 'u_TSP_Core/u_TSP_Disp_Exu/Exu_muldiv_u0/Exu_divider/quotient[6][17]' of 'bmsWIDEDFFCPE' unit is dangling and will be cleaned.
W: Public-4008: Instance 'u_TSP_Core/u_TSP_Disp_Exu/Exu_muldiv_u0/Exu_divider/quotient[6][18]' of 'bmsWIDEDFFCPE' unit is dangling and will be cleaned.
W: Public-4008: Instance 'u_TSP_Core/u_TSP_Disp_Exu/Exu_muldiv_u0/Exu_divider/quotient[6][19]' of 'bmsWIDEDFFCPE' unit is dangling and will be cleaned.
W: Public-4008: Instance 'u_TSP_Core/u_TSP_Disp_Exu/Exu_muldiv_u0/Exu_divider/quotient[6][20]' of 'bmsWIDEDFFCPE' unit is dangling and will be cleaned.
W: Public-4008: Instance 'u_TSP_Core/u_TSP_Disp_Exu/Exu_muldiv_u0/Exu_divider/quotient[6][21]' of 'bmsWIDEDFFCPE' unit is dangling and will be cleaned.
W: Public-4008: Instance 'u_TSP_Core/u_TSP_Disp_Exu/Exu_muldiv_u0/Exu_divider/quotient[6][22]' of 'bmsWIDEDFFCPE' unit is dangling and will be cleaned.
W: Public-4008: Instance 'u_TSP_Core/u_TSP_Disp_Exu/Exu_muldiv_u0/Exu_divider/quotient[6][23]' of 'bmsWIDEDFFCPE' unit is dangling and will be cleaned.
W: Public-4008: Instance 'u_TSP_Core/u_TSP_Disp_Exu/Exu_muldiv_u0/Exu_divider/quotient[6][24]' of 'bmsWIDEDFFCPE' unit is dangling and will be cleaned.
W: Public-4008: Instance 'u_TSP_Core/u_TSP_Disp_Exu/Exu_muldiv_u0/Exu_divider/quotient[6][25]' of 'bmsWIDEDFFCPE' unit is dangling and will be cleaned.
W: Public-4008: Instance 'u_TSP_Core/u_TSP_Disp_Exu/Exu_muldiv_u0/Exu_divider/quotient[7][0]' of 'bmsWIDEDFFCPE' unit is dangling and will be cleaned.
W: Public-4008: Instance 'u_TSP_Core/u_TSP_Disp_Exu/Exu_muldiv_u0/Exu_divider/quotient[7][1]' of 'bmsWIDEDFFCPE' unit is dangling and will be cleaned.
W: Public-4008: Instance 'u_TSP_Core/u_TSP_Disp_Exu/Exu_muldiv_u0/Exu_divider/quotient[7][2]' of 'bmsWIDEDFFCPE' unit is dangling and will be cleaned.
W: Public-4008: Instance 'u_TSP_Core/u_TSP_Disp_Exu/Exu_muldiv_u0/Exu_divider/quotient[7][3]' of 'bmsWIDEDFFCPE' unit is dangling and will be cleaned.
W: Public-4008: Instance 'u_TSP_Core/u_TSP_Disp_Exu/Exu_muldiv_u0/Exu_divider/quotient[7][4]' of 'bmsWIDEDFFCPE' unit is dangling and will be cleaned.
W: Public-4008: Instance 'u_TSP_Core/u_TSP_Disp_Exu/Exu_muldiv_u0/Exu_divider/quotient[7][5]' of 'bmsWIDEDFFCPE' unit is dangling and will be cleaned.
W: Public-4008: Instance 'u_TSP_Core/u_TSP_Disp_Exu/Exu_muldiv_u0/Exu_divider/quotient[7][6]' of 'bmsWIDEDFFCPE' unit is dangling and will be cleaned.
W: Public-4008: Instance 'u_TSP_Core/u_TSP_Disp_Exu/Exu_muldiv_u0/Exu_divider/quotient[7][7]' of 'bmsWIDEDFFCPE' unit is dangling and will be cleaned.
W: Public-4008: Instance 'u_TSP_Core/u_TSP_Disp_Exu/Exu_muldiv_u0/Exu_divider/quotient[7][8]' of 'bmsWIDEDFFCPE' unit is dangling and will be cleaned.
W: Public-4008: Instance 'u_TSP_Core/u_TSP_Disp_Exu/Exu_muldiv_u0/Exu_divider/quotient[7][9]' of 'bmsWIDEDFFCPE' unit is dangling and will be cleaned.
W: Public-4008: Instance 'u_TSP_Core/u_TSP_Disp_Exu/Exu_muldiv_u0/Exu_divider/quotient[7][10]' of 'bmsWIDEDFFCPE' unit is dangling and will be cleaned.
W: Public-4008: Instance 'u_TSP_Core/u_TSP_Disp_Exu/Exu_muldiv_u0/Exu_divider/quotient[7][11]' of 'bmsWIDEDFFCPE' unit is dangling and will be cleaned.
W: Public-4008: Instance 'u_TSP_Core/u_TSP_Disp_Exu/Exu_muldiv_u0/Exu_divider/quotient[7][12]' of 'bmsWIDEDFFCPE' unit is dangling and will be cleaned.
W: Public-4008: Instance 'u_TSP_Core/u_TSP_Disp_Exu/Exu_muldiv_u0/Exu_divider/quotient[7][13]' of 'bmsWIDEDFFCPE' unit is dangling and will be cleaned.
W: Public-4008: Instance 'u_TSP_Core/u_TSP_Disp_Exu/Exu_muldiv_u0/Exu_divider/quotient[7][14]' of 'bmsWIDEDFFCPE' unit is dangling and will be cleaned.
W: Public-4008: Instance 'u_TSP_Core/u_TSP_Disp_Exu/Exu_muldiv_u0/Exu_divider/quotient[7][15]' of 'bmsWIDEDFFCPE' unit is dangling and will be cleaned.
W: Public-4008: Instance 'u_TSP_Core/u_TSP_Disp_Exu/Exu_muldiv_u0/Exu_divider/quotient[7][16]' of 'bmsWIDEDFFCPE' unit is dangling and will be cleaned.
W: Public-4008: Instance 'u_TSP_Core/u_TSP_Disp_Exu/Exu_muldiv_u0/Exu_divider/quotient[7][17]' of 'bmsWIDEDFFCPE' unit is dangling and will be cleaned.
W: Public-4008: Instance 'u_TSP_Core/u_TSP_Disp_Exu/Exu_muldiv_u0/Exu_divider/quotient[7][18]' of 'bmsWIDEDFFCPE' unit is dangling and will be cleaned.
W: Public-4008: Instance 'u_TSP_Core/u_TSP_Disp_Exu/Exu_muldiv_u0/Exu_divider/quotient[7][19]' of 'bmsWIDEDFFCPE' unit is dangling and will be cleaned.
W: Public-4008: Instance 'u_TSP_Core/u_TSP_Disp_Exu/Exu_muldiv_u0/Exu_divider/quotient[7][20]' of 'bmsWIDEDFFCPE' unit is dangling and will be cleaned.
W: Public-4008: Instance 'u_TSP_Core/u_TSP_Disp_Exu/Exu_muldiv_u0/Exu_divider/quotient[7][21]' of 'bmsWIDEDFFCPE' unit is dangling and will be cleaned.
W: Public-4008: Instance 'u_TSP_Core/u_TSP_Disp_Exu/Exu_muldiv_u0/Exu_divider/quotient[7][22]' of 'bmsWIDEDFFCPE' unit is dangling and will be cleaned.
W: Public-4008: Instance 'u_TSP_Core/u_TSP_Disp_Exu/Exu_muldiv_u0/Exu_divider/quotient[7][23]' of 'bmsWIDEDFFCPE' unit is dangling and will be cleaned.
W: Public-4008: Instance 'u_TSP_Core/u_TSP_Disp_Exu/Exu_muldiv_u0/Exu_divider/quotient[7][24]' of 'bmsWIDEDFFCPE' unit is dangling and will be cleaned.
W: Public-4008: Instance 'u_TSP_Core/u_TSP_Disp_Exu/Exu_muldiv_u0/Exu_divider/quotient[8][0]' of 'bmsWIDEDFFCPE' unit is dangling and will be cleaned.
W: Public-4008: Instance 'u_TSP_Core/u_TSP_Disp_Exu/Exu_muldiv_u0/Exu_divider/quotient[8][1]' of 'bmsWIDEDFFCPE' unit is dangling and will be cleaned.
W: Public-4008: Instance 'u_TSP_Core/u_TSP_Disp_Exu/Exu_muldiv_u0/Exu_divider/quotient[8][2]' of 'bmsWIDEDFFCPE' unit is dangling and will be cleaned.
W: Public-4008: Instance 'u_TSP_Core/u_TSP_Disp_Exu/Exu_muldiv_u0/Exu_divider/quotient[8][3]' of 'bmsWIDEDFFCPE' unit is dangling and will be cleaned.
W: Public-4008: Instance 'u_TSP_Core/u_TSP_Disp_Exu/Exu_muldiv_u0/Exu_divider/quotient[8][4]' of 'bmsWIDEDFFCPE' unit is dangling and will be cleaned.
W: Public-4008: Instance 'u_TSP_Core/u_TSP_Disp_Exu/Exu_muldiv_u0/Exu_divider/quotient[8][5]' of 'bmsWIDEDFFCPE' unit is dangling and will be cleaned.
W: Public-4008: Instance 'u_TSP_Core/u_TSP_Disp_Exu/Exu_muldiv_u0/Exu_divider/quotient[8][6]' of 'bmsWIDEDFFCPE' unit is dangling and will be cleaned.
W: Public-4008: Instance 'u_TSP_Core/u_TSP_Disp_Exu/Exu_muldiv_u0/Exu_divider/quotient[8][7]' of 'bmsWIDEDFFCPE' unit is dangling and will be cleaned.
W: Public-4008: Instance 'u_TSP_Core/u_TSP_Disp_Exu/Exu_muldiv_u0/Exu_divider/quotient[8][8]' of 'bmsWIDEDFFCPE' unit is dangling and will be cleaned.
W: Public-4008: Instance 'u_TSP_Core/u_TSP_Disp_Exu/Exu_muldiv_u0/Exu_divider/quotient[8][9]' of 'bmsWIDEDFFCPE' unit is dangling and will be cleaned.
W: Public-4008: Instance 'u_TSP_Core/u_TSP_Disp_Exu/Exu_muldiv_u0/Exu_divider/quotient[8][10]' of 'bmsWIDEDFFCPE' unit is dangling and will be cleaned.
W: Public-4008: Instance 'u_TSP_Core/u_TSP_Disp_Exu/Exu_muldiv_u0/Exu_divider/quotient[8][11]' of 'bmsWIDEDFFCPE' unit is dangling and will be cleaned.
W: Public-4008: Instance 'u_TSP_Core/u_TSP_Disp_Exu/Exu_muldiv_u0/Exu_divider/quotient[8][12]' of 'bmsWIDEDFFCPE' unit is dangling and will be cleaned.
W: Public-4008: Instance 'u_TSP_Core/u_TSP_Disp_Exu/Exu_muldiv_u0/Exu_divider/quotient[8][13]' of 'bmsWIDEDFFCPE' unit is dangling and will be cleaned.
W: Public-4008: Instance 'u_TSP_Core/u_TSP_Disp_Exu/Exu_muldiv_u0/Exu_divider/quotient[8][14]' of 'bmsWIDEDFFCPE' unit is dangling and will be cleaned.
W: Public-4008: Instance 'u_TSP_Core/u_TSP_Disp_Exu/Exu_muldiv_u0/Exu_divider/quotient[8][15]' of 'bmsWIDEDFFCPE' unit is dangling and will be cleaned.
W: Public-4008: Instance 'u_TSP_Core/u_TSP_Disp_Exu/Exu_muldiv_u0/Exu_divider/quotient[8][16]' of 'bmsWIDEDFFCPE' unit is dangling and will be cleaned.
W: Public-4008: Instance 'u_TSP_Core/u_TSP_Disp_Exu/Exu_muldiv_u0/Exu_divider/quotient[8][17]' of 'bmsWIDEDFFCPE' unit is dangling and will be cleaned.
W: Public-4008: Instance 'u_TSP_Core/u_TSP_Disp_Exu/Exu_muldiv_u0/Exu_divider/quotient[8][18]' of 'bmsWIDEDFFCPE' unit is dangling and will be cleaned.
W: Public-4008: Instance 'u_TSP_Core/u_TSP_Disp_Exu/Exu_muldiv_u0/Exu_divider/quotient[8][19]' of 'bmsWIDEDFFCPE' unit is dangling and will be cleaned.
W: Public-4008: Instance 'u_TSP_Core/u_TSP_Disp_Exu/Exu_muldiv_u0/Exu_divider/quotient[8][20]' of 'bmsWIDEDFFCPE' unit is dangling and will be cleaned.
W: Public-4008: Instance 'u_TSP_Core/u_TSP_Disp_Exu/Exu_muldiv_u0/Exu_divider/quotient[8][21]' of 'bmsWIDEDFFCPE' unit is dangling and will be cleaned.
W: Public-4008: Instance 'u_TSP_Core/u_TSP_Disp_Exu/Exu_muldiv_u0/Exu_divider/quotient[8][22]' of 'bmsWIDEDFFCPE' unit is dangling and will be cleaned.
W: Public-4008: Instance 'u_TSP_Core/u_TSP_Disp_Exu/Exu_muldiv_u0/Exu_divider/quotient[8][23]' of 'bmsWIDEDFFCPE' unit is dangling and will be cleaned.
W: Public-4008: Instance 'u_TSP_Core/u_TSP_Disp_Exu/Exu_muldiv_u0/Exu_divider/quotient[9][0]' of 'bmsWIDEDFFCPE' unit is dangling and will be cleaned.
W: Public-4008: Instance 'u_TSP_Core/u_TSP_Disp_Exu/Exu_muldiv_u0/Exu_divider/quotient[9][1]' of 'bmsWIDEDFFCPE' unit is dangling and will be cleaned.
W: Public-4008: Instance 'u_TSP_Core/u_TSP_Disp_Exu/Exu_muldiv_u0/Exu_divider/quotient[9][2]' of 'bmsWIDEDFFCPE' unit is dangling and will be cleaned.
W: Public-4008: Instance 'u_TSP_Core/u_TSP_Disp_Exu/Exu_muldiv_u0/Exu_divider/quotient[9][3]' of 'bmsWIDEDFFCPE' unit is dangling and will be cleaned.
W: Public-4008: Instance 'u_TSP_Core/u_TSP_Disp_Exu/Exu_muldiv_u0/Exu_divider/quotient[9][4]' of 'bmsWIDEDFFCPE' unit is dangling and will be cleaned.
W: Public-4008: Instance 'u_TSP_Core/u_TSP_Disp_Exu/Exu_muldiv_u0/Exu_divider/quotient[9][5]' of 'bmsWIDEDFFCPE' unit is dangling and will be cleaned.
W: Public-4008: Instance 'u_TSP_Core/u_TSP_Disp_Exu/Exu_muldiv_u0/Exu_divider/quotient[9][6]' of 'bmsWIDEDFFCPE' unit is dangling and will be cleaned.
W: Public-4008: Instance 'u_TSP_Core/u_TSP_Disp_Exu/Exu_muldiv_u0/Exu_divider/quotient[9][7]' of 'bmsWIDEDFFCPE' unit is dangling and will be cleaned.
W: Public-4008: Instance 'u_TSP_Core/u_TSP_Disp_Exu/Exu_muldiv_u0/Exu_divider/quotient[9][8]' of 'bmsWIDEDFFCPE' unit is dangling and will be cleaned.
W: Public-4008: Instance 'u_TSP_Core/u_TSP_Disp_Exu/Exu_muldiv_u0/Exu_divider/quotient[9][9]' of 'bmsWIDEDFFCPE' unit is dangling and will be cleaned.
W: Public-4008: Instance 'u_TSP_Core/u_TSP_Disp_Exu/Exu_muldiv_u0/Exu_divider/quotient[9][10]' of 'bmsWIDEDFFCPE' unit is dangling and will be cleaned.
W: Public-4008: Instance 'u_TSP_Core/u_TSP_Disp_Exu/Exu_muldiv_u0/Exu_divider/quotient[9][11]' of 'bmsWIDEDFFCPE' unit is dangling and will be cleaned.
W: Public-4008: Instance 'u_TSP_Core/u_TSP_Disp_Exu/Exu_muldiv_u0/Exu_divider/quotient[9][12]' of 'bmsWIDEDFFCPE' unit is dangling and will be cleaned.
W: Public-4008: Instance 'u_TSP_Core/u_TSP_Disp_Exu/Exu_muldiv_u0/Exu_divider/quotient[9][13]' of 'bmsWIDEDFFCPE' unit is dangling and will be cleaned.
W: Public-4008: Instance 'u_TSP_Core/u_TSP_Disp_Exu/Exu_muldiv_u0/Exu_divider/quotient[9][14]' of 'bmsWIDEDFFCPE' unit is dangling and will be cleaned.
W: Public-4008: Instance 'u_TSP_Core/u_TSP_Disp_Exu/Exu_muldiv_u0/Exu_divider/quotient[9][15]' of 'bmsWIDEDFFCPE' unit is dangling and will be cleaned.
W: Public-4008: Instance 'u_TSP_Core/u_TSP_Disp_Exu/Exu_muldiv_u0/Exu_divider/quotient[9][16]' of 'bmsWIDEDFFCPE' unit is dangling and will be cleaned.
W: Public-4008: Instance 'u_TSP_Core/u_TSP_Disp_Exu/Exu_muldiv_u0/Exu_divider/quotient[9][17]' of 'bmsWIDEDFFCPE' unit is dangling and will be cleaned.
W: Public-4008: Instance 'u_TSP_Core/u_TSP_Disp_Exu/Exu_muldiv_u0/Exu_divider/quotient[9][18]' of 'bmsWIDEDFFCPE' unit is dangling and will be cleaned.
W: Public-4008: Instance 'u_TSP_Core/u_TSP_Disp_Exu/Exu_muldiv_u0/Exu_divider/quotient[9][19]' of 'bmsWIDEDFFCPE' unit is dangling and will be cleaned.
W: Public-4008: Instance 'u_TSP_Core/u_TSP_Disp_Exu/Exu_muldiv_u0/Exu_divider/quotient[9][20]' of 'bmsWIDEDFFCPE' unit is dangling and will be cleaned.
W: Public-4008: Instance 'u_TSP_Core/u_TSP_Disp_Exu/Exu_muldiv_u0/Exu_divider/quotient[9][21]' of 'bmsWIDEDFFCPE' unit is dangling and will be cleaned.
W: Public-4008: Instance 'u_TSP_Core/u_TSP_Disp_Exu/Exu_muldiv_u0/Exu_divider/quotient[9][22]' of 'bmsWIDEDFFCPE' unit is dangling and will be cleaned.
W: Public-4008: Instance 'u_TSP_Core/u_TSP_Disp_Exu/Exu_muldiv_u0/Exu_divider/quotient[10][0]' of 'bmsWIDEDFFCPE' unit is dangling and will be cleaned.
W: Public-4008: Instance 'u_TSP_Core/u_TSP_Disp_Exu/Exu_muldiv_u0/Exu_divider/quotient[10][1]' of 'bmsWIDEDFFCPE' unit is dangling and will be cleaned.
W: Public-4008: Instance 'u_TSP_Core/u_TSP_Disp_Exu/Exu_muldiv_u0/Exu_divider/quotient[10][2]' of 'bmsWIDEDFFCPE' unit is dangling and will be cleaned.
W: Public-4008: Instance 'u_TSP_Core/u_TSP_Disp_Exu/Exu_muldiv_u0/Exu_divider/quotient[10][3]' of 'bmsWIDEDFFCPE' unit is dangling and will be cleaned.
W: Public-4008: Instance 'u_TSP_Core/u_TSP_Disp_Exu/Exu_muldiv_u0/Exu_divider/quotient[10][4]' of 'bmsWIDEDFFCPE' unit is dangling and will be cleaned.
W: Public-4008: Instance 'u_TSP_Core/u_TSP_Disp_Exu/Exu_muldiv_u0/Exu_divider/quotient[10][5]' of 'bmsWIDEDFFCPE' unit is dangling and will be cleaned.
W: Public-4008: Instance 'u_TSP_Core/u_TSP_Disp_Exu/Exu_muldiv_u0/Exu_divider/quotient[10][6]' of 'bmsWIDEDFFCPE' unit is dangling and will be cleaned.
W: Public-4008: Instance 'u_TSP_Core/u_TSP_Disp_Exu/Exu_muldiv_u0/Exu_divider/quotient[10][7]' of 'bmsWIDEDFFCPE' unit is dangling and will be cleaned.
W: Public-4008: Instance 'u_TSP_Core/u_TSP_Disp_Exu/Exu_muldiv_u0/Exu_divider/quotient[10][8]' of 'bmsWIDEDFFCPE' unit is dangling and will be cleaned.
W: Public-4008: Instance 'u_TSP_Core/u_TSP_Disp_Exu/Exu_muldiv_u0/Exu_divider/quotient[10][9]' of 'bmsWIDEDFFCPE' unit is dangling and will be cleaned.
W: Public-4008: Instance 'u_TSP_Core/u_TSP_Disp_Exu/Exu_muldiv_u0/Exu_divider/quotient[10][10]' of 'bmsWIDEDFFCPE' unit is dangling and will be cleaned.
W: Public-4008: Instance 'u_TSP_Core/u_TSP_Disp_Exu/Exu_muldiv_u0/Exu_divider/quotient[10][11]' of 'bmsWIDEDFFCPE' unit is dangling and will be cleaned.
W: Public-4008: Instance 'u_TSP_Core/u_TSP_Disp_Exu/Exu_muldiv_u0/Exu_divider/quotient[10][12]' of 'bmsWIDEDFFCPE' unit is dangling and will be cleaned.
W: Public-4008: Instance 'u_TSP_Core/u_TSP_Disp_Exu/Exu_muldiv_u0/Exu_divider/quotient[10][13]' of 'bmsWIDEDFFCPE' unit is dangling and will be cleaned.
W: Public-4008: Instance 'u_TSP_Core/u_TSP_Disp_Exu/Exu_muldiv_u0/Exu_divider/quotient[10][14]' of 'bmsWIDEDFFCPE' unit is dangling and will be cleaned.
W: Public-4008: Instance 'u_TSP_Core/u_TSP_Disp_Exu/Exu_muldiv_u0/Exu_divider/quotient[10][15]' of 'bmsWIDEDFFCPE' unit is dangling and will be cleaned.
W: Public-4008: Instance 'u_TSP_Core/u_TSP_Disp_Exu/Exu_muldiv_u0/Exu_divider/quotient[10][16]' of 'bmsWIDEDFFCPE' unit is dangling and will be cleaned.
W: Public-4008: Instance 'u_TSP_Core/u_TSP_Disp_Exu/Exu_muldiv_u0/Exu_divider/quotient[10][17]' of 'bmsWIDEDFFCPE' unit is dangling and will be cleaned.
W: Public-4008: Instance 'u_TSP_Core/u_TSP_Disp_Exu/Exu_muldiv_u0/Exu_divider/quotient[10][18]' of 'bmsWIDEDFFCPE' unit is dangling and will be cleaned.
W: Public-4008: Instance 'u_TSP_Core/u_TSP_Disp_Exu/Exu_muldiv_u0/Exu_divider/quotient[10][19]' of 'bmsWIDEDFFCPE' unit is dangling and will be cleaned.
W: Public-4008: Instance 'u_TSP_Core/u_TSP_Disp_Exu/Exu_muldiv_u0/Exu_divider/quotient[10][20]' of 'bmsWIDEDFFCPE' unit is dangling and will be cleaned.
W: Public-4008: Instance 'u_TSP_Core/u_TSP_Disp_Exu/Exu_muldiv_u0/Exu_divider/quotient[10][21]' of 'bmsWIDEDFFCPE' unit is dangling and will be cleaned.
W: Public-4008: Instance 'u_TSP_Core/u_TSP_Disp_Exu/Exu_muldiv_u0/Exu_divider/quotient[11][0]' of 'bmsWIDEDFFCPE' unit is dangling and will be cleaned.
W: Public-4008: Instance 'u_TSP_Core/u_TSP_Disp_Exu/Exu_muldiv_u0/Exu_divider/quotient[11][1]' of 'bmsWIDEDFFCPE' unit is dangling and will be cleaned.
W: Public-4008: Instance 'u_TSP_Core/u_TSP_Disp_Exu/Exu_muldiv_u0/Exu_divider/quotient[11][2]' of 'bmsWIDEDFFCPE' unit is dangling and will be cleaned.
W: Public-4008: Instance 'u_TSP_Core/u_TSP_Disp_Exu/Exu_muldiv_u0/Exu_divider/quotient[11][3]' of 'bmsWIDEDFFCPE' unit is dangling and will be cleaned.
W: Public-4008: Instance 'u_TSP_Core/u_TSP_Disp_Exu/Exu_muldiv_u0/Exu_divider/quotient[11][4]' of 'bmsWIDEDFFCPE' unit is dangling and will be cleaned.
W: Public-4008: Instance 'u_TSP_Core/u_TSP_Disp_Exu/Exu_muldiv_u0/Exu_divider/quotient[11][5]' of 'bmsWIDEDFFCPE' unit is dangling and will be cleaned.
W: Public-4008: Instance 'u_TSP_Core/u_TSP_Disp_Exu/Exu_muldiv_u0/Exu_divider/quotient[11][6]' of 'bmsWIDEDFFCPE' unit is dangling and will be cleaned.
W: Public-4008: Instance 'u_TSP_Core/u_TSP_Disp_Exu/Exu_muldiv_u0/Exu_divider/quotient[11][7]' of 'bmsWIDEDFFCPE' unit is dangling and will be cleaned.
W: Public-4008: Instance 'u_TSP_Core/u_TSP_Disp_Exu/Exu_muldiv_u0/Exu_divider/quotient[11][8]' of 'bmsWIDEDFFCPE' unit is dangling and will be cleaned.
W: Public-4008: Instance 'u_TSP_Core/u_TSP_Disp_Exu/Exu_muldiv_u0/Exu_divider/quotient[11][9]' of 'bmsWIDEDFFCPE' unit is dangling and will be cleaned.
W: Public-4008: Instance 'u_TSP_Core/u_TSP_Disp_Exu/Exu_muldiv_u0/Exu_divider/quotient[11][10]' of 'bmsWIDEDFFCPE' unit is dangling and will be cleaned.
W: Public-4008: Instance 'u_TSP_Core/u_TSP_Disp_Exu/Exu_muldiv_u0/Exu_divider/quotient[11][11]' of 'bmsWIDEDFFCPE' unit is dangling and will be cleaned.
W: Public-4008: Instance 'u_TSP_Core/u_TSP_Disp_Exu/Exu_muldiv_u0/Exu_divider/quotient[11][12]' of 'bmsWIDEDFFCPE' unit is dangling and will be cleaned.
W: Public-4008: Instance 'u_TSP_Core/u_TSP_Disp_Exu/Exu_muldiv_u0/Exu_divider/quotient[11][13]' of 'bmsWIDEDFFCPE' unit is dangling and will be cleaned.
W: Public-4008: Instance 'u_TSP_Core/u_TSP_Disp_Exu/Exu_muldiv_u0/Exu_divider/quotient[11][14]' of 'bmsWIDEDFFCPE' unit is dangling and will be cleaned.
W: Public-4008: Instance 'u_TSP_Core/u_TSP_Disp_Exu/Exu_muldiv_u0/Exu_divider/quotient[11][15]' of 'bmsWIDEDFFCPE' unit is dangling and will be cleaned.
W: Public-4008: Instance 'u_TSP_Core/u_TSP_Disp_Exu/Exu_muldiv_u0/Exu_divider/quotient[11][16]' of 'bmsWIDEDFFCPE' unit is dangling and will be cleaned.
W: Public-4008: Instance 'u_TSP_Core/u_TSP_Disp_Exu/Exu_muldiv_u0/Exu_divider/quotient[11][17]' of 'bmsWIDEDFFCPE' unit is dangling and will be cleaned.
W: Public-4008: Instance 'u_TSP_Core/u_TSP_Disp_Exu/Exu_muldiv_u0/Exu_divider/quotient[11][18]' of 'bmsWIDEDFFCPE' unit is dangling and will be cleaned.
W: Public-4008: Instance 'u_TSP_Core/u_TSP_Disp_Exu/Exu_muldiv_u0/Exu_divider/quotient[11][19]' of 'bmsWIDEDFFCPE' unit is dangling and will be cleaned.
W: Public-4008: Instance 'u_TSP_Core/u_TSP_Disp_Exu/Exu_muldiv_u0/Exu_divider/quotient[11][20]' of 'bmsWIDEDFFCPE' unit is dangling and will be cleaned.
W: Public-4008: Instance 'u_TSP_Core/u_TSP_Disp_Exu/Exu_muldiv_u0/Exu_divider/quotient[12][0]' of 'bmsWIDEDFFCPE' unit is dangling and will be cleaned.
W: Public-4008: Instance 'u_TSP_Core/u_TSP_Disp_Exu/Exu_muldiv_u0/Exu_divider/quotient[12][1]' of 'bmsWIDEDFFCPE' unit is dangling and will be cleaned.
W: Public-4008: Instance 'u_TSP_Core/u_TSP_Disp_Exu/Exu_muldiv_u0/Exu_divider/quotient[12][2]' of 'bmsWIDEDFFCPE' unit is dangling and will be cleaned.
W: Public-4008: Instance 'u_TSP_Core/u_TSP_Disp_Exu/Exu_muldiv_u0/Exu_divider/quotient[12][3]' of 'bmsWIDEDFFCPE' unit is dangling and will be cleaned.
W: Public-4008: Instance 'u_TSP_Core/u_TSP_Disp_Exu/Exu_muldiv_u0/Exu_divider/quotient[12][4]' of 'bmsWIDEDFFCPE' unit is dangling and will be cleaned.
W: Public-4008: Instance 'u_TSP_Core/u_TSP_Disp_Exu/Exu_muldiv_u0/Exu_divider/quotient[12][5]' of 'bmsWIDEDFFCPE' unit is dangling and will be cleaned.
W: Public-4008: Instance 'u_TSP_Core/u_TSP_Disp_Exu/Exu_muldiv_u0/Exu_divider/quotient[12][6]' of 'bmsWIDEDFFCPE' unit is dangling and will be cleaned.
W: Public-4008: Instance 'u_TSP_Core/u_TSP_Disp_Exu/Exu_muldiv_u0/Exu_divider/quotient[12][7]' of 'bmsWIDEDFFCPE' unit is dangling and will be cleaned.
W: Public-4008: Instance 'u_TSP_Core/u_TSP_Disp_Exu/Exu_muldiv_u0/Exu_divider/quotient[12][8]' of 'bmsWIDEDFFCPE' unit is dangling and will be cleaned.
W: Public-4008: Instance 'u_TSP_Core/u_TSP_Disp_Exu/Exu_muldiv_u0/Exu_divider/quotient[12][9]' of 'bmsWIDEDFFCPE' unit is dangling and will be cleaned.
W: Public-4008: Instance 'u_TSP_Core/u_TSP_Disp_Exu/Exu_muldiv_u0/Exu_divider/quotient[12][10]' of 'bmsWIDEDFFCPE' unit is dangling and will be cleaned.
W: Public-4008: Instance 'u_TSP_Core/u_TSP_Disp_Exu/Exu_muldiv_u0/Exu_divider/quotient[12][11]' of 'bmsWIDEDFFCPE' unit is dangling and will be cleaned.
W: Public-4008: Instance 'u_TSP_Core/u_TSP_Disp_Exu/Exu_muldiv_u0/Exu_divider/quotient[12][12]' of 'bmsWIDEDFFCPE' unit is dangling and will be cleaned.
W: Public-4008: Instance 'u_TSP_Core/u_TSP_Disp_Exu/Exu_muldiv_u0/Exu_divider/quotient[12][13]' of 'bmsWIDEDFFCPE' unit is dangling and will be cleaned.
W: Public-4008: Instance 'u_TSP_Core/u_TSP_Disp_Exu/Exu_muldiv_u0/Exu_divider/quotient[12][14]' of 'bmsWIDEDFFCPE' unit is dangling and will be cleaned.
W: Public-4008: Instance 'u_TSP_Core/u_TSP_Disp_Exu/Exu_muldiv_u0/Exu_divider/quotient[12][15]' of 'bmsWIDEDFFCPE' unit is dangling and will be cleaned.
W: Public-4008: Instance 'u_TSP_Core/u_TSP_Disp_Exu/Exu_muldiv_u0/Exu_divider/quotient[12][16]' of 'bmsWIDEDFFCPE' unit is dangling and will be cleaned.
W: Public-4008: Instance 'u_TSP_Core/u_TSP_Disp_Exu/Exu_muldiv_u0/Exu_divider/quotient[12][17]' of 'bmsWIDEDFFCPE' unit is dangling and will be cleaned.
W: Public-4008: Instance 'u_TSP_Core/u_TSP_Disp_Exu/Exu_muldiv_u0/Exu_divider/quotient[12][18]' of 'bmsWIDEDFFCPE' unit is dangling and will be cleaned.
W: Public-4008: Instance 'u_TSP_Core/u_TSP_Disp_Exu/Exu_muldiv_u0/Exu_divider/quotient[12][19]' of 'bmsWIDEDFFCPE' unit is dangling and will be cleaned.
W: Public-4008: Instance 'u_TSP_Core/u_TSP_Disp_Exu/Exu_muldiv_u0/Exu_divider/quotient[13][0]' of 'bmsWIDEDFFCPE' unit is dangling and will be cleaned.
W: Public-4008: Instance 'u_TSP_Core/u_TSP_Disp_Exu/Exu_muldiv_u0/Exu_divider/quotient[13][1]' of 'bmsWIDEDFFCPE' unit is dangling and will be cleaned.
W: Public-4008: Instance 'u_TSP_Core/u_TSP_Disp_Exu/Exu_muldiv_u0/Exu_divider/quotient[13][2]' of 'bmsWIDEDFFCPE' unit is dangling and will be cleaned.
W: Public-4008: Instance 'u_TSP_Core/u_TSP_Disp_Exu/Exu_muldiv_u0/Exu_divider/quotient[13][3]' of 'bmsWIDEDFFCPE' unit is dangling and will be cleaned.
W: Public-4008: Instance 'u_TSP_Core/u_TSP_Disp_Exu/Exu_muldiv_u0/Exu_divider/quotient[13][4]' of 'bmsWIDEDFFCPE' unit is dangling and will be cleaned.
W: Public-4008: Instance 'u_TSP_Core/u_TSP_Disp_Exu/Exu_muldiv_u0/Exu_divider/quotient[13][5]' of 'bmsWIDEDFFCPE' unit is dangling and will be cleaned.
W: Public-4008: Instance 'u_TSP_Core/u_TSP_Disp_Exu/Exu_muldiv_u0/Exu_divider/quotient[13][6]' of 'bmsWIDEDFFCPE' unit is dangling and will be cleaned.
W: Public-4008: Instance 'u_TSP_Core/u_TSP_Disp_Exu/Exu_muldiv_u0/Exu_divider/quotient[13][7]' of 'bmsWIDEDFFCPE' unit is dangling and will be cleaned.
W: Public-4008: Instance 'u_TSP_Core/u_TSP_Disp_Exu/Exu_muldiv_u0/Exu_divider/quotient[13][8]' of 'bmsWIDEDFFCPE' unit is dangling and will be cleaned.
W: Public-4008: Instance 'u_TSP_Core/u_TSP_Disp_Exu/Exu_muldiv_u0/Exu_divider/quotient[13][9]' of 'bmsWIDEDFFCPE' unit is dangling and will be cleaned.
W: Public-4008: Instance 'u_TSP_Core/u_TSP_Disp_Exu/Exu_muldiv_u0/Exu_divider/quotient[13][10]' of 'bmsWIDEDFFCPE' unit is dangling and will be cleaned.
W: Public-4008: Instance 'u_TSP_Core/u_TSP_Disp_Exu/Exu_muldiv_u0/Exu_divider/quotient[13][11]' of 'bmsWIDEDFFCPE' unit is dangling and will be cleaned.
W: Public-4008: Instance 'u_TSP_Core/u_TSP_Disp_Exu/Exu_muldiv_u0/Exu_divider/quotient[13][12]' of 'bmsWIDEDFFCPE' unit is dangling and will be cleaned.
W: Public-4008: Instance 'u_TSP_Core/u_TSP_Disp_Exu/Exu_muldiv_u0/Exu_divider/quotient[13][13]' of 'bmsWIDEDFFCPE' unit is dangling and will be cleaned.
W: Public-4008: Instance 'u_TSP_Core/u_TSP_Disp_Exu/Exu_muldiv_u0/Exu_divider/quotient[13][14]' of 'bmsWIDEDFFCPE' unit is dangling and will be cleaned.
W: Public-4008: Instance 'u_TSP_Core/u_TSP_Disp_Exu/Exu_muldiv_u0/Exu_divider/quotient[13][15]' of 'bmsWIDEDFFCPE' unit is dangling and will be cleaned.
W: Public-4008: Instance 'u_TSP_Core/u_TSP_Disp_Exu/Exu_muldiv_u0/Exu_divider/quotient[13][16]' of 'bmsWIDEDFFCPE' unit is dangling and will be cleaned.
W: Public-4008: Instance 'u_TSP_Core/u_TSP_Disp_Exu/Exu_muldiv_u0/Exu_divider/quotient[13][17]' of 'bmsWIDEDFFCPE' unit is dangling and will be cleaned.
W: Public-4008: Instance 'u_TSP_Core/u_TSP_Disp_Exu/Exu_muldiv_u0/Exu_divider/quotient[13][18]' of 'bmsWIDEDFFCPE' unit is dangling and will be cleaned.
W: Public-4008: Instance 'u_TSP_Core/u_TSP_Disp_Exu/Exu_muldiv_u0/Exu_divider/quotient[14][0]' of 'bmsWIDEDFFCPE' unit is dangling and will be cleaned.
W: Public-4008: Instance 'u_TSP_Core/u_TSP_Disp_Exu/Exu_muldiv_u0/Exu_divider/quotient[14][1]' of 'bmsWIDEDFFCPE' unit is dangling and will be cleaned.
W: Public-4008: Instance 'u_TSP_Core/u_TSP_Disp_Exu/Exu_muldiv_u0/Exu_divider/quotient[14][2]' of 'bmsWIDEDFFCPE' unit is dangling and will be cleaned.
W: Public-4008: Instance 'u_TSP_Core/u_TSP_Disp_Exu/Exu_muldiv_u0/Exu_divider/quotient[14][3]' of 'bmsWIDEDFFCPE' unit is dangling and will be cleaned.
W: Public-4008: Instance 'u_TSP_Core/u_TSP_Disp_Exu/Exu_muldiv_u0/Exu_divider/quotient[14][4]' of 'bmsWIDEDFFCPE' unit is dangling and will be cleaned.
W: Public-4008: Instance 'u_TSP_Core/u_TSP_Disp_Exu/Exu_muldiv_u0/Exu_divider/quotient[14][5]' of 'bmsWIDEDFFCPE' unit is dangling and will be cleaned.
W: Public-4008: Instance 'u_TSP_Core/u_TSP_Disp_Exu/Exu_muldiv_u0/Exu_divider/quotient[14][6]' of 'bmsWIDEDFFCPE' unit is dangling and will be cleaned.
W: Public-4008: Instance 'u_TSP_Core/u_TSP_Disp_Exu/Exu_muldiv_u0/Exu_divider/quotient[14][7]' of 'bmsWIDEDFFCPE' unit is dangling and will be cleaned.
W: Public-4008: Instance 'u_TSP_Core/u_TSP_Disp_Exu/Exu_muldiv_u0/Exu_divider/quotient[14][8]' of 'bmsWIDEDFFCPE' unit is dangling and will be cleaned.
W: Public-4008: Instance 'u_TSP_Core/u_TSP_Disp_Exu/Exu_muldiv_u0/Exu_divider/quotient[14][9]' of 'bmsWIDEDFFCPE' unit is dangling and will be cleaned.
W: Public-4008: Instance 'u_TSP_Core/u_TSP_Disp_Exu/Exu_muldiv_u0/Exu_divider/quotient[14][10]' of 'bmsWIDEDFFCPE' unit is dangling and will be cleaned.
W: Public-4008: Instance 'u_TSP_Core/u_TSP_Disp_Exu/Exu_muldiv_u0/Exu_divider/quotient[14][11]' of 'bmsWIDEDFFCPE' unit is dangling and will be cleaned.
W: Public-4008: Instance 'u_TSP_Core/u_TSP_Disp_Exu/Exu_muldiv_u0/Exu_divider/quotient[14][12]' of 'bmsWIDEDFFCPE' unit is dangling and will be cleaned.
W: Public-4008: Instance 'u_TSP_Core/u_TSP_Disp_Exu/Exu_muldiv_u0/Exu_divider/quotient[14][13]' of 'bmsWIDEDFFCPE' unit is dangling and will be cleaned.
W: Public-4008: Instance 'u_TSP_Core/u_TSP_Disp_Exu/Exu_muldiv_u0/Exu_divider/quotient[14][14]' of 'bmsWIDEDFFCPE' unit is dangling and will be cleaned.
W: Public-4008: Instance 'u_TSP_Core/u_TSP_Disp_Exu/Exu_muldiv_u0/Exu_divider/quotient[14][15]' of 'bmsWIDEDFFCPE' unit is dangling and will be cleaned.
W: Public-4008: Instance 'u_TSP_Core/u_TSP_Disp_Exu/Exu_muldiv_u0/Exu_divider/quotient[14][16]' of 'bmsWIDEDFFCPE' unit is dangling and will be cleaned.
W: Public-4008: Instance 'u_TSP_Core/u_TSP_Disp_Exu/Exu_muldiv_u0/Exu_divider/quotient[14][17]' of 'bmsWIDEDFFCPE' unit is dangling and will be cleaned.
W: Public-4008: Instance 'u_TSP_Core/u_TSP_Disp_Exu/Exu_muldiv_u0/Exu_divider/quotient[15][0]' of 'bmsWIDEDFFCPE' unit is dangling and will be cleaned.
W: Public-4008: Instance 'u_TSP_Core/u_TSP_Disp_Exu/Exu_muldiv_u0/Exu_divider/quotient[15][1]' of 'bmsWIDEDFFCPE' unit is dangling and will be cleaned.
W: Public-4008: Instance 'u_TSP_Core/u_TSP_Disp_Exu/Exu_muldiv_u0/Exu_divider/quotient[15][2]' of 'bmsWIDEDFFCPE' unit is dangling and will be cleaned.
W: Public-4008: Instance 'u_TSP_Core/u_TSP_Disp_Exu/Exu_muldiv_u0/Exu_divider/quotient[15][3]' of 'bmsWIDEDFFCPE' unit is dangling and will be cleaned.
W: Public-4008: Instance 'u_TSP_Core/u_TSP_Disp_Exu/Exu_muldiv_u0/Exu_divider/quotient[15][4]' of 'bmsWIDEDFFCPE' unit is dangling and will be cleaned.
W: Public-4008: Instance 'u_TSP_Core/u_TSP_Disp_Exu/Exu_muldiv_u0/Exu_divider/quotient[15][5]' of 'bmsWIDEDFFCPE' unit is dangling and will be cleaned.
W: Public-4008: Instance 'u_TSP_Core/u_TSP_Disp_Exu/Exu_muldiv_u0/Exu_divider/quotient[15][6]' of 'bmsWIDEDFFCPE' unit is dangling and will be cleaned.
W: Public-4008: Instance 'u_TSP_Core/u_TSP_Disp_Exu/Exu_muldiv_u0/Exu_divider/quotient[15][7]' of 'bmsWIDEDFFCPE' unit is dangling and will be cleaned.
W: Public-4008: Instance 'u_TSP_Core/u_TSP_Disp_Exu/Exu_muldiv_u0/Exu_divider/quotient[15][8]' of 'bmsWIDEDFFCPE' unit is dangling and will be cleaned.
W: Public-4008: Instance 'u_TSP_Core/u_TSP_Disp_Exu/Exu_muldiv_u0/Exu_divider/quotient[15][9]' of 'bmsWIDEDFFCPE' unit is dangling and will be cleaned.
W: Public-4008: Instance 'u_TSP_Core/u_TSP_Disp_Exu/Exu_muldiv_u0/Exu_divider/quotient[15][10]' of 'bmsWIDEDFFCPE' unit is dangling and will be cleaned.
W: Public-4008: Instance 'u_TSP_Core/u_TSP_Disp_Exu/Exu_muldiv_u0/Exu_divider/quotient[15][11]' of 'bmsWIDEDFFCPE' unit is dangling and will be cleaned.
W: Public-4008: Instance 'u_TSP_Core/u_TSP_Disp_Exu/Exu_muldiv_u0/Exu_divider/quotient[15][12]' of 'bmsWIDEDFFCPE' unit is dangling and will be cleaned.
W: Public-4008: Instance 'u_TSP_Core/u_TSP_Disp_Exu/Exu_muldiv_u0/Exu_divider/quotient[15][13]' of 'bmsWIDEDFFCPE' unit is dangling and will be cleaned.
W: Public-4008: Instance 'u_TSP_Core/u_TSP_Disp_Exu/Exu_muldiv_u0/Exu_divider/quotient[15][14]' of 'bmsWIDEDFFCPE' unit is dangling and will be cleaned.
W: Public-4008: Instance 'u_TSP_Core/u_TSP_Disp_Exu/Exu_muldiv_u0/Exu_divider/quotient[15][15]' of 'bmsWIDEDFFCPE' unit is dangling and will be cleaned.
W: Public-4008: Instance 'u_TSP_Core/u_TSP_Disp_Exu/Exu_muldiv_u0/Exu_divider/quotient[15][16]' of 'bmsWIDEDFFCPE' unit is dangling and will be cleaned.
W: Public-4008: Instance 'u_TSP_Core/u_TSP_Disp_Exu/Exu_muldiv_u0/Exu_divider/quotient[16][0]' of 'bmsWIDEDFFCPE' unit is dangling and will be cleaned.
W: Public-4008: Instance 'u_TSP_Core/u_TSP_Disp_Exu/Exu_muldiv_u0/Exu_divider/quotient[16][1]' of 'bmsWIDEDFFCPE' unit is dangling and will be cleaned.
W: Public-4008: Instance 'u_TSP_Core/u_TSP_Disp_Exu/Exu_muldiv_u0/Exu_divider/quotient[16][2]' of 'bmsWIDEDFFCPE' unit is dangling and will be cleaned.
W: Public-4008: Instance 'u_TSP_Core/u_TSP_Disp_Exu/Exu_muldiv_u0/Exu_divider/quotient[16][3]' of 'bmsWIDEDFFCPE' unit is dangling and will be cleaned.
W: Public-4008: Instance 'u_TSP_Core/u_TSP_Disp_Exu/Exu_muldiv_u0/Exu_divider/quotient[16][4]' of 'bmsWIDEDFFCPE' unit is dangling and will be cleaned.
W: Public-4008: Instance 'u_TSP_Core/u_TSP_Disp_Exu/Exu_muldiv_u0/Exu_divider/quotient[16][5]' of 'bmsWIDEDFFCPE' unit is dangling and will be cleaned.
W: Public-4008: Instance 'u_TSP_Core/u_TSP_Disp_Exu/Exu_muldiv_u0/Exu_divider/quotient[16][6]' of 'bmsWIDEDFFCPE' unit is dangling and will be cleaned.
W: Public-4008: Instance 'u_TSP_Core/u_TSP_Disp_Exu/Exu_muldiv_u0/Exu_divider/quotient[16][7]' of 'bmsWIDEDFFCPE' unit is dangling and will be cleaned.
W: Public-4008: Instance 'u_TSP_Core/u_TSP_Disp_Exu/Exu_muldiv_u0/Exu_divider/quotient[16][8]' of 'bmsWIDEDFFCPE' unit is dangling and will be cleaned.
W: Public-4008: Instance 'u_TSP_Core/u_TSP_Disp_Exu/Exu_muldiv_u0/Exu_divider/quotient[16][9]' of 'bmsWIDEDFFCPE' unit is dangling and will be cleaned.
W: Public-4008: Instance 'u_TSP_Core/u_TSP_Disp_Exu/Exu_muldiv_u0/Exu_divider/quotient[16][10]' of 'bmsWIDEDFFCPE' unit is dangling and will be cleaned.
W: Public-4008: Instance 'u_TSP_Core/u_TSP_Disp_Exu/Exu_muldiv_u0/Exu_divider/quotient[16][11]' of 'bmsWIDEDFFCPE' unit is dangling and will be cleaned.
W: Public-4008: Instance 'u_TSP_Core/u_TSP_Disp_Exu/Exu_muldiv_u0/Exu_divider/quotient[16][12]' of 'bmsWIDEDFFCPE' unit is dangling and will be cleaned.
W: Public-4008: Instance 'u_TSP_Core/u_TSP_Disp_Exu/Exu_muldiv_u0/Exu_divider/quotient[16][13]' of 'bmsWIDEDFFCPE' unit is dangling and will be cleaned.
W: Public-4008: Instance 'u_TSP_Core/u_TSP_Disp_Exu/Exu_muldiv_u0/Exu_divider/quotient[16][14]' of 'bmsWIDEDFFCPE' unit is dangling and will be cleaned.
W: Public-4008: Instance 'u_TSP_Core/u_TSP_Disp_Exu/Exu_muldiv_u0/Exu_divider/quotient[16][15]' of 'bmsWIDEDFFCPE' unit is dangling and will be cleaned.
W: Public-4008: Instance 'u_TSP_Core/u_TSP_Disp_Exu/Exu_muldiv_u0/Exu_divider/quotient[17][0]' of 'bmsWIDEDFFCPE' unit is dangling and will be cleaned.
W: Public-4008: Instance 'u_TSP_Core/u_TSP_Disp_Exu/Exu_muldiv_u0/Exu_divider/quotient[17][1]' of 'bmsWIDEDFFCPE' unit is dangling and will be cleaned.
W: Public-4008: Instance 'u_TSP_Core/u_TSP_Disp_Exu/Exu_muldiv_u0/Exu_divider/quotient[17][2]' of 'bmsWIDEDFFCPE' unit is dangling and will be cleaned.
W: Public-4008: Instance 'u_TSP_Core/u_TSP_Disp_Exu/Exu_muldiv_u0/Exu_divider/quotient[17][3]' of 'bmsWIDEDFFCPE' unit is dangling and will be cleaned.
W: Public-4008: Instance 'u_TSP_Core/u_TSP_Disp_Exu/Exu_muldiv_u0/Exu_divider/quotient[17][4]' of 'bmsWIDEDFFCPE' unit is dangling and will be cleaned.
W: Public-4008: Instance 'u_TSP_Core/u_TSP_Disp_Exu/Exu_muldiv_u0/Exu_divider/quotient[17][5]' of 'bmsWIDEDFFCPE' unit is dangling and will be cleaned.
W: Public-4008: Instance 'u_TSP_Core/u_TSP_Disp_Exu/Exu_muldiv_u0/Exu_divider/quotient[17][6]' of 'bmsWIDEDFFCPE' unit is dangling and will be cleaned.
W: Public-4008: Instance 'u_TSP_Core/u_TSP_Disp_Exu/Exu_muldiv_u0/Exu_divider/quotient[17][7]' of 'bmsWIDEDFFCPE' unit is dangling and will be cleaned.
W: Public-4008: Instance 'u_TSP_Core/u_TSP_Disp_Exu/Exu_muldiv_u0/Exu_divider/quotient[17][8]' of 'bmsWIDEDFFCPE' unit is dangling and will be cleaned.
W: Public-4008: Instance 'u_TSP_Core/u_TSP_Disp_Exu/Exu_muldiv_u0/Exu_divider/quotient[17][9]' of 'bmsWIDEDFFCPE' unit is dangling and will be cleaned.
W: Public-4008: Instance 'u_TSP_Core/u_TSP_Disp_Exu/Exu_muldiv_u0/Exu_divider/quotient[17][10]' of 'bmsWIDEDFFCPE' unit is dangling and will be cleaned.
W: Public-4008: Instance 'u_TSP_Core/u_TSP_Disp_Exu/Exu_muldiv_u0/Exu_divider/quotient[17][11]' of 'bmsWIDEDFFCPE' unit is dangling and will be cleaned.
W: Public-4008: Instance 'u_TSP_Core/u_TSP_Disp_Exu/Exu_muldiv_u0/Exu_divider/quotient[17][12]' of 'bmsWIDEDFFCPE' unit is dangling and will be cleaned.
W: Public-4008: Instance 'u_TSP_Core/u_TSP_Disp_Exu/Exu_muldiv_u0/Exu_divider/quotient[17][13]' of 'bmsWIDEDFFCPE' unit is dangling and will be cleaned.
W: Public-4008: Instance 'u_TSP_Core/u_TSP_Disp_Exu/Exu_muldiv_u0/Exu_divider/quotient[17][14]' of 'bmsWIDEDFFCPE' unit is dangling and will be cleaned.
W: Public-4008: Instance 'u_TSP_Core/u_TSP_Disp_Exu/Exu_muldiv_u0/Exu_divider/quotient[18][0]' of 'bmsWIDEDFFCPE' unit is dangling and will be cleaned.
W: Public-4008: Instance 'u_TSP_Core/u_TSP_Disp_Exu/Exu_muldiv_u0/Exu_divider/quotient[18][1]' of 'bmsWIDEDFFCPE' unit is dangling and will be cleaned.
W: Public-4008: Instance 'u_TSP_Core/u_TSP_Disp_Exu/Exu_muldiv_u0/Exu_divider/quotient[18][2]' of 'bmsWIDEDFFCPE' unit is dangling and will be cleaned.
W: Public-4008: Instance 'u_TSP_Core/u_TSP_Disp_Exu/Exu_muldiv_u0/Exu_divider/quotient[18][3]' of 'bmsWIDEDFFCPE' unit is dangling and will be cleaned.
W: Public-4008: Instance 'u_TSP_Core/u_TSP_Disp_Exu/Exu_muldiv_u0/Exu_divider/quotient[18][4]' of 'bmsWIDEDFFCPE' unit is dangling and will be cleaned.
W: Public-4008: Instance 'u_TSP_Core/u_TSP_Disp_Exu/Exu_muldiv_u0/Exu_divider/quotient[18][5]' of 'bmsWIDEDFFCPE' unit is dangling and will be cleaned.
W: Public-4008: Instance 'u_TSP_Core/u_TSP_Disp_Exu/Exu_muldiv_u0/Exu_divider/quotient[18][6]' of 'bmsWIDEDFFCPE' unit is dangling and will be cleaned.
W: Public-4008: Instance 'u_TSP_Core/u_TSP_Disp_Exu/Exu_muldiv_u0/Exu_divider/quotient[18][7]' of 'bmsWIDEDFFCPE' unit is dangling and will be cleaned.
W: Public-4008: Instance 'u_TSP_Core/u_TSP_Disp_Exu/Exu_muldiv_u0/Exu_divider/quotient[18][8]' of 'bmsWIDEDFFCPE' unit is dangling and will be cleaned.
W: Public-4008: Instance 'u_TSP_Core/u_TSP_Disp_Exu/Exu_muldiv_u0/Exu_divider/quotient[18][9]' of 'bmsWIDEDFFCPE' unit is dangling and will be cleaned.
W: Public-4008: Instance 'u_TSP_Core/u_TSP_Disp_Exu/Exu_muldiv_u0/Exu_divider/quotient[18][10]' of 'bmsWIDEDFFCPE' unit is dangling and will be cleaned.
W: Public-4008: Instance 'u_TSP_Core/u_TSP_Disp_Exu/Exu_muldiv_u0/Exu_divider/quotient[18][11]' of 'bmsWIDEDFFCPE' unit is dangling and will be cleaned.
W: Public-4008: Instance 'u_TSP_Core/u_TSP_Disp_Exu/Exu_muldiv_u0/Exu_divider/quotient[18][12]' of 'bmsWIDEDFFCPE' unit is dangling and will be cleaned.
W: Public-4008: Instance 'u_TSP_Core/u_TSP_Disp_Exu/Exu_muldiv_u0/Exu_divider/quotient[18][13]' of 'bmsWIDEDFFCPE' unit is dangling and will be cleaned.
W: Public-4008: Instance 'u_TSP_Core/u_TSP_Disp_Exu/Exu_muldiv_u0/Exu_divider/quotient[19][0]' of 'bmsWIDEDFFCPE' unit is dangling and will be cleaned.
W: Public-4008: Instance 'u_TSP_Core/u_TSP_Disp_Exu/Exu_muldiv_u0/Exu_divider/quotient[19][1]' of 'bmsWIDEDFFCPE' unit is dangling and will be cleaned.
W: Public-4008: Instance 'u_TSP_Core/u_TSP_Disp_Exu/Exu_muldiv_u0/Exu_divider/quotient[19][2]' of 'bmsWIDEDFFCPE' unit is dangling and will be cleaned.
W: Public-4008: Instance 'u_TSP_Core/u_TSP_Disp_Exu/Exu_muldiv_u0/Exu_divider/quotient[19][3]' of 'bmsWIDEDFFCPE' unit is dangling and will be cleaned.
W: Public-4008: Instance 'u_TSP_Core/u_TSP_Disp_Exu/Exu_muldiv_u0/Exu_divider/quotient[19][4]' of 'bmsWIDEDFFCPE' unit is dangling and will be cleaned.
W: Public-4008: Instance 'u_TSP_Core/u_TSP_Disp_Exu/Exu_muldiv_u0/Exu_divider/quotient[19][5]' of 'bmsWIDEDFFCPE' unit is dangling and will be cleaned.
W: Public-4008: Instance 'u_TSP_Core/u_TSP_Disp_Exu/Exu_muldiv_u0/Exu_divider/quotient[19][6]' of 'bmsWIDEDFFCPE' unit is dangling and will be cleaned.
W: Public-4008: Instance 'u_TSP_Core/u_TSP_Disp_Exu/Exu_muldiv_u0/Exu_divider/quotient[19][7]' of 'bmsWIDEDFFCPE' unit is dangling and will be cleaned.
W: Public-4008: Instance 'u_TSP_Core/u_TSP_Disp_Exu/Exu_muldiv_u0/Exu_divider/quotient[19][8]' of 'bmsWIDEDFFCPE' unit is dangling and will be cleaned.
W: Public-4008: Instance 'u_TSP_Core/u_TSP_Disp_Exu/Exu_muldiv_u0/Exu_divider/quotient[19][9]' of 'bmsWIDEDFFCPE' unit is dangling and will be cleaned.
W: Public-4008: Instance 'u_TSP_Core/u_TSP_Disp_Exu/Exu_muldiv_u0/Exu_divider/quotient[19][10]' of 'bmsWIDEDFFCPE' unit is dangling and will be cleaned.
W: Public-4008: Instance 'u_TSP_Core/u_TSP_Disp_Exu/Exu_muldiv_u0/Exu_divider/quotient[19][11]' of 'bmsWIDEDFFCPE' unit is dangling and will be cleaned.
W: Public-4008: Instance 'u_TSP_Core/u_TSP_Disp_Exu/Exu_muldiv_u0/Exu_divider/quotient[19][12]' of 'bmsWIDEDFFCPE' unit is dangling and will be cleaned.
W: Public-4008: Instance 'u_TSP_Core/u_TSP_Disp_Exu/Exu_muldiv_u0/Exu_divider/quotient[20][0]' of 'bmsWIDEDFFCPE' unit is dangling and will be cleaned.
W: Public-4008: Instance 'u_TSP_Core/u_TSP_Disp_Exu/Exu_muldiv_u0/Exu_divider/quotient[20][1]' of 'bmsWIDEDFFCPE' unit is dangling and will be cleaned.
W: Public-4008: Instance 'u_TSP_Core/u_TSP_Disp_Exu/Exu_muldiv_u0/Exu_divider/quotient[20][2]' of 'bmsWIDEDFFCPE' unit is dangling and will be cleaned.
W: Public-4008: Instance 'u_TSP_Core/u_TSP_Disp_Exu/Exu_muldiv_u0/Exu_divider/quotient[20][3]' of 'bmsWIDEDFFCPE' unit is dangling and will be cleaned.
W: Public-4008: Instance 'u_TSP_Core/u_TSP_Disp_Exu/Exu_muldiv_u0/Exu_divider/quotient[20][4]' of 'bmsWIDEDFFCPE' unit is dangling and will be cleaned.
W: Public-4008: Instance 'u_TSP_Core/u_TSP_Disp_Exu/Exu_muldiv_u0/Exu_divider/quotient[20][5]' of 'bmsWIDEDFFCPE' unit is dangling and will be cleaned.
W: Public-4008: Instance 'u_TSP_Core/u_TSP_Disp_Exu/Exu_muldiv_u0/Exu_divider/quotient[20][6]' of 'bmsWIDEDFFCPE' unit is dangling and will be cleaned.
W: Public-4008: Instance 'u_TSP_Core/u_TSP_Disp_Exu/Exu_muldiv_u0/Exu_divider/quotient[20][7]' of 'bmsWIDEDFFCPE' unit is dangling and will be cleaned.
W: Public-4008: Instance 'u_TSP_Core/u_TSP_Disp_Exu/Exu_muldiv_u0/Exu_divider/quotient[20][8]' of 'bmsWIDEDFFCPE' unit is dangling and will be cleaned.
W: Public-4008: Instance 'u_TSP_Core/u_TSP_Disp_Exu/Exu_muldiv_u0/Exu_divider/quotient[20][9]' of 'bmsWIDEDFFCPE' unit is dangling and will be cleaned.
W: Public-4008: Instance 'u_TSP_Core/u_TSP_Disp_Exu/Exu_muldiv_u0/Exu_divider/quotient[20][10]' of 'bmsWIDEDFFCPE' unit is dangling and will be cleaned.
W: Public-4008: Instance 'u_TSP_Core/u_TSP_Disp_Exu/Exu_muldiv_u0/Exu_divider/quotient[20][11]' of 'bmsWIDEDFFCPE' unit is dangling and will be cleaned.
W: Public-4008: Instance 'u_TSP_Core/u_TSP_Disp_Exu/Exu_muldiv_u0/Exu_divider/quotient[21][0]' of 'bmsWIDEDFFCPE' unit is dangling and will be cleaned.
W: Public-4008: Instance 'u_TSP_Core/u_TSP_Disp_Exu/Exu_muldiv_u0/Exu_divider/quotient[21][1]' of 'bmsWIDEDFFCPE' unit is dangling and will be cleaned.
W: Public-4008: Instance 'u_TSP_Core/u_TSP_Disp_Exu/Exu_muldiv_u0/Exu_divider/quotient[21][2]' of 'bmsWIDEDFFCPE' unit is dangling and will be cleaned.
W: Public-4008: Instance 'u_TSP_Core/u_TSP_Disp_Exu/Exu_muldiv_u0/Exu_divider/quotient[21][3]' of 'bmsWIDEDFFCPE' unit is dangling and will be cleaned.
W: Public-4008: Instance 'u_TSP_Core/u_TSP_Disp_Exu/Exu_muldiv_u0/Exu_divider/quotient[21][4]' of 'bmsWIDEDFFCPE' unit is dangling and will be cleaned.
W: Public-4008: Instance 'u_TSP_Core/u_TSP_Disp_Exu/Exu_muldiv_u0/Exu_divider/quotient[21][5]' of 'bmsWIDEDFFCPE' unit is dangling and will be cleaned.
W: Public-4008: Instance 'u_TSP_Core/u_TSP_Disp_Exu/Exu_muldiv_u0/Exu_divider/quotient[21][6]' of 'bmsWIDEDFFCPE' unit is dangling and will be cleaned.
W: Public-4008: Instance 'u_TSP_Core/u_TSP_Disp_Exu/Exu_muldiv_u0/Exu_divider/quotient[21][7]' of 'bmsWIDEDFFCPE' unit is dangling and will be cleaned.
W: Public-4008: Instance 'u_TSP_Core/u_TSP_Disp_Exu/Exu_muldiv_u0/Exu_divider/quotient[21][8]' of 'bmsWIDEDFFCPE' unit is dangling and will be cleaned.
W: Public-4008: Instance 'u_TSP_Core/u_TSP_Disp_Exu/Exu_muldiv_u0/Exu_divider/quotient[21][9]' of 'bmsWIDEDFFCPE' unit is dangling and will be cleaned.
W: Public-4008: Instance 'u_TSP_Core/u_TSP_Disp_Exu/Exu_muldiv_u0/Exu_divider/quotient[21][10]' of 'bmsWIDEDFFCPE' unit is dangling and will be cleaned.
W: Public-4008: Instance 'u_TSP_Core/u_TSP_Disp_Exu/Exu_muldiv_u0/Exu_divider/quotient[22][0]' of 'bmsWIDEDFFCPE' unit is dangling and will be cleaned.
W: Public-4008: Instance 'u_TSP_Core/u_TSP_Disp_Exu/Exu_muldiv_u0/Exu_divider/quotient[22][1]' of 'bmsWIDEDFFCPE' unit is dangling and will be cleaned.
W: Public-4008: Instance 'u_TSP_Core/u_TSP_Disp_Exu/Exu_muldiv_u0/Exu_divider/quotient[22][2]' of 'bmsWIDEDFFCPE' unit is dangling and will be cleaned.
W: Public-4008: Instance 'u_TSP_Core/u_TSP_Disp_Exu/Exu_muldiv_u0/Exu_divider/quotient[22][3]' of 'bmsWIDEDFFCPE' unit is dangling and will be cleaned.
W: Public-4008: Instance 'u_TSP_Core/u_TSP_Disp_Exu/Exu_muldiv_u0/Exu_divider/quotient[22][4]' of 'bmsWIDEDFFCPE' unit is dangling and will be cleaned.
W: Public-4008: Instance 'u_TSP_Core/u_TSP_Disp_Exu/Exu_muldiv_u0/Exu_divider/quotient[22][5]' of 'bmsWIDEDFFCPE' unit is dangling and will be cleaned.
W: Public-4008: Instance 'u_TSP_Core/u_TSP_Disp_Exu/Exu_muldiv_u0/Exu_divider/quotient[22][6]' of 'bmsWIDEDFFCPE' unit is dangling and will be cleaned.
W: Public-4008: Instance 'u_TSP_Core/u_TSP_Disp_Exu/Exu_muldiv_u0/Exu_divider/quotient[22][7]' of 'bmsWIDEDFFCPE' unit is dangling and will be cleaned.
W: Public-4008: Instance 'u_TSP_Core/u_TSP_Disp_Exu/Exu_muldiv_u0/Exu_divider/quotient[22][8]' of 'bmsWIDEDFFCPE' unit is dangling and will be cleaned.
W: Public-4008: Instance 'u_TSP_Core/u_TSP_Disp_Exu/Exu_muldiv_u0/Exu_divider/quotient[22][9]' of 'bmsWIDEDFFCPE' unit is dangling and will be cleaned.
W: Public-4008: Instance 'u_TSP_Core/u_TSP_Disp_Exu/Exu_muldiv_u0/Exu_divider/quotient[23][0]' of 'bmsWIDEDFFCPE' unit is dangling and will be cleaned.
W: Public-4008: Instance 'u_TSP_Core/u_TSP_Disp_Exu/Exu_muldiv_u0/Exu_divider/quotient[23][1]' of 'bmsWIDEDFFCPE' unit is dangling and will be cleaned.
W: Public-4008: Instance 'u_TSP_Core/u_TSP_Disp_Exu/Exu_muldiv_u0/Exu_divider/quotient[23][2]' of 'bmsWIDEDFFCPE' unit is dangling and will be cleaned.
W: Public-4008: Instance 'u_TSP_Core/u_TSP_Disp_Exu/Exu_muldiv_u0/Exu_divider/quotient[23][3]' of 'bmsWIDEDFFCPE' unit is dangling and will be cleaned.
W: Public-4008: Instance 'u_TSP_Core/u_TSP_Disp_Exu/Exu_muldiv_u0/Exu_divider/quotient[23][4]' of 'bmsWIDEDFFCPE' unit is dangling and will be cleaned.
W: Public-4008: Instance 'u_TSP_Core/u_TSP_Disp_Exu/Exu_muldiv_u0/Exu_divider/quotient[23][5]' of 'bmsWIDEDFFCPE' unit is dangling and will be cleaned.
W: Public-4008: Instance 'u_TSP_Core/u_TSP_Disp_Exu/Exu_muldiv_u0/Exu_divider/quotient[23][6]' of 'bmsWIDEDFFCPE' unit is dangling and will be cleaned.
W: Public-4008: Instance 'u_TSP_Core/u_TSP_Disp_Exu/Exu_muldiv_u0/Exu_divider/quotient[23][7]' of 'bmsWIDEDFFCPE' unit is dangling and will be cleaned.
W: Public-4008: Instance 'u_TSP_Core/u_TSP_Disp_Exu/Exu_muldiv_u0/Exu_divider/quotient[23][8]' of 'bmsWIDEDFFCPE' unit is dangling and will be cleaned.
W: Public-4008: Instance 'u_TSP_Core/u_TSP_Disp_Exu/Exu_muldiv_u0/Exu_divider/quotient[24][0]' of 'bmsWIDEDFFCPE' unit is dangling and will be cleaned.
W: Public-4008: Instance 'u_TSP_Core/u_TSP_Disp_Exu/Exu_muldiv_u0/Exu_divider/quotient[24][1]' of 'bmsWIDEDFFCPE' unit is dangling and will be cleaned.
W: Public-4008: Instance 'u_TSP_Core/u_TSP_Disp_Exu/Exu_muldiv_u0/Exu_divider/quotient[24][2]' of 'bmsWIDEDFFCPE' unit is dangling and will be cleaned.
W: Public-4008: Instance 'u_TSP_Core/u_TSP_Disp_Exu/Exu_muldiv_u0/Exu_divider/quotient[24][3]' of 'bmsWIDEDFFCPE' unit is dangling and will be cleaned.
W: Public-4008: Instance 'u_TSP_Core/u_TSP_Disp_Exu/Exu_muldiv_u0/Exu_divider/quotient[24][4]' of 'bmsWIDEDFFCPE' unit is dangling and will be cleaned.
W: Public-4008: Instance 'u_TSP_Core/u_TSP_Disp_Exu/Exu_muldiv_u0/Exu_divider/quotient[24][5]' of 'bmsWIDEDFFCPE' unit is dangling and will be cleaned.
W: Public-4008: Instance 'u_TSP_Core/u_TSP_Disp_Exu/Exu_muldiv_u0/Exu_divider/quotient[24][6]' of 'bmsWIDEDFFCPE' unit is dangling and will be cleaned.
W: Public-4008: Instance 'u_TSP_Core/u_TSP_Disp_Exu/Exu_muldiv_u0/Exu_divider/quotient[24][7]' of 'bmsWIDEDFFCPE' unit is dangling and will be cleaned.
W: Public-4008: Instance 'u_TSP_Core/u_TSP_Disp_Exu/Exu_muldiv_u0/Exu_divider/quotient[25][0]' of 'bmsWIDEDFFCPE' unit is dangling and will be cleaned.
W: Public-4008: Instance 'u_TSP_Core/u_TSP_Disp_Exu/Exu_muldiv_u0/Exu_divider/quotient[25][1]' of 'bmsWIDEDFFCPE' unit is dangling and will be cleaned.
W: Public-4008: Instance 'u_TSP_Core/u_TSP_Disp_Exu/Exu_muldiv_u0/Exu_divider/quotient[25][2]' of 'bmsWIDEDFFCPE' unit is dangling and will be cleaned.
W: Public-4008: Instance 'u_TSP_Core/u_TSP_Disp_Exu/Exu_muldiv_u0/Exu_divider/quotient[25][3]' of 'bmsWIDEDFFCPE' unit is dangling and will be cleaned.
W: Public-4008: Instance 'u_TSP_Core/u_TSP_Disp_Exu/Exu_muldiv_u0/Exu_divider/quotient[25][4]' of 'bmsWIDEDFFCPE' unit is dangling and will be cleaned.
W: Public-4008: Instance 'u_TSP_Core/u_TSP_Disp_Exu/Exu_muldiv_u0/Exu_divider/quotient[25][5]' of 'bmsWIDEDFFCPE' unit is dangling and will be cleaned.
W: Public-4008: Instance 'u_TSP_Core/u_TSP_Disp_Exu/Exu_muldiv_u0/Exu_divider/quotient[25][6]' of 'bmsWIDEDFFCPE' unit is dangling and will be cleaned.
W: Public-4008: Instance 'u_TSP_Core/u_TSP_Disp_Exu/Exu_muldiv_u0/Exu_divider/quotient[26][0]' of 'bmsWIDEDFFCPE' unit is dangling and will be cleaned.
W: Public-4008: Instance 'u_TSP_Core/u_TSP_Disp_Exu/Exu_muldiv_u0/Exu_divider/quotient[26][1]' of 'bmsWIDEDFFCPE' unit is dangling and will be cleaned.
W: Public-4008: Instance 'u_TSP_Core/u_TSP_Disp_Exu/Exu_muldiv_u0/Exu_divider/quotient[26][2]' of 'bmsWIDEDFFCPE' unit is dangling and will be cleaned.
W: Public-4008: Instance 'u_TSP_Core/u_TSP_Disp_Exu/Exu_muldiv_u0/Exu_divider/quotient[26][3]' of 'bmsWIDEDFFCPE' unit is dangling and will be cleaned.
W: Public-4008: Instance 'u_TSP_Core/u_TSP_Disp_Exu/Exu_muldiv_u0/Exu_divider/quotient[26][4]' of 'bmsWIDEDFFCPE' unit is dangling and will be cleaned.
W: Public-4008: Instance 'u_TSP_Core/u_TSP_Disp_Exu/Exu_muldiv_u0/Exu_divider/quotient[26][5]' of 'bmsWIDEDFFCPE' unit is dangling and will be cleaned.
W: Public-4008: Instance 'u_TSP_Core/u_TSP_Disp_Exu/Exu_muldiv_u0/Exu_divider/quotient[27][0]' of 'bmsWIDEDFFCPE' unit is dangling and will be cleaned.
W: Public-4008: Instance 'u_TSP_Core/u_TSP_Disp_Exu/Exu_muldiv_u0/Exu_divider/quotient[27][1]' of 'bmsWIDEDFFCPE' unit is dangling and will be cleaned.
W: Public-4008: Instance 'u_TSP_Core/u_TSP_Disp_Exu/Exu_muldiv_u0/Exu_divider/quotient[27][2]' of 'bmsWIDEDFFCPE' unit is dangling and will be cleaned.
W: Public-4008: Instance 'u_TSP_Core/u_TSP_Disp_Exu/Exu_muldiv_u0/Exu_divider/quotient[27][3]' of 'bmsWIDEDFFCPE' unit is dangling and will be cleaned.
W: Public-4008: Instance 'u_TSP_Core/u_TSP_Disp_Exu/Exu_muldiv_u0/Exu_divider/quotient[27][4]' of 'bmsWIDEDFFCPE' unit is dangling and will be cleaned.
W: Public-4008: Instance 'u_TSP_Core/u_TSP_Disp_Exu/Exu_muldiv_u0/Exu_divider/quotient[28][0]' of 'bmsWIDEDFFCPE' unit is dangling and will be cleaned.
W: Public-4008: Instance 'u_TSP_Core/u_TSP_Disp_Exu/Exu_muldiv_u0/Exu_divider/quotient[28][1]' of 'bmsWIDEDFFCPE' unit is dangling and will be cleaned.
W: Public-4008: Instance 'u_TSP_Core/u_TSP_Disp_Exu/Exu_muldiv_u0/Exu_divider/quotient[28][2]' of 'bmsWIDEDFFCPE' unit is dangling and will be cleaned.
W: Public-4008: Instance 'u_TSP_Core/u_TSP_Disp_Exu/Exu_muldiv_u0/Exu_divider/quotient[28][3]' of 'bmsWIDEDFFCPE' unit is dangling and will be cleaned.
W: Public-4008: Instance 'u_TSP_Core/u_TSP_Disp_Exu/Exu_muldiv_u0/Exu_divider/quotient[29][0]' of 'bmsWIDEDFFCPE' unit is dangling and will be cleaned.
W: Public-4008: Instance 'u_TSP_Core/u_TSP_Disp_Exu/Exu_muldiv_u0/Exu_divider/quotient[29][1]' of 'bmsWIDEDFFCPE' unit is dangling and will be cleaned.
W: Public-4008: Instance 'u_TSP_Core/u_TSP_Disp_Exu/Exu_muldiv_u0/Exu_divider/quotient[29][2]' of 'bmsWIDEDFFCPE' unit is dangling and will be cleaned.
W: Public-4008: Instance 'u_TSP_Core/u_TSP_Disp_Exu/Exu_muldiv_u0/Exu_divider/quotient[30][0]' of 'bmsWIDEDFFCPE' unit is dangling and will be cleaned.
W: Public-4008: Instance 'u_TSP_Core/u_TSP_Disp_Exu/Exu_muldiv_u0/Exu_divider/quotient[30][1]' of 'bmsWIDEDFFCPE' unit is dangling and will be cleaned.
W: Public-4008: Instance 'u_TSP_Core/u_TSP_Disp_Exu/Exu_muldiv_u0/Exu_divider/quotient[31][0]' of 'bmsWIDEDFFCPE' unit is dangling and will be cleaned.
W: Public-4008: Instance 'u_TSP_Core/u_TSP_Disp_Exu/Exu_muldiv_u0/Exu_multiplier/A[33]' of 'bmsWIDEDFFRSE' unit is dangling and will be cleaned.
W: Public-4008: Instance 'u_TSP_Core/u_TSP_Disp_Exu/Exu_muldiv_u0/Exu_multiplier/A[34]' of 'bmsWIDEDFFRSE' unit is dangling and will be cleaned.
W: Public-4008: Instance 'u_TSP_Core/u_TSP_Disp_Exu/Exu_muldiv_u0/Exu_multiplier/A[35]' of 'bmsWIDEDFFRSE' unit is dangling and will be cleaned.
W: Public-4008: Instance 'u_TSP_Core/u_ls_ctrl/m_axi_araddr[0]' of 'bmsWIDEDFFCPE' unit is dangling and will be cleaned.
W: Public-4008: Instance 'u_TSP_Core/u_ls_ctrl/m_axi_araddr[1]' of 'bmsWIDEDFFCPE' unit is dangling and will be cleaned.
W: Public-4008: Instance 'u_TSP_Core/u_ls_ctrl/m_axi_araddr[15]' of 'bmsWIDEDFFCPE' unit is dangling and will be cleaned.
W: Public-4008: Instance 'u_TSP_Core/u_ls_ctrl/m_axi_araddr[16]' of 'bmsWIDEDFFCPE' unit is dangling and will be cleaned.
W: Public-4008: Instance 'u_TSP_Core/u_ls_ctrl/m_axi_araddr[17]' of 'bmsWIDEDFFCPE' unit is dangling and will be cleaned.
W: Public-4008: Instance 'u_TSP_Core/u_ls_ctrl/m_axi_araddr[18]' of 'bmsWIDEDFFCPE' unit is dangling and will be cleaned.
W: Public-4008: Instance 'u_TSP_Core/u_ls_ctrl/m_axi_araddr[19]' of 'bmsWIDEDFFCPE' unit is dangling and will be cleaned.
W: Public-4008: Instance 'u_TSP_Core/u_ls_ctrl/m_axi_araddr[20]' of 'bmsWIDEDFFCPE' unit is dangling and will be cleaned.
W: Public-4008: Instance 'u_TSP_Core/u_ls_ctrl/m_axi_araddr[21]' of 'bmsWIDEDFFCPE' unit is dangling and will be cleaned.
W: Public-4008: Instance 'u_TSP_Core/u_ls_ctrl/m_axi_araddr[22]' of 'bmsWIDEDFFCPE' unit is dangling and will be cleaned.
W: Public-4008: Instance 'u_TSP_Core/u_ls_ctrl/m_axi_araddr[23]' of 'bmsWIDEDFFCPE' unit is dangling and will be cleaned.
W: Public-4008: Instance 'u_TSP_Core/u_ls_ctrl/m_axi_araddr[24]' of 'bmsWIDEDFFCPE' unit is dangling and will be cleaned.
W: Public-4008: Instance 'u_TSP_Core/u_ls_ctrl/m_axi_araddr[25]' of 'bmsWIDEDFFCPE' unit is dangling and will be cleaned.
W: Public-4008: Instance 'u_TSP_Core/u_ls_ctrl/m_axi_araddr[26]' of 'bmsWIDEDFFCPE' unit is dangling and will be cleaned.
W: Public-4008: Instance 'u_TSP_Core/u_ls_ctrl/m_axi_araddr[27]' of 'bmsWIDEDFFCPE' unit is dangling and will be cleaned.
I: Removed GTP_DFF_PE inst u_TSP_Core/u_TSP_Ifu/inst_buffer_r[1] that is redundant to u_TSP_Core/u_TSP_Ifu/inst_buffer_r[0]
Executing : tech-mapping phase 1 successfully. Time elapsed: 0.355s wall, 0.344s user + 0.000s system = 0.344s CPU (96.9%)

Start tech-mapping phase 2.
Executing : tech-mapping phase 2 successfully. Time elapsed: 4.016s wall, 4.234s user + 0.188s system = 4.422s CPU (110.1%)

Start tech-optimization.
Executing : tech-optimization successfully. Time elapsed: 0.420s wall, 0.625s user + 0.297s system = 0.922s CPU (219.6%)

Start phys-optimization.
Executing : phys-optimization successfully. Time elapsed: 0.000s wall, 0.000s user + 0.000s system = 0.000s CPU (n/a%)

Start restore-hierarchy.
Executing : restore-hierarchy successfully. Time elapsed: 0.888s wall, 0.891s user + 0.000s system = 0.891s CPU (100.3%)

W: syn_maxfan of lutcarry N285.eq_2 is more than 10000 on net N285, but wasn't replicated.
W: syn_maxfan of lutcarry N279.eq_2 is more than 10000 on net N279, but wasn't replicated.
W: syn_maxfan of lutcarry N285.eq_2 is more than 10000 on net N285, but wasn't replicated.
W: syn_maxfan of lutcarry N279.eq_2 is more than 10000 on net N279, but wasn't replicated.

Cell Usage:
GTP_DFF                       3 uses
GTP_DFF_C                  1642 uses
GTP_DFF_CE                 1568 uses
GTP_DFF_E                   362 uses
GTP_DFF_PE                    5 uses
GTP_DFF_RE                  167 uses
GTP_DFF_S                     1 use
GTP_DFF_SE                    1 use
GTP_DRM18K                   47 uses
GTP_GRS                       1 use
GTP_INV                       1 use
GTP_LUT1                      2 uses
GTP_LUT2                    152 uses
GTP_LUT3                    381 uses
GTP_LUT4                    142 uses
GTP_LUT5                    647 uses
GTP_LUT5CARRY              1379 uses
GTP_LUT5M                   819 uses
GTP_MUX2LUT6                269 uses
GTP_MUX2LUT7                128 uses
GTP_PLL_E3                    1 use
GTP_ROM32X1                   4 uses
GTP_ROM64X1                   2 uses

I/O ports: 50
GTP_INBUF                   8 uses
GTP_OUTBUF                 10 uses
GTP_OUTBUFT                32 uses

Mapping Summary:
Total LUTs: 3530 of 42800 (8.25%)
	LUTs as dram: 0 of 17000 (0.00%)
	LUTs as logic: 3530
Total Registers: 3749 of 64200 (5.84%)
Total Latches: 0

DRM18K:
Total DRM18K = 47.0 of 134 (35.07%)

APMs:
Total APMs = 0.00 of 84 (0.00%)

Total I/O ports = 50 of 218 (22.94%)


Overview of Control Sets:

Number of unique control sets : 69

Histogram:
**************************************************************
  Fanout      | Count    | Sync Set/Reset    Async Set/Reset
--------------------------------------------------------------
  [0, 2)      | 3        | 1                 2
  [2, 4)      | 1        | 1                 0
  [4, 6)      | 6        | 2                 4
  [6, 8)      | 3        | 0                 3
  [8, 10)     | 4        | 3                 1
  [10, 12)    | 1        | 0                 1
  [12, 14)    | 0        | 0                 0
  [14, 16)    | 0        | 0                 0
  [16, Inf)   | 51       | 7                 44
--------------------------------------------------------------
  The maximum fanout: 1642
==============================================================

Flip-Flop Distribution:
************************************************************************
  Clock Enable    Sync Set/Reset    Async Set/Reset    Total Registers
------------------------------------------------------------------------
  NO              NO                NO                 3
  NO              NO                YES                1642
  NO              YES               NO                 1
  YES             NO                NO                 362
  YES             NO                YES                1573
  YES             YES               NO                 168
========================================================================

Latch Distribution:
************************************************
  Gate Enable    Preset/Clear    Total Latches
************************************************
  NO             NO              0
  NO             YES             0
  YES            NO              0
  YES            YES             0
************************************************

Design 'SoC_Top' has been successfully synthesized to architecture-specific objects.
Saving design to DB.
Saving design to SoC_Top_syn.vm
Constructing timing graph ...
Timing graph has been constructed successfully
C: STA-3001: Combinational loops are found in the netlist, following timing arcs are set to false path.
    u_TSP_Core/u_TSP_Wb_arbiter/N5_20[31]/Z --> u_TSP_Core/u_TSP_Wb_arbiter/N5_21[31]/I1
    u_TSP_Core/u_TSP_Disp_Exu/Exu_muldiv_u0/Exu_divider/N1158_10[30]/Z --> u_TSP_Core/u_TSP_Wb_arbiter/N5_21[30]/I2
    u_TSP_Core/u_TSP_Disp_Exu/Exu_muldiv_u0/Exu_divider/N1150_1_1/COUT --> u_TSP_Core/u_TSP_Disp_Exu/Exu_muldiv_u0/Exu_divider/N1150_1_2/CIN
    u_TSP_Core/u_TSP_Wb_arbiter/N5_21[1]/Z --> u_TSP_Core/u_TSP_Wb_arbiter/N5_22[1]/I4
    u_TSP_Core/u_TSP_Disp_Exu/Exu_muldiv_u0/Exu_divider/N1191_32/Z --> u_TSP_Core/u_TSP_Disp_Exu/Exu_muldiv_u0/Exu_divider/N23/I2
    u_TSP_Core/u_TSP_Disp_Exu/Exu_muldiv_u0/Exu_divider/N1150_1_2/COUT --> u_TSP_Core/u_TSP_Disp_Exu/Exu_muldiv_u0/Exu_divider/N1150_1_3/CIN
    u_TSP_Core/u_TSP_Wb_arbiter/N5_21[2]/Z --> u_TSP_Core/u_TSP_Wb_arbiter/N5_22[2]/I4
    u_TSP_Core/u_TSP_Disp_Exu/Exu_muldiv_u0/Exu_divider/N1150_1_3/COUT --> u_TSP_Core/u_TSP_Disp_Exu/Exu_muldiv_u0/Exu_divider/N1150_1_4/CIN
    u_TSP_Core/u_TSP_Wb_arbiter/N5_21[3]/Z --> u_TSP_Core/u_TSP_Wb_arbiter/N5_22[3]/I4
    u_TSP_Core/u_TSP_Disp_Exu/Exu_muldiv_u0/Exu_divider/N1150_1_4/COUT --> u_TSP_Core/u_TSP_Disp_Exu/Exu_muldiv_u0/Exu_divider/N1150_1_5/CIN
    u_TSP_Core/u_TSP_Wb_arbiter/N5_21[4]/Z --> u_TSP_Core/u_TSP_Wb_arbiter/N5_22[4]/I4
    u_TSP_Core/u_TSP_Disp_Exu/Exu_muldiv_u0/Exu_divider/N1150_1_5/COUT --> u_TSP_Core/u_TSP_Disp_Exu/Exu_muldiv_u0/Exu_divider/N1150_1_6/CIN
    u_TSP_Core/u_TSP_Wb_arbiter/N5_21[5]/Z --> u_TSP_Core/u_TSP_Wb_arbiter/N5_22[5]/I4
    u_TSP_Core/u_TSP_Disp_Exu/Exu_muldiv_u0/Exu_divider/N1150_1_6/COUT --> u_TSP_Core/u_TSP_Disp_Exu/Exu_muldiv_u0/Exu_divider/N1150_1_7/CIN
    u_TSP_Core/u_TSP_Wb_arbiter/N5_21[6]/Z --> u_TSP_Core/u_TSP_Wb_arbiter/N5_22[6]/I4
    u_TSP_Core/u_TSP_Disp_Exu/Exu_muldiv_u0/Exu_divider/N1150_1_7/COUT --> u_TSP_Core/u_TSP_Disp_Exu/Exu_muldiv_u0/Exu_divider/N1150_1_8/CIN
    u_TSP_Core/u_TSP_Wb_arbiter/N5_21[7]/Z --> u_TSP_Core/u_TSP_Wb_arbiter/N5_22[7]/I4
    u_TSP_Core/u_TSP_Disp_Exu/Exu_muldiv_u0/Exu_divider/N1150_1_8/COUT --> u_TSP_Core/u_TSP_Disp_Exu/Exu_muldiv_u0/Exu_divider/N1150_1_9/CIN
    u_TSP_Core/u_TSP_Wb_arbiter/N5_21[8]/Z --> u_TSP_Core/u_TSP_Wb_arbiter/N5_22[8]/I4
    u_TSP_Core/u_TSP_Disp_Exu/Exu_muldiv_u0/Exu_divider/N1150_1_9/COUT --> u_TSP_Core/u_TSP_Disp_Exu/Exu_muldiv_u0/Exu_divider/N1150_1_10/CIN
    u_TSP_Core/u_TSP_Wb_arbiter/N5_21[9]/Z --> u_TSP_Core/u_TSP_Wb_arbiter/N5_22[9]/I4
    u_TSP_Core/u_TSP_Disp_Exu/Exu_muldiv_u0/Exu_divider/N1150_1_10/COUT --> u_TSP_Core/u_TSP_Disp_Exu/Exu_muldiv_u0/Exu_divider/N1150_1_11/CIN
    u_TSP_Core/u_TSP_Wb_arbiter/N5_21[10]/Z --> u_TSP_Core/u_TSP_Wb_arbiter/N5_22[10]/I4
    u_TSP_Core/u_TSP_Disp_Exu/Exu_muldiv_u0/Exu_divider/N1150_1_11/COUT --> u_TSP_Core/u_TSP_Disp_Exu/Exu_muldiv_u0/Exu_divider/N1150_1_12/CIN
    u_TSP_Core/u_TSP_Wb_arbiter/N5_21[11]/Z --> u_TSP_Core/u_TSP_Wb_arbiter/N5_22[11]/I4
    u_TSP_Core/u_TSP_Disp_Exu/Exu_muldiv_u0/Exu_divider/N1191_32/Z --> u_TSP_Core/u_TSP_Disp_Exu/Exu_muldiv_u0/Exu_divider/N23/I2
    u_TSP_Core/u_TSP_Disp_Exu/Exu_muldiv_u0/Exu_divider/N1150_1_12/COUT --> u_TSP_Core/u_TSP_Disp_Exu/Exu_muldiv_u0/Exu_divider/N1150_1_13/CIN
    u_TSP_Core/u_TSP_Wb_arbiter/N5_21[12]/Z --> u_TSP_Core/u_TSP_Wb_arbiter/N5_22[12]/I4
    u_TSP_Core/u_TSP_Disp_Exu/Exu_muldiv_u0/Exu_divider/N1150_1_13/COUT --> u_TSP_Core/u_TSP_Disp_Exu/Exu_muldiv_u0/Exu_divider/N1150_1_14/CIN
    u_TSP_Core/u_TSP_Wb_arbiter/N5_21[13]/Z --> u_TSP_Core/u_TSP_Wb_arbiter/N5_22[13]/I4
    u_TSP_Core/u_TSP_Disp_Exu/Exu_muldiv_u0/Exu_divider/N1150_1_14/COUT --> u_TSP_Core/u_TSP_Disp_Exu/Exu_muldiv_u0/Exu_divider/N1150_1_15/CIN
    u_TSP_Core/u_TSP_Wb_arbiter/N5_21[14]/Z --> u_TSP_Core/u_TSP_Wb_arbiter/N5_22[14]/I4
    u_TSP_Core/u_TSP_Disp_Exu/Exu_muldiv_u0/Exu_divider/N1150_1_15/COUT --> u_TSP_Core/u_TSP_Disp_Exu/Exu_muldiv_u0/Exu_divider/N1150_1_16/CIN
    u_TSP_Core/u_TSP_Wb_arbiter/N5_21[15]/Z --> u_TSP_Core/u_TSP_Wb_arbiter/N5_22[15]/I4
    u_TSP_Core/u_TSP_Disp_Exu/Exu_muldiv_u0/Exu_divider/N1150_1_16/COUT --> u_TSP_Core/u_TSP_Disp_Exu/Exu_muldiv_u0/Exu_divider/N1150_1_17/CIN
    u_TSP_Core/u_TSP_Wb_arbiter/N5_21[16]/Z --> u_TSP_Core/u_TSP_Wb_arbiter/N5_22[16]/I4
    u_TSP_Core/u_TSP_Disp_Exu/Exu_muldiv_u0/Exu_divider/N1191_32/Z --> u_TSP_Core/u_TSP_Disp_Exu/Exu_muldiv_u0/Exu_divider/N23/I2
    u_TSP_Core/u_TSP_Disp_Exu/Exu_muldiv_u0/Exu_divider/N1150_1_17/COUT --> u_TSP_Core/u_TSP_Disp_Exu/Exu_muldiv_u0/Exu_divider/N1150_1_18/CIN
    u_TSP_Core/u_TSP_Wb_arbiter/N5_21[17]/Z --> u_TSP_Core/u_TSP_Wb_arbiter/N5_22[17]/I4
    u_TSP_Core/u_TSP_Disp_Exu/Exu_muldiv_u0/Exu_divider/N1150_1_18/COUT --> u_TSP_Core/u_TSP_Disp_Exu/Exu_muldiv_u0/Exu_divider/N1150_1_19/CIN
    u_TSP_Core/u_TSP_Wb_arbiter/N5_21[18]/Z --> u_TSP_Core/u_TSP_Wb_arbiter/N5_22[18]/I4
    u_TSP_Core/u_TSP_Disp_Exu/Exu_muldiv_u0/Exu_divider/N1150_1_19/COUT --> u_TSP_Core/u_TSP_Disp_Exu/Exu_muldiv_u0/Exu_divider/N1150_1_20/CIN
    u_TSP_Core/u_TSP_Wb_arbiter/N5_21[19]/Z --> u_TSP_Core/u_TSP_Wb_arbiter/N5_22[19]/I4
    u_TSP_Core/u_TSP_Disp_Exu/Exu_muldiv_u0/Exu_divider/N1150_1_20/COUT --> u_TSP_Core/u_TSP_Disp_Exu/Exu_muldiv_u0/Exu_divider/N1150_1_21/CIN
    u_TSP_Core/u_TSP_Wb_arbiter/N5_21[20]/Z --> u_TSP_Core/u_TSP_Wb_arbiter/N5_22[20]/I4
    u_TSP_Core/u_TSP_Disp_Exu/Exu_muldiv_u0/Exu_divider/N1150_1_21/COUT --> u_TSP_Core/u_TSP_Disp_Exu/Exu_muldiv_u0/Exu_divider/N1150_1_22/CIN
    u_TSP_Core/u_TSP_Wb_arbiter/N5_21[21]/Z --> u_TSP_Core/u_TSP_Wb_arbiter/N5_22[21]/I4
    u_TSP_Core/u_TSP_Disp_Exu/Exu_muldiv_u0/Exu_divider/N1191_32/Z --> u_TSP_Core/u_TSP_Disp_Exu/Exu_muldiv_u0/Exu_divider/N23/I2
    u_TSP_Core/u_TSP_Disp_Exu/Exu_muldiv_u0/Exu_divider/N1150_1_22/COUT --> u_TSP_Core/u_TSP_Disp_Exu/Exu_muldiv_u0/Exu_divider/N1150_1_23/CIN
    u_TSP_Core/u_TSP_Wb_arbiter/N5_21[22]/Z --> u_TSP_Core/u_TSP_Wb_arbiter/N5_22[22]/I4
    u_TSP_Core/u_TSP_Disp_Exu/Exu_muldiv_u0/Exu_divider/N1150_1_23/COUT --> u_TSP_Core/u_TSP_Disp_Exu/Exu_muldiv_u0/Exu_divider/N1150_1_24/CIN
    u_TSP_Core/u_TSP_Wb_arbiter/N5_21[23]/Z --> u_TSP_Core/u_TSP_Wb_arbiter/N5_22[23]/I4
    u_TSP_Core/u_TSP_Disp_Exu/Exu_muldiv_u0/Exu_divider/N1150_1_24/COUT --> u_TSP_Core/u_TSP_Disp_Exu/Exu_muldiv_u0/Exu_divider/N1150_1_25/CIN
    u_TSP_Core/u_TSP_Wb_arbiter/N5_21[24]/Z --> u_TSP_Core/u_TSP_Wb_arbiter/N5_22[24]/I4
    u_TSP_Core/u_TSP_Disp_Exu/Exu_muldiv_u0/Exu_divider/N1150_1_25/COUT --> u_TSP_Core/u_TSP_Disp_Exu/Exu_muldiv_u0/Exu_divider/N1150_1_26/CIN
    u_TSP_Core/u_TSP_Wb_arbiter/N5_21[25]/Z --> u_TSP_Core/u_TSP_Wb_arbiter/N5_22[25]/I4
    u_TSP_Core/u_TSP_Disp_Exu/Exu_muldiv_u0/Exu_divider/N1150_1_26/COUT --> u_TSP_Core/u_TSP_Disp_Exu/Exu_muldiv_u0/Exu_divider/N1150_1_27/CIN
    u_TSP_Core/u_TSP_Wb_arbiter/N5_21[26]/Z --> u_TSP_Core/u_TSP_Wb_arbiter/N5_22[26]/I4
    u_TSP_Core/u_TSP_Disp_Exu/Exu_muldiv_u0/Exu_divider/N1191_24/Z --> u_TSP_Core/u_TSP_Disp_Exu/Exu_muldiv_u0/Exu_divider/N1191_32/I3
    u_TSP_Core/u_TSP_Disp_Exu/Exu_muldiv_u0/Exu_divider/N1150_1_27/COUT --> u_TSP_Core/u_TSP_Disp_Exu/Exu_muldiv_u0/Exu_divider/N1150_1_28/CIN
    u_TSP_Core/u_TSP_Wb_arbiter/N5_21[27]/Z --> u_TSP_Core/u_TSP_Wb_arbiter/N5_22[27]/I4
    u_TSP_Core/u_TSP_Disp_Exu/Exu_muldiv_u0/Exu_divider/N1191_24/Z --> u_TSP_Core/u_TSP_Disp_Exu/Exu_muldiv_u0/Exu_divider/N1191_32/I3
    u_TSP_Core/u_TSP_Disp_Exu/Exu_muldiv_u0/Exu_divider/N1150_1_28/COUT --> u_TSP_Core/u_TSP_Disp_Exu/Exu_muldiv_u0/Exu_divider/N1150_1_29/CIN
    u_TSP_Core/u_TSP_Wb_arbiter/N5_21[28]/Z --> u_TSP_Core/u_TSP_Wb_arbiter/N5_22[28]/I4
    u_TSP_Core/u_TSP_Disp_Exu/Exu_muldiv_u0/Exu_divider/N1191_24/Z --> u_TSP_Core/u_TSP_Disp_Exu/Exu_muldiv_u0/Exu_divider/N1191_32/I3
    u_TSP_Core/u_TSP_Disp_Exu/Exu_muldiv_u0/Exu_divider/N1150_1_29/COUT --> u_TSP_Core/u_TSP_Disp_Exu/Exu_muldiv_u0/Exu_divider/N1150_1_30/CIN
    u_TSP_Core/u_TSP_Wb_arbiter/N5_21[29]/Z --> u_TSP_Core/u_TSP_Wb_arbiter/N5_22[29]/I4
    u_TSP_Core/u_TSP_Disp_Exu/Exu_muldiv_u0/Exu_divider/N1191_24/Z --> u_TSP_Core/u_TSP_Disp_Exu/Exu_muldiv_u0/Exu_divider/N1191_32/I3
    u_TSP_Core/u_TSP_Disp_Exu/Exu_muldiv_u0/Exu_divider/N1150_1_30/COUT --> u_TSP_Core/u_TSP_Disp_Exu/Exu_muldiv_u0/Exu_divider/N1150_1_31/CIN
    u_TSP_Core/u_TSP_Wb_arbiter/N5_21[30]/Z --> u_TSP_Core/u_TSP_Wb_arbiter/N5_22[30]/I4
    u_TSP_Core/u_TSP_Disp_Exu/Exu_muldiv_u0/Exu_divider/N1150_1_31/Z --> u_TSP_Core/u_TSP_Wb_arbiter/N5_20[31]/I4
    u_TSP_Core/u_TSP_Disp_Exu/Exu_muldiv_u0/Exu_divider/N1158_10[30]/Z --> u_TSP_Core/u_TSP_Wb_arbiter/N5_21[30]/I2
    u_TSP_Core/u_TSP_Wb_arbiter/N5_20[0]/Z --> u_TSP_Core/u_TSP_Wb_arbiter/N5_21[0]/I1
    u_TSP_Core/u_TSP_Wb_arbiter/N5_20[31]/Z --> u_TSP_Core/u_TSP_Wb_arbiter/N5_21[31]/I1
    u_TSP_Core/u_TSP_Disp_Exu/Exu_muldiv_u0/Exu_divider/N21/Z --> u_TSP_Core/u_TSP_Disp_Exu/Exu_muldiv_u0/Exu_divider/N1150_1_1/I2
    u_TSP_Core/u_TSP_Wb_arbiter/N5_20[31]/Z --> u_TSP_Core/u_TSP_Wb_arbiter/N5_21[31]/I1
W: Timing-4087: Port 'ext_axi_if_arready' is not constrained, it is treated as combinational output.
W: Timing-4087: Port 'ext_axi_if_awready' is not constrained, it is treated as combinational output.
W: Timing-4087: Port 'ext_axi_if_bresp[0]' is not constrained, it is treated as combinational output.
W: Timing-4087: Port 'ext_axi_if_bresp[1]' is not constrained, it is treated as combinational output.
W: Timing-4087: Port 'ext_axi_if_bvalid' is not constrained, it is treated as combinational output.
W: Timing-4087: Port 'ext_axi_if_rdata[0]' is not constrained, it is treated as combinational output.
W: Timing-4087: Port 'ext_axi_if_rdata[1]' is not constrained, it is treated as combinational output.
W: Timing-4087: Port 'ext_axi_if_rdata[2]' is not constrained, it is treated as combinational output.
W: Timing-4087: Port 'ext_axi_if_rdata[3]' is not constrained, it is treated as combinational output.
W: Timing-4087: Port 'ext_axi_if_rdata[4]' is not constrained, it is treated as combinational output.
W: Timing-4087: Port 'ext_axi_if_rdata[5]' is not constrained, it is treated as combinational output.
W: Timing-4087: Port 'ext_axi_if_rdata[6]' is not constrained, it is treated as combinational output.
W: Timing-4087: Port 'ext_axi_if_rdata[7]' is not constrained, it is treated as combinational output.
W: Timing-4087: Port 'ext_axi_if_rdata[8]' is not constrained, it is treated as combinational output.
W: Timing-4087: Port 'ext_axi_if_rdata[9]' is not constrained, it is treated as combinational output.
W: Timing-4087: Port 'ext_axi_if_rdata[10]' is not constrained, it is treated as combinational output.
W: Timing-4087: Port 'ext_axi_if_rdata[11]' is not constrained, it is treated as combinational output.
W: Timing-4087: Port 'ext_axi_if_rdata[12]' is not constrained, it is treated as combinational output.
W: Timing-4087: Port 'ext_axi_if_rdata[13]' is not constrained, it is treated as combinational output.
W: Timing-4087: Port 'ext_axi_if_rdata[14]' is not constrained, it is treated as combinational output.
W: Timing-4087: Port 'ext_axi_if_rdata[15]' is not constrained, it is treated as combinational output.
W: Timing-4087: Port 'ext_axi_if_rdata[16]' is not constrained, it is treated as combinational output.
W: Timing-4087: Port 'ext_axi_if_rdata[17]' is not constrained, it is treated as combinational output.
W: Timing-4087: Port 'ext_axi_if_rdata[18]' is not constrained, it is treated as combinational output.
W: Timing-4087: Port 'ext_axi_if_rdata[19]' is not constrained, it is treated as combinational output.
W: Timing-4087: Port 'ext_axi_if_rdata[20]' is not constrained, it is treated as combinational output.
W: Timing-4087: Port 'ext_axi_if_rdata[21]' is not constrained, it is treated as combinational output.
W: Timing-4087: Port 'ext_axi_if_rdata[22]' is not constrained, it is treated as combinational output.
W: Timing-4087: Port 'ext_axi_if_rdata[23]' is not constrained, it is treated as combinational output.
W: Timing-4087: Port 'ext_axi_if_rdata[24]' is not constrained, it is treated as combinational output.
W: Timing-4087: Port 'ext_axi_if_rdata[25]' is not constrained, it is treated as combinational output.
W: Timing-4087: Port 'ext_axi_if_rdata[26]' is not constrained, it is treated as combinational output.
W: Timing-4087: Port 'ext_axi_if_rdata[27]' is not constrained, it is treated as combinational output.
W: Timing-4087: Port 'ext_axi_if_rdata[28]' is not constrained, it is treated as combinational output.
W: Timing-4087: Port 'ext_axi_if_rdata[29]' is not constrained, it is treated as combinational output.
W: Timing-4087: Port 'ext_axi_if_rdata[30]' is not constrained, it is treated as combinational output.
W: Timing-4087: Port 'ext_axi_if_rdata[31]' is not constrained, it is treated as combinational output.
W: Timing-4087: Port 'ext_axi_if_rresp[0]' is not constrained, it is treated as combinational output.
W: Timing-4087: Port 'ext_axi_if_rresp[1]' is not constrained, it is treated as combinational output.
W: Timing-4087: Port 'ext_axi_if_rvalid' is not constrained, it is treated as combinational output.
W: Timing-4087: Port 'ext_axi_if_wready' is not constrained, it is treated as combinational output.
W: Timing-4087: Port 'uart_tx' is not constrained, it is treated as combinational output.
W: Timing-4086: Port 'ext_axi_if_arvalid' is not constrained, it is treated as combinational input.
W: Timing-4086: Port 'ext_axi_if_awvalid' is not constrained, it is treated as combinational input.
W: Timing-4086: Port 'ext_axi_if_bready' is not constrained, it is treated as combinational input.
W: Timing-4086: Port 'ext_axi_if_rready' is not constrained, it is treated as combinational input.
W: Timing-4086: Port 'ext_axi_if_wvalid' is not constrained, it is treated as combinational input.
W: Timing-4086: Port 'rst_n' is not constrained, it is treated as combinational input.
W: Timing-4086: Port 'uart_rx' is not constrained, it is treated as combinational input.
Action synthesize: Real time elapsed is 0h:0m:18s
Action synthesize: CPU time elapsed is 0h:0m:15s
Action synthesize: Process CPU time elapsed is 0h:0m:16s
Current time: Wed Mar 25 12:14:27 2026
Action synthesize: Peak memory pool usage is 392 MB
