#Build: Fabric Compiler 2022.2-SP6.4, Build 146967, Jan 31 01:39 2024
#Install: D:\pango\PDS_2022.2-SP6.4\bin
#Application name: pds.exe
#OS: Windows 10 10.0.26100
#Hostname: DESKTOP-6RDPORB
Generated by Fabric Compiler (version 2022.2-SP6.4 build 146967) at Fri Apr  3 00:01:32 2026
Parse module hierarchy of project 'D:/FPGA/TSP_RISC-V-2.4/FPGA/pango_cpu/temp_projects/Main_Flow/Main_Flow.pds' (ADS Parser)
Customize IP 'D:/FPGA/TSP_RISC-V-2.4/FPGA/pango_cpu/ipcore/IRAM/IRAM.idf' ...
Parse module hierarchy of project 'D:/FPGA/TSP_RISC-V-2.4/FPGA/pango_cpu/temp_projects/Main_Flow/Main_Flow.pds' (ADS Parser)
C: Flow-2008: IP file modified: "D:/FPGA/TSP_RISC-V-2.4/FPGA/pango_cpu/ipcore/IRAM/IRAM.idf". 
Parse module hierarchy of project 'D:/FPGA/TSP_RISC-V-2.4/FPGA/pango_cpu/temp_projects/Main_Flow/Main_Flow.pds' (ADS Parser)
IP Compiler exited.


Process "Compile" started.
Current time: Fri Apr  3 00:02:00 2026
Compiling architecture definition.
Analyzing project file 'D:/FPGA/TSP_RISC-V-2.4/FPGA/pango_cpu/pango_cpu.pds'.
License checkout: fabric_ads from D:\pango\new_pds_60ff9e088cde.lic
Compiling verification operator library.
Loading technology operator library.
Compiling technology operator library.
Compiling technology operator (valence) library.
I: Enable Verilog2k features and keywords
Start rtl-analyze.
Executing : .rtl_analyze -work work -include_path {D:/FPGA/TSP_RISC-V-2.4/FPGA/pango_cpu} D:/FPGA/TSP_RISC-V-2.4/FPGA/pango_cpu/source/core/core.v
I: Verilog-0001: Analyzing file D:/FPGA/TSP_RISC-V-2.4/FPGA/pango_cpu/source/core/core.v
I: Found Verilog include file D:/FPGA/TSP_RISC-V-2.4/FPGA/pango_cpu/source/core/defines.v
I: Verilog-0002: [D:/FPGA/TSP_RISC-V-2.4/FPGA/pango_cpu/source/core/core.v(line number: 3)] Analyzing module TSP_Core (library work)
Parsing done.
Executing : .rtl_analyze -work work -include_path {D:/FPGA/TSP_RISC-V-2.4/FPGA/pango_cpu} D:/FPGA/TSP_RISC-V-2.4/FPGA/pango_cpu/source/core/core.v successfully.
W: Public-4030: File 'D:/FPGA/TSP_RISC-V-2.4/FPGA/pango_cpu/source/core/defines.v' has been added. It is skipped.
Executing : .rtl_analyze -work work -include_path {D:/FPGA/TSP_RISC-V-2.4/FPGA/pango_cpu} D:/FPGA/TSP_RISC-V-2.4/FPGA/pango_cpu/source/core/defines.v
I: Verilog-0001: Analyzing file D:/FPGA/TSP_RISC-V-2.4/FPGA/pango_cpu/source/core/defines.v
Parsing done.
Executing : .rtl_analyze -work work -include_path {D:/FPGA/TSP_RISC-V-2.4/FPGA/pango_cpu} D:/FPGA/TSP_RISC-V-2.4/FPGA/pango_cpu/source/core/defines.v successfully.
Executing : .rtl_analyze -work work -include_path {D:/FPGA/TSP_RISC-V-2.4/FPGA/pango_cpu} D:/FPGA/TSP_RISC-V-2.4/FPGA/pango_cpu/source/core/dff.v
I: Verilog-0001: Analyzing file D:/FPGA/TSP_RISC-V-2.4/FPGA/pango_cpu/source/core/dff.v
I: Found Verilog include file D:/FPGA/TSP_RISC-V-2.4/FPGA/pango_cpu/source/core/defines.v
W: Public-4030: File 'D:/FPGA/TSP_RISC-V-2.4/FPGA/pango_cpu/source/core/defines.v' has been added. It is skipped.
I: Verilog-0002: [D:/FPGA/TSP_RISC-V-2.4/FPGA/pango_cpu/source/core/dff.v(line number: 4)] Analyzing module REGs_WLWR (library work)
I: Verilog-0002: [D:/FPGA/TSP_RISC-V-2.4/FPGA/pango_cpu/source/core/dff.v(line number: 25)] Analyzing module REGs_WLNR (library work)
I: Verilog-0002: [D:/FPGA/TSP_RISC-V-2.4/FPGA/pango_cpu/source/core/dff.v(line number: 42)] Analyzing module REGs_NLWR (library work)
I: Verilog-0002: [D:/FPGA/TSP_RISC-V-2.4/FPGA/pango_cpu/source/core/dff.v(line number: 62)] Analyzing module REGs_NLNR (library work)
Parsing done.
Executing : .rtl_analyze -work work -include_path {D:/FPGA/TSP_RISC-V-2.4/FPGA/pango_cpu} D:/FPGA/TSP_RISC-V-2.4/FPGA/pango_cpu/source/core/dff.v successfully.
Executing : .rtl_analyze -work work -include_path {D:/FPGA/TSP_RISC-V-2.4/FPGA/pango_cpu} D:/FPGA/TSP_RISC-V-2.4/FPGA/pango_cpu/source/core/disp_exu.v
I: Verilog-0001: Analyzing file D:/FPGA/TSP_RISC-V-2.4/FPGA/pango_cpu/source/core/disp_exu.v
I: Found Verilog include file D:/FPGA/TSP_RISC-V-2.4/FPGA/pango_cpu/source/core/defines.v
W: Public-4030: File 'D:/FPGA/TSP_RISC-V-2.4/FPGA/pango_cpu/source/core/defines.v' has been added. It is skipped.
I: Verilog-0002: [D:/FPGA/TSP_RISC-V-2.4/FPGA/pango_cpu/source/core/disp_exu.v(line number: 3)] Analyzing module TSP_Disp_Exu (library work)
Parsing done.
Executing : .rtl_analyze -work work -include_path {D:/FPGA/TSP_RISC-V-2.4/FPGA/pango_cpu} D:/FPGA/TSP_RISC-V-2.4/FPGA/pango_cpu/source/core/disp_exu.v successfully.
Executing : .rtl_analyze -work work -include_path {D:/FPGA/TSP_RISC-V-2.4/FPGA/pango_cpu} D:/FPGA/TSP_RISC-V-2.4/FPGA/pango_cpu/source/core/exu_bjp.v
I: Verilog-0001: Analyzing file D:/FPGA/TSP_RISC-V-2.4/FPGA/pango_cpu/source/core/exu_bjp.v
I: Found Verilog include file D:/FPGA/TSP_RISC-V-2.4/FPGA/pango_cpu/source/core/defines.v
W: Public-4030: File 'D:/FPGA/TSP_RISC-V-2.4/FPGA/pango_cpu/source/core/defines.v' has been added. It is skipped.
I: Verilog-0002: [D:/FPGA/TSP_RISC-V-2.4/FPGA/pango_cpu/source/core/exu_bjp.v(line number: 3)] Analyzing module Exu_bjp (library work)
Parsing done.
Executing : .rtl_analyze -work work -include_path {D:/FPGA/TSP_RISC-V-2.4/FPGA/pango_cpu} D:/FPGA/TSP_RISC-V-2.4/FPGA/pango_cpu/source/core/exu_bjp.v successfully.
Executing : .rtl_analyze -work work -include_path {D:/FPGA/TSP_RISC-V-2.4/FPGA/pango_cpu} D:/FPGA/TSP_RISC-V-2.4/FPGA/pango_cpu/source/core/exu_common.v
I: Verilog-0001: Analyzing file D:/FPGA/TSP_RISC-V-2.4/FPGA/pango_cpu/source/core/exu_common.v
I: Found Verilog include file D:/FPGA/TSP_RISC-V-2.4/FPGA/pango_cpu/source/core/defines.v
W: Public-4030: File 'D:/FPGA/TSP_RISC-V-2.4/FPGA/pango_cpu/source/core/defines.v' has been added. It is skipped.
I: Verilog-0002: [D:/FPGA/TSP_RISC-V-2.4/FPGA/pango_cpu/source/core/exu_common.v(line number: 3)] Analyzing module TSP_Exu_common (library work)
Parsing done.
Executing : .rtl_analyze -work work -include_path {D:/FPGA/TSP_RISC-V-2.4/FPGA/pango_cpu} D:/FPGA/TSP_RISC-V-2.4/FPGA/pango_cpu/source/core/exu_common.v successfully.
Executing : .rtl_analyze -work work -include_path {D:/FPGA/TSP_RISC-V-2.4/FPGA/pango_cpu} D:/FPGA/TSP_RISC-V-2.4/FPGA/pango_cpu/source/core/exu_ls.v
I: Verilog-0001: Analyzing file D:/FPGA/TSP_RISC-V-2.4/FPGA/pango_cpu/source/core/exu_ls.v
I: Found Verilog include file D:/FPGA/TSP_RISC-V-2.4/FPGA/pango_cpu/source/core/defines.v
W: Public-4030: File 'D:/FPGA/TSP_RISC-V-2.4/FPGA/pango_cpu/source/core/defines.v' has been added. It is skipped.
I: Verilog-0002: [D:/FPGA/TSP_RISC-V-2.4/FPGA/pango_cpu/source/core/exu_ls.v(line number: 3)] Analyzing module TSP_Exu_ls (library work)
Parsing done.
Executing : .rtl_analyze -work work -include_path {D:/FPGA/TSP_RISC-V-2.4/FPGA/pango_cpu} D:/FPGA/TSP_RISC-V-2.4/FPGA/pango_cpu/source/core/exu_ls.v successfully.
Executing : .rtl_analyze -work work -include_path {D:/FPGA/TSP_RISC-V-2.4/FPGA/pango_cpu} D:/FPGA/TSP_RISC-V-2.4/FPGA/pango_cpu/source/core/exu_muldiv.v
I: Verilog-0001: Analyzing file D:/FPGA/TSP_RISC-V-2.4/FPGA/pango_cpu/source/core/exu_muldiv.v
I: Found Verilog include file D:/FPGA/TSP_RISC-V-2.4/FPGA/pango_cpu/source/core/defines.v
W: Public-4030: File 'D:/FPGA/TSP_RISC-V-2.4/FPGA/pango_cpu/source/core/defines.v' has been added. It is skipped.
I: Verilog-0002: [D:/FPGA/TSP_RISC-V-2.4/FPGA/pango_cpu/source/core/exu_muldiv.v(line number: 3)] Analyzing module TSP_Exu_muldiv (library work)
I: Verilog-0002: [D:/FPGA/TSP_RISC-V-2.4/FPGA/pango_cpu/source/core/exu_muldiv.v(line number: 128)] Analyzing module Simple_Multiplier_32 (library work)
I: Verilog-0002: [D:/FPGA/TSP_RISC-V-2.4/FPGA/pango_cpu/source/core/exu_muldiv.v(line number: 174)] Analyzing module Simple_Divider_32 (library work)
Parsing done.
Executing : .rtl_analyze -work work -include_path {D:/FPGA/TSP_RISC-V-2.4/FPGA/pango_cpu} D:/FPGA/TSP_RISC-V-2.4/FPGA/pango_cpu/source/core/exu_muldiv.v successfully.
Executing : .rtl_analyze -work work -include_path {D:/FPGA/TSP_RISC-V-2.4/FPGA/pango_cpu} D:/FPGA/TSP_RISC-V-2.4/FPGA/pango_cpu/source/core/idec.v
I: Verilog-0001: Analyzing file D:/FPGA/TSP_RISC-V-2.4/FPGA/pango_cpu/source/core/idec.v
I: Found Verilog include file D:/FPGA/TSP_RISC-V-2.4/FPGA/pango_cpu/source/core/defines.v
W: Public-4030: File 'D:/FPGA/TSP_RISC-V-2.4/FPGA/pango_cpu/source/core/defines.v' has been added. It is skipped.
I: Verilog-0002: [D:/FPGA/TSP_RISC-V-2.4/FPGA/pango_cpu/source/core/idec.v(line number: 6)] Analyzing module TSP_Idec (library work)
Parsing done.
Executing : .rtl_analyze -work work -include_path {D:/FPGA/TSP_RISC-V-2.4/FPGA/pango_cpu} D:/FPGA/TSP_RISC-V-2.4/FPGA/pango_cpu/source/core/idec.v successfully.
Executing : .rtl_analyze -work work -include_path {D:/FPGA/TSP_RISC-V-2.4/FPGA/pango_cpu} D:/FPGA/TSP_RISC-V-2.4/FPGA/pango_cpu/source/core/Ifu.v
I: Verilog-0001: Analyzing file D:/FPGA/TSP_RISC-V-2.4/FPGA/pango_cpu/source/core/Ifu.v
I: Found Verilog include file D:/FPGA/TSP_RISC-V-2.4/FPGA/pango_cpu/source/core/defines.v
W: Public-4030: File 'D:/FPGA/TSP_RISC-V-2.4/FPGA/pango_cpu/source/core/defines.v' has been added. It is skipped.
I: Verilog-0002: [D:/FPGA/TSP_RISC-V-2.4/FPGA/pango_cpu/source/core/Ifu.v(line number: 3)] Analyzing module TSP_Ifu (library work)
Parsing done.
Executing : .rtl_analyze -work work -include_path {D:/FPGA/TSP_RISC-V-2.4/FPGA/pango_cpu} D:/FPGA/TSP_RISC-V-2.4/FPGA/pango_cpu/source/core/Ifu.v successfully.
Executing : .rtl_analyze -work work -include_path {D:/FPGA/TSP_RISC-V-2.4/FPGA/pango_cpu} D:/FPGA/TSP_RISC-V-2.4/FPGA/pango_cpu/source/core/ls_ctrl.v
I: Verilog-0001: Analyzing file D:/FPGA/TSP_RISC-V-2.4/FPGA/pango_cpu/source/core/ls_ctrl.v
I: Found Verilog include file D:/FPGA/TSP_RISC-V-2.4/FPGA/pango_cpu/source/core/defines.v
W: Public-4030: File 'D:/FPGA/TSP_RISC-V-2.4/FPGA/pango_cpu/source/core/defines.v' has been added. It is skipped.
I: Verilog-0002: [D:/FPGA/TSP_RISC-V-2.4/FPGA/pango_cpu/source/core/ls_ctrl.v(line number: 3)] Analyzing module ls_ctrl (library work)
Parsing done.
Executing : .rtl_analyze -work work -include_path {D:/FPGA/TSP_RISC-V-2.4/FPGA/pango_cpu} D:/FPGA/TSP_RISC-V-2.4/FPGA/pango_cpu/source/core/ls_ctrl.v successfully.
Executing : .rtl_analyze -work work -include_path {D:/FPGA/TSP_RISC-V-2.4/FPGA/pango_cpu} D:/FPGA/TSP_RISC-V-2.4/FPGA/pango_cpu/source/core/PC_control.v
I: Verilog-0001: Analyzing file D:/FPGA/TSP_RISC-V-2.4/FPGA/pango_cpu/source/core/PC_control.v
I: Found Verilog include file D:/FPGA/TSP_RISC-V-2.4/FPGA/pango_cpu/source/core/defines.v
W: Public-4030: File 'D:/FPGA/TSP_RISC-V-2.4/FPGA/pango_cpu/source/core/defines.v' has been added. It is skipped.
I: Verilog-0002: [D:/FPGA/TSP_RISC-V-2.4/FPGA/pango_cpu/source/core/PC_control.v(line number: 4)] Analyzing module PC_control (library work)
Parsing done.
Executing : .rtl_analyze -work work -include_path {D:/FPGA/TSP_RISC-V-2.4/FPGA/pango_cpu} D:/FPGA/TSP_RISC-V-2.4/FPGA/pango_cpu/source/core/PC_control.v successfully.
Executing : .rtl_analyze -work work -include_path {D:/FPGA/TSP_RISC-V-2.4/FPGA/pango_cpu} D:/FPGA/TSP_RISC-V-2.4/FPGA/pango_cpu/source/core/regfiles.v
I: Verilog-0001: Analyzing file D:/FPGA/TSP_RISC-V-2.4/FPGA/pango_cpu/source/core/regfiles.v
I: Found Verilog include file D:/FPGA/TSP_RISC-V-2.4/FPGA/pango_cpu/source/core/defines.v
W: Public-4030: File 'D:/FPGA/TSP_RISC-V-2.4/FPGA/pango_cpu/source/core/defines.v' has been added. It is skipped.
I: Verilog-0002: [D:/FPGA/TSP_RISC-V-2.4/FPGA/pango_cpu/source/core/regfiles.v(line number: 3)] Analyzing module TSP_Regfiles (library work)
Parsing done.
Executing : .rtl_analyze -work work -include_path {D:/FPGA/TSP_RISC-V-2.4/FPGA/pango_cpu} D:/FPGA/TSP_RISC-V-2.4/FPGA/pango_cpu/source/core/regfiles.v successfully.
Executing : .rtl_analyze -work work -include_path {D:/FPGA/TSP_RISC-V-2.4/FPGA/pango_cpu} D:/FPGA/TSP_RISC-V-2.4/FPGA/pango_cpu/source/core/wb_arbiter.v
I: Verilog-0001: Analyzing file D:/FPGA/TSP_RISC-V-2.4/FPGA/pango_cpu/source/core/wb_arbiter.v
I: Found Verilog include file D:/FPGA/TSP_RISC-V-2.4/FPGA/pango_cpu/source/core/defines.v
W: Public-4030: File 'D:/FPGA/TSP_RISC-V-2.4/FPGA/pango_cpu/source/core/defines.v' has been added. It is skipped.
I: Verilog-0002: [D:/FPGA/TSP_RISC-V-2.4/FPGA/pango_cpu/source/core/wb_arbiter.v(line number: 3)] Analyzing module TSP_Wb_arbiter (library work)
Parsing done.
Executing : .rtl_analyze -work work -include_path {D:/FPGA/TSP_RISC-V-2.4/FPGA/pango_cpu} D:/FPGA/TSP_RISC-V-2.4/FPGA/pango_cpu/source/core/wb_arbiter.v successfully.
Executing : .rtl_analyze -work work -include_path {D:/FPGA/TSP_RISC-V-2.4/FPGA/pango_cpu} D:/FPGA/TSP_RISC-V-2.4/FPGA/pango_cpu/source/peripheral/AXI_Interconnect.v
I: Verilog-0001: Analyzing file D:/FPGA/TSP_RISC-V-2.4/FPGA/pango_cpu/source/peripheral/AXI_Interconnect.v
I: Found Verilog include file D:/FPGA/TSP_RISC-V-2.4/FPGA/pango_cpu/source/core/defines.v
W: Public-4030: File 'D:/FPGA/TSP_RISC-V-2.4/FPGA/pango_cpu/source/core/defines.v' has been added. It is skipped.
I: Verilog-0002: [D:/FPGA/TSP_RISC-V-2.4/FPGA/pango_cpu/source/peripheral/AXI_Interconnect.v(line number: 3)] Analyzing module TSP_AXI_Interconnect (library work)
Parsing done.
Executing : .rtl_analyze -work work -include_path {D:/FPGA/TSP_RISC-V-2.4/FPGA/pango_cpu} D:/FPGA/TSP_RISC-V-2.4/FPGA/pango_cpu/source/peripheral/AXI_Interconnect.v successfully.
Executing : .rtl_analyze -work work -include_path {D:/FPGA/TSP_RISC-V-2.4/FPGA/pango_cpu} D:/FPGA/TSP_RISC-V-2.4/FPGA/pango_cpu/source/peripheral/soc_top.v
I: Verilog-0001: Analyzing file D:/FPGA/TSP_RISC-V-2.4/FPGA/pango_cpu/source/peripheral/soc_top.v
I: Found Verilog include file D:/FPGA/TSP_RISC-V-2.4/FPGA/pango_cpu/source/core/defines.v
W: Public-4030: File 'D:/FPGA/TSP_RISC-V-2.4/FPGA/pango_cpu/source/core/defines.v' has been added. It is skipped.
I: Verilog-0002: [D:/FPGA/TSP_RISC-V-2.4/FPGA/pango_cpu/source/peripheral/soc_top.v(line number: 3)] Analyzing module SoC_Top (library work)
Parsing done.
Executing : .rtl_analyze -work work -include_path {D:/FPGA/TSP_RISC-V-2.4/FPGA/pango_cpu} D:/FPGA/TSP_RISC-V-2.4/FPGA/pango_cpu/source/peripheral/soc_top.v successfully.
Executing : .rtl_analyze -work work -include_path {D:/FPGA/TSP_RISC-V-2.4/FPGA/pango_cpu} D:/FPGA/TSP_RISC-V-2.4/FPGA/pango_cpu/source/ram/sram.v
I: Verilog-0001: Analyzing file D:/FPGA/TSP_RISC-V-2.4/FPGA/pango_cpu/source/ram/sram.v
I: Found Verilog include file D:/FPGA/TSP_RISC-V-2.4/FPGA/pango_cpu/source/core/defines.v
W: Public-4030: File 'D:/FPGA/TSP_RISC-V-2.4/FPGA/pango_cpu/source/core/defines.v' has been added. It is skipped.
I: Verilog-0002: [D:/FPGA/TSP_RISC-V-2.4/FPGA/pango_cpu/source/ram/sram.v(line number: 4)] Analyzing module TSP_Sram (library work)
Parsing done.
Executing : .rtl_analyze -work work -include_path {D:/FPGA/TSP_RISC-V-2.4/FPGA/pango_cpu} D:/FPGA/TSP_RISC-V-2.4/FPGA/pango_cpu/source/ram/sram.v successfully.
Executing : .rtl_analyze -work work -include_path {D:/FPGA/TSP_RISC-V-2.4/FPGA/pango_cpu} D:/FPGA/TSP_RISC-V-2.4/FPGA/pango_cpu/source/uart/uart.v
I: Verilog-0001: Analyzing file D:/FPGA/TSP_RISC-V-2.4/FPGA/pango_cpu/source/uart/uart.v
I: Verilog-0002: [D:/FPGA/TSP_RISC-V-2.4/FPGA/pango_cpu/source/uart/uart.v(line number: 32)] Analyzing module uart (library work)
Parsing done.
Executing : .rtl_analyze -work work -include_path {D:/FPGA/TSP_RISC-V-2.4/FPGA/pango_cpu} D:/FPGA/TSP_RISC-V-2.4/FPGA/pango_cpu/source/uart/uart.v successfully.
Executing : .rtl_analyze -work work -include_path {D:/FPGA/TSP_RISC-V-2.4/FPGA/pango_cpu} D:/FPGA/TSP_RISC-V-2.4/FPGA/pango_cpu/source/uart/uart_axi_lite_wrapper.v
I: Verilog-0001: Analyzing file D:/FPGA/TSP_RISC-V-2.4/FPGA/pango_cpu/source/uart/uart_axi_lite_wrapper.v
I: Found Verilog include file D:/FPGA/TSP_RISC-V-2.4/FPGA/pango_cpu/source/core/defines.v
W: Public-4030: File 'D:/FPGA/TSP_RISC-V-2.4/FPGA/pango_cpu/source/core/defines.v' has been added. It is skipped.
I: Verilog-0002: [D:/FPGA/TSP_RISC-V-2.4/FPGA/pango_cpu/source/uart/uart_axi_lite_wrapper.v(line number: 3)] Analyzing module uart_axi_lite_wrapper (library work)
Parsing done.
Executing : .rtl_analyze -work work -include_path {D:/FPGA/TSP_RISC-V-2.4/FPGA/pango_cpu} D:/FPGA/TSP_RISC-V-2.4/FPGA/pango_cpu/source/uart/uart_axi_lite_wrapper.v successfully.
Executing : .rtl_analyze -work work -include_path {D:/FPGA/TSP_RISC-V-2.4/FPGA/pango_cpu} D:/FPGA/TSP_RISC-V-2.4/FPGA/pango_cpu/source/uart/uart_rx.v
I: Verilog-0001: Analyzing file D:/FPGA/TSP_RISC-V-2.4/FPGA/pango_cpu/source/uart/uart_rx.v
I: Verilog-0002: [D:/FPGA/TSP_RISC-V-2.4/FPGA/pango_cpu/source/uart/uart_rx.v(line number: 32)] Analyzing module uart_rx (library work)
Parsing done.
Executing : .rtl_analyze -work work -include_path {D:/FPGA/TSP_RISC-V-2.4/FPGA/pango_cpu} D:/FPGA/TSP_RISC-V-2.4/FPGA/pango_cpu/source/uart/uart_rx.v successfully.
Executing : .rtl_analyze -work work -include_path {D:/FPGA/TSP_RISC-V-2.4/FPGA/pango_cpu} D:/FPGA/TSP_RISC-V-2.4/FPGA/pango_cpu/source/uart/uart_tx.v
I: Verilog-0001: Analyzing file D:/FPGA/TSP_RISC-V-2.4/FPGA/pango_cpu/source/uart/uart_tx.v
I: Verilog-0002: [D:/FPGA/TSP_RISC-V-2.4/FPGA/pango_cpu/source/uart/uart_tx.v(line number: 32)] Analyzing module uart_tx (library work)
Parsing done.
Executing : .rtl_analyze -work work -include_path {D:/FPGA/TSP_RISC-V-2.4/FPGA/pango_cpu} D:/FPGA/TSP_RISC-V-2.4/FPGA/pango_cpu/source/uart/uart_tx.v successfully.
Executing : .rtl_analyze -work work -include_path {D:/FPGA/TSP_RISC-V-2.4/FPGA/pango_cpu} D:/FPGA/TSP_RISC-V-2.4/FPGA/pango_cpu/source/timer/timer.v
I: Verilog-0001: Analyzing file D:/FPGA/TSP_RISC-V-2.4/FPGA/pango_cpu/source/timer/timer.v
I: Found Verilog include file D:/FPGA/TSP_RISC-V-2.4/FPGA/pango_cpu/source/core/defines.v
W: Public-4030: File 'D:/FPGA/TSP_RISC-V-2.4/FPGA/pango_cpu/source/core/defines.v' has been added. It is skipped.
I: Verilog-0002: [D:/FPGA/TSP_RISC-V-2.4/FPGA/pango_cpu/source/timer/timer.v(line number: 40)] Analyzing module timer (library work)
Parsing done.
Executing : .rtl_analyze -work work -include_path {D:/FPGA/TSP_RISC-V-2.4/FPGA/pango_cpu} D:/FPGA/TSP_RISC-V-2.4/FPGA/pango_cpu/source/timer/timer.v successfully.
Executing : .rtl_analyze -include_path {D:/FPGA/TSP_RISC-V-2.4/FPGA/pango_cpu} D:/FPGA/TSP_RISC-V-2.4/FPGA/pango_cpu/ipcore/sys_pll/sys_pll.v
I: Verilog-0001: Analyzing file D:/FPGA/TSP_RISC-V-2.4/FPGA/pango_cpu/ipcore/sys_pll/sys_pll.v
I: Verilog-0002: [D:/FPGA/TSP_RISC-V-2.4/FPGA/pango_cpu/ipcore/sys_pll/sys_pll.v(line number: 18)] Analyzing module sys_pll (library work)
Parsing done.
Executing : .rtl_analyze -include_path {D:/FPGA/TSP_RISC-V-2.4/FPGA/pango_cpu} D:/FPGA/TSP_RISC-V-2.4/FPGA/pango_cpu/ipcore/sys_pll/sys_pll.v successfully.
Executing : .rtl_analyze -include_path {D:/FPGA/TSP_RISC-V-2.4/FPGA/pango_cpu} D:/FPGA/TSP_RISC-V-2.4/FPGA/pango_cpu/ipcore/IRAM/rtl/ipml_dpram_v1_8_IRAM.v
I: Verilog-0001: Analyzing file D:/FPGA/TSP_RISC-V-2.4/FPGA/pango_cpu/ipcore/IRAM/rtl/ipml_dpram_v1_8_IRAM.v
I: Verilog-0002: [D:/FPGA/TSP_RISC-V-2.4/FPGA/pango_cpu/ipcore/IRAM/rtl/ipml_dpram_v1_8_IRAM.v(line number: 17)] Analyzing module ipml_dpram_v1_8_IRAM (library work)
I: Found Verilog include file D:/FPGA/TSP_RISC-V-2.4/FPGA/pango_cpu/ipcore/IRAM/rtl/IRAM_init_param.v
W: Verilog-2008: [D:/FPGA/TSP_RISC-V-2.4/FPGA/pango_cpu/ipcore/IRAM/rtl/ipml_dpram_v1_8_IRAM.v(line number: 243)] Ignore 'system task' $display
W: Verilog-2008: [D:/FPGA/TSP_RISC-V-2.4/FPGA/pango_cpu/ipcore/IRAM/rtl/ipml_dpram_v1_8_IRAM.v(line number: 244)] Ignore 'system task' $finish
W: Verilog-2008: [D:/FPGA/TSP_RISC-V-2.4/FPGA/pango_cpu/ipcore/IRAM/rtl/ipml_dpram_v1_8_IRAM.v(line number: 247)] Ignore 'system task' $display
W: Verilog-2008: [D:/FPGA/TSP_RISC-V-2.4/FPGA/pango_cpu/ipcore/IRAM/rtl/ipml_dpram_v1_8_IRAM.v(line number: 251)] Ignore 'system task' $display
W: Verilog-2008: [D:/FPGA/TSP_RISC-V-2.4/FPGA/pango_cpu/ipcore/IRAM/rtl/ipml_dpram_v1_8_IRAM.v(line number: 255)] Ignore 'system task' $display
W: Verilog-2008: [D:/FPGA/TSP_RISC-V-2.4/FPGA/pango_cpu/ipcore/IRAM/rtl/ipml_dpram_v1_8_IRAM.v(line number: 259)] Ignore 'system task' $display
W: Verilog-2008: [D:/FPGA/TSP_RISC-V-2.4/FPGA/pango_cpu/ipcore/IRAM/rtl/ipml_dpram_v1_8_IRAM.v(line number: 263)] Ignore 'system task' $display
W: Verilog-2008: [D:/FPGA/TSP_RISC-V-2.4/FPGA/pango_cpu/ipcore/IRAM/rtl/ipml_dpram_v1_8_IRAM.v(line number: 264)] Ignore 'system task' $finish
W: Verilog-2008: [D:/FPGA/TSP_RISC-V-2.4/FPGA/pango_cpu/ipcore/IRAM/rtl/ipml_dpram_v1_8_IRAM.v(line number: 267)] Ignore 'system task' $display
W: Verilog-2008: [D:/FPGA/TSP_RISC-V-2.4/FPGA/pango_cpu/ipcore/IRAM/rtl/ipml_dpram_v1_8_IRAM.v(line number: 268)] Ignore 'system task' $finish
W: Verilog-2008: [D:/FPGA/TSP_RISC-V-2.4/FPGA/pango_cpu/ipcore/IRAM/rtl/ipml_dpram_v1_8_IRAM.v(line number: 271)] Ignore 'system task' $display
W: Verilog-2008: [D:/FPGA/TSP_RISC-V-2.4/FPGA/pango_cpu/ipcore/IRAM/rtl/ipml_dpram_v1_8_IRAM.v(line number: 272)] Ignore 'system task' $finish
W: Verilog-2008: [D:/FPGA/TSP_RISC-V-2.4/FPGA/pango_cpu/ipcore/IRAM/rtl/ipml_dpram_v1_8_IRAM.v(line number: 275)] Ignore 'system task' $display
W: Verilog-2008: [D:/FPGA/TSP_RISC-V-2.4/FPGA/pango_cpu/ipcore/IRAM/rtl/ipml_dpram_v1_8_IRAM.v(line number: 276)] Ignore 'system task' $finish
W: Verilog-2008: [D:/FPGA/TSP_RISC-V-2.4/FPGA/pango_cpu/ipcore/IRAM/rtl/ipml_dpram_v1_8_IRAM.v(line number: 279)] Ignore 'system task' $display
W: Verilog-2008: [D:/FPGA/TSP_RISC-V-2.4/FPGA/pango_cpu/ipcore/IRAM/rtl/ipml_dpram_v1_8_IRAM.v(line number: 280)] Ignore 'system task' $finish
W: Verilog-2008: [D:/FPGA/TSP_RISC-V-2.4/FPGA/pango_cpu/ipcore/IRAM/rtl/ipml_dpram_v1_8_IRAM.v(line number: 283)] Ignore 'system task' $display
W: Verilog-2008: [D:/FPGA/TSP_RISC-V-2.4/FPGA/pango_cpu/ipcore/IRAM/rtl/ipml_dpram_v1_8_IRAM.v(line number: 284)] Ignore 'system task' $finish
W: Verilog-2008: [D:/FPGA/TSP_RISC-V-2.4/FPGA/pango_cpu/ipcore/IRAM/rtl/ipml_dpram_v1_8_IRAM.v(line number: 287)] Ignore 'system task' $display
W: Verilog-2008: [D:/FPGA/TSP_RISC-V-2.4/FPGA/pango_cpu/ipcore/IRAM/rtl/ipml_dpram_v1_8_IRAM.v(line number: 288)] Ignore 'system task' $finish
W: Verilog-2008: [D:/FPGA/TSP_RISC-V-2.4/FPGA/pango_cpu/ipcore/IRAM/rtl/ipml_dpram_v1_8_IRAM.v(line number: 291)] Ignore 'system task' $display
W: Verilog-2008: [D:/FPGA/TSP_RISC-V-2.4/FPGA/pango_cpu/ipcore/IRAM/rtl/ipml_dpram_v1_8_IRAM.v(line number: 292)] Ignore 'system task' $finish
W: Verilog-2008: [D:/FPGA/TSP_RISC-V-2.4/FPGA/pango_cpu/ipcore/IRAM/rtl/ipml_dpram_v1_8_IRAM.v(line number: 295)] Ignore 'system task' $display
W: Verilog-2008: [D:/FPGA/TSP_RISC-V-2.4/FPGA/pango_cpu/ipcore/IRAM/rtl/ipml_dpram_v1_8_IRAM.v(line number: 296)] Ignore 'system task' $finish
W: Verilog-2008: [D:/FPGA/TSP_RISC-V-2.4/FPGA/pango_cpu/ipcore/IRAM/rtl/ipml_dpram_v1_8_IRAM.v(line number: 299)] Ignore 'system task' $display
W: Verilog-2008: [D:/FPGA/TSP_RISC-V-2.4/FPGA/pango_cpu/ipcore/IRAM/rtl/ipml_dpram_v1_8_IRAM.v(line number: 300)] Ignore 'system task' $finish
W: Verilog-2008: [D:/FPGA/TSP_RISC-V-2.4/FPGA/pango_cpu/ipcore/IRAM/rtl/ipml_dpram_v1_8_IRAM.v(line number: 303)] Ignore 'system task' $display
W: Verilog-2008: [D:/FPGA/TSP_RISC-V-2.4/FPGA/pango_cpu/ipcore/IRAM/rtl/ipml_dpram_v1_8_IRAM.v(line number: 304)] Ignore 'system task' $finish
W: Verilog-2008: [D:/FPGA/TSP_RISC-V-2.4/FPGA/pango_cpu/ipcore/IRAM/rtl/ipml_dpram_v1_8_IRAM.v(line number: 307)] Ignore 'system task' $display
W: Verilog-2008: [D:/FPGA/TSP_RISC-V-2.4/FPGA/pango_cpu/ipcore/IRAM/rtl/ipml_dpram_v1_8_IRAM.v(line number: 308)] Ignore 'system task' $finish
W: Verilog-2008: [D:/FPGA/TSP_RISC-V-2.4/FPGA/pango_cpu/ipcore/IRAM/rtl/ipml_dpram_v1_8_IRAM.v(line number: 312)] Ignore 'system task' $display
W: Verilog-2008: [D:/FPGA/TSP_RISC-V-2.4/FPGA/pango_cpu/ipcore/IRAM/rtl/ipml_dpram_v1_8_IRAM.v(line number: 313)] Ignore 'system task' $finish
W: Verilog-2008: [D:/FPGA/TSP_RISC-V-2.4/FPGA/pango_cpu/ipcore/IRAM/rtl/ipml_dpram_v1_8_IRAM.v(line number: 316)] Ignore 'system task' $display
W: Verilog-2008: [D:/FPGA/TSP_RISC-V-2.4/FPGA/pango_cpu/ipcore/IRAM/rtl/ipml_dpram_v1_8_IRAM.v(line number: 317)] Ignore 'system task' $finish
W: Verilog-2008: [D:/FPGA/TSP_RISC-V-2.4/FPGA/pango_cpu/ipcore/IRAM/rtl/ipml_dpram_v1_8_IRAM.v(line number: 321)] Ignore 'system task' $display
W: Verilog-2008: [D:/FPGA/TSP_RISC-V-2.4/FPGA/pango_cpu/ipcore/IRAM/rtl/ipml_dpram_v1_8_IRAM.v(line number: 322)] Ignore 'system task' $finish
W: Verilog-2008: [D:/FPGA/TSP_RISC-V-2.4/FPGA/pango_cpu/ipcore/IRAM/rtl/ipml_dpram_v1_8_IRAM.v(line number: 325)] Ignore 'system task' $display
W: Verilog-2008: [D:/FPGA/TSP_RISC-V-2.4/FPGA/pango_cpu/ipcore/IRAM/rtl/ipml_dpram_v1_8_IRAM.v(line number: 326)] Ignore 'system task' $finish
W: Verilog-2008: [D:/FPGA/TSP_RISC-V-2.4/FPGA/pango_cpu/ipcore/IRAM/rtl/ipml_dpram_v1_8_IRAM.v(line number: 329)] Ignore 'system task' $display
W: Verilog-2008: [D:/FPGA/TSP_RISC-V-2.4/FPGA/pango_cpu/ipcore/IRAM/rtl/ipml_dpram_v1_8_IRAM.v(line number: 333)] Ignore 'system task' $display
W: Verilog-2008: [D:/FPGA/TSP_RISC-V-2.4/FPGA/pango_cpu/ipcore/IRAM/rtl/ipml_dpram_v1_8_IRAM.v(line number: 334)] Ignore 'system task' $finish
W: Verilog-2008: [D:/FPGA/TSP_RISC-V-2.4/FPGA/pango_cpu/ipcore/IRAM/rtl/ipml_dpram_v1_8_IRAM.v(line number: 337)] Ignore 'system task' $display
W: Verilog-2008: [D:/FPGA/TSP_RISC-V-2.4/FPGA/pango_cpu/ipcore/IRAM/rtl/ipml_dpram_v1_8_IRAM.v(line number: 338)] Ignore 'system task' $finish
W: Verilog-2008: [D:/FPGA/TSP_RISC-V-2.4/FPGA/pango_cpu/ipcore/IRAM/rtl/ipml_dpram_v1_8_IRAM.v(line number: 341)] Ignore 'system task' $display
W: Verilog-2008: [D:/FPGA/TSP_RISC-V-2.4/FPGA/pango_cpu/ipcore/IRAM/rtl/ipml_dpram_v1_8_IRAM.v(line number: 342)] Ignore 'system task' $finish
W: Verilog-2008: [D:/FPGA/TSP_RISC-V-2.4/FPGA/pango_cpu/ipcore/IRAM/rtl/ipml_dpram_v1_8_IRAM.v(line number: 345)] Ignore 'system task' $display
W: Verilog-2008: [D:/FPGA/TSP_RISC-V-2.4/FPGA/pango_cpu/ipcore/IRAM/rtl/ipml_dpram_v1_8_IRAM.v(line number: 346)] Ignore 'system task' $finish
W: Verilog-2008: [D:/FPGA/TSP_RISC-V-2.4/FPGA/pango_cpu/ipcore/IRAM/rtl/ipml_dpram_v1_8_IRAM.v(line number: 349)] Ignore 'system task' $display
W: Verilog-2008: [D:/FPGA/TSP_RISC-V-2.4/FPGA/pango_cpu/ipcore/IRAM/rtl/ipml_dpram_v1_8_IRAM.v(line number: 350)] Ignore 'system task' $finish
W: Verilog-2008: [D:/FPGA/TSP_RISC-V-2.4/FPGA/pango_cpu/ipcore/IRAM/rtl/ipml_dpram_v1_8_IRAM.v(line number: 355)] Ignore 'system task' $display
W: Verilog-2008: [D:/FPGA/TSP_RISC-V-2.4/FPGA/pango_cpu/ipcore/IRAM/rtl/ipml_dpram_v1_8_IRAM.v(line number: 356)] Ignore 'system task' $finish
W: Verilog-2008: [D:/FPGA/TSP_RISC-V-2.4/FPGA/pango_cpu/ipcore/IRAM/rtl/ipml_dpram_v1_8_IRAM.v(line number: 359)] Ignore 'system task' $display
W: Verilog-2008: [D:/FPGA/TSP_RISC-V-2.4/FPGA/pango_cpu/ipcore/IRAM/rtl/ipml_dpram_v1_8_IRAM.v(line number: 360)] Ignore 'system task' $finish
W: Verilog-2008: [D:/FPGA/TSP_RISC-V-2.4/FPGA/pango_cpu/ipcore/IRAM/rtl/ipml_dpram_v1_8_IRAM.v(line number: 365)] Ignore 'system task' $display
W: Verilog-2008: [D:/FPGA/TSP_RISC-V-2.4/FPGA/pango_cpu/ipcore/IRAM/rtl/ipml_dpram_v1_8_IRAM.v(line number: 366)] Ignore 'system task' $finish
Parsing done.
Executing : .rtl_analyze -include_path {D:/FPGA/TSP_RISC-V-2.4/FPGA/pango_cpu} D:/FPGA/TSP_RISC-V-2.4/FPGA/pango_cpu/ipcore/IRAM/rtl/ipml_dpram_v1_8_IRAM.v successfully.
Executing : .rtl_analyze -include_path {D:/FPGA/TSP_RISC-V-2.4/FPGA/pango_cpu} D:/FPGA/TSP_RISC-V-2.4/FPGA/pango_cpu/ipcore/IRAM/IRAM.v
I: Verilog-0001: Analyzing file D:/FPGA/TSP_RISC-V-2.4/FPGA/pango_cpu/ipcore/IRAM/IRAM.v
I: Verilog-0002: [D:/FPGA/TSP_RISC-V-2.4/FPGA/pango_cpu/ipcore/IRAM/IRAM.v(line number: 16)] Analyzing module IRAM (library work)
Parsing done.
Executing : .rtl_analyze -include_path {D:/FPGA/TSP_RISC-V-2.4/FPGA/pango_cpu} D:/FPGA/TSP_RISC-V-2.4/FPGA/pango_cpu/ipcore/IRAM/IRAM.v successfully.
Executing : .rtl_analyze -include_path {D:/FPGA/TSP_RISC-V-2.4/FPGA/pango_cpu} D:/FPGA/TSP_RISC-V-2.4/FPGA/pango_cpu/ipcore/SRAM/rtl/ipml_dpram_v1_8_SRAM.v
I: Verilog-0001: Analyzing file D:/FPGA/TSP_RISC-V-2.4/FPGA/pango_cpu/ipcore/SRAM/rtl/ipml_dpram_v1_8_SRAM.v
I: Verilog-0002: [D:/FPGA/TSP_RISC-V-2.4/FPGA/pango_cpu/ipcore/SRAM/rtl/ipml_dpram_v1_8_SRAM.v(line number: 17)] Analyzing module ipml_dpram_v1_8_SRAM (library work)
W: Verilog-2008: [D:/FPGA/TSP_RISC-V-2.4/FPGA/pango_cpu/ipcore/SRAM/rtl/ipml_dpram_v1_8_SRAM.v(line number: 241)] Ignore 'system task' $display
W: Verilog-2008: [D:/FPGA/TSP_RISC-V-2.4/FPGA/pango_cpu/ipcore/SRAM/rtl/ipml_dpram_v1_8_SRAM.v(line number: 242)] Ignore 'system task' $finish
W: Verilog-2008: [D:/FPGA/TSP_RISC-V-2.4/FPGA/pango_cpu/ipcore/SRAM/rtl/ipml_dpram_v1_8_SRAM.v(line number: 245)] Ignore 'system task' $display
W: Verilog-2008: [D:/FPGA/TSP_RISC-V-2.4/FPGA/pango_cpu/ipcore/SRAM/rtl/ipml_dpram_v1_8_SRAM.v(line number: 249)] Ignore 'system task' $display
W: Verilog-2008: [D:/FPGA/TSP_RISC-V-2.4/FPGA/pango_cpu/ipcore/SRAM/rtl/ipml_dpram_v1_8_SRAM.v(line number: 253)] Ignore 'system task' $display
W: Verilog-2008: [D:/FPGA/TSP_RISC-V-2.4/FPGA/pango_cpu/ipcore/SRAM/rtl/ipml_dpram_v1_8_SRAM.v(line number: 257)] Ignore 'system task' $display
W: Verilog-2008: [D:/FPGA/TSP_RISC-V-2.4/FPGA/pango_cpu/ipcore/SRAM/rtl/ipml_dpram_v1_8_SRAM.v(line number: 261)] Ignore 'system task' $display
W: Verilog-2008: [D:/FPGA/TSP_RISC-V-2.4/FPGA/pango_cpu/ipcore/SRAM/rtl/ipml_dpram_v1_8_SRAM.v(line number: 262)] Ignore 'system task' $finish
W: Verilog-2008: [D:/FPGA/TSP_RISC-V-2.4/FPGA/pango_cpu/ipcore/SRAM/rtl/ipml_dpram_v1_8_SRAM.v(line number: 265)] Ignore 'system task' $display
W: Verilog-2008: [D:/FPGA/TSP_RISC-V-2.4/FPGA/pango_cpu/ipcore/SRAM/rtl/ipml_dpram_v1_8_SRAM.v(line number: 266)] Ignore 'system task' $finish
W: Verilog-2008: [D:/FPGA/TSP_RISC-V-2.4/FPGA/pango_cpu/ipcore/SRAM/rtl/ipml_dpram_v1_8_SRAM.v(line number: 269)] Ignore 'system task' $display
W: Verilog-2008: [D:/FPGA/TSP_RISC-V-2.4/FPGA/pango_cpu/ipcore/SRAM/rtl/ipml_dpram_v1_8_SRAM.v(line number: 270)] Ignore 'system task' $finish
W: Verilog-2008: [D:/FPGA/TSP_RISC-V-2.4/FPGA/pango_cpu/ipcore/SRAM/rtl/ipml_dpram_v1_8_SRAM.v(line number: 273)] Ignore 'system task' $display
W: Verilog-2008: [D:/FPGA/TSP_RISC-V-2.4/FPGA/pango_cpu/ipcore/SRAM/rtl/ipml_dpram_v1_8_SRAM.v(line number: 274)] Ignore 'system task' $finish
W: Verilog-2008: [D:/FPGA/TSP_RISC-V-2.4/FPGA/pango_cpu/ipcore/SRAM/rtl/ipml_dpram_v1_8_SRAM.v(line number: 277)] Ignore 'system task' $display
W: Verilog-2008: [D:/FPGA/TSP_RISC-V-2.4/FPGA/pango_cpu/ipcore/SRAM/rtl/ipml_dpram_v1_8_SRAM.v(line number: 278)] Ignore 'system task' $finish
W: Verilog-2008: [D:/FPGA/TSP_RISC-V-2.4/FPGA/pango_cpu/ipcore/SRAM/rtl/ipml_dpram_v1_8_SRAM.v(line number: 281)] Ignore 'system task' $display
W: Verilog-2008: [D:/FPGA/TSP_RISC-V-2.4/FPGA/pango_cpu/ipcore/SRAM/rtl/ipml_dpram_v1_8_SRAM.v(line number: 282)] Ignore 'system task' $finish
W: Verilog-2008: [D:/FPGA/TSP_RISC-V-2.4/FPGA/pango_cpu/ipcore/SRAM/rtl/ipml_dpram_v1_8_SRAM.v(line number: 285)] Ignore 'system task' $display
W: Verilog-2008: [D:/FPGA/TSP_RISC-V-2.4/FPGA/pango_cpu/ipcore/SRAM/rtl/ipml_dpram_v1_8_SRAM.v(line number: 286)] Ignore 'system task' $finish
W: Verilog-2008: [D:/FPGA/TSP_RISC-V-2.4/FPGA/pango_cpu/ipcore/SRAM/rtl/ipml_dpram_v1_8_SRAM.v(line number: 289)] Ignore 'system task' $display
W: Verilog-2008: [D:/FPGA/TSP_RISC-V-2.4/FPGA/pango_cpu/ipcore/SRAM/rtl/ipml_dpram_v1_8_SRAM.v(line number: 290)] Ignore 'system task' $finish
W: Verilog-2008: [D:/FPGA/TSP_RISC-V-2.4/FPGA/pango_cpu/ipcore/SRAM/rtl/ipml_dpram_v1_8_SRAM.v(line number: 293)] Ignore 'system task' $display
W: Verilog-2008: [D:/FPGA/TSP_RISC-V-2.4/FPGA/pango_cpu/ipcore/SRAM/rtl/ipml_dpram_v1_8_SRAM.v(line number: 294)] Ignore 'system task' $finish
W: Verilog-2008: [D:/FPGA/TSP_RISC-V-2.4/FPGA/pango_cpu/ipcore/SRAM/rtl/ipml_dpram_v1_8_SRAM.v(line number: 297)] Ignore 'system task' $display
W: Verilog-2008: [D:/FPGA/TSP_RISC-V-2.4/FPGA/pango_cpu/ipcore/SRAM/rtl/ipml_dpram_v1_8_SRAM.v(line number: 298)] Ignore 'system task' $finish
W: Verilog-2008: [D:/FPGA/TSP_RISC-V-2.4/FPGA/pango_cpu/ipcore/SRAM/rtl/ipml_dpram_v1_8_SRAM.v(line number: 301)] Ignore 'system task' $display
W: Verilog-2008: [D:/FPGA/TSP_RISC-V-2.4/FPGA/pango_cpu/ipcore/SRAM/rtl/ipml_dpram_v1_8_SRAM.v(line number: 302)] Ignore 'system task' $finish
W: Verilog-2008: [D:/FPGA/TSP_RISC-V-2.4/FPGA/pango_cpu/ipcore/SRAM/rtl/ipml_dpram_v1_8_SRAM.v(line number: 305)] Ignore 'system task' $display
W: Verilog-2008: [D:/FPGA/TSP_RISC-V-2.4/FPGA/pango_cpu/ipcore/SRAM/rtl/ipml_dpram_v1_8_SRAM.v(line number: 306)] Ignore 'system task' $finish
W: Verilog-2008: [D:/FPGA/TSP_RISC-V-2.4/FPGA/pango_cpu/ipcore/SRAM/rtl/ipml_dpram_v1_8_SRAM.v(line number: 310)] Ignore 'system task' $display
W: Verilog-2008: [D:/FPGA/TSP_RISC-V-2.4/FPGA/pango_cpu/ipcore/SRAM/rtl/ipml_dpram_v1_8_SRAM.v(line number: 311)] Ignore 'system task' $finish
W: Verilog-2008: [D:/FPGA/TSP_RISC-V-2.4/FPGA/pango_cpu/ipcore/SRAM/rtl/ipml_dpram_v1_8_SRAM.v(line number: 314)] Ignore 'system task' $display
W: Verilog-2008: [D:/FPGA/TSP_RISC-V-2.4/FPGA/pango_cpu/ipcore/SRAM/rtl/ipml_dpram_v1_8_SRAM.v(line number: 315)] Ignore 'system task' $finish
W: Verilog-2008: [D:/FPGA/TSP_RISC-V-2.4/FPGA/pango_cpu/ipcore/SRAM/rtl/ipml_dpram_v1_8_SRAM.v(line number: 319)] Ignore 'system task' $display
W: Verilog-2008: [D:/FPGA/TSP_RISC-V-2.4/FPGA/pango_cpu/ipcore/SRAM/rtl/ipml_dpram_v1_8_SRAM.v(line number: 320)] Ignore 'system task' $finish
W: Verilog-2008: [D:/FPGA/TSP_RISC-V-2.4/FPGA/pango_cpu/ipcore/SRAM/rtl/ipml_dpram_v1_8_SRAM.v(line number: 323)] Ignore 'system task' $display
W: Verilog-2008: [D:/FPGA/TSP_RISC-V-2.4/FPGA/pango_cpu/ipcore/SRAM/rtl/ipml_dpram_v1_8_SRAM.v(line number: 324)] Ignore 'system task' $finish
W: Verilog-2008: [D:/FPGA/TSP_RISC-V-2.4/FPGA/pango_cpu/ipcore/SRAM/rtl/ipml_dpram_v1_8_SRAM.v(line number: 327)] Ignore 'system task' $display
W: Verilog-2008: [D:/FPGA/TSP_RISC-V-2.4/FPGA/pango_cpu/ipcore/SRAM/rtl/ipml_dpram_v1_8_SRAM.v(line number: 331)] Ignore 'system task' $display
W: Verilog-2008: [D:/FPGA/TSP_RISC-V-2.4/FPGA/pango_cpu/ipcore/SRAM/rtl/ipml_dpram_v1_8_SRAM.v(line number: 332)] Ignore 'system task' $finish
W: Verilog-2008: [D:/FPGA/TSP_RISC-V-2.4/FPGA/pango_cpu/ipcore/SRAM/rtl/ipml_dpram_v1_8_SRAM.v(line number: 335)] Ignore 'system task' $display
W: Verilog-2008: [D:/FPGA/TSP_RISC-V-2.4/FPGA/pango_cpu/ipcore/SRAM/rtl/ipml_dpram_v1_8_SRAM.v(line number: 336)] Ignore 'system task' $finish
W: Verilog-2008: [D:/FPGA/TSP_RISC-V-2.4/FPGA/pango_cpu/ipcore/SRAM/rtl/ipml_dpram_v1_8_SRAM.v(line number: 339)] Ignore 'system task' $display
W: Verilog-2008: [D:/FPGA/TSP_RISC-V-2.4/FPGA/pango_cpu/ipcore/SRAM/rtl/ipml_dpram_v1_8_SRAM.v(line number: 340)] Ignore 'system task' $finish
W: Verilog-2008: [D:/FPGA/TSP_RISC-V-2.4/FPGA/pango_cpu/ipcore/SRAM/rtl/ipml_dpram_v1_8_SRAM.v(line number: 343)] Ignore 'system task' $display
W: Verilog-2008: [D:/FPGA/TSP_RISC-V-2.4/FPGA/pango_cpu/ipcore/SRAM/rtl/ipml_dpram_v1_8_SRAM.v(line number: 344)] Ignore 'system task' $finish
W: Verilog-2008: [D:/FPGA/TSP_RISC-V-2.4/FPGA/pango_cpu/ipcore/SRAM/rtl/ipml_dpram_v1_8_SRAM.v(line number: 347)] Ignore 'system task' $display
W: Verilog-2008: [D:/FPGA/TSP_RISC-V-2.4/FPGA/pango_cpu/ipcore/SRAM/rtl/ipml_dpram_v1_8_SRAM.v(line number: 348)] Ignore 'system task' $finish
W: Verilog-2008: [D:/FPGA/TSP_RISC-V-2.4/FPGA/pango_cpu/ipcore/SRAM/rtl/ipml_dpram_v1_8_SRAM.v(line number: 353)] Ignore 'system task' $display
W: Verilog-2008: [D:/FPGA/TSP_RISC-V-2.4/FPGA/pango_cpu/ipcore/SRAM/rtl/ipml_dpram_v1_8_SRAM.v(line number: 354)] Ignore 'system task' $finish
W: Verilog-2008: [D:/FPGA/TSP_RISC-V-2.4/FPGA/pango_cpu/ipcore/SRAM/rtl/ipml_dpram_v1_8_SRAM.v(line number: 357)] Ignore 'system task' $display
W: Verilog-2008: [D:/FPGA/TSP_RISC-V-2.4/FPGA/pango_cpu/ipcore/SRAM/rtl/ipml_dpram_v1_8_SRAM.v(line number: 358)] Ignore 'system task' $finish
W: Verilog-2008: [D:/FPGA/TSP_RISC-V-2.4/FPGA/pango_cpu/ipcore/SRAM/rtl/ipml_dpram_v1_8_SRAM.v(line number: 363)] Ignore 'system task' $display
W: Verilog-2008: [D:/FPGA/TSP_RISC-V-2.4/FPGA/pango_cpu/ipcore/SRAM/rtl/ipml_dpram_v1_8_SRAM.v(line number: 364)] Ignore 'system task' $finish
Parsing done.
Executing : .rtl_analyze -include_path {D:/FPGA/TSP_RISC-V-2.4/FPGA/pango_cpu} D:/FPGA/TSP_RISC-V-2.4/FPGA/pango_cpu/ipcore/SRAM/rtl/ipml_dpram_v1_8_SRAM.v successfully.
Executing : .rtl_analyze -include_path {D:/FPGA/TSP_RISC-V-2.4/FPGA/pango_cpu} D:/FPGA/TSP_RISC-V-2.4/FPGA/pango_cpu/ipcore/SRAM/SRAM.v
I: Verilog-0001: Analyzing file D:/FPGA/TSP_RISC-V-2.4/FPGA/pango_cpu/ipcore/SRAM/SRAM.v
I: Verilog-0002: [D:/FPGA/TSP_RISC-V-2.4/FPGA/pango_cpu/ipcore/SRAM/SRAM.v(line number: 16)] Analyzing module SRAM (library work)
Parsing done.
Executing : .rtl_analyze -include_path {D:/FPGA/TSP_RISC-V-2.4/FPGA/pango_cpu} D:/FPGA/TSP_RISC-V-2.4/FPGA/pango_cpu/ipcore/SRAM/SRAM.v successfully.
I: Module "SoC_Top" is set as top module.
Executing : rtl-analyze successfully. Time elapsed: 1.478s wall, 0.031s user + 0.000s system = 0.031s CPU (2.1%)

Start rtl-elaborate.
I: Verilog-0003: [D:/FPGA/TSP_RISC-V-2.4/FPGA/pango_cpu/source/peripheral/soc_top.v(line number: 3)] Elaborating module SoC_Top
I: Verilog-0004: [D:/FPGA/TSP_RISC-V-2.4/FPGA/pango_cpu/source/peripheral/soc_top.v(line number: 19)] Elaborating instance u_sys_pll
I: Verilog-0003: [D:/FPGA/TSP_RISC-V-2.4/FPGA/pango_cpu/ipcore/sys_pll/sys_pll.v(line number: 18)] Elaborating module sys_pll
I: Verilog-0004: [D:/FPGA/TSP_RISC-V-2.4/FPGA/pango_cpu/ipcore/sys_pll/sys_pll.v(line number: 228)] Elaborating instance u_pll_e3
W: Verilog-2021: [D:/FPGA/TSP_RISC-V-2.4/FPGA/pango_cpu/ipcore/sys_pll/sys_pll.v(line number: 115)] Net clkfb in sys_pll(original module sys_pll) does not have a driver, tie it to 0
W: Verilog-2021: [D:/FPGA/TSP_RISC-V-2.4/FPGA/pango_cpu/ipcore/sys_pll/sys_pll.v(line number: 118)] Net pfden in sys_pll(original module sys_pll) does not have a driver, tie it to 0
W: Verilog-2021: [D:/FPGA/TSP_RISC-V-2.4/FPGA/pango_cpu/ipcore/sys_pll/sys_pll.v(line number: 119)] Net clkout0_gate in sys_pll(original module sys_pll) does not have a driver, tie it to 0
W: Verilog-2021: [D:/FPGA/TSP_RISC-V-2.4/FPGA/pango_cpu/ipcore/sys_pll/sys_pll.v(line number: 120)] Net clkout0_2pad_gate in sys_pll(original module sys_pll) does not have a driver, tie it to 0
W: Verilog-2021: [D:/FPGA/TSP_RISC-V-2.4/FPGA/pango_cpu/ipcore/sys_pll/sys_pll.v(line number: 121)] Net clkout1_gate in sys_pll(original module sys_pll) does not have a driver, tie it to 0
W: Verilog-2021: [D:/FPGA/TSP_RISC-V-2.4/FPGA/pango_cpu/ipcore/sys_pll/sys_pll.v(line number: 122)] Net clkout2_gate in sys_pll(original module sys_pll) does not have a driver, tie it to 0
W: Verilog-2021: [D:/FPGA/TSP_RISC-V-2.4/FPGA/pango_cpu/ipcore/sys_pll/sys_pll.v(line number: 123)] Net clkout3_gate in sys_pll(original module sys_pll) does not have a driver, tie it to 0
W: Verilog-2021: [D:/FPGA/TSP_RISC-V-2.4/FPGA/pango_cpu/ipcore/sys_pll/sys_pll.v(line number: 124)] Net clkout4_gate in sys_pll(original module sys_pll) does not have a driver, tie it to 0
W: Verilog-2021: [D:/FPGA/TSP_RISC-V-2.4/FPGA/pango_cpu/ipcore/sys_pll/sys_pll.v(line number: 125)] Net clkout5_gate in sys_pll(original module sys_pll) does not have a driver, tie it to 0
W: Verilog-2021: [D:/FPGA/TSP_RISC-V-2.4/FPGA/pango_cpu/ipcore/sys_pll/sys_pll.v(line number: 126)] Net dyn_idiv in sys_pll(original module sys_pll) does not have a driver, tie it to 0
W: Verilog-2021: [D:/FPGA/TSP_RISC-V-2.4/FPGA/pango_cpu/ipcore/sys_pll/sys_pll.v(line number: 127)] Net dyn_odiv0 in sys_pll(original module sys_pll) does not have a driver, tie it to 0
W: Verilog-2021: [D:/FPGA/TSP_RISC-V-2.4/FPGA/pango_cpu/ipcore/sys_pll/sys_pll.v(line number: 128)] Net dyn_odiv1 in sys_pll(original module sys_pll) does not have a driver, tie it to 0
W: Verilog-2021: [D:/FPGA/TSP_RISC-V-2.4/FPGA/pango_cpu/ipcore/sys_pll/sys_pll.v(line number: 129)] Net dyn_odiv2 in sys_pll(original module sys_pll) does not have a driver, tie it to 0
W: Verilog-2021: [D:/FPGA/TSP_RISC-V-2.4/FPGA/pango_cpu/ipcore/sys_pll/sys_pll.v(line number: 130)] Net dyn_odiv3 in sys_pll(original module sys_pll) does not have a driver, tie it to 0
W: Verilog-2021: [D:/FPGA/TSP_RISC-V-2.4/FPGA/pango_cpu/ipcore/sys_pll/sys_pll.v(line number: 131)] Net dyn_odiv4 in sys_pll(original module sys_pll) does not have a driver, tie it to 0
W: Verilog-2021: [D:/FPGA/TSP_RISC-V-2.4/FPGA/pango_cpu/ipcore/sys_pll/sys_pll.v(line number: 132)] Net dyn_fdiv in sys_pll(original module sys_pll) does not have a driver, tie it to 0
W: Verilog-2021: [D:/FPGA/TSP_RISC-V-2.4/FPGA/pango_cpu/ipcore/sys_pll/sys_pll.v(line number: 133)] Net dyn_duty0 in sys_pll(original module sys_pll) does not have a driver, tie it to 0
W: Verilog-2021: [D:/FPGA/TSP_RISC-V-2.4/FPGA/pango_cpu/ipcore/sys_pll/sys_pll.v(line number: 134)] Net dyn_duty1 in sys_pll(original module sys_pll) does not have a driver, tie it to 0
W: Verilog-2021: [D:/FPGA/TSP_RISC-V-2.4/FPGA/pango_cpu/ipcore/sys_pll/sys_pll.v(line number: 135)] Net dyn_duty2 in sys_pll(original module sys_pll) does not have a driver, tie it to 0
W: Verilog-2021: [D:/FPGA/TSP_RISC-V-2.4/FPGA/pango_cpu/ipcore/sys_pll/sys_pll.v(line number: 136)] Net dyn_duty3 in sys_pll(original module sys_pll) does not have a driver, tie it to 0
W: Verilog-2021: [D:/FPGA/TSP_RISC-V-2.4/FPGA/pango_cpu/ipcore/sys_pll/sys_pll.v(line number: 137)] Net dyn_duty4 in sys_pll(original module sys_pll) does not have a driver, tie it to 0
I: Verilog-0004: [D:/FPGA/TSP_RISC-V-2.4/FPGA/pango_cpu/source/peripheral/soc_top.v(line number: 120)] Elaborating instance u_TSP_Core
I: Verilog-0003: [D:/FPGA/TSP_RISC-V-2.4/FPGA/pango_cpu/source/core/core.v(line number: 3)] Elaborating module TSP_Core
I: Verilog-0004: [D:/FPGA/TSP_RISC-V-2.4/FPGA/pango_cpu/source/core/core.v(line number: 46)] Elaborating instance u_PC_control
I: Verilog-0003: [D:/FPGA/TSP_RISC-V-2.4/FPGA/pango_cpu/source/core/PC_control.v(line number: 4)] Elaborating module PC_control
I: Verilog-0004: [D:/FPGA/TSP_RISC-V-2.4/FPGA/pango_cpu/source/core/core.v(line number: 69)] Elaborating instance u_TSP_Ifu
I: Verilog-0003: [D:/FPGA/TSP_RISC-V-2.4/FPGA/pango_cpu/source/core/Ifu.v(line number: 3)] Elaborating module TSP_Ifu
I: Verilog-0004: [D:/FPGA/TSP_RISC-V-2.4/FPGA/pango_cpu/source/core/Ifu.v(line number: 116)] Elaborating instance u_Iram
I: Verilog-0003: [D:/FPGA/TSP_RISC-V-2.4/FPGA/pango_cpu/ipcore/IRAM/IRAM.v(line number: 16)] Elaborating module IRAM
I: Verilog-0004: [D:/FPGA/TSP_RISC-V-2.4/FPGA/pango_cpu/ipcore/IRAM/IRAM.v(line number: 206)] Elaborating instance U_ipml_dpram_IRAM
I: Verilog-0003: [D:/FPGA/TSP_RISC-V-2.4/FPGA/pango_cpu/ipcore/IRAM/rtl/ipml_dpram_v1_8_IRAM.v(line number: 17)] Elaborating module ipml_dpram_v1_8_IRAM
I: Module instance {SoC_Top/u_TSP_Core/u_TSP_Ifu/u_Iram/U_ipml_dpram_IRAM} parameter value:
    c_SIM_DEVICE = LOGOS
    c_A_ADDR_WIDTH = 32'b00000000000000000000000000001110
    c_A_DATA_WIDTH = 32'b00000000000000000000000000100000
    c_B_ADDR_WIDTH = 32'b00000000000000000000000000001110
    c_B_DATA_WIDTH = 32'b00000000000000000000000000100000
    c_A_OUTPUT_REG = 32'b00000000000000000000000000000000
    c_A_RD_OCE_EN = 32'b00000000000000000000000000000000
    c_A_ADDR_STROBE_EN = 32'b00000000000000000000000000000000
    c_A_CLK_EN = 32'b00000000000000000000000000000000
    c_B_OUTPUT_REG = 32'b00000000000000000000000000000000
    c_B_RD_OCE_EN = 32'b00000000000000000000000000000000
    c_B_ADDR_STROBE_EN = 32'b00000000000000000000000000000000
    c_B_CLK_EN = 32'b00000000000000000000000000000000
    c_RESET_TYPE = ASYNC_RESET
    c_A_CLK_OR_POL_INV = 32'b00000000000000000000000000000000
    c_B_CLK_OR_POL_INV = 32'b00000000000000000000000000000000
    c_POWER_OPT = 32'b00000000000000000000000000000000
    c_INIT_FILE = NONE
    c_INIT_FORMAT = HEX
    c_WR_BYTE_EN = 32'b00000000000000000000000000000001
    c_A_BE_WIDTH = 32'b00000000000000000000000000000100
    c_B_BE_WIDTH = 32'b00000000000000000000000000000100
    c_A_WRITE_MODE = NORMAL_WRITE
    c_B_WRITE_MODE = NORMAL_WRITE
W: Verilog-2039: [D:/FPGA/TSP_RISC-V-2.4/FPGA/pango_cpu/ipcore/IRAM/rtl/ipml_dpram_v1_8_IRAM.v(line number: 419)] Repeat multiplier in concatenation evaluates to 0
W: Verilog-2039: [D:/FPGA/TSP_RISC-V-2.4/FPGA/pango_cpu/ipcore/IRAM/rtl/ipml_dpram_v1_8_IRAM.v(line number: 421)] Repeat multiplier in concatenation evaluates to 0
W: Verilog-2039: [D:/FPGA/TSP_RISC-V-2.4/FPGA/pango_cpu/ipcore/IRAM/rtl/ipml_dpram_v1_8_IRAM.v(line number: 423)] Repeat multiplier in concatenation evaluates to 0
W: Verilog-2039: [D:/FPGA/TSP_RISC-V-2.4/FPGA/pango_cpu/ipcore/IRAM/rtl/ipml_dpram_v1_8_IRAM.v(line number: 425)] Repeat multiplier in concatenation evaluates to 0
W: Verilog-2039: [D:/FPGA/TSP_RISC-V-2.4/FPGA/pango_cpu/ipcore/IRAM/rtl/ipml_dpram_v1_8_IRAM.v(line number: 428)] Repeat multiplier in concatenation evaluates to 0
W: Verilog-2039: [D:/FPGA/TSP_RISC-V-2.4/FPGA/pango_cpu/ipcore/IRAM/rtl/ipml_dpram_v1_8_IRAM.v(line number: 429)] Repeat multiplier in concatenation evaluates to 0
W: Verilog-2038: [D:/FPGA/TSP_RISC-V-2.4/FPGA/pango_cpu/ipcore/IRAM/rtl/ipml_dpram_v1_8_IRAM.v(line number: 438)] Case condition never applies
W: Verilog-2038: [D:/FPGA/TSP_RISC-V-2.4/FPGA/pango_cpu/ipcore/IRAM/rtl/ipml_dpram_v1_8_IRAM.v(line number: 439)] Case condition never applies
W: Verilog-2038: [D:/FPGA/TSP_RISC-V-2.4/FPGA/pango_cpu/ipcore/IRAM/rtl/ipml_dpram_v1_8_IRAM.v(line number: 440)] Case condition never applies
W: Verilog-2038: [D:/FPGA/TSP_RISC-V-2.4/FPGA/pango_cpu/ipcore/IRAM/rtl/ipml_dpram_v1_8_IRAM.v(line number: 441)] Case condition never applies
W: Verilog-2038: [D:/FPGA/TSP_RISC-V-2.4/FPGA/pango_cpu/ipcore/IRAM/rtl/ipml_dpram_v1_8_IRAM.v(line number: 441)] Case condition never applies
W: Verilog-2038: [D:/FPGA/TSP_RISC-V-2.4/FPGA/pango_cpu/ipcore/IRAM/rtl/ipml_dpram_v1_8_IRAM.v(line number: 438)] Case condition never applies
W: Verilog-2038: [D:/FPGA/TSP_RISC-V-2.4/FPGA/pango_cpu/ipcore/IRAM/rtl/ipml_dpram_v1_8_IRAM.v(line number: 439)] Case condition never applies
W: Verilog-2038: [D:/FPGA/TSP_RISC-V-2.4/FPGA/pango_cpu/ipcore/IRAM/rtl/ipml_dpram_v1_8_IRAM.v(line number: 440)] Case condition never applies
W: Verilog-2038: [D:/FPGA/TSP_RISC-V-2.4/FPGA/pango_cpu/ipcore/IRAM/rtl/ipml_dpram_v1_8_IRAM.v(line number: 441)] Case condition never applies
W: Verilog-2038: [D:/FPGA/TSP_RISC-V-2.4/FPGA/pango_cpu/ipcore/IRAM/rtl/ipml_dpram_v1_8_IRAM.v(line number: 441)] Case condition never applies
W: Verilog-2038: [D:/FPGA/TSP_RISC-V-2.4/FPGA/pango_cpu/ipcore/IRAM/rtl/ipml_dpram_v1_8_IRAM.v(line number: 489)] Case condition never applies
W: Verilog-2038: [D:/FPGA/TSP_RISC-V-2.4/FPGA/pango_cpu/ipcore/IRAM/rtl/ipml_dpram_v1_8_IRAM.v(line number: 490)] Case condition never applies
W: Verilog-2038: [D:/FPGA/TSP_RISC-V-2.4/FPGA/pango_cpu/ipcore/IRAM/rtl/ipml_dpram_v1_8_IRAM.v(line number: 491)] Case condition never applies
W: Verilog-2038: [D:/FPGA/TSP_RISC-V-2.4/FPGA/pango_cpu/ipcore/IRAM/rtl/ipml_dpram_v1_8_IRAM.v(line number: 492)] Case condition never applies
W: Verilog-2038: [D:/FPGA/TSP_RISC-V-2.4/FPGA/pango_cpu/ipcore/IRAM/rtl/ipml_dpram_v1_8_IRAM.v(line number: 492)] Case condition never applies
W: Verilog-2038: [D:/FPGA/TSP_RISC-V-2.4/FPGA/pango_cpu/ipcore/IRAM/rtl/ipml_dpram_v1_8_IRAM.v(line number: 489)] Case condition never applies
W: Verilog-2038: [D:/FPGA/TSP_RISC-V-2.4/FPGA/pango_cpu/ipcore/IRAM/rtl/ipml_dpram_v1_8_IRAM.v(line number: 490)] Case condition never applies
W: Verilog-2038: [D:/FPGA/TSP_RISC-V-2.4/FPGA/pango_cpu/ipcore/IRAM/rtl/ipml_dpram_v1_8_IRAM.v(line number: 491)] Case condition never applies
W: Verilog-2038: [D:/FPGA/TSP_RISC-V-2.4/FPGA/pango_cpu/ipcore/IRAM/rtl/ipml_dpram_v1_8_IRAM.v(line number: 492)] Case condition never applies
W: Verilog-2038: [D:/FPGA/TSP_RISC-V-2.4/FPGA/pango_cpu/ipcore/IRAM/rtl/ipml_dpram_v1_8_IRAM.v(line number: 492)] Case condition never applies
I: Verilog-0004: [D:/FPGA/TSP_RISC-V-2.4/FPGA/pango_cpu/ipcore/IRAM/rtl/ipml_dpram_v1_8_IRAM.v(line number: 760)] Elaborating instance U_GTP_DRM18K
I: Verilog-0004: [D:/FPGA/TSP_RISC-V-2.4/FPGA/pango_cpu/ipcore/IRAM/rtl/ipml_dpram_v1_8_IRAM.v(line number: 760)] Elaborating instance U_GTP_DRM18K
I: Verilog-0004: [D:/FPGA/TSP_RISC-V-2.4/FPGA/pango_cpu/ipcore/IRAM/rtl/ipml_dpram_v1_8_IRAM.v(line number: 760)] Elaborating instance U_GTP_DRM18K
I: Verilog-0004: [D:/FPGA/TSP_RISC-V-2.4/FPGA/pango_cpu/ipcore/IRAM/rtl/ipml_dpram_v1_8_IRAM.v(line number: 760)] Elaborating instance U_GTP_DRM18K
I: Verilog-0004: [D:/FPGA/TSP_RISC-V-2.4/FPGA/pango_cpu/ipcore/IRAM/rtl/ipml_dpram_v1_8_IRAM.v(line number: 760)] Elaborating instance U_GTP_DRM18K
I: Verilog-0004: [D:/FPGA/TSP_RISC-V-2.4/FPGA/pango_cpu/ipcore/IRAM/rtl/ipml_dpram_v1_8_IRAM.v(line number: 760)] Elaborating instance U_GTP_DRM18K
I: Verilog-0004: [D:/FPGA/TSP_RISC-V-2.4/FPGA/pango_cpu/ipcore/IRAM/rtl/ipml_dpram_v1_8_IRAM.v(line number: 760)] Elaborating instance U_GTP_DRM18K
I: Verilog-0004: [D:/FPGA/TSP_RISC-V-2.4/FPGA/pango_cpu/ipcore/IRAM/rtl/ipml_dpram_v1_8_IRAM.v(line number: 760)] Elaborating instance U_GTP_DRM18K
I: Verilog-0004: [D:/FPGA/TSP_RISC-V-2.4/FPGA/pango_cpu/ipcore/IRAM/rtl/ipml_dpram_v1_8_IRAM.v(line number: 760)] Elaborating instance U_GTP_DRM18K
I: Verilog-0004: [D:/FPGA/TSP_RISC-V-2.4/FPGA/pango_cpu/ipcore/IRAM/rtl/ipml_dpram_v1_8_IRAM.v(line number: 760)] Elaborating instance U_GTP_DRM18K
I: Verilog-0004: [D:/FPGA/TSP_RISC-V-2.4/FPGA/pango_cpu/ipcore/IRAM/rtl/ipml_dpram_v1_8_IRAM.v(line number: 760)] Elaborating instance U_GTP_DRM18K
I: Verilog-0004: [D:/FPGA/TSP_RISC-V-2.4/FPGA/pango_cpu/ipcore/IRAM/rtl/ipml_dpram_v1_8_IRAM.v(line number: 760)] Elaborating instance U_GTP_DRM18K
I: Verilog-0004: [D:/FPGA/TSP_RISC-V-2.4/FPGA/pango_cpu/ipcore/IRAM/rtl/ipml_dpram_v1_8_IRAM.v(line number: 760)] Elaborating instance U_GTP_DRM18K
I: Verilog-0004: [D:/FPGA/TSP_RISC-V-2.4/FPGA/pango_cpu/ipcore/IRAM/rtl/ipml_dpram_v1_8_IRAM.v(line number: 760)] Elaborating instance U_GTP_DRM18K
I: Verilog-0004: [D:/FPGA/TSP_RISC-V-2.4/FPGA/pango_cpu/ipcore/IRAM/rtl/ipml_dpram_v1_8_IRAM.v(line number: 760)] Elaborating instance U_GTP_DRM18K
I: Verilog-0004: [D:/FPGA/TSP_RISC-V-2.4/FPGA/pango_cpu/ipcore/IRAM/rtl/ipml_dpram_v1_8_IRAM.v(line number: 760)] Elaborating instance U_GTP_DRM18K
I: Verilog-0004: [D:/FPGA/TSP_RISC-V-2.4/FPGA/pango_cpu/ipcore/IRAM/rtl/ipml_dpram_v1_8_IRAM.v(line number: 760)] Elaborating instance U_GTP_DRM18K
I: Verilog-0004: [D:/FPGA/TSP_RISC-V-2.4/FPGA/pango_cpu/ipcore/IRAM/rtl/ipml_dpram_v1_8_IRAM.v(line number: 760)] Elaborating instance U_GTP_DRM18K
I: Verilog-0004: [D:/FPGA/TSP_RISC-V-2.4/FPGA/pango_cpu/ipcore/IRAM/rtl/ipml_dpram_v1_8_IRAM.v(line number: 760)] Elaborating instance U_GTP_DRM18K
I: Verilog-0004: [D:/FPGA/TSP_RISC-V-2.4/FPGA/pango_cpu/ipcore/IRAM/rtl/ipml_dpram_v1_8_IRAM.v(line number: 760)] Elaborating instance U_GTP_DRM18K
I: Verilog-0004: [D:/FPGA/TSP_RISC-V-2.4/FPGA/pango_cpu/ipcore/IRAM/rtl/ipml_dpram_v1_8_IRAM.v(line number: 760)] Elaborating instance U_GTP_DRM18K
I: Verilog-0004: [D:/FPGA/TSP_RISC-V-2.4/FPGA/pango_cpu/ipcore/IRAM/rtl/ipml_dpram_v1_8_IRAM.v(line number: 760)] Elaborating instance U_GTP_DRM18K
I: Verilog-0004: [D:/FPGA/TSP_RISC-V-2.4/FPGA/pango_cpu/ipcore/IRAM/rtl/ipml_dpram_v1_8_IRAM.v(line number: 760)] Elaborating instance U_GTP_DRM18K
I: Verilog-0004: [D:/FPGA/TSP_RISC-V-2.4/FPGA/pango_cpu/ipcore/IRAM/rtl/ipml_dpram_v1_8_IRAM.v(line number: 760)] Elaborating instance U_GTP_DRM18K
I: Verilog-0004: [D:/FPGA/TSP_RISC-V-2.4/FPGA/pango_cpu/ipcore/IRAM/rtl/ipml_dpram_v1_8_IRAM.v(line number: 760)] Elaborating instance U_GTP_DRM18K
I: Verilog-0004: [D:/FPGA/TSP_RISC-V-2.4/FPGA/pango_cpu/ipcore/IRAM/rtl/ipml_dpram_v1_8_IRAM.v(line number: 760)] Elaborating instance U_GTP_DRM18K
I: Verilog-0004: [D:/FPGA/TSP_RISC-V-2.4/FPGA/pango_cpu/ipcore/IRAM/rtl/ipml_dpram_v1_8_IRAM.v(line number: 760)] Elaborating instance U_GTP_DRM18K
I: Verilog-0004: [D:/FPGA/TSP_RISC-V-2.4/FPGA/pango_cpu/ipcore/IRAM/rtl/ipml_dpram_v1_8_IRAM.v(line number: 760)] Elaborating instance U_GTP_DRM18K
I: Verilog-0004: [D:/FPGA/TSP_RISC-V-2.4/FPGA/pango_cpu/ipcore/IRAM/rtl/ipml_dpram_v1_8_IRAM.v(line number: 760)] Elaborating instance U_GTP_DRM18K
I: Verilog-0004: [D:/FPGA/TSP_RISC-V-2.4/FPGA/pango_cpu/ipcore/IRAM/rtl/ipml_dpram_v1_8_IRAM.v(line number: 760)] Elaborating instance U_GTP_DRM18K
I: Verilog-0004: [D:/FPGA/TSP_RISC-V-2.4/FPGA/pango_cpu/ipcore/IRAM/rtl/ipml_dpram_v1_8_IRAM.v(line number: 760)] Elaborating instance U_GTP_DRM18K
I: Verilog-0004: [D:/FPGA/TSP_RISC-V-2.4/FPGA/pango_cpu/ipcore/IRAM/rtl/ipml_dpram_v1_8_IRAM.v(line number: 760)] Elaborating instance U_GTP_DRM18K
W: Verilog-2020: [D:/FPGA/TSP_RISC-V-2.4/FPGA/pango_cpu/ipcore/IRAM/rtl/ipml_dpram_v1_8_IRAM.v(line number: 644)] Net DA_bus[8] in ipml_dpram_v1_8_IRAM(original module ipml_dpram_v1_8_IRAM) does not have a driver, tie it to 0
W: Verilog-2020: [D:/FPGA/TSP_RISC-V-2.4/FPGA/pango_cpu/ipcore/IRAM/rtl/ipml_dpram_v1_8_IRAM.v(line number: 644)] Net DA_bus[17] in ipml_dpram_v1_8_IRAM(original module ipml_dpram_v1_8_IRAM) does not have a driver, tie it to 0
W: Verilog-2020: [D:/FPGA/TSP_RISC-V-2.4/FPGA/pango_cpu/ipcore/IRAM/rtl/ipml_dpram_v1_8_IRAM.v(line number: 644)] Net DA_bus[26] in ipml_dpram_v1_8_IRAM(original module ipml_dpram_v1_8_IRAM) does not have a driver, tie it to 0
W: Verilog-2020: [D:/FPGA/TSP_RISC-V-2.4/FPGA/pango_cpu/ipcore/IRAM/rtl/ipml_dpram_v1_8_IRAM.v(line number: 644)] Net DA_bus[35] in ipml_dpram_v1_8_IRAM(original module ipml_dpram_v1_8_IRAM) does not have a driver, tie it to 0
W: Verilog-2020: [D:/FPGA/TSP_RISC-V-2.4/FPGA/pango_cpu/ipcore/IRAM/rtl/ipml_dpram_v1_8_IRAM.v(line number: 645)] Net DB_bus[8] in ipml_dpram_v1_8_IRAM(original module ipml_dpram_v1_8_IRAM) does not have a driver, tie it to 0
W: Verilog-2020: [D:/FPGA/TSP_RISC-V-2.4/FPGA/pango_cpu/ipcore/IRAM/rtl/ipml_dpram_v1_8_IRAM.v(line number: 645)] Net DB_bus[17] in ipml_dpram_v1_8_IRAM(original module ipml_dpram_v1_8_IRAM) does not have a driver, tie it to 0
W: Verilog-2020: [D:/FPGA/TSP_RISC-V-2.4/FPGA/pango_cpu/ipcore/IRAM/rtl/ipml_dpram_v1_8_IRAM.v(line number: 645)] Net DB_bus[26] in ipml_dpram_v1_8_IRAM(original module ipml_dpram_v1_8_IRAM) does not have a driver, tie it to 0
W: Verilog-2020: [D:/FPGA/TSP_RISC-V-2.4/FPGA/pango_cpu/ipcore/IRAM/rtl/ipml_dpram_v1_8_IRAM.v(line number: 645)] Net DB_bus[35] in ipml_dpram_v1_8_IRAM(original module ipml_dpram_v1_8_IRAM) does not have a driver, tie it to 0
I: Verilog-0004: [D:/FPGA/TSP_RISC-V-2.4/FPGA/pango_cpu/source/core/core.v(line number: 130)] Elaborating instance u_TSP_Idec
I: Verilog-0003: [D:/FPGA/TSP_RISC-V-2.4/FPGA/pango_cpu/source/core/idec.v(line number: 6)] Elaborating module TSP_Idec
I: Verilog-0004: [D:/FPGA/TSP_RISC-V-2.4/FPGA/pango_cpu/source/core/core.v(line number: 178)] Elaborating instance u_TSP_Regfiles
I: Verilog-0003: [D:/FPGA/TSP_RISC-V-2.4/FPGA/pango_cpu/source/core/regfiles.v(line number: 3)] Elaborating module TSP_Regfiles
I: Verilog-0004: [D:/FPGA/TSP_RISC-V-2.4/FPGA/pango_cpu/source/core/regfiles.v(line number: 26)] Elaborating instance RV32I_reg_i
I: Verilog-0003: [D:/FPGA/TSP_RISC-V-2.4/FPGA/pango_cpu/source/core/dff.v(line number: 4)] Elaborating module REGs_WLWR
I: Module instance {SoC_Top/u_TSP_Core/u_TSP_Regfiles/x1_31[1].RV32I_reg_i} parameter value:
    RW = 32'b00000000000000000000000000100000
    RST_VAL = 32'b00000000000000000000000000000000
I: Verilog-0004: [D:/FPGA/TSP_RISC-V-2.4/FPGA/pango_cpu/source/core/regfiles.v(line number: 26)] Elaborating instance RV32I_reg_i
I: Verilog-0003: [D:/FPGA/TSP_RISC-V-2.4/FPGA/pango_cpu/source/core/dff.v(line number: 4)] Elaborating module REGs_WLWR
I: Module instance {SoC_Top/u_TSP_Core/u_TSP_Regfiles/x1_31[2].RV32I_reg_i} parameter value:
    RW = 32'b00000000000000000000000000100000
    RST_VAL = 32'b00000000000000000000000000000000
I: Verilog-0004: [D:/FPGA/TSP_RISC-V-2.4/FPGA/pango_cpu/source/core/regfiles.v(line number: 26)] Elaborating instance RV32I_reg_i
I: Verilog-0003: [D:/FPGA/TSP_RISC-V-2.4/FPGA/pango_cpu/source/core/dff.v(line number: 4)] Elaborating module REGs_WLWR
I: Module instance {SoC_Top/u_TSP_Core/u_TSP_Regfiles/x1_31[3].RV32I_reg_i} parameter value:
    RW = 32'b00000000000000000000000000100000
    RST_VAL = 32'b00000000000000000000000000000000
I: Verilog-0004: [D:/FPGA/TSP_RISC-V-2.4/FPGA/pango_cpu/source/core/regfiles.v(line number: 26)] Elaborating instance RV32I_reg_i
I: Verilog-0003: [D:/FPGA/TSP_RISC-V-2.4/FPGA/pango_cpu/source/core/dff.v(line number: 4)] Elaborating module REGs_WLWR
I: Module instance {SoC_Top/u_TSP_Core/u_TSP_Regfiles/x1_31[4].RV32I_reg_i} parameter value:
    RW = 32'b00000000000000000000000000100000
    RST_VAL = 32'b00000000000000000000000000000000
I: Verilog-0004: [D:/FPGA/TSP_RISC-V-2.4/FPGA/pango_cpu/source/core/regfiles.v(line number: 26)] Elaborating instance RV32I_reg_i
I: Verilog-0003: [D:/FPGA/TSP_RISC-V-2.4/FPGA/pango_cpu/source/core/dff.v(line number: 4)] Elaborating module REGs_WLWR
I: Module instance {SoC_Top/u_TSP_Core/u_TSP_Regfiles/x1_31[5].RV32I_reg_i} parameter value:
    RW = 32'b00000000000000000000000000100000
    RST_VAL = 32'b00000000000000000000000000000000
I: Verilog-0004: [D:/FPGA/TSP_RISC-V-2.4/FPGA/pango_cpu/source/core/regfiles.v(line number: 26)] Elaborating instance RV32I_reg_i
I: Verilog-0003: [D:/FPGA/TSP_RISC-V-2.4/FPGA/pango_cpu/source/core/dff.v(line number: 4)] Elaborating module REGs_WLWR
I: Module instance {SoC_Top/u_TSP_Core/u_TSP_Regfiles/x1_31[6].RV32I_reg_i} parameter value:
    RW = 32'b00000000000000000000000000100000
    RST_VAL = 32'b00000000000000000000000000000000
I: Verilog-0004: [D:/FPGA/TSP_RISC-V-2.4/FPGA/pango_cpu/source/core/regfiles.v(line number: 26)] Elaborating instance RV32I_reg_i
I: Verilog-0003: [D:/FPGA/TSP_RISC-V-2.4/FPGA/pango_cpu/source/core/dff.v(line number: 4)] Elaborating module REGs_WLWR
I: Module instance {SoC_Top/u_TSP_Core/u_TSP_Regfiles/x1_31[7].RV32I_reg_i} parameter value:
    RW = 32'b00000000000000000000000000100000
    RST_VAL = 32'b00000000000000000000000000000000
I: Verilog-0004: [D:/FPGA/TSP_RISC-V-2.4/FPGA/pango_cpu/source/core/regfiles.v(line number: 26)] Elaborating instance RV32I_reg_i
I: Verilog-0003: [D:/FPGA/TSP_RISC-V-2.4/FPGA/pango_cpu/source/core/dff.v(line number: 4)] Elaborating module REGs_WLWR
I: Module instance {SoC_Top/u_TSP_Core/u_TSP_Regfiles/x1_31[8].RV32I_reg_i} parameter value:
    RW = 32'b00000000000000000000000000100000
    RST_VAL = 32'b00000000000000000000000000000000
I: Verilog-0004: [D:/FPGA/TSP_RISC-V-2.4/FPGA/pango_cpu/source/core/regfiles.v(line number: 26)] Elaborating instance RV32I_reg_i
I: Verilog-0003: [D:/FPGA/TSP_RISC-V-2.4/FPGA/pango_cpu/source/core/dff.v(line number: 4)] Elaborating module REGs_WLWR
I: Module instance {SoC_Top/u_TSP_Core/u_TSP_Regfiles/x1_31[9].RV32I_reg_i} parameter value:
    RW = 32'b00000000000000000000000000100000
    RST_VAL = 32'b00000000000000000000000000000000
I: Verilog-0004: [D:/FPGA/TSP_RISC-V-2.4/FPGA/pango_cpu/source/core/regfiles.v(line number: 26)] Elaborating instance RV32I_reg_i
I: Verilog-0003: [D:/FPGA/TSP_RISC-V-2.4/FPGA/pango_cpu/source/core/dff.v(line number: 4)] Elaborating module REGs_WLWR
I: Module instance {SoC_Top/u_TSP_Core/u_TSP_Regfiles/x1_31[10].RV32I_reg_i} parameter value:
    RW = 32'b00000000000000000000000000100000
    RST_VAL = 32'b00000000000000000000000000000000
I: Verilog-0004: [D:/FPGA/TSP_RISC-V-2.4/FPGA/pango_cpu/source/core/regfiles.v(line number: 26)] Elaborating instance RV32I_reg_i
I: Verilog-0003: [D:/FPGA/TSP_RISC-V-2.4/FPGA/pango_cpu/source/core/dff.v(line number: 4)] Elaborating module REGs_WLWR
I: Module instance {SoC_Top/u_TSP_Core/u_TSP_Regfiles/x1_31[11].RV32I_reg_i} parameter value:
    RW = 32'b00000000000000000000000000100000
    RST_VAL = 32'b00000000000000000000000000000000
I: Verilog-0004: [D:/FPGA/TSP_RISC-V-2.4/FPGA/pango_cpu/source/core/regfiles.v(line number: 26)] Elaborating instance RV32I_reg_i
I: Verilog-0003: [D:/FPGA/TSP_RISC-V-2.4/FPGA/pango_cpu/source/core/dff.v(line number: 4)] Elaborating module REGs_WLWR
I: Module instance {SoC_Top/u_TSP_Core/u_TSP_Regfiles/x1_31[12].RV32I_reg_i} parameter value:
    RW = 32'b00000000000000000000000000100000
    RST_VAL = 32'b00000000000000000000000000000000
I: Verilog-0004: [D:/FPGA/TSP_RISC-V-2.4/FPGA/pango_cpu/source/core/regfiles.v(line number: 26)] Elaborating instance RV32I_reg_i
I: Verilog-0003: [D:/FPGA/TSP_RISC-V-2.4/FPGA/pango_cpu/source/core/dff.v(line number: 4)] Elaborating module REGs_WLWR
I: Module instance {SoC_Top/u_TSP_Core/u_TSP_Regfiles/x1_31[13].RV32I_reg_i} parameter value:
    RW = 32'b00000000000000000000000000100000
    RST_VAL = 32'b00000000000000000000000000000000
I: Verilog-0004: [D:/FPGA/TSP_RISC-V-2.4/FPGA/pango_cpu/source/core/regfiles.v(line number: 26)] Elaborating instance RV32I_reg_i
I: Verilog-0003: [D:/FPGA/TSP_RISC-V-2.4/FPGA/pango_cpu/source/core/dff.v(line number: 4)] Elaborating module REGs_WLWR
I: Module instance {SoC_Top/u_TSP_Core/u_TSP_Regfiles/x1_31[14].RV32I_reg_i} parameter value:
    RW = 32'b00000000000000000000000000100000
    RST_VAL = 32'b00000000000000000000000000000000
I: Verilog-0004: [D:/FPGA/TSP_RISC-V-2.4/FPGA/pango_cpu/source/core/regfiles.v(line number: 26)] Elaborating instance RV32I_reg_i
I: Verilog-0003: [D:/FPGA/TSP_RISC-V-2.4/FPGA/pango_cpu/source/core/dff.v(line number: 4)] Elaborating module REGs_WLWR
I: Module instance {SoC_Top/u_TSP_Core/u_TSP_Regfiles/x1_31[15].RV32I_reg_i} parameter value:
    RW = 32'b00000000000000000000000000100000
    RST_VAL = 32'b00000000000000000000000000000000
I: Verilog-0004: [D:/FPGA/TSP_RISC-V-2.4/FPGA/pango_cpu/source/core/regfiles.v(line number: 26)] Elaborating instance RV32I_reg_i
I: Verilog-0003: [D:/FPGA/TSP_RISC-V-2.4/FPGA/pango_cpu/source/core/dff.v(line number: 4)] Elaborating module REGs_WLWR
I: Module instance {SoC_Top/u_TSP_Core/u_TSP_Regfiles/x1_31[16].RV32I_reg_i} parameter value:
    RW = 32'b00000000000000000000000000100000
    RST_VAL = 32'b00000000000000000000000000000000
I: Verilog-0004: [D:/FPGA/TSP_RISC-V-2.4/FPGA/pango_cpu/source/core/regfiles.v(line number: 26)] Elaborating instance RV32I_reg_i
I: Verilog-0003: [D:/FPGA/TSP_RISC-V-2.4/FPGA/pango_cpu/source/core/dff.v(line number: 4)] Elaborating module REGs_WLWR
I: Module instance {SoC_Top/u_TSP_Core/u_TSP_Regfiles/x1_31[17].RV32I_reg_i} parameter value:
    RW = 32'b00000000000000000000000000100000
    RST_VAL = 32'b00000000000000000000000000000000
I: Verilog-0004: [D:/FPGA/TSP_RISC-V-2.4/FPGA/pango_cpu/source/core/regfiles.v(line number: 26)] Elaborating instance RV32I_reg_i
I: Verilog-0003: [D:/FPGA/TSP_RISC-V-2.4/FPGA/pango_cpu/source/core/dff.v(line number: 4)] Elaborating module REGs_WLWR
I: Module instance {SoC_Top/u_TSP_Core/u_TSP_Regfiles/x1_31[18].RV32I_reg_i} parameter value:
    RW = 32'b00000000000000000000000000100000
    RST_VAL = 32'b00000000000000000000000000000000
I: Verilog-0004: [D:/FPGA/TSP_RISC-V-2.4/FPGA/pango_cpu/source/core/regfiles.v(line number: 26)] Elaborating instance RV32I_reg_i
I: Verilog-0003: [D:/FPGA/TSP_RISC-V-2.4/FPGA/pango_cpu/source/core/dff.v(line number: 4)] Elaborating module REGs_WLWR
I: Module instance {SoC_Top/u_TSP_Core/u_TSP_Regfiles/x1_31[19].RV32I_reg_i} parameter value:
    RW = 32'b00000000000000000000000000100000
    RST_VAL = 32'b00000000000000000000000000000000
I: Verilog-0004: [D:/FPGA/TSP_RISC-V-2.4/FPGA/pango_cpu/source/core/regfiles.v(line number: 26)] Elaborating instance RV32I_reg_i
I: Verilog-0003: [D:/FPGA/TSP_RISC-V-2.4/FPGA/pango_cpu/source/core/dff.v(line number: 4)] Elaborating module REGs_WLWR
I: Module instance {SoC_Top/u_TSP_Core/u_TSP_Regfiles/x1_31[20].RV32I_reg_i} parameter value:
    RW = 32'b00000000000000000000000000100000
    RST_VAL = 32'b00000000000000000000000000000000
I: Verilog-0004: [D:/FPGA/TSP_RISC-V-2.4/FPGA/pango_cpu/source/core/regfiles.v(line number: 26)] Elaborating instance RV32I_reg_i
I: Verilog-0003: [D:/FPGA/TSP_RISC-V-2.4/FPGA/pango_cpu/source/core/dff.v(line number: 4)] Elaborating module REGs_WLWR
I: Module instance {SoC_Top/u_TSP_Core/u_TSP_Regfiles/x1_31[21].RV32I_reg_i} parameter value:
    RW = 32'b00000000000000000000000000100000
    RST_VAL = 32'b00000000000000000000000000000000
I: Verilog-0004: [D:/FPGA/TSP_RISC-V-2.4/FPGA/pango_cpu/source/core/regfiles.v(line number: 26)] Elaborating instance RV32I_reg_i
I: Verilog-0003: [D:/FPGA/TSP_RISC-V-2.4/FPGA/pango_cpu/source/core/dff.v(line number: 4)] Elaborating module REGs_WLWR
I: Module instance {SoC_Top/u_TSP_Core/u_TSP_Regfiles/x1_31[22].RV32I_reg_i} parameter value:
    RW = 32'b00000000000000000000000000100000
    RST_VAL = 32'b00000000000000000000000000000000
I: Verilog-0004: [D:/FPGA/TSP_RISC-V-2.4/FPGA/pango_cpu/source/core/regfiles.v(line number: 26)] Elaborating instance RV32I_reg_i
I: Verilog-0003: [D:/FPGA/TSP_RISC-V-2.4/FPGA/pango_cpu/source/core/dff.v(line number: 4)] Elaborating module REGs_WLWR
I: Module instance {SoC_Top/u_TSP_Core/u_TSP_Regfiles/x1_31[23].RV32I_reg_i} parameter value:
    RW = 32'b00000000000000000000000000100000
    RST_VAL = 32'b00000000000000000000000000000000
I: Verilog-0004: [D:/FPGA/TSP_RISC-V-2.4/FPGA/pango_cpu/source/core/regfiles.v(line number: 26)] Elaborating instance RV32I_reg_i
I: Verilog-0003: [D:/FPGA/TSP_RISC-V-2.4/FPGA/pango_cpu/source/core/dff.v(line number: 4)] Elaborating module REGs_WLWR
I: Module instance {SoC_Top/u_TSP_Core/u_TSP_Regfiles/x1_31[24].RV32I_reg_i} parameter value:
    RW = 32'b00000000000000000000000000100000
    RST_VAL = 32'b00000000000000000000000000000000
I: Verilog-0004: [D:/FPGA/TSP_RISC-V-2.4/FPGA/pango_cpu/source/core/regfiles.v(line number: 26)] Elaborating instance RV32I_reg_i
I: Verilog-0003: [D:/FPGA/TSP_RISC-V-2.4/FPGA/pango_cpu/source/core/dff.v(line number: 4)] Elaborating module REGs_WLWR
I: Module instance {SoC_Top/u_TSP_Core/u_TSP_Regfiles/x1_31[25].RV32I_reg_i} parameter value:
    RW = 32'b00000000000000000000000000100000
    RST_VAL = 32'b00000000000000000000000000000000
I: Verilog-0004: [D:/FPGA/TSP_RISC-V-2.4/FPGA/pango_cpu/source/core/regfiles.v(line number: 26)] Elaborating instance RV32I_reg_i
I: Verilog-0003: [D:/FPGA/TSP_RISC-V-2.4/FPGA/pango_cpu/source/core/dff.v(line number: 4)] Elaborating module REGs_WLWR
I: Module instance {SoC_Top/u_TSP_Core/u_TSP_Regfiles/x1_31[26].RV32I_reg_i} parameter value:
    RW = 32'b00000000000000000000000000100000
    RST_VAL = 32'b00000000000000000000000000000000
I: Verilog-0004: [D:/FPGA/TSP_RISC-V-2.4/FPGA/pango_cpu/source/core/regfiles.v(line number: 26)] Elaborating instance RV32I_reg_i
I: Verilog-0003: [D:/FPGA/TSP_RISC-V-2.4/FPGA/pango_cpu/source/core/dff.v(line number: 4)] Elaborating module REGs_WLWR
I: Module instance {SoC_Top/u_TSP_Core/u_TSP_Regfiles/x1_31[27].RV32I_reg_i} parameter value:
    RW = 32'b00000000000000000000000000100000
    RST_VAL = 32'b00000000000000000000000000000000
I: Verilog-0004: [D:/FPGA/TSP_RISC-V-2.4/FPGA/pango_cpu/source/core/regfiles.v(line number: 26)] Elaborating instance RV32I_reg_i
I: Verilog-0003: [D:/FPGA/TSP_RISC-V-2.4/FPGA/pango_cpu/source/core/dff.v(line number: 4)] Elaborating module REGs_WLWR
I: Module instance {SoC_Top/u_TSP_Core/u_TSP_Regfiles/x1_31[28].RV32I_reg_i} parameter value:
    RW = 32'b00000000000000000000000000100000
    RST_VAL = 32'b00000000000000000000000000000000
I: Verilog-0004: [D:/FPGA/TSP_RISC-V-2.4/FPGA/pango_cpu/source/core/regfiles.v(line number: 26)] Elaborating instance RV32I_reg_i
I: Verilog-0003: [D:/FPGA/TSP_RISC-V-2.4/FPGA/pango_cpu/source/core/dff.v(line number: 4)] Elaborating module REGs_WLWR
I: Module instance {SoC_Top/u_TSP_Core/u_TSP_Regfiles/x1_31[29].RV32I_reg_i} parameter value:
    RW = 32'b00000000000000000000000000100000
    RST_VAL = 32'b00000000000000000000000000000000
I: Verilog-0004: [D:/FPGA/TSP_RISC-V-2.4/FPGA/pango_cpu/source/core/regfiles.v(line number: 26)] Elaborating instance RV32I_reg_i
I: Verilog-0003: [D:/FPGA/TSP_RISC-V-2.4/FPGA/pango_cpu/source/core/dff.v(line number: 4)] Elaborating module REGs_WLWR
I: Module instance {SoC_Top/u_TSP_Core/u_TSP_Regfiles/x1_31[30].RV32I_reg_i} parameter value:
    RW = 32'b00000000000000000000000000100000
    RST_VAL = 32'b00000000000000000000000000000000
I: Verilog-0004: [D:/FPGA/TSP_RISC-V-2.4/FPGA/pango_cpu/source/core/regfiles.v(line number: 26)] Elaborating instance RV32I_reg_i
I: Verilog-0003: [D:/FPGA/TSP_RISC-V-2.4/FPGA/pango_cpu/source/core/dff.v(line number: 4)] Elaborating module REGs_WLWR
I: Module instance {SoC_Top/u_TSP_Core/u_TSP_Regfiles/x1_31[31].RV32I_reg_i} parameter value:
    RW = 32'b00000000000000000000000000100000
    RST_VAL = 32'b00000000000000000000000000000000
I: Verilog-0004: [D:/FPGA/TSP_RISC-V-2.4/FPGA/pango_cpu/source/core/core.v(line number: 223)] Elaborating instance u_TSP_Disp_Exu
I: Verilog-0003: [D:/FPGA/TSP_RISC-V-2.4/FPGA/pango_cpu/source/core/disp_exu.v(line number: 3)] Elaborating module TSP_Disp_Exu
I: Verilog-0004: [D:/FPGA/TSP_RISC-V-2.4/FPGA/pango_cpu/source/core/disp_exu.v(line number: 95)] Elaborating instance DECODE_PC_REG1
I: Verilog-0003: [D:/FPGA/TSP_RISC-V-2.4/FPGA/pango_cpu/source/core/dff.v(line number: 4)] Elaborating module REGs_WLWR
I: Module instance {SoC_Top/u_TSP_Core/u_TSP_Disp_Exu/DECODE_PC_REG1} parameter value:
    RW = 32'b00000000000000000000000000100000
    RST_VAL = 32'b00000000000000000000000000000000
I: Verilog-0004: [D:/FPGA/TSP_RISC-V-2.4/FPGA/pango_cpu/source/core/disp_exu.v(line number: 124)] Elaborating instance Exu_common_u0
I: Verilog-0003: [D:/FPGA/TSP_RISC-V-2.4/FPGA/pango_cpu/source/core/exu_common.v(line number: 3)] Elaborating module TSP_Exu_common
I: Verilog-0004: [D:/FPGA/TSP_RISC-V-2.4/FPGA/pango_cpu/source/core/disp_exu.v(line number: 161)] Elaborating instance Exu_bjp_u0
I: Verilog-0003: [D:/FPGA/TSP_RISC-V-2.4/FPGA/pango_cpu/source/core/exu_bjp.v(line number: 3)] Elaborating module Exu_bjp
I: Verilog-0004: [D:/FPGA/TSP_RISC-V-2.4/FPGA/pango_cpu/source/core/exu_bjp.v(line number: 41)] Elaborating instance BTB_update_valid_reg
I: Verilog-0003: [D:/FPGA/TSP_RISC-V-2.4/FPGA/pango_cpu/source/core/dff.v(line number: 42)] Elaborating module REGs_NLWR
I: Module instance {SoC_Top/u_TSP_Core/u_TSP_Disp_Exu/Exu_bjp_u0/BTB_update_valid_reg} parameter value:
    RW = 32'b00000000000000000000000000000001
    RST_VAL = 32'b00000000000000000000000000000000
I: Verilog-0004: [D:/FPGA/TSP_RISC-V-2.4/FPGA/pango_cpu/source/core/disp_exu.v(line number: 186)] Elaborating instance Exu_muldiv_u0
I: Verilog-0003: [D:/FPGA/TSP_RISC-V-2.4/FPGA/pango_cpu/source/core/exu_muldiv.v(line number: 3)] Elaborating module TSP_Exu_muldiv
I: Verilog-0004: [D:/FPGA/TSP_RISC-V-2.4/FPGA/pango_cpu/source/core/exu_muldiv.v(line number: 90)] Elaborating instance u_multiplier
I: Verilog-0003: [D:/FPGA/TSP_RISC-V-2.4/FPGA/pango_cpu/source/core/exu_muldiv.v(line number: 128)] Elaborating module Simple_Multiplier_32
I: Module instance {SoC_Top/u_TSP_Core/u_TSP_Disp_Exu/Exu_muldiv_u0/u_multiplier} parameter value:
    N = 32'b00000000000000000000000000100000
I: Verilog-0004: [D:/FPGA/TSP_RISC-V-2.4/FPGA/pango_cpu/source/core/exu_muldiv.v(line number: 101)] Elaborating instance u_divider
I: Verilog-0003: [D:/FPGA/TSP_RISC-V-2.4/FPGA/pango_cpu/source/core/exu_muldiv.v(line number: 174)] Elaborating module Simple_Divider_32
I: Module instance {SoC_Top/u_TSP_Core/u_TSP_Disp_Exu/Exu_muldiv_u0/u_divider} parameter value:
    XLEN = 32'b00000000000000000000000000100000
I: Verilog-0004: [D:/FPGA/TSP_RISC-V-2.4/FPGA/pango_cpu/source/core/disp_exu.v(line number: 213)] Elaborating instance Exu_ls_u0
I: Verilog-0003: [D:/FPGA/TSP_RISC-V-2.4/FPGA/pango_cpu/source/core/exu_ls.v(line number: 3)] Elaborating module TSP_Exu_ls
I: Verilog-0004: [D:/FPGA/TSP_RISC-V-2.4/FPGA/pango_cpu/source/core/core.v(line number: 299)] Elaborating instance u_ls_ctrl
I: Verilog-0003: [D:/FPGA/TSP_RISC-V-2.4/FPGA/pango_cpu/source/core/ls_ctrl.v(line number: 3)] Elaborating module ls_ctrl
I: Verilog-0004: [D:/FPGA/TSP_RISC-V-2.4/FPGA/pango_cpu/source/core/core.v(line number: 335)] Elaborating instance u_TSP_Wb_arbiter
I: Verilog-0003: [D:/FPGA/TSP_RISC-V-2.4/FPGA/pango_cpu/source/core/wb_arbiter.v(line number: 3)] Elaborating module TSP_Wb_arbiter
I: Verilog-0004: [D:/FPGA/TSP_RISC-V-2.4/FPGA/pango_cpu/source/peripheral/soc_top.v(line number: 149)] Elaborating instance u_Interconnect
I: Verilog-0003: [D:/FPGA/TSP_RISC-V-2.4/FPGA/pango_cpu/source/peripheral/AXI_Interconnect.v(line number: 3)] Elaborating module TSP_AXI_Interconnect
I: Verilog-0004: [D:/FPGA/TSP_RISC-V-2.4/FPGA/pango_cpu/source/peripheral/soc_top.v(line number: 189)] Elaborating instance u_SRAM
I: Verilog-0003: [D:/FPGA/TSP_RISC-V-2.4/FPGA/pango_cpu/source/ram/sram.v(line number: 4)] Elaborating module TSP_Sram
I: Verilog-0004: [D:/FPGA/TSP_RISC-V-2.4/FPGA/pango_cpu/source/ram/sram.v(line number: 125)] Elaborating instance u_SRAM_IP
I: Verilog-0003: [D:/FPGA/TSP_RISC-V-2.4/FPGA/pango_cpu/ipcore/SRAM/SRAM.v(line number: 16)] Elaborating module SRAM
I: Verilog-0004: [D:/FPGA/TSP_RISC-V-2.4/FPGA/pango_cpu/ipcore/SRAM/SRAM.v(line number: 206)] Elaborating instance U_ipml_dpram_SRAM
I: Verilog-0003: [D:/FPGA/TSP_RISC-V-2.4/FPGA/pango_cpu/ipcore/SRAM/rtl/ipml_dpram_v1_8_SRAM.v(line number: 17)] Elaborating module ipml_dpram_v1_8_SRAM
I: Module instance {SoC_Top/u_SRAM/u_SRAM_IP/U_ipml_dpram_SRAM} parameter value:
    c_SIM_DEVICE = LOGOS
    c_A_ADDR_WIDTH = 32'b00000000000000000000000000001101
    c_A_DATA_WIDTH = 32'b00000000000000000000000000100000
    c_B_ADDR_WIDTH = 32'b00000000000000000000000000001101
    c_B_DATA_WIDTH = 32'b00000000000000000000000000100000
    c_A_OUTPUT_REG = 32'b00000000000000000000000000000000
    c_A_RD_OCE_EN = 32'b00000000000000000000000000000000
    c_A_ADDR_STROBE_EN = 32'b00000000000000000000000000000000
    c_A_CLK_EN = 32'b00000000000000000000000000000000
    c_B_OUTPUT_REG = 32'b00000000000000000000000000000000
    c_B_RD_OCE_EN = 32'b00000000000000000000000000000000
    c_B_ADDR_STROBE_EN = 32'b00000000000000000000000000000000
    c_B_CLK_EN = 32'b00000000000000000000000000000000
    c_RESET_TYPE = ASYNC_RESET
    c_A_CLK_OR_POL_INV = 32'b00000000000000000000000000000000
    c_B_CLK_OR_POL_INV = 32'b00000000000000000000000000000000
    c_POWER_OPT = 32'b00000000000000000000000000000000
    c_INIT_FILE = NONE
    c_INIT_FORMAT = BIN
    c_WR_BYTE_EN = 32'b00000000000000000000000000000001
    c_A_BE_WIDTH = 32'b00000000000000000000000000000100
    c_B_BE_WIDTH = 32'b00000000000000000000000000000100
    c_A_WRITE_MODE = NORMAL_WRITE
    c_B_WRITE_MODE = NORMAL_WRITE
W: Verilog-2039: [D:/FPGA/TSP_RISC-V-2.4/FPGA/pango_cpu/ipcore/SRAM/rtl/ipml_dpram_v1_8_SRAM.v(line number: 417)] Repeat multiplier in concatenation evaluates to 0
W: Verilog-2039: [D:/FPGA/TSP_RISC-V-2.4/FPGA/pango_cpu/ipcore/SRAM/rtl/ipml_dpram_v1_8_SRAM.v(line number: 419)] Repeat multiplier in concatenation evaluates to 0
W: Verilog-2039: [D:/FPGA/TSP_RISC-V-2.4/FPGA/pango_cpu/ipcore/SRAM/rtl/ipml_dpram_v1_8_SRAM.v(line number: 421)] Repeat multiplier in concatenation evaluates to 0
W: Verilog-2039: [D:/FPGA/TSP_RISC-V-2.4/FPGA/pango_cpu/ipcore/SRAM/rtl/ipml_dpram_v1_8_SRAM.v(line number: 423)] Repeat multiplier in concatenation evaluates to 0
W: Verilog-2039: [D:/FPGA/TSP_RISC-V-2.4/FPGA/pango_cpu/ipcore/SRAM/rtl/ipml_dpram_v1_8_SRAM.v(line number: 426)] Repeat multiplier in concatenation evaluates to 0
W: Verilog-2039: [D:/FPGA/TSP_RISC-V-2.4/FPGA/pango_cpu/ipcore/SRAM/rtl/ipml_dpram_v1_8_SRAM.v(line number: 427)] Repeat multiplier in concatenation evaluates to 0
W: Verilog-2038: [D:/FPGA/TSP_RISC-V-2.4/FPGA/pango_cpu/ipcore/SRAM/rtl/ipml_dpram_v1_8_SRAM.v(line number: 436)] Case condition never applies
W: Verilog-2038: [D:/FPGA/TSP_RISC-V-2.4/FPGA/pango_cpu/ipcore/SRAM/rtl/ipml_dpram_v1_8_SRAM.v(line number: 437)] Case condition never applies
W: Verilog-2038: [D:/FPGA/TSP_RISC-V-2.4/FPGA/pango_cpu/ipcore/SRAM/rtl/ipml_dpram_v1_8_SRAM.v(line number: 438)] Case condition never applies
W: Verilog-2038: [D:/FPGA/TSP_RISC-V-2.4/FPGA/pango_cpu/ipcore/SRAM/rtl/ipml_dpram_v1_8_SRAM.v(line number: 439)] Case condition never applies
W: Verilog-2038: [D:/FPGA/TSP_RISC-V-2.4/FPGA/pango_cpu/ipcore/SRAM/rtl/ipml_dpram_v1_8_SRAM.v(line number: 439)] Case condition never applies
W: Verilog-2038: [D:/FPGA/TSP_RISC-V-2.4/FPGA/pango_cpu/ipcore/SRAM/rtl/ipml_dpram_v1_8_SRAM.v(line number: 436)] Case condition never applies
W: Verilog-2038: [D:/FPGA/TSP_RISC-V-2.4/FPGA/pango_cpu/ipcore/SRAM/rtl/ipml_dpram_v1_8_SRAM.v(line number: 437)] Case condition never applies
W: Verilog-2038: [D:/FPGA/TSP_RISC-V-2.4/FPGA/pango_cpu/ipcore/SRAM/rtl/ipml_dpram_v1_8_SRAM.v(line number: 438)] Case condition never applies
W: Verilog-2038: [D:/FPGA/TSP_RISC-V-2.4/FPGA/pango_cpu/ipcore/SRAM/rtl/ipml_dpram_v1_8_SRAM.v(line number: 439)] Case condition never applies
W: Verilog-2038: [D:/FPGA/TSP_RISC-V-2.4/FPGA/pango_cpu/ipcore/SRAM/rtl/ipml_dpram_v1_8_SRAM.v(line number: 439)] Case condition never applies
W: Verilog-2038: [D:/FPGA/TSP_RISC-V-2.4/FPGA/pango_cpu/ipcore/SRAM/rtl/ipml_dpram_v1_8_SRAM.v(line number: 487)] Case condition never applies
W: Verilog-2038: [D:/FPGA/TSP_RISC-V-2.4/FPGA/pango_cpu/ipcore/SRAM/rtl/ipml_dpram_v1_8_SRAM.v(line number: 488)] Case condition never applies
W: Verilog-2038: [D:/FPGA/TSP_RISC-V-2.4/FPGA/pango_cpu/ipcore/SRAM/rtl/ipml_dpram_v1_8_SRAM.v(line number: 489)] Case condition never applies
W: Verilog-2038: [D:/FPGA/TSP_RISC-V-2.4/FPGA/pango_cpu/ipcore/SRAM/rtl/ipml_dpram_v1_8_SRAM.v(line number: 490)] Case condition never applies
W: Verilog-2038: [D:/FPGA/TSP_RISC-V-2.4/FPGA/pango_cpu/ipcore/SRAM/rtl/ipml_dpram_v1_8_SRAM.v(line number: 490)] Case condition never applies
W: Verilog-2038: [D:/FPGA/TSP_RISC-V-2.4/FPGA/pango_cpu/ipcore/SRAM/rtl/ipml_dpram_v1_8_SRAM.v(line number: 487)] Case condition never applies
W: Verilog-2038: [D:/FPGA/TSP_RISC-V-2.4/FPGA/pango_cpu/ipcore/SRAM/rtl/ipml_dpram_v1_8_SRAM.v(line number: 488)] Case condition never applies
W: Verilog-2038: [D:/FPGA/TSP_RISC-V-2.4/FPGA/pango_cpu/ipcore/SRAM/rtl/ipml_dpram_v1_8_SRAM.v(line number: 489)] Case condition never applies
W: Verilog-2038: [D:/FPGA/TSP_RISC-V-2.4/FPGA/pango_cpu/ipcore/SRAM/rtl/ipml_dpram_v1_8_SRAM.v(line number: 490)] Case condition never applies
W: Verilog-2038: [D:/FPGA/TSP_RISC-V-2.4/FPGA/pango_cpu/ipcore/SRAM/rtl/ipml_dpram_v1_8_SRAM.v(line number: 490)] Case condition never applies
I: Verilog-0004: [D:/FPGA/TSP_RISC-V-2.4/FPGA/pango_cpu/ipcore/SRAM/rtl/ipml_dpram_v1_8_SRAM.v(line number: 693)] Elaborating instance U_GTP_DRM18K
I: Verilog-0004: [D:/FPGA/TSP_RISC-V-2.4/FPGA/pango_cpu/ipcore/SRAM/rtl/ipml_dpram_v1_8_SRAM.v(line number: 693)] Elaborating instance U_GTP_DRM18K
I: Verilog-0004: [D:/FPGA/TSP_RISC-V-2.4/FPGA/pango_cpu/ipcore/SRAM/rtl/ipml_dpram_v1_8_SRAM.v(line number: 693)] Elaborating instance U_GTP_DRM18K
I: Verilog-0004: [D:/FPGA/TSP_RISC-V-2.4/FPGA/pango_cpu/ipcore/SRAM/rtl/ipml_dpram_v1_8_SRAM.v(line number: 693)] Elaborating instance U_GTP_DRM18K
I: Verilog-0004: [D:/FPGA/TSP_RISC-V-2.4/FPGA/pango_cpu/ipcore/SRAM/rtl/ipml_dpram_v1_8_SRAM.v(line number: 693)] Elaborating instance U_GTP_DRM18K
I: Verilog-0004: [D:/FPGA/TSP_RISC-V-2.4/FPGA/pango_cpu/ipcore/SRAM/rtl/ipml_dpram_v1_8_SRAM.v(line number: 693)] Elaborating instance U_GTP_DRM18K
I: Verilog-0004: [D:/FPGA/TSP_RISC-V-2.4/FPGA/pango_cpu/ipcore/SRAM/rtl/ipml_dpram_v1_8_SRAM.v(line number: 693)] Elaborating instance U_GTP_DRM18K
I: Verilog-0004: [D:/FPGA/TSP_RISC-V-2.4/FPGA/pango_cpu/ipcore/SRAM/rtl/ipml_dpram_v1_8_SRAM.v(line number: 693)] Elaborating instance U_GTP_DRM18K
I: Verilog-0004: [D:/FPGA/TSP_RISC-V-2.4/FPGA/pango_cpu/ipcore/SRAM/rtl/ipml_dpram_v1_8_SRAM.v(line number: 693)] Elaborating instance U_GTP_DRM18K
I: Verilog-0004: [D:/FPGA/TSP_RISC-V-2.4/FPGA/pango_cpu/ipcore/SRAM/rtl/ipml_dpram_v1_8_SRAM.v(line number: 693)] Elaborating instance U_GTP_DRM18K
I: Verilog-0004: [D:/FPGA/TSP_RISC-V-2.4/FPGA/pango_cpu/ipcore/SRAM/rtl/ipml_dpram_v1_8_SRAM.v(line number: 693)] Elaborating instance U_GTP_DRM18K
I: Verilog-0004: [D:/FPGA/TSP_RISC-V-2.4/FPGA/pango_cpu/ipcore/SRAM/rtl/ipml_dpram_v1_8_SRAM.v(line number: 693)] Elaborating instance U_GTP_DRM18K
I: Verilog-0004: [D:/FPGA/TSP_RISC-V-2.4/FPGA/pango_cpu/ipcore/SRAM/rtl/ipml_dpram_v1_8_SRAM.v(line number: 693)] Elaborating instance U_GTP_DRM18K
I: Verilog-0004: [D:/FPGA/TSP_RISC-V-2.4/FPGA/pango_cpu/ipcore/SRAM/rtl/ipml_dpram_v1_8_SRAM.v(line number: 693)] Elaborating instance U_GTP_DRM18K
I: Verilog-0004: [D:/FPGA/TSP_RISC-V-2.4/FPGA/pango_cpu/ipcore/SRAM/rtl/ipml_dpram_v1_8_SRAM.v(line number: 693)] Elaborating instance U_GTP_DRM18K
I: Verilog-0004: [D:/FPGA/TSP_RISC-V-2.4/FPGA/pango_cpu/ipcore/SRAM/rtl/ipml_dpram_v1_8_SRAM.v(line number: 693)] Elaborating instance U_GTP_DRM18K
W: Verilog-2020: [D:/FPGA/TSP_RISC-V-2.4/FPGA/pango_cpu/ipcore/SRAM/rtl/ipml_dpram_v1_8_SRAM.v(line number: 642)] Net DA_bus[8] in ipml_dpram_v1_8_SRAM(original module ipml_dpram_v1_8_SRAM) does not have a driver, tie it to 0
W: Verilog-2020: [D:/FPGA/TSP_RISC-V-2.4/FPGA/pango_cpu/ipcore/SRAM/rtl/ipml_dpram_v1_8_SRAM.v(line number: 642)] Net DA_bus[17] in ipml_dpram_v1_8_SRAM(original module ipml_dpram_v1_8_SRAM) does not have a driver, tie it to 0
W: Verilog-2020: [D:/FPGA/TSP_RISC-V-2.4/FPGA/pango_cpu/ipcore/SRAM/rtl/ipml_dpram_v1_8_SRAM.v(line number: 642)] Net DA_bus[26] in ipml_dpram_v1_8_SRAM(original module ipml_dpram_v1_8_SRAM) does not have a driver, tie it to 0
W: Verilog-2020: [D:/FPGA/TSP_RISC-V-2.4/FPGA/pango_cpu/ipcore/SRAM/rtl/ipml_dpram_v1_8_SRAM.v(line number: 642)] Net DA_bus[35] in ipml_dpram_v1_8_SRAM(original module ipml_dpram_v1_8_SRAM) does not have a driver, tie it to 0
W: Verilog-2020: [D:/FPGA/TSP_RISC-V-2.4/FPGA/pango_cpu/ipcore/SRAM/rtl/ipml_dpram_v1_8_SRAM.v(line number: 643)] Net DB_bus[8] in ipml_dpram_v1_8_SRAM(original module ipml_dpram_v1_8_SRAM) does not have a driver, tie it to 0
W: Verilog-2020: [D:/FPGA/TSP_RISC-V-2.4/FPGA/pango_cpu/ipcore/SRAM/rtl/ipml_dpram_v1_8_SRAM.v(line number: 643)] Net DB_bus[17] in ipml_dpram_v1_8_SRAM(original module ipml_dpram_v1_8_SRAM) does not have a driver, tie it to 0
W: Verilog-2020: [D:/FPGA/TSP_RISC-V-2.4/FPGA/pango_cpu/ipcore/SRAM/rtl/ipml_dpram_v1_8_SRAM.v(line number: 643)] Net DB_bus[26] in ipml_dpram_v1_8_SRAM(original module ipml_dpram_v1_8_SRAM) does not have a driver, tie it to 0
W: Verilog-2020: [D:/FPGA/TSP_RISC-V-2.4/FPGA/pango_cpu/ipcore/SRAM/rtl/ipml_dpram_v1_8_SRAM.v(line number: 643)] Net DB_bus[35] in ipml_dpram_v1_8_SRAM(original module ipml_dpram_v1_8_SRAM) does not have a driver, tie it to 0
I: Verilog-0004: [D:/FPGA/TSP_RISC-V-2.4/FPGA/pango_cpu/source/peripheral/soc_top.v(line number: 213)] Elaborating instance u_UART
I: Verilog-0003: [D:/FPGA/TSP_RISC-V-2.4/FPGA/pango_cpu/source/uart/uart_axi_lite_wrapper.v(line number: 3)] Elaborating module uart_axi_lite_wrapper
I: Module instance {SoC_Top/u_UART} parameter value:
    CLK_FREQ_p = 32'b00000010111110101111000010000000
    BAUD_RATE_p = 32'b00000000000000011100001000000000
I: Verilog-0004: [D:/FPGA/TSP_RISC-V-2.4/FPGA/pango_cpu/source/uart/uart_axi_lite_wrapper.v(line number: 57)] Elaborating instance u_uart_core
I: Verilog-0003: [D:/FPGA/TSP_RISC-V-2.4/FPGA/pango_cpu/source/uart/uart.v(line number: 32)] Elaborating module uart
I: Module instance {SoC_Top/u_UART/u_uart_core} parameter value:
    DATA_WIDTH = 32'b00000000000000000000000000001000
I: Verilog-0004: [D:/FPGA/TSP_RISC-V-2.4/FPGA/pango_cpu/source/uart/uart.v(line number: 78)] Elaborating instance uart_tx_inst
I: Verilog-0003: [D:/FPGA/TSP_RISC-V-2.4/FPGA/pango_cpu/source/uart/uart_tx.v(line number: 32)] Elaborating module uart_tx
I: Module instance {SoC_Top/u_UART/u_uart_core/uart_tx_inst} parameter value:
    DATA_WIDTH = 32'b00000000000000000000000000001000
I: Verilog-0004: [D:/FPGA/TSP_RISC-V-2.4/FPGA/pango_cpu/source/uart/uart.v(line number: 96)] Elaborating instance uart_rx_inst
I: Verilog-0003: [D:/FPGA/TSP_RISC-V-2.4/FPGA/pango_cpu/source/uart/uart_rx.v(line number: 32)] Elaborating module uart_rx
I: Module instance {SoC_Top/u_UART/u_uart_core/uart_rx_inst} parameter value:
    DATA_WIDTH = 32'b00000000000000000000000000001000
I: Verilog-0004: [D:/FPGA/TSP_RISC-V-2.4/FPGA/pango_cpu/source/peripheral/soc_top.v(line number: 228)] Elaborating instance u_Timer
I: Verilog-0003: [D:/FPGA/TSP_RISC-V-2.4/FPGA/pango_cpu/source/timer/timer.v(line number: 40)] Elaborating module timer
Executing : rtl-elaborate successfully. Time elapsed: 0.216s wall, 0.172s user + 0.016s system = 0.188s CPU (86.6%)

Start rtl-prep.
Executing : rtl-prep successfully. Time elapsed: 0.129s wall, 0.125s user + 0.000s system = 0.125s CPU (96.9%)

Start rtl-infer.
Start DFF-inference.
W: Sdm-2003: [D:/FPGA/TSP_RISC-V-2.4/FPGA/pango_cpu/source/core/regfiles.v(line number: 20)] The net 'RV32I_regs[0]' in SoC_Top.u_TSP_Core.u_TSP_Regfiles is un-driven.
Executing : DFF-inference successfully.
Executing : rtl-infer successfully. Time elapsed: 0.840s wall, 0.500s user + 0.312s system = 0.812s CPU (96.7%)

Start rtl-control-opt.
Executing : rtl-control-opt successfully. Time elapsed: 0.021s wall, 0.000s user + 0.016s system = 0.016s CPU (75.7%)

Start rtl-data-opt.
Executing : rtl-data-opt successfully. Time elapsed: 0.165s wall, 0.172s user + 0.000s system = 0.172s CPU (104.3%)

Start FSM inference.
I: FSM r_target_fsm[2:0] inferred.
FSM r_target_fsm[2:0] STG:
Number of reachable states: 6
Input nets: N206 N381 N382 N385 N386 ar_is_m1 ar_is_m3 s_axi_arvalid 
S0(000)-->S1(001): 1xxxx1x1
S0(000)-->S2(010): 1xx1xxx1
S0(000)-->S3(011): 1xxx1x11
S0(000)-->S4(100): 11xx1xx1
S0(000)-->S5(101): 1x1x1xx1
S4(100)-->S0(000): xxxxxxxx
S5(101)-->S0(000): xxxxxxxx
S2(010)-->S0(000): xxxxxxxx
S3(011)-->S0(000): xxxxxxxx
S1(001)-->S0(000): xxxxxxxx
S3(011)-->S0(000): xxxxxxxx
S5(101)-->S0(000): xxxxxxxx
S0(000)-->S0(000): 0xxxxxxx
S1(001)-->S0(000): 0xxxxxxx
S2(010)-->S0(000): 0xxxxxxx
S3(011)-->S0(000): 0xxxxxxx
S4(100)-->S0(000): 0xxxxxxx
S5(101)-->S0(000): 0xxxxxxx
S0(000)-->S0(000): xxxxxxx0
S1(001)-->S0(000): xxxxxxx0
S2(010)-->S0(000): xxxxxxx0
S3(011)-->S0(000): xxxxxxx0
S4(100)-->S0(000): xxxxxxx0
S5(101)-->S0(000): xxxxxxx0

I: FSM w_target_fsm[2:0] inferred.
FSM w_target_fsm[2:0] STG:
Number of reachable states: 6
Input nets: N154 N373 N374 N377 N378 aw_is_m1 aw_is_m3 s_axi_awvalid 
S0(000)-->S1(001): 1xxxx1x1
S0(000)-->S2(010): 1xx1xxx1
S0(000)-->S3(011): 1xxx1x11
S0(000)-->S4(100): 11xx1xx1
S0(000)-->S5(101): 1x1x1xx1
S4(100)-->S0(000): xxxxxxxx
S5(101)-->S0(000): xxxxxxxx
S2(010)-->S0(000): xxxxxxxx
S3(011)-->S0(000): xxxxxxxx
S1(001)-->S0(000): xxxxxxxx
S3(011)-->S0(000): xxxxxxxx
S5(101)-->S0(000): xxxxxxxx
S0(000)-->S0(000): 0xxxxxxx
S1(001)-->S0(000): 0xxxxxxx
S2(010)-->S0(000): 0xxxxxxx
S3(011)-->S0(000): 0xxxxxxx
S4(100)-->S0(000): 0xxxxxxx
S5(101)-->S0(000): 0xxxxxxx
S0(000)-->S0(000): xxxxxxx0
S1(001)-->S0(000): xxxxxxx0
S2(010)-->S0(000): xxxxxxx0
S3(011)-->S0(000): xxxxxxx0
S4(100)-->S0(000): xxxxxxx0
S5(101)-->S0(000): xxxxxxx0

I: FSM state_fsm[1:0] inferred.
FSM state_fsm[1:0] STG:
Number of reachable states: 4
Input nets: N5 N92 s_axi_bready s_axi_rready 
S0(00)-->S1(01): 1xxx
S0(00)-->S2(10): x1xx
S1(01)-->S0(00): xx1x
S2(10)-->S3(11): xxxx
S3(11)-->S0(00): xxx1
S1(01)-->S0(00): xx11
S3(11)-->S0(00): xx11

I: FSM w_state_fsm[1:0] inferred.
FSM w_state_fsm[1:0] STG:
Number of reachable states: 3
Input nets: N26 N72 s_axi_bready s_axi_wvalid 
S0(00)-->S1(01): 11x1
S1(01)-->S2(10): xxxx
S2(10)-->S0(00): xx1x

I: FSM r_state_fsm[1:0] inferred.
FSM r_state_fsm[1:0] STG:
Number of reachable states: 4
Input nets: N14 s_axi_arvalid s_axi_rready 
S0(00)-->S1(01): 11x
S1(01)-->S2(10): xxx
S2(10)-->S3(11): xxx
S3(11)-->S0(00): xx1

I: FSM state_fsm[2:0] inferred.
FSM state_fsm[2:0] STG:
Number of reachable states: 7
Input nets: N44 N98 hit_dtcm ls_req_i ls_we_i m_axi_arready m_axi_bvalid m_axi_rvalid wb_ls_ready_i 
S0(000)-->S1(001): 1x011xxxx
S0(000)-->S3(011): 1x010xxxx
S0(000)-->S5(101): 0x01xxxxx
S0(000)-->S5(101): xx111xxxx
S0(000)-->S6(110): xx110xxxx
S1(001)-->S2(010): x1xxxxxxx
S3(011)-->S4(100): xxxxx1xxx
S0(000)-->S5(101): 0xx11x1xx
S2(010)-->S5(101): 0xx11x1xx
S6(110)-->S5(101): xxxxxxxxx
S4(100)-->S5(101): xxxxxxx1x
S6(110)-->S5(101): xxxxxxx1x
S5(101)-->S0(000): xxxxxxxx1
S2(010)-->S5(101): xxxxxx1xx
S6(110)-->S5(101): xxxxxx1xx

I: FSM state_fsm[1:0] inferred.
FSM state_fsm[1:0] STG:
Number of reachable states: 4
Input nets: N6 N10 div_done mul_done wb_muldiv_ready_i 
S0(00)-->S1(01): 1xxxx
S0(00)-->S2(10): 01xxx
S1(01)-->S3(11): xxx1x
S2(10)-->S3(11): xx1xx
S3(11)-->S0(00): xxxx1

W: Loop was found during constant probe.
W: Loop was found during constant probe.
W: Loop was found during constant probe.
Executing : FSM inference successfully. Time elapsed: 0.085s wall, 0.062s user + 0.016s system = 0.078s CPU (91.8%)

Start sdm2adm.
W: Loop was found during constant probe.
W: Loop was found during constant probe.
W: Loop was found during constant probe.
W: Loop was found during constant probe.
W: Loop was found during constant probe.
W: Loop was found during constant probe.
W: Loop was found during constant probe.
W: Loop was found during constant probe.
I: Constant propagation done on N234 (bmsPMUX).
I: Constant propagation done on N196 (bmsPMUX).
I: Constant propagation done on N281 (bmsWIDEMUX).
I: Constant propagation done on N4 (bmsWIDEMUX).
I: Constant propagation done on N265 (bmsWIDEMUX).
W: Loop was found during constant probe.
W: Loop was found during constant probe.
W: Loop was found during constant probe.
W: Loop was found during constant probe.
I: Constant propagation done on N121 (bmsPMUX).
I: Constant propagation done on N22 (bmsWIDEMUX).
I: Constant propagation done on N112_1 (bmsWIDEMUX).
I: Constant propagation done on N155 (bmsWIDEMUX).
I: Constant propagation done on N207 (bmsWIDEMUX).
W: Loop was found during constant probe.
W: Loop was found during constant probe.
W: Loop was found during constant probe.
W: Loop was found during constant probe.
W: Loop was found during constant probe.
W: Loop was found during constant probe.
W: Loop was found during constant probe.
W: Loop was found during constant probe.
W: Loop was found during constant probe.
W: Loop was found during constant probe.
W: Loop was found during constant probe.
W: Loop was found during constant probe.
W: Loop was found during constant probe.
W: Loop was found during constant probe.
W: Loop was found during constant probe.
Executing : sdm2adm successfully. Time elapsed: 0.216s wall, 0.203s user + 0.000s system = 0.203s CPU (93.9%)

Saving design to DB.
Action compile: Real time elapsed is 0h:0m:7s
Action compile: CPU time elapsed is 0h:0m:3s
Action compile: Process CPU time elapsed is 0h:0m:3s
Current time: Fri Apr  3 00:02:06 2026
Action compile: Peak memory pool usage is 176 MB
Action from compile to compile: Total Real Time elapsed is 0h:0m:7s
Action from compile to compile: Total CPU time elapsed is 0h:0m:3s
Action from compile to compile: Total Process CPU Time elapsed is 0h:0m:3s
Process "Compile" done.


Process "Synthesize" started.
Current time: Fri Apr  3 00:02:06 2026
Compiling architecture definition.
Analyzing project file 'D:/FPGA/TSP_RISC-V-2.4/FPGA/pango_cpu/pango_cpu.pds'.
License checkout: fabric_ads from D:\pango\new_pds_60ff9e088cde.lic
Compiling verification operator library.
Compiling common defs.
Loading technology operator library.
Compiling technology operator library.
Compiling technology operator (valence) library.
Reading design from compile DB
Reading design from compile DB successfully.
NOTE: The technology fpga was specified.
NOTE: delay_model specified was generic_cmos.
NOTE: Using the fpga syntax tables...
Totals:
 Calls to malloc = 0
 Calls to calloc = 111555

Constraint check start.
Compiling prim grid devices.
Building architecture model.
Loading device packaging model.
Building architecture floorplan logic view.
Executing : get_ports sys_clk
Executing : get_ports sys_clk successfully.
Executing : create_clock -name sys_clk [get_ports sys_clk] -period 20.000 -waveform {0.000 10.000}
Executing : create_clock -name sys_clk [get_ports sys_clk] -period 20.000 -waveform {0.000 10.000} successfully.
C: ConstraintEditor-2009: p:uart_tx is lack of PAP_IO_DRIVE, OUTPUT or INOUT PORT had better set PAP_IO_DRIVE, the optional value is {8, 4, 12, 16, 24}.
C: ConstraintEditor-2009: p:uart_tx is lack of PAP_IO_SLEW, OUTPUT or INOUT PORT had better set PAP_IO_SLEW, the optional value is {SLOW, FAST}.
W: ConstraintEditor-4019: Port Bus 'ext_axi_if_araddr' unspecified I/O constraint.
W: ConstraintEditor-4019: Port Bus 'ext_axi_if_awaddr' unspecified I/O constraint.
W: ConstraintEditor-4019: Port Bus 'ext_axi_if_bresp' unspecified I/O constraint.
W: ConstraintEditor-4019: Port Bus 'ext_axi_if_rdata' unspecified I/O constraint.
W: ConstraintEditor-4019: Port Bus 'ext_axi_if_rresp' unspecified I/O constraint.
W: ConstraintEditor-4019: Port Bus 'ext_axi_if_wdata' unspecified I/O constraint.
W: ConstraintEditor-4019: Port Bus 'ext_axi_if_wstrb' unspecified I/O constraint.
W: ConstraintEditor-4019: Port 'ext_axi_if_arready' unspecified I/O constraint.
W: ConstraintEditor-4019: Port 'ext_axi_if_arvalid' unspecified I/O constraint.
W: ConstraintEditor-4019: Port 'ext_axi_if_awready' unspecified I/O constraint.
W: ConstraintEditor-4019: Port 'ext_axi_if_awvalid' unspecified I/O constraint.
W: ConstraintEditor-4019: Port 'ext_axi_if_bready' unspecified I/O constraint.
W: ConstraintEditor-4019: Port 'ext_axi_if_bvalid' unspecified I/O constraint.
W: ConstraintEditor-4019: Port 'ext_axi_if_rready' unspecified I/O constraint.
W: ConstraintEditor-4019: Port 'ext_axi_if_rvalid' unspecified I/O constraint.
W: ConstraintEditor-4019: Port 'ext_axi_if_wready' unspecified I/O constraint.
W: ConstraintEditor-4019: Port 'ext_axi_if_wvalid' unspecified I/O constraint.
Constraint check end.

C: SDC-2025: Clock source 'n:u_sys_pll/clkout0' need a clock constraint, please use 'create_clock' or 'create_generate_clock' to generate.
Executing : get_ports sys_clk
Executing : get_ports sys_clk successfully.
Executing : get_pins u_sys_pll/u_pll_e3:CLKOUT0
Executing : get_pins u_sys_pll/u_pll_e3:CLKOUT0 successfully.
Executing : create_generated_clock -name sys_clk|u_sys_pll/u_pll_e3/CLKOUT0_Inferred -source [get_ports sys_clk] [get_pins u_sys_pll/u_pll_e3:CLKOUT0] -master_clock sys_clk -edges {1 2 3} -edge_shift {0.000000 0.000000 0.000000} -add
Executing : create_generated_clock -name sys_clk|u_sys_pll/u_pll_e3/CLKOUT0_Inferred -source [get_ports sys_clk] [get_pins u_sys_pll/u_pll_e3:CLKOUT0] -master_clock sys_clk -edges {1 2 3} -edge_shift {0.000000 0.000000 0.000000} -add successfully.
Start pre-mapping.
I: Constant propagation done on u_TSP_Core/u_TSP_Disp_Exu/Exu_common_u0/N209 (bmsWIDEMUX).
I: Encoding type of FSM 'state_fsm[1:0]' is: onehot.
I: Encoding table of FSM 'state_fsm[1:0]':
I: from  u_SRAM/state[1] u_SRAM/state[0]
I: to  u_SRAM/state_reg[3] u_SRAM/state_reg[2] u_SRAM/state_reg[1] u_SRAM/state_reg[0]
I: 00 => 0001
I: 01 => 0010
I: 10 => 0100
I: 11 => 1000
I: Encoding type of FSM 'state_fsm[1:0]' is: onehot.
I: Encoding table of FSM 'state_fsm[1:0]':
I: from  u_TSP_Core/u_TSP_Disp_Exu/Exu_muldiv_u0/state[1] u_TSP_Core/u_TSP_Disp_Exu/Exu_muldiv_u0/state[0]
I: to  u_TSP_Core/u_TSP_Disp_Exu/Exu_muldiv_u0/state_reg[3] u_TSP_Core/u_TSP_Disp_Exu/Exu_muldiv_u0/state_reg[2] u_TSP_Core/u_TSP_Disp_Exu/Exu_muldiv_u0/state_reg[1] u_TSP_Core/u_TSP_Disp_Exu/Exu_muldiv_u0/state_reg[0]
I: 00 => 0001
I: 01 => 0010
I: 10 => 0100
I: 11 => 1000
I: Encoding type of FSM 'r_state_fsm[1:0]' is: onehot.
I: Encoding table of FSM 'r_state_fsm[1:0]':
I: from  u_TSP_Core/u_TSP_Ifu/r_state[1] u_TSP_Core/u_TSP_Ifu/r_state[0]
I: to  u_TSP_Core/u_TSP_Ifu/r_state_reg[3] u_TSP_Core/u_TSP_Ifu/r_state_reg[2] u_TSP_Core/u_TSP_Ifu/r_state_reg[1] u_TSP_Core/u_TSP_Ifu/r_state_reg[0]
I: 00 => 0001
I: 01 => 0010
I: 10 => 0100
I: 11 => 1000
I: Encoding type of FSM 'w_state_fsm[1:0]' is: onehot.
I: Encoding table of FSM 'w_state_fsm[1:0]':
I: from  u_TSP_Core/u_TSP_Ifu/w_state[1] u_TSP_Core/u_TSP_Ifu/w_state[0]
I: to  u_TSP_Core/u_TSP_Ifu/w_state_reg[2] u_TSP_Core/u_TSP_Ifu/w_state_reg[1] u_TSP_Core/u_TSP_Ifu/w_state_reg[0]
I: 00 => 001
I: 01 => 010
I: 10 => 100
I: Encoding type of FSM 'state_fsm[2:0]' is: onehot.
I: Encoding table of FSM 'state_fsm[2:0]':
I: from  u_TSP_Core/u_ls_ctrl/state[2] u_TSP_Core/u_ls_ctrl/state[1] u_TSP_Core/u_ls_ctrl/state[0]
I: to  u_TSP_Core/u_ls_ctrl/state_reg[6] u_TSP_Core/u_ls_ctrl/state_reg[5] u_TSP_Core/u_ls_ctrl/state_reg[4] u_TSP_Core/u_ls_ctrl/state_reg[3] u_TSP_Core/u_ls_ctrl/state_reg[2] u_TSP_Core/u_ls_ctrl/state_reg[1] u_TSP_Core/u_ls_ctrl/state_reg[0]
I: 000 => 0000001
I: 001 => 0000010
I: 010 => 0000100
I: 011 => 0001000
I: 100 => 0010000
I: 101 => 0100000
I: 110 => 1000000
I: Encoding type of FSM 'r_target_fsm[2:0]' is: onehot.
I: Encoding table of FSM 'r_target_fsm[2:0]':
I: from  u_Interconnect/r_target[2] u_Interconnect/r_target[1] u_Interconnect/r_target[0]
I: to  u_Interconnect/r_target_reg[5] u_Interconnect/r_target_reg[4] u_Interconnect/r_target_reg[3] u_Interconnect/r_target_reg[2] u_Interconnect/r_target_reg[1] u_Interconnect/r_target_reg[0]
I: 000 => 000001
I: 001 => 000010
I: 010 => 000100
I: 011 => 001000
I: 100 => 010000
I: 101 => 100000
I: Encoding type of FSM 'w_target_fsm[2:0]' is: onehot.
I: Encoding table of FSM 'w_target_fsm[2:0]':
I: from  u_Interconnect/w_target[2] u_Interconnect/w_target[1] u_Interconnect/w_target[0]
I: to  u_Interconnect/w_target_reg[5] u_Interconnect/w_target_reg[4] u_Interconnect/w_target_reg[3] u_Interconnect/w_target_reg[2] u_Interconnect/w_target_reg[1] u_Interconnect/w_target_reg[0]
I: 000 => 000001
I: 001 => 000010
I: 010 => 000100
I: 011 => 001000
I: 100 => 010000
I: 101 => 100000
I: Constant propagation done on u_SRAM/state_fsm[1:0]_3 (bmsREDOR).
I: Constant propagation done on u_TSP_Core/u_ls_ctrl/state_fsm[2:0]_12 (bmsREDOR).
I: Constant propagation done on u_TSP_Core/u_ls_ctrl/state_fsm[2:0]_15 (bmsREDOR).
I: Constant propagation done on u_TSP_Core/u_ls_ctrl/state_fsm[2:0]_17 (bmsREDOR).
I: Constant propagation done on u_UART/u_uart_core/uart_rx_inst/m_axis_tvalid_reg_e (bmsREDOR).
I: Constant propagation done on u_Interconnect/r_target_fsm[2:0]_1 (bmsREDOR).
I: Constant propagation done on u_Interconnect/r_target_fsm[2:0]_2 (bmsREDOR).
I: Constant propagation done on u_Interconnect/w_target_fsm[2:0]_1 (bmsREDOR).
I: Constant propagation done on u_Interconnect/w_target_fsm[2:0]_2 (bmsREDOR).
W: Removed bmsWIDEDFFCPE inst store_type_r[2:0] at 2 that is stuck at constant 0.
W: Removed bmsWIDEDFFCPE inst op_type_r[2:0] at 2 that is stuck at constant 0.
W: Removed bmsWIDEDFFCPE inst m_axi_araddr[31:0] at 0 that is stuck at constant 0.
W: Removed bmsWIDEDFFCPE inst m_axi_awaddr[31:0] at 0 that is stuck at constant 0.
W: Removed bmsWIDEDFFCPE inst rdata_r[31:0] at 8 that is stuck at constant 0.
Executing : pre-mapping successfully. Time elapsed: 0.325s wall, 0.297s user + 0.078s system = 0.375s CPU (115.2%)

Start mod-gen.
W: Public-4008: Instance 'u_TSP_Disp_Exu/DECODE_PC_REG1/qout[31:0]' of 'bmsWIDEDFFCPE' unit is dangling and will be cleaned.
W: Public-4008: Instance 'u_uart_core/uart_rx_inst/busy_reg' of 'bmsWIDEDFFRSE' unit is dangling and will be cleaned.
W: Public-4008: Instance 'u_uart_core/uart_rx_inst/frame_error_reg' of 'bmsWIDEDFFRSE' unit is dangling and will be cleaned.
W: Public-4008: Instance 'u_uart_core/uart_rx_inst/overrun_error_reg' of 'bmsWIDEDFFRSE' unit is dangling and will be cleaned.
W: Public-4008: Instance 'u_uart_core/uart_tx_inst/busy_reg' of 'bmsWIDEDFFRSE' unit is dangling and will be cleaned.
W: Public-4008: Instance 'u_Timer/intr_q' of 'bmsWIDEDFFCPE' unit is dangling and will be cleaned.
W: Removed bmsWIDEDFFCPE inst u_TSP_Core/u_TSP_Ifu/waddr_r[31:0] at 0 that is stuck at constant 0.
W: Removed bmsWIDEDFFCPE inst u_TSP_Core/u_TSP_Ifu/waddr_r[31:0] at 1 that is stuck at constant 0.
W: Removed bmsWIDEDFFCPE inst u_TSP_Core/u_TSP_Ifu/raddr_r[31:0] at 0 that is stuck at constant 0.
W: Removed bmsWIDEDFFCPE inst u_TSP_Core/u_TSP_Ifu/raddr_r[31:0] at 1 that is stuck at constant 0.
W: Removed bmsWIDEDFFRSE inst u_TSP_Core/u_TSP_Ifu/u_Iram/U_ipml_dpram_IRAM/a_wr_en_ff that is stuck at constant 0.
W: Removed bmsWIDEDFFCPE inst u_Timer/wr_addr_q[7:0] at 0 that is stuck at constant 0.
W: Removed bmsWIDEDFFCPE inst u_Timer/wr_addr_q[7:0] at 1 that is stuck at constant 0.
I: Removed bmsWIDEINV inst u_TSP_Core/u_TSP_Disp_Exu/Exu_muldiv_u0/u_multiplier/N4 that is redundant to u_TSP_Core/u_TSP_Disp_Exu/Exu_muldiv_u0/u_divider/N3
I: Removed bmsWIDEINV inst u_TSP_Core/u_TSP_Disp_Exu/Exu_muldiv_u0/u_multiplier/N8 that is redundant to u_TSP_Core/u_TSP_Disp_Exu/Exu_common_u0/N16
I: Removed bmsWIDEINV inst u_TSP_Core/u_TSP_Disp_Exu/Exu_muldiv_u0/u_divider/N7 that is redundant to u_TSP_Core/u_TSP_Disp_Exu/Exu_common_u0/N16
I: Removed bmsADD inst u_TSP_Core/u_TSP_Disp_Exu/Exu_muldiv_u0/u_multiplier/N10 that is redundant to u_TSP_Core/u_TSP_Disp_Exu/Exu_muldiv_u0/u_divider/N9
I: Removed bmsWIDEDFFCPE inst u_TSP_Core/u_TSP_Disp_Exu/branch_in_flight that is redundant to u_TSP_Core/u_TSP_Disp_Exu/Exu_bjp_u0/BTB_update_valid_reg/qout[0]
I: Removed bmsADD inst u_TSP_Core/u_TSP_Disp_Exu/Exu_muldiv_u0/u_multiplier/N6 that is redundant to u_TSP_Core/u_TSP_Disp_Exu/Exu_muldiv_u0/u_divider/N5
W: Public-4008: Instance 'u_TSP_Core/u_TSP_Ifu/u_Iram/U_ipml_dpram_IRAM/a_addr_bus_rd_ce_ff[3:0]' of 'bmsWIDEDFFRSE' unit is dangling and will be cleaned.
Executing : mod-gen successfully. Time elapsed: 1.161s wall, 1.312s user + 0.281s system = 1.594s CPU (137.2%)

Start logic-optimization.
Executing : logic-optimization successfully. Time elapsed: 5.816s wall, 5.484s user + 0.219s system = 5.703s CPU (98.1%)

Start tech-mapping phase 1.
W: Public-4008: Instance 'u_UART/rdata_r[8]' of 'bmsWIDEDFFCPE' unit is dangling and will be cleaned.
W: Public-4008: Instance 'u_UART/rdata_r[9]' of 'bmsWIDEDFFCPE' unit is dangling and will be cleaned.
W: Public-4008: Instance 'u_UART/rdata_r[10]' of 'bmsWIDEDFFCPE' unit is dangling and will be cleaned.
W: Public-4008: Instance 'u_UART/rdata_r[11]' of 'bmsWIDEDFFCPE' unit is dangling and will be cleaned.
W: Public-4008: Instance 'u_UART/rdata_r[12]' of 'bmsWIDEDFFCPE' unit is dangling and will be cleaned.
W: Public-4008: Instance 'u_UART/rdata_r[13]' of 'bmsWIDEDFFCPE' unit is dangling and will be cleaned.
W: Public-4008: Instance 'u_UART/rdata_r[14]' of 'bmsWIDEDFFCPE' unit is dangling and will be cleaned.
W: Public-4008: Instance 'u_UART/rdata_r[15]' of 'bmsWIDEDFFCPE' unit is dangling and will be cleaned.
W: Public-4008: Instance 'u_UART/rdata_r[16]' of 'bmsWIDEDFFCPE' unit is dangling and will be cleaned.
W: Public-4008: Instance 'u_UART/rdata_r[17]' of 'bmsWIDEDFFCPE' unit is dangling and will be cleaned.
W: Public-4008: Instance 'u_UART/rdata_r[18]' of 'bmsWIDEDFFCPE' unit is dangling and will be cleaned.
W: Public-4008: Instance 'u_UART/rdata_r[19]' of 'bmsWIDEDFFCPE' unit is dangling and will be cleaned.
W: Public-4008: Instance 'u_UART/rdata_r[20]' of 'bmsWIDEDFFCPE' unit is dangling and will be cleaned.
W: Public-4008: Instance 'u_UART/rdata_r[21]' of 'bmsWIDEDFFCPE' unit is dangling and will be cleaned.
W: Public-4008: Instance 'u_UART/rdata_r[22]' of 'bmsWIDEDFFCPE' unit is dangling and will be cleaned.
W: Public-4008: Instance 'u_UART/rdata_r[23]' of 'bmsWIDEDFFCPE' unit is dangling and will be cleaned.
W: Public-4008: Instance 'u_UART/rdata_r[24]' of 'bmsWIDEDFFCPE' unit is dangling and will be cleaned.
W: Public-4008: Instance 'u_UART/rdata_r[25]' of 'bmsWIDEDFFCPE' unit is dangling and will be cleaned.
W: Public-4008: Instance 'u_UART/rdata_r[26]' of 'bmsWIDEDFFCPE' unit is dangling and will be cleaned.
W: Public-4008: Instance 'u_UART/rdata_r[27]' of 'bmsWIDEDFFCPE' unit is dangling and will be cleaned.
W: Public-4008: Instance 'u_UART/rdata_r[28]' of 'bmsWIDEDFFCPE' unit is dangling and will be cleaned.
W: Public-4008: Instance 'u_UART/rdata_r[29]' of 'bmsWIDEDFFCPE' unit is dangling and will be cleaned.
W: Public-4008: Instance 'u_UART/rdata_r[30]' of 'bmsWIDEDFFCPE' unit is dangling and will be cleaned.
W: Public-4008: Instance 'u_TSP_Core/u_ls_ctrl/m_axi_araddr[0]' of 'bmsWIDEDFFCPE' unit is dangling and will be cleaned.
W: Public-4008: Instance 'u_TSP_Core/u_ls_ctrl/m_axi_araddr[1]' of 'bmsWIDEDFFCPE' unit is dangling and will be cleaned.
W: Public-4008: Instance 'u_TSP_Core/u_ls_ctrl/m_axi_araddr[16]' of 'bmsWIDEDFFCPE' unit is dangling and will be cleaned.
W: Public-4008: Instance 'u_TSP_Core/u_ls_ctrl/m_axi_araddr[17]' of 'bmsWIDEDFFCPE' unit is dangling and will be cleaned.
W: Public-4008: Instance 'u_TSP_Core/u_ls_ctrl/m_axi_araddr[18]' of 'bmsWIDEDFFCPE' unit is dangling and will be cleaned.
W: Public-4008: Instance 'u_TSP_Core/u_ls_ctrl/m_axi_araddr[19]' of 'bmsWIDEDFFCPE' unit is dangling and will be cleaned.
W: Public-4008: Instance 'u_TSP_Core/u_ls_ctrl/m_axi_araddr[20]' of 'bmsWIDEDFFCPE' unit is dangling and will be cleaned.
W: Public-4008: Instance 'u_TSP_Core/u_ls_ctrl/m_axi_araddr[21]' of 'bmsWIDEDFFCPE' unit is dangling and will be cleaned.
W: Public-4008: Instance 'u_TSP_Core/u_ls_ctrl/m_axi_araddr[22]' of 'bmsWIDEDFFCPE' unit is dangling and will be cleaned.
W: Public-4008: Instance 'u_TSP_Core/u_ls_ctrl/m_axi_araddr[23]' of 'bmsWIDEDFFCPE' unit is dangling and will be cleaned.
W: Public-4008: Instance 'u_TSP_Core/u_ls_ctrl/m_axi_araddr[24]' of 'bmsWIDEDFFCPE' unit is dangling and will be cleaned.
W: Public-4008: Instance 'u_TSP_Core/u_ls_ctrl/m_axi_araddr[25]' of 'bmsWIDEDFFCPE' unit is dangling and will be cleaned.
W: Public-4008: Instance 'u_TSP_Core/u_ls_ctrl/m_axi_araddr[26]' of 'bmsWIDEDFFCPE' unit is dangling and will be cleaned.
W: Public-4008: Instance 'u_TSP_Core/u_ls_ctrl/m_axi_araddr[27]' of 'bmsWIDEDFFCPE' unit is dangling and will be cleaned.
W: Public-4008: Instance 'u_TSP_Core/u_ls_ctrl/m_axi_awaddr[0]' of 'bmsWIDEDFFCPE' unit is dangling and will be cleaned.
W: Public-4008: Instance 'u_TSP_Core/u_ls_ctrl/m_axi_awaddr[1]' of 'bmsWIDEDFFCPE' unit is dangling and will be cleaned.
W: Public-4008: Instance 'u_TSP_Core/u_ls_ctrl/m_axi_awaddr[16]' of 'bmsWIDEDFFCPE' unit is dangling and will be cleaned.
W: Public-4008: Instance 'u_TSP_Core/u_ls_ctrl/m_axi_awaddr[17]' of 'bmsWIDEDFFCPE' unit is dangling and will be cleaned.
W: Public-4008: Instance 'u_TSP_Core/u_ls_ctrl/m_axi_awaddr[18]' of 'bmsWIDEDFFCPE' unit is dangling and will be cleaned.
W: Public-4008: Instance 'u_TSP_Core/u_ls_ctrl/m_axi_awaddr[19]' of 'bmsWIDEDFFCPE' unit is dangling and will be cleaned.
W: Public-4008: Instance 'u_TSP_Core/u_ls_ctrl/m_axi_awaddr[20]' of 'bmsWIDEDFFCPE' unit is dangling and will be cleaned.
W: Public-4008: Instance 'u_TSP_Core/u_ls_ctrl/m_axi_awaddr[21]' of 'bmsWIDEDFFCPE' unit is dangling and will be cleaned.
W: Public-4008: Instance 'u_TSP_Core/u_ls_ctrl/m_axi_awaddr[22]' of 'bmsWIDEDFFCPE' unit is dangling and will be cleaned.
W: Public-4008: Instance 'u_TSP_Core/u_ls_ctrl/m_axi_awaddr[23]' of 'bmsWIDEDFFCPE' unit is dangling and will be cleaned.
W: Public-4008: Instance 'u_TSP_Core/u_ls_ctrl/m_axi_awaddr[24]' of 'bmsWIDEDFFCPE' unit is dangling and will be cleaned.
W: Public-4008: Instance 'u_TSP_Core/u_ls_ctrl/m_axi_awaddr[25]' of 'bmsWIDEDFFCPE' unit is dangling and will be cleaned.
W: Public-4008: Instance 'u_TSP_Core/u_ls_ctrl/m_axi_awaddr[26]' of 'bmsWIDEDFFCPE' unit is dangling and will be cleaned.
W: Public-4008: Instance 'u_TSP_Core/u_ls_ctrl/m_axi_awaddr[27]' of 'bmsWIDEDFFCPE' unit is dangling and will be cleaned.
W: Public-4008: Instance 'u_TSP_Core/u_TSP_Disp_Exu/Exu_ls_u0/store_type_r[2]' of 'bmsWIDEDFFCPE' unit is dangling and will be cleaned.
W: Public-4008: Instance 'u_TSP_Core/u_TSP_Disp_Exu/Exu_ls_u0/ls_addr_r[16]' of 'bmsWIDEDFFCPE' unit is dangling and will be cleaned.
W: Public-4008: Instance 'u_TSP_Core/u_TSP_Disp_Exu/Exu_ls_u0/ls_addr_r[17]' of 'bmsWIDEDFFCPE' unit is dangling and will be cleaned.
W: Public-4008: Instance 'u_TSP_Core/u_TSP_Disp_Exu/Exu_ls_u0/ls_addr_r[18]' of 'bmsWIDEDFFCPE' unit is dangling and will be cleaned.
W: Public-4008: Instance 'u_TSP_Core/u_TSP_Disp_Exu/Exu_ls_u0/ls_addr_r[19]' of 'bmsWIDEDFFCPE' unit is dangling and will be cleaned.
W: Public-4008: Instance 'u_TSP_Core/u_TSP_Disp_Exu/Exu_ls_u0/ls_addr_r[20]' of 'bmsWIDEDFFCPE' unit is dangling and will be cleaned.
W: Public-4008: Instance 'u_TSP_Core/u_TSP_Disp_Exu/Exu_ls_u0/ls_addr_r[21]' of 'bmsWIDEDFFCPE' unit is dangling and will be cleaned.
W: Public-4008: Instance 'u_TSP_Core/u_TSP_Disp_Exu/Exu_ls_u0/ls_addr_r[22]' of 'bmsWIDEDFFCPE' unit is dangling and will be cleaned.
W: Public-4008: Instance 'u_TSP_Core/u_TSP_Disp_Exu/Exu_ls_u0/ls_addr_r[23]' of 'bmsWIDEDFFCPE' unit is dangling and will be cleaned.
W: Public-4008: Instance 'u_TSP_Core/u_TSP_Disp_Exu/Exu_ls_u0/ls_addr_r[24]' of 'bmsWIDEDFFCPE' unit is dangling and will be cleaned.
W: Public-4008: Instance 'u_TSP_Core/u_TSP_Disp_Exu/Exu_ls_u0/ls_addr_r[25]' of 'bmsWIDEDFFCPE' unit is dangling and will be cleaned.
W: Public-4008: Instance 'u_TSP_Core/u_TSP_Disp_Exu/Exu_ls_u0/ls_addr_r[26]' of 'bmsWIDEDFFCPE' unit is dangling and will be cleaned.
W: Public-4008: Instance 'u_TSP_Core/u_TSP_Disp_Exu/Exu_ls_u0/ls_addr_r[27]' of 'bmsWIDEDFFCPE' unit is dangling and will be cleaned.
W: Public-4008: Instance 'u_TSP_Core/u_TSP_Disp_Exu/Exu_muldiv_u0/op_type_r[2]' of 'bmsWIDEDFFCPE' unit is dangling and will be cleaned.
W: Public-4008: Instance 'u_TSP_Core/u_TSP_Ifu/waddr_r[0]' of 'bmsWIDEDFFCPE' unit is dangling and will be cleaned.
W: Public-4008: Instance 'u_TSP_Core/u_TSP_Ifu/waddr_r[1]' of 'bmsWIDEDFFCPE' unit is dangling and will be cleaned.
W: Public-4008: Instance 'u_TSP_Core/u_TSP_Ifu/waddr_r[16]' of 'bmsWIDEDFFCPE' unit is dangling and will be cleaned.
W: Public-4008: Instance 'u_TSP_Core/u_TSP_Ifu/waddr_r[17]' of 'bmsWIDEDFFCPE' unit is dangling and will be cleaned.
W: Public-4008: Instance 'u_TSP_Core/u_TSP_Ifu/waddr_r[18]' of 'bmsWIDEDFFCPE' unit is dangling and will be cleaned.
W: Public-4008: Instance 'u_TSP_Core/u_TSP_Ifu/waddr_r[19]' of 'bmsWIDEDFFCPE' unit is dangling and will be cleaned.
W: Public-4008: Instance 'u_TSP_Core/u_TSP_Ifu/waddr_r[20]' of 'bmsWIDEDFFCPE' unit is dangling and will be cleaned.
W: Public-4008: Instance 'u_TSP_Core/u_TSP_Ifu/waddr_r[21]' of 'bmsWIDEDFFCPE' unit is dangling and will be cleaned.
W: Public-4008: Instance 'u_TSP_Core/u_TSP_Ifu/waddr_r[22]' of 'bmsWIDEDFFCPE' unit is dangling and will be cleaned.
W: Public-4008: Instance 'u_TSP_Core/u_TSP_Ifu/waddr_r[23]' of 'bmsWIDEDFFCPE' unit is dangling and will be cleaned.
W: Public-4008: Instance 'u_TSP_Core/u_TSP_Ifu/waddr_r[24]' of 'bmsWIDEDFFCPE' unit is dangling and will be cleaned.
W: Public-4008: Instance 'u_TSP_Core/u_TSP_Ifu/waddr_r[25]' of 'bmsWIDEDFFCPE' unit is dangling and will be cleaned.
W: Public-4008: Instance 'u_TSP_Core/u_TSP_Ifu/waddr_r[26]' of 'bmsWIDEDFFCPE' unit is dangling and will be cleaned.
W: Public-4008: Instance 'u_TSP_Core/u_TSP_Ifu/waddr_r[27]' of 'bmsWIDEDFFCPE' unit is dangling and will be cleaned.
W: Public-4008: Instance 'u_TSP_Core/u_TSP_Ifu/waddr_r[28]' of 'bmsWIDEDFFCPE' unit is dangling and will be cleaned.
W: Public-4008: Instance 'u_TSP_Core/u_TSP_Ifu/waddr_r[29]' of 'bmsWIDEDFFCPE' unit is dangling and will be cleaned.
W: Public-4008: Instance 'u_TSP_Core/u_TSP_Ifu/waddr_r[30]' of 'bmsWIDEDFFCPE' unit is dangling and will be cleaned.
W: Public-4008: Instance 'u_TSP_Core/u_TSP_Ifu/waddr_r[31]' of 'bmsWIDEDFFCPE' unit is dangling and will be cleaned.
W: Public-4008: Instance 'u_TSP_Core/u_TSP_Ifu/raddr_r[0]' of 'bmsWIDEDFFCPE' unit is dangling and will be cleaned.
W: Public-4008: Instance 'u_TSP_Core/u_TSP_Ifu/raddr_r[1]' of 'bmsWIDEDFFCPE' unit is dangling and will be cleaned.
W: Public-4008: Instance 'u_TSP_Core/u_TSP_Ifu/raddr_r[16]' of 'bmsWIDEDFFCPE' unit is dangling and will be cleaned.
W: Public-4008: Instance 'u_TSP_Core/u_TSP_Ifu/raddr_r[17]' of 'bmsWIDEDFFCPE' unit is dangling and will be cleaned.
W: Public-4008: Instance 'u_TSP_Core/u_TSP_Ifu/raddr_r[18]' of 'bmsWIDEDFFCPE' unit is dangling and will be cleaned.
W: Public-4008: Instance 'u_TSP_Core/u_TSP_Ifu/raddr_r[19]' of 'bmsWIDEDFFCPE' unit is dangling and will be cleaned.
W: Public-4008: Instance 'u_TSP_Core/u_TSP_Ifu/raddr_r[20]' of 'bmsWIDEDFFCPE' unit is dangling and will be cleaned.
W: Public-4008: Instance 'u_TSP_Core/u_TSP_Ifu/raddr_r[21]' of 'bmsWIDEDFFCPE' unit is dangling and will be cleaned.
W: Public-4008: Instance 'u_TSP_Core/u_TSP_Ifu/raddr_r[22]' of 'bmsWIDEDFFCPE' unit is dangling and will be cleaned.
W: Public-4008: Instance 'u_TSP_Core/u_TSP_Ifu/raddr_r[23]' of 'bmsWIDEDFFCPE' unit is dangling and will be cleaned.
W: Public-4008: Instance 'u_TSP_Core/u_TSP_Ifu/raddr_r[24]' of 'bmsWIDEDFFCPE' unit is dangling and will be cleaned.
W: Public-4008: Instance 'u_TSP_Core/u_TSP_Ifu/raddr_r[25]' of 'bmsWIDEDFFCPE' unit is dangling and will be cleaned.
W: Public-4008: Instance 'u_TSP_Core/u_TSP_Ifu/raddr_r[26]' of 'bmsWIDEDFFCPE' unit is dangling and will be cleaned.
W: Public-4008: Instance 'u_TSP_Core/u_TSP_Ifu/raddr_r[27]' of 'bmsWIDEDFFCPE' unit is dangling and will be cleaned.
W: Public-4008: Instance 'u_TSP_Core/u_TSP_Ifu/raddr_r[28]' of 'bmsWIDEDFFCPE' unit is dangling and will be cleaned.
W: Public-4008: Instance 'u_TSP_Core/u_TSP_Ifu/raddr_r[29]' of 'bmsWIDEDFFCPE' unit is dangling and will be cleaned.
W: Public-4008: Instance 'u_TSP_Core/u_TSP_Ifu/raddr_r[30]' of 'bmsWIDEDFFCPE' unit is dangling and will be cleaned.
W: Public-4008: Instance 'u_TSP_Core/u_TSP_Ifu/raddr_r[31]' of 'bmsWIDEDFFCPE' unit is dangling and will be cleaned.
W: Public-4008: Instance 'u_Timer/wr_addr_q[0]' of 'bmsWIDEDFFCPE' unit is dangling and will be cleaned.
W: Public-4008: Instance 'u_Timer/wr_addr_q[1]' of 'bmsWIDEDFFCPE' unit is dangling and will be cleaned.
Executing : tech-mapping phase 1 successfully. Time elapsed: 0.372s wall, 0.359s user + 0.000s system = 0.359s CPU (96.6%)

Start tech-mapping phase 2.
Executing : tech-mapping phase 2 successfully. Time elapsed: 6.958s wall, 6.875s user + 0.453s system = 7.328s CPU (105.3%)

Start tech-optimization.
Executing : tech-optimization successfully. Time elapsed: 0.611s wall, 0.703s user + 0.094s system = 0.797s CPU (130.4%)

Start phys-optimization.
Executing : phys-optimization successfully. Time elapsed: 0.000s wall, 0.000s user + 0.000s system = 0.000s CPU (n/a%)

Start restore-hierarchy.
Executing : restore-hierarchy successfully. Time elapsed: 0.605s wall, 0.578s user + 0.000s system = 0.578s CPU (95.5%)

W: Unable to honor max fanout constraint for gtp_inv driven net u_UART/rst_1
W: Unable to honor max fanout constraint for gtp_inv driven net u_UART/rst_1
W: prevent name conflict by renaming net u_UART/rst_1 to u_UART/rst_1_rnmt

Cell Usage:
GTP_DFF                      19 uses
GTP_DFF_C                    58 uses
GTP_DFF_CE                 2836 uses
GTP_DFF_E                    19 uses
GTP_DFF_PE                   10 uses
GTP_DFF_RE                   62 uses
GTP_DFF_S                     1 use
GTP_DFF_SE                    1 use
GTP_DRM18K                   48 uses
GTP_GRS                       1 use
GTP_INV                       4 uses
GTP_LUT1                      3 uses
GTP_LUT2                    171 uses
GTP_LUT3                    476 uses
GTP_LUT4                    196 uses
GTP_LUT5                   1015 uses
GTP_LUT5CARRY               950 uses
GTP_LUT5M                  1359 uses
GTP_MUX2LUT6                529 uses
GTP_MUX2LUT7                201 uses
GTP_MUX2LUT8                 64 uses
GTP_PLL_E3                    1 use

I/O ports: 45
GTP_INBUF                   3 uses
GTP_OUTBUF                 42 uses

Mapping Summary:
Total LUTs: 4170 of 42800 (9.74%)
	LUTs as dram: 0 of 17000 (0.00%)
	LUTs as logic: 4170
Total Registers: 3006 of 64200 (4.68%)
Total Latches: 0

DRM18K:
Total DRM18K = 48.0 of 134 (35.82%)

APMs:
Total APMs = 0.00 of 84 (0.00%)

Total I/O ports = 45 of 218 (20.64%)


Overview of Control Sets:

Number of unique control sets : 106

Histogram:
**************************************************************
  Fanout      | Count    | Sync Set/Reset    Async Set/Reset
--------------------------------------------------------------
  [0, 2)      | 1        | 1                 0
  [2, 4)      | 5        | 2                 3
  [4, 6)      | 15       | 3                 12
  [6, 8)      | 5        | 0                 5
  [8, 10)     | 4        | 3                 1
  [10, 12)    | 1        | 0                 1
  [12, 14)    | 1        | 0                 1
  [14, 16)    | 1        | 0                 1
  [16, Inf)   | 73       | 3                 70
--------------------------------------------------------------
  The maximum fanout: 70
==============================================================

Flip-Flop Distribution:
************************************************************************
  Clock Enable    Sync Set/Reset    Async Set/Reset    Total Registers
------------------------------------------------------------------------
  NO              NO                NO                 19
  NO              NO                YES                58
  NO              YES               NO                 1
  YES             NO                NO                 19
  YES             NO                YES                2846
  YES             YES               NO                 63
========================================================================

Latch Distribution:
************************************************
  Gate Enable    Preset/Clear    Total Latches
************************************************
  NO             NO              0
  NO             YES             0
  YES            NO              0
  YES            YES             0
************************************************

Design 'SoC_Top' has been successfully synthesized to architecture-specific objects.
Saving design to DB.
Saving design to SoC_Top_syn.vm
Constructing timing graph ...
Timing graph has been constructed successfully
W: Timing-4087: Port 'ext_axi_if_arready' is not constrained, it is treated as combinational output.
W: Timing-4087: Port 'ext_axi_if_awready' is not constrained, it is treated as combinational output.
W: Timing-4087: Port 'ext_axi_if_bresp[0]' is not constrained, it is treated as combinational output.
W: Timing-4087: Port 'ext_axi_if_bresp[1]' is not constrained, it is treated as combinational output.
W: Timing-4087: Port 'ext_axi_if_bvalid' is not constrained, it is treated as combinational output.
W: Timing-4087: Port 'ext_axi_if_rdata[0]' is not constrained, it is treated as combinational output.
W: Timing-4087: Port 'ext_axi_if_rdata[1]' is not constrained, it is treated as combinational output.
W: Timing-4087: Port 'ext_axi_if_rdata[2]' is not constrained, it is treated as combinational output.
W: Timing-4087: Port 'ext_axi_if_rdata[3]' is not constrained, it is treated as combinational output.
W: Timing-4087: Port 'ext_axi_if_rdata[4]' is not constrained, it is treated as combinational output.
W: Timing-4087: Port 'ext_axi_if_rdata[5]' is not constrained, it is treated as combinational output.
W: Timing-4087: Port 'ext_axi_if_rdata[6]' is not constrained, it is treated as combinational output.
W: Timing-4087: Port 'ext_axi_if_rdata[7]' is not constrained, it is treated as combinational output.
W: Timing-4087: Port 'ext_axi_if_rdata[8]' is not constrained, it is treated as combinational output.
W: Timing-4087: Port 'ext_axi_if_rdata[9]' is not constrained, it is treated as combinational output.
W: Timing-4087: Port 'ext_axi_if_rdata[10]' is not constrained, it is treated as combinational output.
W: Timing-4087: Port 'ext_axi_if_rdata[11]' is not constrained, it is treated as combinational output.
W: Timing-4087: Port 'ext_axi_if_rdata[12]' is not constrained, it is treated as combinational output.
W: Timing-4087: Port 'ext_axi_if_rdata[13]' is not constrained, it is treated as combinational output.
W: Timing-4087: Port 'ext_axi_if_rdata[14]' is not constrained, it is treated as combinational output.
W: Timing-4087: Port 'ext_axi_if_rdata[15]' is not constrained, it is treated as combinational output.
W: Timing-4087: Port 'ext_axi_if_rdata[16]' is not constrained, it is treated as combinational output.
W: Timing-4087: Port 'ext_axi_if_rdata[17]' is not constrained, it is treated as combinational output.
W: Timing-4087: Port 'ext_axi_if_rdata[18]' is not constrained, it is treated as combinational output.
W: Timing-4087: Port 'ext_axi_if_rdata[19]' is not constrained, it is treated as combinational output.
W: Timing-4087: Port 'ext_axi_if_rdata[20]' is not constrained, it is treated as combinational output.
W: Timing-4087: Port 'ext_axi_if_rdata[21]' is not constrained, it is treated as combinational output.
W: Timing-4087: Port 'ext_axi_if_rdata[22]' is not constrained, it is treated as combinational output.
W: Timing-4087: Port 'ext_axi_if_rdata[23]' is not constrained, it is treated as combinational output.
W: Timing-4087: Port 'ext_axi_if_rdata[24]' is not constrained, it is treated as combinational output.
W: Timing-4087: Port 'ext_axi_if_rdata[25]' is not constrained, it is treated as combinational output.
W: Timing-4087: Port 'ext_axi_if_rdata[26]' is not constrained, it is treated as combinational output.
W: Timing-4087: Port 'ext_axi_if_rdata[27]' is not constrained, it is treated as combinational output.
W: Timing-4087: Port 'ext_axi_if_rdata[28]' is not constrained, it is treated as combinational output.
W: Timing-4087: Port 'ext_axi_if_rdata[29]' is not constrained, it is treated as combinational output.
W: Timing-4087: Port 'ext_axi_if_rdata[30]' is not constrained, it is treated as combinational output.
W: Timing-4087: Port 'ext_axi_if_rdata[31]' is not constrained, it is treated as combinational output.
W: Timing-4087: Port 'ext_axi_if_rresp[0]' is not constrained, it is treated as combinational output.
W: Timing-4087: Port 'ext_axi_if_rresp[1]' is not constrained, it is treated as combinational output.
W: Timing-4087: Port 'ext_axi_if_rvalid' is not constrained, it is treated as combinational output.
W: Timing-4087: Port 'ext_axi_if_wready' is not constrained, it is treated as combinational output.
W: Timing-4087: Port 'uart_tx' is not constrained, it is treated as combinational output.
W: Timing-4086: Port 'rst_n' is not constrained, it is treated as combinational input.
W: Timing-4086: Port 'uart_rx' is not constrained, it is treated as combinational input.
Action synthesize: Real time elapsed is 0h:0m:22s
Action synthesize: CPU time elapsed is 0h:0m:19s
Action synthesize: Process CPU time elapsed is 0h:0m:20s
Current time: Fri Apr  3 00:02:27 2026
Action synthesize: Peak memory pool usage is 414 MB
Action from compile to synthesize: Total Real Time elapsed is 0h:0m:29s
Action from compile to synthesize: Total CPU time elapsed is 0h:0m:22s
Action from compile to synthesize: Total Process CPU Time elapsed is 0h:0m:23s
Process "Synthesize" done.


Process "Device Map" started.
Current time: Fri Apr  3 00:02:27 2026
Compiling architecture definition.
Analyzing project file 'D:/FPGA/TSP_RISC-V-2.4/FPGA/pango_cpu/pango_cpu.pds'.
Compiling verification operator library.
Compiling common defs.
Loading technology operator library.
Compiling technology operator library.
Compiling technology operator (valence) library.
Compiling operator packing rules.
Compiling prim grid devices.
Compiling gate devices.
Compiling gate operators.
Compiling tech operator impls.
Building architecture model.
Loading device packaging model.
NOTE: The technology fpga was specified.
NOTE: delay_model specified was generic_cmos.
NOTE: Using the fpga syntax tables...
Totals:
 Calls to malloc = 0
 Calls to calloc = 111555

W: ConstraintEditor-4019: Port Bus 'ext_axi_if_araddr' unspecified I/O constraint.
W: ConstraintEditor-4019: Port Bus 'ext_axi_if_awaddr' unspecified I/O constraint.
W: ConstraintEditor-4019: Port Bus 'ext_axi_if_bresp' unspecified I/O constraint.
W: ConstraintEditor-4019: Port Bus 'ext_axi_if_rdata' unspecified I/O constraint.
W: ConstraintEditor-4019: Port Bus 'ext_axi_if_rresp' unspecified I/O constraint.
W: ConstraintEditor-4019: Port Bus 'ext_axi_if_wdata' unspecified I/O constraint.
W: ConstraintEditor-4019: Port Bus 'ext_axi_if_wstrb' unspecified I/O constraint.
W: ConstraintEditor-4019: Port 'ext_axi_if_arready' unspecified I/O constraint.
W: ConstraintEditor-4019: Port 'ext_axi_if_arvalid' unspecified I/O constraint.
W: ConstraintEditor-4019: Port 'ext_axi_if_awready' unspecified I/O constraint.
W: ConstraintEditor-4019: Port 'ext_axi_if_awvalid' unspecified I/O constraint.
W: ConstraintEditor-4019: Port 'ext_axi_if_bready' unspecified I/O constraint.
W: ConstraintEditor-4019: Port 'ext_axi_if_bvalid' unspecified I/O constraint.
W: ConstraintEditor-4019: Port 'ext_axi_if_rready' unspecified I/O constraint.
W: ConstraintEditor-4019: Port 'ext_axi_if_rvalid' unspecified I/O constraint.
W: ConstraintEditor-4019: Port 'ext_axi_if_wready' unspecified I/O constraint.
W: ConstraintEditor-4019: Port 'ext_axi_if_wvalid' unspecified I/O constraint.
Flattening design 'SoC_Top'
Device mapping started.
Optimizing circuit logic.
Checking design netlist.
Processing tech operator.
I: The instance clkbufg_0(GTP_CLKBUFG) has been inserted on the net clk in design, driver pin CLKOUT0(instance u_sys_pll/u_pll_e3) -> load pin CLK(instance u_Interconnect/r_target_reg[0]).
Converting tech operator to gate operator.
Processing gate operator.
I: Infer CARRY group, base inst: u_Timer/N161_1_0/gateop, insts:32.
I: Infer CARRY group, base inst: u_Timer/N170_1_0/gateop, insts:32.
I: Infer CARRY group, base inst: u_TSP_Core/u_PC_control/N3.eq_0/gateop, insts:9.
I: Infer CARRY group, base inst: u_TSP_Core/u_PC_control/N10.eq_0/gateop, insts:9.
I: Infer CARRY group, base inst: u_TSP_Core/u_PC_control/N17.eq_0/gateop, insts:9.
I: Infer CARRY group, base inst: u_TSP_Core/u_PC_control/N24.eq_0/gateop, insts:9.
I: Infer CARRY group, base inst: u_TSP_Core/u_PC_control/N31.eq_0/gateop, insts:9.
I: Infer CARRY group, base inst: u_TSP_Core/u_PC_control/N38.eq_0/gateop, insts:9.
I: Infer CARRY group, base inst: u_TSP_Core/u_PC_control/N45.eq_0/gateop, insts:9.
I: Infer CARRY group, base inst: u_TSP_Core/u_PC_control/N52.eq_0/gateop, insts:9.
I: Infer CARRY group, base inst: u_TSP_Core/u_PC_control/N59.eq_0/gateop, insts:9.
I: Infer CARRY group, base inst: u_TSP_Core/u_PC_control/N66.eq_0/gateop, insts:9.
I: Infer CARRY group, base inst: u_TSP_Core/u_PC_control/N73.eq_0/gateop, insts:9.
I: Infer CARRY group, base inst: u_TSP_Core/u_PC_control/N80.eq_0/gateop, insts:9.
I: Infer CARRY group, base inst: u_TSP_Core/u_PC_control/N87.eq_0/gateop, insts:9.
I: Infer CARRY group, base inst: u_TSP_Core/u_PC_control/N94.eq_0/gateop, insts:9.
I: Infer CARRY group, base inst: u_TSP_Core/u_PC_control/N101.eq_0/gateop, insts:9.
I: Infer CARRY group, base inst: u_TSP_Core/u_PC_control/N108.eq_0/gateop, insts:9.
I: Infer CARRY group, base inst: u_TSP_Core/u_PC_control/N119_1_0/gateop, insts:30.
I: Infer CARRY group, base inst: u_TSP_Core/u_PC_control/N126.eq_0/gateop, insts:9.
I: Infer CARRY group, base inst: u_TSP_Core/u_PC_control/N130.eq_0/gateop, insts:9.
I: Infer CARRY group, base inst: u_TSP_Core/u_PC_control/N134.eq_0/gateop, insts:9.
I: Infer CARRY group, base inst: u_TSP_Core/u_PC_control/N138.eq_0/gateop, insts:9.
I: Infer CARRY group, base inst: u_TSP_Core/u_PC_control/N142.eq_0/gateop, insts:9.
I: Infer CARRY group, base inst: u_TSP_Core/u_PC_control/N146.eq_0/gateop, insts:9.
I: Infer CARRY group, base inst: u_TSP_Core/u_PC_control/N150.eq_0/gateop, insts:9.
I: Infer CARRY group, base inst: u_TSP_Core/u_PC_control/N154.eq_0/gateop, insts:9.
I: Infer CARRY group, base inst: u_TSP_Core/u_PC_control/N158.eq_0/gateop, insts:9.
I: Infer CARRY group, base inst: u_TSP_Core/u_PC_control/N162.eq_0/gateop, insts:9.
I: Infer CARRY group, base inst: u_TSP_Core/u_PC_control/N166.eq_0/gateop, insts:9.
I: Infer CARRY group, base inst: u_TSP_Core/u_PC_control/N170.eq_0/gateop, insts:9.
I: Infer CARRY group, base inst: u_TSP_Core/u_PC_control/N174.eq_0/gateop, insts:9.
I: Infer CARRY group, base inst: u_TSP_Core/u_PC_control/N178.eq_0/gateop, insts:9.
I: Infer CARRY group, base inst: u_TSP_Core/u_PC_control/N182.eq_0/gateop, insts:9.
I: Infer CARRY group, base inst: u_TSP_Core/u_PC_control/N186.eq_0/gateop, insts:9.
I: Infer CARRY group, base inst: u_TSP_Core/u_TSP_Disp_Exu/N6.eq_0/gateop, insts:3.
I: Infer CARRY group, base inst: u_TSP_Core/u_TSP_Disp_Exu/N12.eq_0/gateop, insts:3.
I: Infer CARRY group, base inst: u_TSP_Core/u_TSP_Disp_Exu/N18.eq_0/gateop, insts:3.
I: Infer CARRY group, base inst: u_TSP_Core/u_TSP_Disp_Exu/N24.eq_0/gateop, insts:3.
I: Infer CARRY group, base inst: u_TSP_Core/u_TSP_Disp_Exu/Exu_muldiv_u0/u_multiplier/N36_3_0/gateop, insts:34.
I: Infer CARRY group, base inst: u_TSP_Core/u_TSP_Disp_Exu/Exu_muldiv_u0/u_multiplier/N39_1.fsub_1/gateop, insts:5.
I: Infer CARRY group, base inst: u_TSP_Core/u_TSP_Disp_Exu/Exu_muldiv_u0/u_multiplier/N64_1_1/gateop, insts:63.
I: Infer CARRY group, base inst: u_UART/u_uart_core/uart_tx_inst/N121_3.fsub_1/gateop, insts:19.
I: Infer CARRY group, base inst: u_TSP_Core/u_TSP_Disp_Exu/Exu_muldiv_u0/u_divider/N5_1_1/gateop, insts:31.
I: Infer CARRY group, base inst: u_TSP_Core/u_TSP_Disp_Exu/Exu_muldiv_u0/u_divider/N9_1_1/gateop, insts:31.
I: Infer CARRY group, base inst: u_TSP_Core/u_TSP_Disp_Exu/Exu_muldiv_u0/u_divider/N34.lt_0/gateop, insts:16.
I: Infer CARRY group, base inst: u_TSP_Core/u_TSP_Disp_Exu/Exu_muldiv_u0/u_divider/N41_3.fsub_0/gateop, insts:33.
I: Infer CARRY group, base inst: u_UART/u_uart_core/uart_rx_inst/N196_3.fsub_1/gateop, insts:19.
I: Infer CARRY group, base inst: u_TSP_Core/u_TSP_Disp_Exu/N81.eq_0/gateop, insts:3.
I: Infer CARRY group, base inst: u_TSP_Core/u_TSP_Disp_Exu/N87.eq_0/gateop, insts:3.
I: Infer CARRY group, base inst: u_TSP_Core/u_TSP_Disp_Exu/N93.eq_0/gateop, insts:3.
I: Infer CARRY group, base inst: u_TSP_Core/u_TSP_Disp_Exu/N103.eq_0/gateop, insts:3.
I: Infer CARRY group, base inst: u_TSP_Core/u_TSP_Disp_Exu/N109.eq_0/gateop, insts:3.
I: Infer CARRY group, base inst: u_TSP_Core/u_TSP_Disp_Exu/N115.eq_0/gateop, insts:3.
I: Infer CARRY group, base inst: u_TSP_Core/u_TSP_Disp_Exu/N125.eq_0/gateop, insts:3.
I: Infer CARRY group, base inst: u_TSP_Core/u_TSP_Disp_Exu/N131.eq_0/gateop, insts:3.
I: Infer CARRY group, base inst: u_TSP_Core/u_TSP_Disp_Exu/N137.eq_0/gateop, insts:3.
I: Infer CARRY group, base inst: u_TSP_Core/u_TSP_Disp_Exu/N147.eq_0/gateop, insts:3.
I: Infer CARRY group, base inst: u_TSP_Core/u_TSP_Disp_Exu/N153.eq_0/gateop, insts:3.
I: Infer CARRY group, base inst: u_TSP_Core/u_TSP_Disp_Exu/N159.eq_0/gateop, insts:3.
I: Infer CARRY group, base inst: u_TSP_Core/u_TSP_Disp_Exu/N169.eq_0/gateop, insts:3.
I: Infer CARRY group, base inst: u_TSP_Core/u_TSP_Disp_Exu/N175.eq_0/gateop, insts:3.
I: Infer CARRY group, base inst: u_TSP_Core/u_TSP_Disp_Exu/N181.eq_0/gateop, insts:3.
I: Infer CARRY group, base inst: u_TSP_Core/u_TSP_Disp_Exu/N191.eq_0/gateop, insts:3.
I: Infer CARRY group, base inst: u_TSP_Core/u_TSP_Disp_Exu/N197.eq_0/gateop, insts:3.
I: Infer CARRY group, base inst: u_TSP_Core/u_TSP_Disp_Exu/N203.eq_0/gateop, insts:3.
I: Infer CARRY group, base inst: u_TSP_Core/u_TSP_Disp_Exu/N213.eq_0/gateop, insts:3.
I: Infer CARRY group, base inst: u_TSP_Core/u_TSP_Disp_Exu/N219.eq_0/gateop, insts:3.
I: Infer CARRY group, base inst: u_TSP_Core/u_TSP_Disp_Exu/N225.eq_0/gateop, insts:3.
I: Infer CARRY group, base inst: u_TSP_Core/u_TSP_Disp_Exu/N235.eq_0/gateop, insts:3.
I: Infer CARRY group, base inst: u_TSP_Core/u_TSP_Disp_Exu/N241.eq_0/gateop, insts:3.
I: Infer CARRY group, base inst: u_TSP_Core/u_TSP_Disp_Exu/N247.eq_0/gateop, insts:3.
I: Infer CARRY group, base inst: u_TSP_Core/u_TSP_Disp_Exu/N288.eq_0/gateop, insts:3.
I: Infer CARRY group, base inst: u_TSP_Core/u_TSP_Disp_Exu/N293.eq_0/gateop, insts:3.
I: Infer CARRY group, base inst: u_TSP_Core/u_TSP_Disp_Exu/N298.eq_0/gateop, insts:3.
I: Infer CARRY group, base inst: u_TSP_Core/u_TSP_Disp_Exu/N303.eq_0/gateop, insts:3.
I: Infer CARRY group, base inst: u_TSP_Core/u_TSP_Disp_Exu/N308.eq_0/gateop, insts:3.
I: Infer CARRY group, base inst: u_TSP_Core/u_TSP_Disp_Exu/N313.eq_0/gateop, insts:3.
I: Infer CARRY group, base inst: u_TSP_Core/u_TSP_Disp_Exu/N318.eq_0/gateop, insts:3.
I: Infer CARRY group, base inst: u_TSP_Core/u_TSP_Disp_Exu/N323.eq_0/gateop, insts:3.
I: Infer CARRY group, base inst: u_TSP_Core/u_TSP_Disp_Exu/Exu_muldiv_u0/u_divider/N45_1.fsub_1/gateop, insts:5.
I: Infer CARRY group, base inst: u_TSP_Core/u_TSP_Disp_Exu/Exu_muldiv_u0/u_divider/N79_1_0/gateop, insts:32.
I: Infer CARRY group, base inst: u_TSP_Core/u_TSP_Disp_Exu/Exu_muldiv_u0/u_divider/N85_1_1/gateop, insts:31.
I: Infer CARRY group, base inst: u_TSP_Core/u_TSP_Disp_Exu/Exu_bjp_u0/N10_1_0/gateop, insts:30.
I: Infer CARRY group, base inst: u_TSP_Core/u_TSP_Disp_Exu/Exu_common_u0/N33_0/gateop, insts:33.
I: Infer CARRY group, base inst: u_TSP_Core/u_TSP_Disp_Exu/Exu_common_u0/N126.eq_0/gateop, insts:16.
I: Infer CARRY group, base inst: u_TSP_Core/u_TSP_Disp_Exu/Exu_common_u0/N127.slt_0/gateop, insts:16.
I: Infer CARRY group, base inst: u_TSP_Core/u_TSP_Disp_Exu/Exu_common_u0/N128.lt_0/gateop, insts:16.
I: Infer CARRY group, base inst: u_TSP_Core/u_TSP_Disp_Exu/Exu_common_u0/N134_1_0/gateop, insts:30.
Device Utilization Summary:
+------------------------------------------------------------------------+
| Logic Utilization     | Used     | Available     | Utilization(%)     
+------------------------------------------------------------------------+
| APM                   | 0        | 84            | 0                  
| IOCKDLY               | 0        | 40            | 0                  
| FF                    | 3006     | 64200         | 5                  
| LUT                   | 4170     | 42800         | 10                 
| Distributed RAM       | 0        | 17000         | 0                  
| DLL                   | 0        | 10            | 0                  
| DQSL                  | 0        | 18            | 0                  
| DRM                   | 48       | 134           | 36                 
| FUSECODE              | 0        | 1             | 0                  
| IO                    | 45       | 218           | 21                 
| IOCKDIV               | 0        | 20            | 0                  
| IOCKGATE              | 0        | 20            | 0                  
| IPAL                  | 0        | 1             | 0                  
| PLL                   | 1        | 5             | 20                 
| RCKB                  | 0        | 24            | 0                  
| SCANCHAIN             | 0        | 2             | 0                  
| START                 | 0        | 1             | 0                  
| USCM                  | 1        | 30            | 4                  
| OSC                   | 0        | 1             | 0                  
| CRYSTAL               | 0        | 2             | 0                  
| RESCAL                | 0        | 4             | 0                  
| UDID                  | 0        | 1             | 0                  
+------------------------------------------------------------------------+

Device mapping done.
Total device mapping takes 0.69 sec.

Design 'SoC_Top' has been successfully mapped to architecture-specific objects.
Saving design to DB.
W: Public-4010: Pcf file D:/FPGA/TSP_RISC-V-2.4/FPGA/pango_cpu/device_map/SoC_Top.pcf has been covered.
Action dev_map: Real time elapsed is 0h:0m:6s
Action dev_map: CPU time elapsed is 0h:0m:5s
Action dev_map: Process CPU time elapsed is 0h:0m:5s
Current time: Fri Apr  3 00:02:33 2026
Action dev_map: Peak memory pool usage is 316 MB
Action from compile to dev_map: Total Real Time elapsed is 0h:0m:35s
Action from compile to dev_map: Total CPU time elapsed is 0h:0m:27s
Action from compile to dev_map: Total Process CPU Time elapsed is 0h:0m:28s
Process "Device Map" done.


Process "Place & Route" started.
Current time: Fri Apr  3 00:02:33 2026
Compiling architecture definition.
Analyzing project file 'D:/FPGA/TSP_RISC-V-2.4/FPGA/pango_cpu/pango_cpu.pds'.
Compiling verification operator library.
Compiling common defs.
Compiling prim grid devices.
Compiling gate devices.
Compiling gate operators.
Building architecture model.
Loading device packaging model.
pnr strategy configuration : 
strategy name : 0
Building architecture floorplan logic view.
Constraint check start.
Executing : def_port {uart_tx} LOC=T11 VCCIO=3.3 IOSTANDARD=LVCMOS33 PULLUP=TRUE
C: ConstraintEditor-2009: uart_tx is lack of SLEW, OUTPUT or INOUT PORT had better set SLEW, the optional value is {SLOW, FAST}.
C: ConstraintEditor-2009: uart_tx is lack of DRIVE, OUTPUT or INOUT PORT had better set DRIVE, the optional value is {8, 4, 12, 16, 24}.
Executing : def_port {uart_tx} LOC=T11 VCCIO=3.3 IOSTANDARD=LVCMOS33 PULLUP=TRUE successfully
Executing : def_port {rst_n} LOC=C4 VCCIO=1.2 IOSTANDARD=LVCMOS12 PULLUP=TRUE
Executing : def_port {rst_n} LOC=C4 VCCIO=1.2 IOSTANDARD=LVCMOS12 PULLUP=TRUE successfully
Executing : def_port {sys_clk} LOC=V9 VCCIO=3.3 IOSTANDARD=LVCMOS33 PULLUP=TRUE
Executing : def_port {sys_clk} LOC=V9 VCCIO=3.3 IOSTANDARD=LVCMOS33 PULLUP=TRUE successfully
Executing : def_port {uart_rx} LOC=R11 VCCIO=3.3 IOSTANDARD=LVCMOS33 PULLUP=TRUE
Executing : def_port {uart_rx} LOC=R11 VCCIO=3.3 IOSTANDARD=LVCMOS33 PULLUP=TRUE successfully
W: ConstraintEditor-4019: Port Bus 'ext_axi_if_araddr' unspecified I/O constraint.
W: ConstraintEditor-4019: Port Bus 'ext_axi_if_awaddr' unspecified I/O constraint.
W: ConstraintEditor-4019: Port Bus 'ext_axi_if_bresp' unspecified I/O constraint.
W: ConstraintEditor-4019: Port Bus 'ext_axi_if_rdata' unspecified I/O constraint.
W: ConstraintEditor-4019: Port Bus 'ext_axi_if_rresp' unspecified I/O constraint.
W: ConstraintEditor-4019: Port Bus 'ext_axi_if_wdata' unspecified I/O constraint.
W: ConstraintEditor-4019: Port Bus 'ext_axi_if_wstrb' unspecified I/O constraint.
W: ConstraintEditor-4019: Port 'ext_axi_if_arready' unspecified I/O constraint.
W: ConstraintEditor-4019: Port 'ext_axi_if_arvalid' unspecified I/O constraint.
W: ConstraintEditor-4019: Port 'ext_axi_if_awready' unspecified I/O constraint.
W: ConstraintEditor-4019: Port 'ext_axi_if_awvalid' unspecified I/O constraint.
W: ConstraintEditor-4019: Port 'ext_axi_if_bready' unspecified I/O constraint.
W: ConstraintEditor-4019: Port 'ext_axi_if_bvalid' unspecified I/O constraint.
W: ConstraintEditor-4019: Port 'ext_axi_if_rready' unspecified I/O constraint.
W: ConstraintEditor-4019: Port 'ext_axi_if_rvalid' unspecified I/O constraint.
W: ConstraintEditor-4019: Port 'ext_axi_if_wready' unspecified I/O constraint.
W: ConstraintEditor-4019: Port 'ext_axi_if_wvalid' unspecified I/O constraint.
Constraint check end.
NOTE: The technology fpga was specified.
NOTE: delay_model specified was generic_cmos.
NOTE: Using the fpga syntax tables...
Totals:
 Calls to malloc = 0
 Calls to calloc = 5993935

I: Column Clock Check open.
Read Column Clock Map.

Placement started.
Phase 1 Pre global placement started.
Mapping instance u_sys_pll/u_pll_e3/goppll to PLL_158_55.
Phase 1.1 1st GP placement started.
Design Utilization : 10%.
First map gop timing takes 0.27 sec
Worst slack after clock region global placement is 2597
Wirelength after clock region global placement is 67588 and checksum is 55F7C6432E95D903.
1st GP placement takes 3.36 sec.

Phase 1.2 Clock placement started.
Mapping instance clkbufg_0/gopclkbufg to USCM_84_108.
Clock placement takes 0.14 sec.

Wirelength after Pre Global Placement is 67588 and checksum is 55F7C6432E95D903.
Pre global placement takes 3.67 sec.

Phase 2 Global placement started.
Phase 2.1 Fixed placement started.
Placed fixed group with base inst rst_n_ibuf/opit_1 on IOL_11_373.
Placed fixed group with base inst sys_clk_ibuf/opit_1 on IOL_159_5.
Placed fixed group with base inst uart_rx_ibuf/opit_1 on IOL_219_6.
Placed fixed group with base inst uart_tx_obuf/opit_1 on IOL_219_5.
Placed fixed instance clkbufg_0/gopclkbufg on USCM_84_108.
Placed fixed instance u_sys_pll/u_pll_e3/goppll on PLL_158_55.
Placed fixed instance BKCL_auto_0 on BKCL_188_376.
Placed fixed instance BKCL_auto_1 on BKCL_192_0.
Fixed placement takes 0.11 sec.

Phase 2.2 Process placement started.
Process placement takes 0.00 sec.

Phase 2.3 IO placement started.
IO placement takes 0.05 sec.

Phase 2.4 2nd GP placement started.
Run super clustering :
	Initial slack -11534.
	13 iterations finished.
	Final slack -366.
Super clustering done.
Design Utilization : 10%.
Worst slack after global placement is 839
2nd GP placement takes 2.56 sec.

Wirelength after global placement is 74332 and checksum is 238765564EAC265.
Global placement takes 2.72 sec.

Phase 3 Post global placement started.
Phase 3.1 Macro cell placement started.
I: Process macros using "Greedy".
Wirelength after macro cell placement is 90290 and checksum is E86C92B410912DF8.
Macro cell placement takes 0.00 sec.

Phase 3.2 3rd GP placement started.
Run super clustering :
	Initial slack -11534.
	13 iterations finished.
	Final slack -366.
Super clustering done.
Design Utilization : 10%.
Worst slack after post global placement is 1385
3rd GP placement takes 2.11 sec.

Wirelength after post global placement is 79592 and checksum is E7550015C070088E.
Post global placement takes 2.12 sec.

Phase 4 Legalization started.
The average distance in LP is 0.953084.
Wirelength after legalization is 93073 and checksum is C695D701F75EF5CF.
Legalization takes 0.50 sec.

Phase 5 Timing-driven detailed placement started.
Phase 5.1 Replication placement started.
Worst slack before Replication Place is -672.
Replication placement takes 0.17 sec.

Wirelength after replication placement is 93073 and checksum is C695D701F75EF5CF.
Phase 5.2 DP placement started.
Legalized cost -672.000000.
The detailed placement ends at 1th iteration.
DP placement takes 0.55 sec.

Wirelength after detailed placement is 95269 and checksum is 89FC30447427FCCA.
Timing-driven detailed placement takes 0.73 sec.

Worst slack is 3312, TNS after placement is 0.
Placement done.
Total placement takes 11.36 sec.
Finished placement.

Routing started.
Building routing graph takes 1.11 sec.
Worst slack is 3312, TNS before global route is 0.
Processing design graph takes 0.59 sec.
Total memory for routing:
	119.851213 M.
Total nets for routing : 8542.
Global Routing step 1 processed 0 nets, it takes 0.08 sec.
Rcf routing step 1 processed 0 nets, it takes 0.00 sec.
Rcf routing step 2 processed 0 nets, it takes 0.00 sec.
Rcf routing step 3 processed 0 nets, it takes 0.00 sec.
Unrouted nets 0 at the end of iteration 0.
Global Routing step 1 processed 153 nets, it takes 0.02 sec.
Unrouted nets 200 at the end of iteration 0.
Unrouted nets 156 at the end of iteration 1.
Unrouted nets 138 at the end of iteration 2.
Unrouted nets 118 at the end of iteration 3.
Unrouted nets 86 at the end of iteration 4.
Unrouted nets 51 at the end of iteration 5.
Unrouted nets 38 at the end of iteration 6.
Unrouted nets 38 at the end of iteration 7.
Unrouted nets 34 at the end of iteration 8.
Unrouted nets 30 at the end of iteration 9.
Unrouted nets 21 at the end of iteration 10.
Unrouted nets 19 at the end of iteration 11.
Unrouted nets 15 at the end of iteration 12.
Unrouted nets 14 at the end of iteration 13.
Unrouted nets 11 at the end of iteration 14.
Unrouted nets 10 at the end of iteration 15.
Unrouted nets 10 at the end of iteration 16.
Unrouted nets 7 at the end of iteration 17.
Unrouted nets 8 at the end of iteration 18.
Unrouted nets 7 at the end of iteration 19.
Unrouted nets 7 at the end of iteration 20.
Unrouted nets 8 at the end of iteration 21.
Unrouted nets 5 at the end of iteration 22.
Unrouted nets 5 at the end of iteration 23.
Unrouted nets 5 at the end of iteration 24.
Unrouted nets 3 at the end of iteration 25.
Unrouted nets 3 at the end of iteration 26.
Unrouted nets 3 at the end of iteration 27.
Unrouted nets 2 at the end of iteration 28.
Unrouted nets 3 at the end of iteration 29.
Unrouted nets 2 at the end of iteration 30.
Unrouted nets 2 at the end of iteration 31.
Unrouted nets 2 at the end of iteration 32.
Unrouted nets 2 at the end of iteration 33.
Unrouted nets 2 at the end of iteration 34.
Unrouted nets 2 at the end of iteration 35.
Unrouted nets 1 at the end of iteration 36.
Unrouted nets 1 at the end of iteration 37.
Unrouted nets 1 at the end of iteration 38.
Unrouted nets 1 at the end of iteration 39.
Unrouted nets 1 at the end of iteration 40.
Unrouted nets 1 at the end of iteration 41.
Unrouted nets 1 at the end of iteration 42.
Unrouted nets 1 at the end of iteration 43.
Unrouted nets 1 at the end of iteration 44.
Unrouted nets 1 at the end of iteration 45.
Unrouted nets 2 at the end of iteration 46.
Unrouted nets 1 at the end of iteration 47.
Unrouted nets 1 at the end of iteration 48.
Unrouted nets 1 at the end of iteration 49.
Unrouted nets 2 at the end of iteration 50.
Unrouted nets 1 at the end of iteration 51.
Unrouted nets 1 at the end of iteration 52.
Unrouted nets 1 at the end of iteration 53.
Unrouted nets 1 at the end of iteration 54.
Unrouted nets 1 at the end of iteration 55.
Unrouted nets 1 at the end of iteration 56.
Unrouted nets 1 at the end of iteration 57.
Unrouted nets 1 at the end of iteration 58.
Unrouted nets 1 at the end of iteration 59.
Unrouted nets 1 at the end of iteration 60.
Unrouted nets 1 at the end of iteration 61.
Unrouted nets 2 at the end of iteration 62.
Unrouted nets 1 at the end of iteration 63.
Unrouted nets 2 at the end of iteration 64.
Unrouted nets 1 at the end of iteration 65.
Unrouted nets 1 at the end of iteration 66.
Unrouted nets 1 at the end of iteration 67.
Unrouted nets 1 at the end of iteration 68.
Unrouted nets 1 at the end of iteration 69.
Unrouted nets 1 at the end of iteration 70.
Unrouted nets 1 at the end of iteration 71.
Unrouted nets 1 at the end of iteration 72.
Unrouted nets 2 at the end of iteration 73.
Unrouted nets 1 at the end of iteration 74.
Unrouted nets 1 at the end of iteration 75.
Unrouted nets 1 at the end of iteration 76.
Unrouted nets 1 at the end of iteration 77.
Unrouted nets 1 at the end of iteration 78.
Unrouted nets 1 at the end of iteration 79.
Unrouted nets 1 at the end of iteration 80.
Unrouted nets 1 at the end of iteration 81.
Unrouted nets 1 at the end of iteration 82.
Unrouted nets 1 at the end of iteration 83.
Unrouted nets 1 at the end of iteration 84.
Unrouted nets 1 at the end of iteration 85.
Unrouted nets 1 at the end of iteration 86.
Unrouted nets 1 at the end of iteration 87.
Unrouted nets 1 at the end of iteration 88.
Unrouted nets 1 at the end of iteration 89.
Unrouted nets 1 at the end of iteration 90.
Unrouted nets 1 at the end of iteration 91.
Unrouted nets 2 at the end of iteration 92.
Unrouted nets 1 at the end of iteration 93.
Unrouted nets 1 at the end of iteration 94.
Unrouted nets 1 at the end of iteration 95.
Unrouted nets 1 at the end of iteration 96.
Unrouted nets 2 at the end of iteration 97.
Unrouted nets 1 at the end of iteration 98.
Unrouted nets 1 at the end of iteration 99.
Unrouted nets 1 at the end of iteration 100.
Unrouted nets 1 at the end of iteration 101.
Unrouted nets 2 at the end of iteration 102.
Unrouted nets 1 at the end of iteration 103.
Unrouted nets 1 at the end of iteration 104.
Unrouted nets 1 at the end of iteration 105.
Unrouted nets 1 at the end of iteration 106.
Unrouted nets 1 at the end of iteration 107.
Unrouted nets 1 at the end of iteration 108.
Unrouted nets 1 at the end of iteration 109.
Unrouted nets 1 at the end of iteration 110.
Unrouted nets 1 at the end of iteration 111.
Unrouted nets 1 at the end of iteration 112.
Unrouted nets 1 at the end of iteration 113.
Unrouted nets 1 at the end of iteration 114.
Unrouted nets 1 at the end of iteration 115.
Unrouted nets 1 at the end of iteration 116.
Unrouted nets 1 at the end of iteration 117.
Unrouted nets 1 at the end of iteration 118.
Unrouted nets 1 at the end of iteration 119.
Unrouted nets 1 at the end of iteration 120.
Unrouted nets 1 at the end of iteration 121.
Unrouted nets 1 at the end of iteration 122.
Unrouted nets 2 at the end of iteration 123.
Unrouted nets 1 at the end of iteration 124.
Unrouted nets 1 at the end of iteration 125.
Unrouted nets 1 at the end of iteration 126.
Unrouted nets 1 at the end of iteration 127.
Unrouted nets 1 at the end of iteration 128.
Unrouted nets 1 at the end of iteration 129.
Unrouted nets 1 at the end of iteration 130.
Unrouted nets 1 at the end of iteration 131.
Unrouted nets 1 at the end of iteration 132.
Unrouted nets 1 at the end of iteration 133.
Unrouted nets 1 at the end of iteration 134.
Unrouted nets 1 at the end of iteration 135.
Unrouted nets 1 at the end of iteration 136.
Unrouted nets 1 at the end of iteration 137.
Unrouted nets 1 at the end of iteration 138.
Unrouted nets 1 at the end of iteration 139.
Unrouted nets 1 at the end of iteration 140.
Unrouted nets 1 at the end of iteration 141.
Unrouted nets 1 at the end of iteration 142.
Unrouted nets 1 at the end of iteration 143.
Unrouted nets 1 at the end of iteration 144.
Unrouted nets 1 at the end of iteration 145.
Unrouted nets 1 at the end of iteration 146.
Unrouted nets 1 at the end of iteration 147.
Unrouted nets 1 at the end of iteration 148.
Unrouted nets 1 at the end of iteration 149.
Unrouted nets 2 at the end of iteration 150.
Unrouted nets 1 at the end of iteration 151.
Unrouted nets 1 at the end of iteration 152.
Unrouted nets 1 at the end of iteration 153.
Unrouted nets 1 at the end of iteration 154.
Unrouted nets 1 at the end of iteration 155.
Unrouted nets 1 at the end of iteration 156.
Unrouted nets 1 at the end of iteration 157.
Unrouted nets 1 at the end of iteration 158.
Unrouted nets 1 at the end of iteration 159.
Unrouted nets 1 at the end of iteration 160.
Unrouted nets 1 at the end of iteration 161.
Unrouted nets 2 at the end of iteration 162.
Unrouted nets 1 at the end of iteration 163.
Unrouted nets 1 at the end of iteration 164.
Unrouted nets 1 at the end of iteration 165.
Unrouted nets 1 at the end of iteration 166.
Unrouted nets 1 at the end of iteration 167.
Unrouted nets 1 at the end of iteration 168.
Unrouted nets 1 at the end of iteration 169.
Unrouted nets 1 at the end of iteration 170.
Unrouted nets 1 at the end of iteration 171.
Unrouted nets 1 at the end of iteration 172.
Unrouted nets 1 at the end of iteration 173.
Unrouted nets 1 at the end of iteration 174.
Unrouted nets 1 at the end of iteration 175.
Unrouted nets 1 at the end of iteration 176.
Unrouted nets 1 at the end of iteration 177.
Unrouted nets 1 at the end of iteration 178.
Unrouted nets 1 at the end of iteration 179.
Unrouted nets 2 at the end of iteration 180.
Unrouted nets 1 at the end of iteration 181.
Unrouted nets 1 at the end of iteration 182.
Unrouted nets 1 at the end of iteration 183.
Unrouted nets 1 at the end of iteration 184.
Unrouted nets 1 at the end of iteration 185.
Unrouted nets 1 at the end of iteration 186.
Unrouted nets 1 at the end of iteration 187.
Unrouted nets 1 at the end of iteration 188.
Unrouted nets 1 at the end of iteration 189.
Unrouted nets 2 at the end of iteration 190.
Unrouted nets 1 at the end of iteration 191.
Unrouted nets 0 at the end of iteration 192.
Global Routing step 2 processed 428 nets, it takes 6.38 sec.
Unrouted nets 156 at the end of iteration 0.
Unrouted nets 71 at the end of iteration 1.
Unrouted nets 37 at the end of iteration 2.
Unrouted nets 18 at the end of iteration 3.
Unrouted nets 12 at the end of iteration 4.
Unrouted nets 4 at the end of iteration 5.
Unrouted nets 5 at the end of iteration 6.
Unrouted nets 3 at the end of iteration 7.
Unrouted nets 2 at the end of iteration 8.
Unrouted nets 1 at the end of iteration 9.
Unrouted nets 1 at the end of iteration 10.
Unrouted nets 1 at the end of iteration 11.
Unrouted nets 4 at the end of iteration 12.
Unrouted nets 5 at the end of iteration 13.
Unrouted nets 6 at the end of iteration 14.
Unrouted nets 3 at the end of iteration 15.
Unrouted nets 2 at the end of iteration 16.
Unrouted nets 2 at the end of iteration 17.
Unrouted nets 1 at the end of iteration 18.
Unrouted nets 1 at the end of iteration 19.
Unrouted nets 2 at the end of iteration 20.
Unrouted nets 1 at the end of iteration 21.
Unrouted nets 1 at the end of iteration 22.
Unrouted nets 1 at the end of iteration 23.
Unrouted nets 0 at the end of iteration 24.
Global Routing step 3 processed 248 nets, it takes 2.02 sec.
Global routing takes 8.42 sec.
Total 10200 subnets.
    forward max bucket size 1245 , backward 424.
        Unrouted nets 7215 at the end of iteration 0.
    route iteration 0, CPU time elapsed 1.328125 sec.
    forward max bucket size 458 , backward 372.
        Unrouted nets 6148 at the end of iteration 1.
    route iteration 1, CPU time elapsed 1.093750 sec.
    forward max bucket size 458 , backward 794.
        Unrouted nets 5315 at the end of iteration 2.
    route iteration 2, CPU time elapsed 1.203125 sec.
    forward max bucket size 536 , backward 461.
        Unrouted nets 4676 at the end of iteration 3.
    route iteration 3, CPU time elapsed 1.296875 sec.
    forward max bucket size 629 , backward 907.
        Unrouted nets 4174 at the end of iteration 4.
    route iteration 4, CPU time elapsed 1.281250 sec.
    forward max bucket size 1042 , backward 1301.
        Unrouted nets 3805 at the end of iteration 5.
    route iteration 5, CPU time elapsed 1.437500 sec.
    forward max bucket size 640 , backward 723.
        Unrouted nets 3716 at the end of iteration 6.
    route iteration 6, CPU time elapsed 1.296875 sec.
    forward max bucket size 850 , backward 595.
        Unrouted nets 3337 at the end of iteration 7.
    route iteration 7, CPU time elapsed 1.203125 sec.
    forward max bucket size 1020 , backward 1091.
        Unrouted nets 2999 at the end of iteration 8.
    route iteration 8, CPU time elapsed 1.062500 sec.
    forward max bucket size 1037 , backward 834.
        Unrouted nets 2632 at the end of iteration 9.
    route iteration 9, CPU time elapsed 1.093750 sec.
    forward max bucket size 877 , backward 964.
        Unrouted nets 2292 at the end of iteration 10.
    route iteration 10, CPU time elapsed 0.937500 sec.
    forward max bucket size 1330 , backward 683.
        Unrouted nets 2101 at the end of iteration 11.
    route iteration 11, CPU time elapsed 0.828125 sec.
    forward max bucket size 1649 , backward 894.
        Unrouted nets 1846 at the end of iteration 12.
    route iteration 12, CPU time elapsed 0.812500 sec.
    forward max bucket size 1531 , backward 759.
        Unrouted nets 1610 at the end of iteration 13.
    route iteration 13, CPU time elapsed 0.796875 sec.
    forward max bucket size 1230 , backward 649.
        Unrouted nets 1447 at the end of iteration 14.
    route iteration 14, CPU time elapsed 0.687500 sec.
    forward max bucket size 535 , backward 1113.
        Unrouted nets 1293 at the end of iteration 15.
    route iteration 15, CPU time elapsed 0.578125 sec.
    forward max bucket size 415 , backward 247.
        Unrouted nets 1152 at the end of iteration 16.
    route iteration 16, CPU time elapsed 0.515625 sec.
    forward max bucket size 602 , backward 283.
        Unrouted nets 1032 at the end of iteration 17.
    route iteration 17, CPU time elapsed 0.468750 sec.
    forward max bucket size 309 , backward 664.
        Unrouted nets 991 at the end of iteration 18.
    route iteration 18, CPU time elapsed 0.437500 sec.
    forward max bucket size 222 , backward 191.
        Unrouted nets 967 at the end of iteration 19.
    route iteration 19, CPU time elapsed 0.437500 sec.
    forward max bucket size 526 , backward 171.
        Unrouted nets 885 at the end of iteration 20.
    route iteration 20, CPU time elapsed 0.406250 sec.
    forward max bucket size 245 , backward 321.
        Unrouted nets 819 at the end of iteration 21.
    route iteration 21, CPU time elapsed 0.375000 sec.
    forward max bucket size 348 , backward 206.
        Unrouted nets 754 at the end of iteration 22.
    route iteration 22, CPU time elapsed 0.359375 sec.
    forward max bucket size 297 , backward 281.
        Unrouted nets 721 at the end of iteration 23.
    route iteration 23, CPU time elapsed 0.328125 sec.
    forward max bucket size 156 , backward 180.
        Unrouted nets 683 at the end of iteration 24.
    route iteration 24, CPU time elapsed 0.343750 sec.
    forward max bucket size 173 , backward 364.
        Unrouted nets 633 at the end of iteration 25.
    route iteration 25, CPU time elapsed 0.296875 sec.
    forward max bucket size 247 , backward 113.
        Unrouted nets 584 at the end of iteration 26.
    route iteration 26, CPU time elapsed 0.281250 sec.
    forward max bucket size 1120 , backward 578.
        Unrouted nets 563 at the end of iteration 27.
    route iteration 27, CPU time elapsed 0.250000 sec.
    forward max bucket size 197 , backward 126.
        Unrouted nets 552 at the end of iteration 28.
    route iteration 28, CPU time elapsed 0.250000 sec.
    forward max bucket size 271 , backward 262.
        Unrouted nets 538 at the end of iteration 29.
    route iteration 29, CPU time elapsed 0.250000 sec.
    forward max bucket size 580 , backward 146.
        Unrouted nets 481 at the end of iteration 30.
    route iteration 30, CPU time elapsed 0.250000 sec.
    forward max bucket size 731 , backward 171.
        Unrouted nets 450 at the end of iteration 31.
    route iteration 31, CPU time elapsed 0.234375 sec.
    forward max bucket size 253 , backward 278.
        Unrouted nets 444 at the end of iteration 32.
    route iteration 32, CPU time elapsed 0.234375 sec.
    forward max bucket size 187 , backward 375.
        Unrouted nets 404 at the end of iteration 33.
    route iteration 33, CPU time elapsed 0.218750 sec.
    forward max bucket size 550 , backward 545.
        Unrouted nets 374 at the end of iteration 34.
    route iteration 34, CPU time elapsed 0.218750 sec.
    forward max bucket size 615 , backward 672.
        Unrouted nets 366 at the end of iteration 35.
    route iteration 35, CPU time elapsed 0.187500 sec.
    forward max bucket size 157 , backward 117.
        Unrouted nets 347 at the end of iteration 36.
    route iteration 36, CPU time elapsed 0.171875 sec.
    forward max bucket size 292 , backward 562.
        Unrouted nets 314 at the end of iteration 37.
    route iteration 37, CPU time elapsed 0.140625 sec.
    forward max bucket size 527 , backward 631.
        Unrouted nets 267 at the end of iteration 38.
    route iteration 38, CPU time elapsed 0.156250 sec.
    forward max bucket size 148 , backward 125.
        Unrouted nets 282 at the end of iteration 39.
    route iteration 39, CPU time elapsed 0.156250 sec.
    forward max bucket size 320 , backward 106.
        Unrouted nets 301 at the end of iteration 40.
    route iteration 40, CPU time elapsed 0.140625 sec.
    forward max bucket size 214 , backward 136.
        Unrouted nets 244 at the end of iteration 41.
    route iteration 41, CPU time elapsed 0.140625 sec.
    forward max bucket size 177 , backward 624.
        Unrouted nets 296 at the end of iteration 42.
    route iteration 42, CPU time elapsed 0.156250 sec.
    forward max bucket size 235 , backward 568.
        Unrouted nets 287 at the end of iteration 43.
    route iteration 43, CPU time elapsed 0.109375 sec.
    forward max bucket size 517 , backward 164.
        Unrouted nets 297 at the end of iteration 44.
    route iteration 44, CPU time elapsed 0.156250 sec.
    forward max bucket size 333 , backward 173.
        Unrouted nets 251 at the end of iteration 45.
    route iteration 45, CPU time elapsed 0.125000 sec.
    forward max bucket size 180 , backward 92.
        Unrouted nets 227 at the end of iteration 46.
    route iteration 46, CPU time elapsed 0.109375 sec.
    forward max bucket size 555 , backward 147.
        Unrouted nets 204 at the end of iteration 47.
    route iteration 47, CPU time elapsed 0.125000 sec.
    forward max bucket size 1051 , backward 564.
        Unrouted nets 233 at the end of iteration 48.
    route iteration 48, CPU time elapsed 0.109375 sec.
    forward max bucket size 198 , backward 145.
        Unrouted nets 198 at the end of iteration 49.
    route iteration 49, CPU time elapsed 0.125000 sec.
    forward max bucket size 3701 , backward 1498.
        Unrouted nets 174 at the end of iteration 50.
    route iteration 50, CPU time elapsed 0.125000 sec.
    forward max bucket size 137 , backward 132.
        Unrouted nets 182 at the end of iteration 51.
    route iteration 51, CPU time elapsed 0.078125 sec.
    forward max bucket size 190 , backward 115.
        Unrouted nets 187 at the end of iteration 52.
    route iteration 52, CPU time elapsed 0.109375 sec.
    forward max bucket size 199 , backward 79.
        Unrouted nets 178 at the end of iteration 53.
    route iteration 53, CPU time elapsed 0.093750 sec.
    forward max bucket size 225 , backward 206.
        Unrouted nets 164 at the end of iteration 54.
    route iteration 54, CPU time elapsed 0.093750 sec.
    forward max bucket size 162 , backward 397.
        Unrouted nets 166 at the end of iteration 55.
    route iteration 55, CPU time elapsed 0.093750 sec.
    forward max bucket size 157 , backward 72.
        Unrouted nets 132 at the end of iteration 56.
    route iteration 56, CPU time elapsed 0.093750 sec.
    forward max bucket size 184 , backward 154.
        Unrouted nets 124 at the end of iteration 57.
    route iteration 57, CPU time elapsed 0.078125 sec.
    forward max bucket size 184 , backward 135.
        Unrouted nets 143 at the end of iteration 58.
    route iteration 58, CPU time elapsed 0.093750 sec.
    forward max bucket size 176 , backward 104.
        Unrouted nets 116 at the end of iteration 59.
    route iteration 59, CPU time elapsed 0.078125 sec.
    forward max bucket size 94 , backward 120.
        Unrouted nets 124 at the end of iteration 60.
    route iteration 60, CPU time elapsed 0.062500 sec.
    forward max bucket size 85 , backward 77.
        Unrouted nets 128 at the end of iteration 61.
    route iteration 61, CPU time elapsed 0.078125 sec.
    forward max bucket size 255 , backward 81.
        Unrouted nets 125 at the end of iteration 62.
    route iteration 62, CPU time elapsed 0.078125 sec.
    forward max bucket size 230 , backward 78.
        Unrouted nets 96 at the end of iteration 63.
    route iteration 63, CPU time elapsed 0.062500 sec.
    forward max bucket size 159 , backward 148.
        Unrouted nets 80 at the end of iteration 64.
    route iteration 64, CPU time elapsed 0.062500 sec.
    forward max bucket size 159 , backward 148.
        Unrouted nets 72 at the end of iteration 65.
    route iteration 65, CPU time elapsed 0.046875 sec.
    forward max bucket size 307 , backward 245.
        Unrouted nets 65 at the end of iteration 66.
    route iteration 66, CPU time elapsed 0.046875 sec.
    forward max bucket size 343 , backward 266.
        Unrouted nets 72 at the end of iteration 67.
    route iteration 67, CPU time elapsed 0.062500 sec.
    forward max bucket size 345 , backward 269.
        Unrouted nets 74 at the end of iteration 68.
    route iteration 68, CPU time elapsed 0.062500 sec.
    forward max bucket size 126 , backward 57.
        Unrouted nets 50 at the end of iteration 69.
    route iteration 69, CPU time elapsed 0.046875 sec.
    forward max bucket size 138 , backward 71.
        Unrouted nets 44 at the end of iteration 70.
    route iteration 70, CPU time elapsed 0.046875 sec.
    forward max bucket size 114 , backward 74.
        Unrouted nets 37 at the end of iteration 71.
    route iteration 71, CPU time elapsed 0.046875 sec.
    forward max bucket size 62 , backward 64.
        Unrouted nets 49 at the end of iteration 72.
    route iteration 72, CPU time elapsed 0.046875 sec.
    forward max bucket size 97 , backward 45.
        Unrouted nets 45 at the end of iteration 73.
    route iteration 73, CPU time elapsed 0.046875 sec.
    forward max bucket size 125 , backward 88.
        Unrouted nets 32 at the end of iteration 74.
    route iteration 74, CPU time elapsed 0.046875 sec.
    forward max bucket size 155 , backward 43.
        Unrouted nets 29 at the end of iteration 75.
    route iteration 75, CPU time elapsed 0.046875 sec.
    forward max bucket size 180 , backward 65.
        Unrouted nets 31 at the end of iteration 76.
    route iteration 76, CPU time elapsed 0.031250 sec.
    forward max bucket size 60 , backward 61.
        Unrouted nets 33 at the end of iteration 77.
    route iteration 77, CPU time elapsed 0.031250 sec.
    forward max bucket size 190 , backward 88.
        Unrouted nets 41 at the end of iteration 78.
    route iteration 78, CPU time elapsed 0.046875 sec.
    forward max bucket size 69 , backward 57.
        Unrouted nets 45 at the end of iteration 79.
    route iteration 79, CPU time elapsed 0.046875 sec.
    forward max bucket size 295 , backward 1549.
        Unrouted nets 56 at the end of iteration 80.
    route iteration 80, CPU time elapsed 0.062500 sec.
    forward max bucket size 189 , backward 99.
        Unrouted nets 72 at the end of iteration 81.
    route iteration 81, CPU time elapsed 0.062500 sec.
    forward max bucket size 121 , backward 158.
        Unrouted nets 92 at the end of iteration 82.
    route iteration 82, CPU time elapsed 0.078125 sec.
    forward max bucket size 178 , backward 185.
        Unrouted nets 82 at the end of iteration 83.
    route iteration 83, CPU time elapsed 0.078125 sec.
    forward max bucket size 300 , backward 259.
        Unrouted nets 79 at the end of iteration 84.
    route iteration 84, CPU time elapsed 0.062500 sec.
    forward max bucket size 135 , backward 136.
        Unrouted nets 63 at the end of iteration 85.
    route iteration 85, CPU time elapsed 0.046875 sec.
    forward max bucket size 164 , backward 136.
        Unrouted nets 67 at the end of iteration 86.
    route iteration 86, CPU time elapsed 0.062500 sec.
    forward max bucket size 140 , backward 185.
        Unrouted nets 69 at the end of iteration 87.
    route iteration 87, CPU time elapsed 0.062500 sec.
    forward max bucket size 151 , backward 59.
        Unrouted nets 73 at the end of iteration 88.
    route iteration 88, CPU time elapsed 0.062500 sec.
    forward max bucket size 145 , backward 85.
        Unrouted nets 62 at the end of iteration 89.
    route iteration 89, CPU time elapsed 0.062500 sec.
    forward max bucket size 177 , backward 53.
        Unrouted nets 58 at the end of iteration 90.
    route iteration 90, CPU time elapsed 0.062500 sec.
    forward max bucket size 63 , backward 55.
        Unrouted nets 52 at the end of iteration 91.
    route iteration 91, CPU time elapsed 0.062500 sec.
    forward max bucket size 63 , backward 70.
        Unrouted nets 43 at the end of iteration 92.
    route iteration 92, CPU time elapsed 0.046875 sec.
    forward max bucket size 45 , backward 48.
        Unrouted nets 39 at the end of iteration 93.
    route iteration 93, CPU time elapsed 0.046875 sec.
    forward max bucket size 57 , backward 60.
        Unrouted nets 37 at the end of iteration 94.
    route iteration 94, CPU time elapsed 0.046875 sec.
    forward max bucket size 54 , backward 45.
        Unrouted nets 30 at the end of iteration 95.
    route iteration 95, CPU time elapsed 0.031250 sec.
    forward max bucket size 72 , backward 37.
        Unrouted nets 22 at the end of iteration 96.
    route iteration 96, CPU time elapsed 0.031250 sec.
    forward max bucket size 192 , backward 291.
        Unrouted nets 30 at the end of iteration 97.
    route iteration 97, CPU time elapsed 0.031250 sec.
    forward max bucket size 104 , backward 62.
        Unrouted nets 43 at the end of iteration 98.
    route iteration 98, CPU time elapsed 0.046875 sec.
    forward max bucket size 30 , backward 29.
        Unrouted nets 41 at the end of iteration 99.
    route iteration 99, CPU time elapsed 0.031250 sec.
    forward max bucket size 42 , backward 57.
        Unrouted nets 41 at the end of iteration 100.
    route iteration 100, CPU time elapsed 0.046875 sec.
    forward max bucket size 93 , backward 88.
        Unrouted nets 39 at the end of iteration 101.
    route iteration 101, CPU time elapsed 0.015625 sec.
    forward max bucket size 31 , backward 39.
        Unrouted nets 42 at the end of iteration 102.
    route iteration 102, CPU time elapsed 0.046875 sec.
    forward max bucket size 40 , backward 55.
        Unrouted nets 46 at the end of iteration 103.
    route iteration 103, CPU time elapsed 0.046875 sec.
    forward max bucket size 52 , backward 73.
        Unrouted nets 32 at the end of iteration 104.
    route iteration 104, CPU time elapsed 0.046875 sec.
    forward max bucket size 57 , backward 76.
        Unrouted nets 26 at the end of iteration 105.
    route iteration 105, CPU time elapsed 0.031250 sec.
    forward max bucket size 155 , backward 69.
        Unrouted nets 27 at the end of iteration 106.
    route iteration 106, CPU time elapsed 0.031250 sec.
    forward max bucket size 168 , backward 67.
        Unrouted nets 24 at the end of iteration 107.
    route iteration 107, CPU time elapsed 0.031250 sec.
    forward max bucket size 34 , backward 42.
        Unrouted nets 19 at the end of iteration 108.
    route iteration 108, CPU time elapsed 0.031250 sec.
    forward max bucket size 203 , backward 66.
        Unrouted nets 11 at the end of iteration 109.
    route iteration 109, CPU time elapsed 0.031250 sec.
    forward max bucket size 26 , backward 47.
        Unrouted nets 10 at the end of iteration 110.
    route iteration 110, CPU time elapsed 0.031250 sec.
    forward max bucket size 26 , backward 22.
        Unrouted nets 9 at the end of iteration 111.
    route iteration 111, CPU time elapsed 0.031250 sec.
    forward max bucket size 24 , backward 40.
        Unrouted nets 15 at the end of iteration 112.
    route iteration 112, CPU time elapsed 0.031250 sec.
    forward max bucket size 69 , backward 79.
        Unrouted nets 11 at the end of iteration 113.
    route iteration 113, CPU time elapsed 0.046875 sec.
    forward max bucket size 36 , backward 54.
        Unrouted nets 9 at the end of iteration 114.
    route iteration 114, CPU time elapsed 0.031250 sec.
    forward max bucket size 138 , backward 68.
        Unrouted nets 9 at the end of iteration 115.
    route iteration 115, CPU time elapsed 0.046875 sec.
    forward max bucket size 145 , backward 71.
        Unrouted nets 7 at the end of iteration 116.
    route iteration 116, CPU time elapsed 0.031250 sec.
    forward max bucket size 146 , backward 27.
        Unrouted nets 8 at the end of iteration 117.
    route iteration 117, CPU time elapsed 0.031250 sec.
    forward max bucket size 153 , backward 80.
        Unrouted nets 6 at the end of iteration 118.
    route iteration 118, CPU time elapsed 0.031250 sec.
    forward max bucket size 147 , backward 23.
        Unrouted nets 8 at the end of iteration 119.
    route iteration 119, CPU time elapsed 0.015625 sec.
    forward max bucket size 26 , backward 35.
        Unrouted nets 6 at the end of iteration 120.
    route iteration 120, CPU time elapsed 0.031250 sec.
    forward max bucket size 98 , backward 26.
        Unrouted nets 8 at the end of iteration 121.
    route iteration 121, CPU time elapsed 0.031250 sec.
    forward max bucket size 23 , backward 26.
        Unrouted nets 5 at the end of iteration 122.
    route iteration 122, CPU time elapsed 0.031250 sec.
    forward max bucket size 23 , backward 23.
        Unrouted nets 5 at the end of iteration 123.
    route iteration 123, CPU time elapsed 0.031250 sec.
    forward max bucket size 23 , backward 35.
        Unrouted nets 4 at the end of iteration 124.
    route iteration 124, CPU time elapsed 0.031250 sec.
    forward max bucket size 32 , backward 23.
        Unrouted nets 4 at the end of iteration 125.
    route iteration 125, CPU time elapsed 0.031250 sec.
    forward max bucket size 32 , backward 25.
        Unrouted nets 0 at the end of iteration 126.
    route iteration 126, CPU time elapsed 0.031250 sec.
Detailed routing takes 126 iterations
Detailed routing takes 30.61 sec.
Start fix hold violation.
Build tmp routing results takes 0.08 sec.
Timing analysis takes 0.06 sec.
No hold violation.
Hold Violation Fix in router takes 0 iterations.
Fix hold violation Finished.
Hold Violation Fix in router takes 0.45 sec.

Dispose routing result:
    Collect routing result.
    Delete unused device instances.
    Annotate routing result.
    Change LUT configuration.
    Dispose misc instances.
    Annotate routing result again.
Finish routing takes 0.28 sec.
Used SRB routing arc is 103290.
Cleanup routing takes 0.02 sec.
Routing done.
Total routing takes 42.12 sec.


Device Utilization Summary :
+---------------------------------------------------------------------------+
| Logic Utilization        | Used     | Available     | Utilization(%)     
+---------------------------------------------------------------------------+
| Use of APM               | 0        | 84            | 0                  
| Use of BKCL              | 2        | 4             | 50                 
| Use of CLMA              | 836      | 6450          | 13                 
|   FF                     | 1853     | 38700         | 5                  
|   LUT                    | 2631     | 25800         | 11                 
|   LUT-FF pairs           | 595      | 25800         | 3                  
| Use of CLMS              | 519      | 4250          | 13                 
|   FF                     | 1153     | 25500         | 5                  
|   LUT                    | 1555     | 17000         | 10                 
|   LUT-FF pairs           | 344      | 17000         | 3                  
|   Distributed RAM        | 0        | 17000         | 0                  
| Use of CRYSTAL           | 0        | 2             | 0                  
| Use of DLL               | 0        | 10            | 0                  
| Use of DQSL              | 0        | 18            | 0                  
| Use of DRM               | 48       | 134           | 36                 
| Use of FUSECODE          | 0        | 1             | 0                  
| Use of HARD0N1           | 312      | 6672          | 5                  
| Use of IO                | 45       | 218           | 21                 
|   IOBD                   | 10       | 53            | 19                 
|   IOBR_LR                | 1        | 5             | 20                 
|   IOBR_TB                | 2        | 7             | 29                 
|   IOBS_LR                | 20       | 107           | 19                 
|   IOBS_TB                | 12       | 46            | 27                 
| Use of IOCKDIV           | 0        | 20            | 0                  
| Use of IOCKDLY           | 0        | 40            | 0                  
| Use of IOCKGATE          | 0        | 20            | 0                  
| Use of IOCKGMUX_TEST     | 0        | 20            | 0                  
| Use of IOL               | 45       | 400           | 12                 
| Use of IPAL              | 0        | 1             | 0                  
| Use of LDO               | 0        | 4             | 0                  
| Use of MFG_TEST          | 0        | 1             | 0                  
| Use of OSC               | 0        | 1             | 0                  
| Use of PIOMUX_TEST       | 0        | 10            | 0                  
| Use of PLL               | 1        | 5             | 20                 
| Use of PREGMUX_TEST      | 0        | 6             | 0                  
| Use of RCKB              | 0        | 24            | 0                  
|  RCKB dataused           | 0        | 24            | 0                  
| Use of RCKBMUX_TEST      | 0        | 12            | 0                  
| Use of RESCAL            | 0        | 4             | 0                  
| Use of SCANCHAIN         | 0        | 2             | 0                  
| Use of START             | 1        | 1             | 100                
| Use of UDID              | 0        | 1             | 0                  
| Use of USCM              | 1        | 30            | 4                  
|  USCM dataused           | 0        | 30            | 0                  
| Use of USCMMUX_TEST      | 0        | 30            | 0                  
| Use of VCKBMUX_TEST      | 0        | 12            | 0                  
+---------------------------------------------------------------------------+

Finished routing.
Design 'SoC_Top' has been placed and routed successfully.
Saving design to DB.
Finished placement and routing.
Action pnr: Real time elapsed is 0h:1m:15s
Action pnr: CPU time elapsed is 0h:1m:9s
Action pnr: Process CPU time elapsed is 0h:1m:15s
Current time: Fri Apr  3 00:03:47 2026
Action pnr: Peak memory pool usage is 1,030 MB
Action from compile to pnr: Total Real Time elapsed is 0h:1m:50s
Action from compile to pnr: Total CPU time elapsed is 0h:1m:36s
Action from compile to pnr: Total Process CPU Time elapsed is 0h:1m:43s
Process "Place & Route" done.


Process "Report Timing" started.
Current time: Fri Apr  3 00:03:47 2026
Compiling architecture definition.
Analyzing project file 'D:/FPGA/TSP_RISC-V-2.4/FPGA/pango_cpu/pango_cpu.pds'.
Compiling verification operator library.
Compiling common defs.
Compiling prim grid devices.
Compiling gate devices.
Compiling gate operators.
Building architecture model.
Loading device packaging model.
Reading design from pnr DB.
Start Report Post-PnR timing.
NOTE: The technology fpga was specified.
NOTE: delay_model specified was generic_cmos.
NOTE: Using the fpga syntax tables...
Totals:
 Calls to malloc = 0
 Calls to calloc = 5993935

Constructing timing graph ...
Timing graph has been constructed successfully
W: Timing-4087: Port 'ext_axi_if_arready' is not constrained, it is treated as combinational output.
W: Timing-4087: Port 'ext_axi_if_awready' is not constrained, it is treated as combinational output.
W: Timing-4087: Port 'ext_axi_if_bresp[0]' is not constrained, it is treated as combinational output.
W: Timing-4087: Port 'ext_axi_if_bresp[1]' is not constrained, it is treated as combinational output.
W: Timing-4087: Port 'ext_axi_if_bvalid' is not constrained, it is treated as combinational output.
W: Timing-4087: Port 'ext_axi_if_rdata[0]' is not constrained, it is treated as combinational output.
W: Timing-4087: Port 'ext_axi_if_rdata[1]' is not constrained, it is treated as combinational output.
W: Timing-4087: Port 'ext_axi_if_rdata[2]' is not constrained, it is treated as combinational output.
W: Timing-4087: Port 'ext_axi_if_rdata[3]' is not constrained, it is treated as combinational output.
W: Timing-4087: Port 'ext_axi_if_rdata[4]' is not constrained, it is treated as combinational output.
W: Timing-4087: Port 'ext_axi_if_rdata[5]' is not constrained, it is treated as combinational output.
W: Timing-4087: Port 'ext_axi_if_rdata[6]' is not constrained, it is treated as combinational output.
W: Timing-4087: Port 'ext_axi_if_rdata[7]' is not constrained, it is treated as combinational output.
W: Timing-4087: Port 'ext_axi_if_rdata[8]' is not constrained, it is treated as combinational output.
W: Timing-4087: Port 'ext_axi_if_rdata[9]' is not constrained, it is treated as combinational output.
W: Timing-4087: Port 'ext_axi_if_rdata[10]' is not constrained, it is treated as combinational output.
W: Timing-4087: Port 'ext_axi_if_rdata[11]' is not constrained, it is treated as combinational output.
W: Timing-4087: Port 'ext_axi_if_rdata[12]' is not constrained, it is treated as combinational output.
W: Timing-4087: Port 'ext_axi_if_rdata[13]' is not constrained, it is treated as combinational output.
W: Timing-4087: Port 'ext_axi_if_rdata[14]' is not constrained, it is treated as combinational output.
W: Timing-4087: Port 'ext_axi_if_rdata[15]' is not constrained, it is treated as combinational output.
W: Timing-4087: Port 'ext_axi_if_rdata[16]' is not constrained, it is treated as combinational output.
W: Timing-4087: Port 'ext_axi_if_rdata[17]' is not constrained, it is treated as combinational output.
W: Timing-4087: Port 'ext_axi_if_rdata[18]' is not constrained, it is treated as combinational output.
W: Timing-4087: Port 'ext_axi_if_rdata[19]' is not constrained, it is treated as combinational output.
W: Timing-4087: Port 'ext_axi_if_rdata[20]' is not constrained, it is treated as combinational output.
W: Timing-4087: Port 'ext_axi_if_rdata[21]' is not constrained, it is treated as combinational output.
W: Timing-4087: Port 'ext_axi_if_rdata[22]' is not constrained, it is treated as combinational output.
W: Timing-4087: Port 'ext_axi_if_rdata[23]' is not constrained, it is treated as combinational output.
W: Timing-4087: Port 'ext_axi_if_rdata[24]' is not constrained, it is treated as combinational output.
W: Timing-4087: Port 'ext_axi_if_rdata[25]' is not constrained, it is treated as combinational output.
W: Timing-4087: Port 'ext_axi_if_rdata[26]' is not constrained, it is treated as combinational output.
W: Timing-4087: Port 'ext_axi_if_rdata[27]' is not constrained, it is treated as combinational output.
W: Timing-4087: Port 'ext_axi_if_rdata[28]' is not constrained, it is treated as combinational output.
W: Timing-4087: Port 'ext_axi_if_rdata[29]' is not constrained, it is treated as combinational output.
W: Timing-4087: Port 'ext_axi_if_rdata[30]' is not constrained, it is treated as combinational output.
W: Timing-4087: Port 'ext_axi_if_rdata[31]' is not constrained, it is treated as combinational output.
W: Timing-4087: Port 'ext_axi_if_rresp[0]' is not constrained, it is treated as combinational output.
W: Timing-4087: Port 'ext_axi_if_rresp[1]' is not constrained, it is treated as combinational output.
W: Timing-4087: Port 'ext_axi_if_rvalid' is not constrained, it is treated as combinational output.
W: Timing-4087: Port 'ext_axi_if_wready' is not constrained, it is treated as combinational output.
W: Timing-4087: Port 'uart_tx' is not constrained, it is treated as combinational output.
W: Timing-4086: Port 'rst_n' is not constrained, it is treated as combinational input.
W: Timing-4086: Port 'uart_rx' is not constrained, it is treated as combinational input.
Report timing is finished successfully.
Action report_timing: Real time elapsed is 0h:0m:9s
Action report_timing: CPU time elapsed is 0h:0m:6s
Action report_timing: Process CPU time elapsed is 0h:0m:7s
Current time: Fri Apr  3 00:03:55 2026
Action report_timing: Peak memory pool usage is 978 MB
Action from compile to report_timing: Total Real Time elapsed is 0h:1m:59s
Action from compile to report_timing: Total CPU time elapsed is 0h:1m:42s
Action from compile to report_timing: Total Process CPU Time elapsed is 0h:1m:50s
Process "Report Timing" done.


Process "Generate Bitstream" started.
Current time: Fri Apr  3 00:03:55 2026
Compiling architecture definition.
Analyzing project file 'D:/FPGA/TSP_RISC-V-2.4/FPGA/pango_cpu/pango_cpu.pds'.
Compiling verification operator library.
Compiling common defs.
Compiling prim grid devices.
Compiling gate devices.
Compiling gate operators.
Building architecture model.
Loading device packaging model.
Reading design from DB.
Start Generating Programming File...
Reading design from DB takes 1.062500 sec.
Generating architecture configuration.
The bitstream file is "D:/FPGA/TSP_RISC-V-2.4/FPGA/pango_cpu/generate_bitstream/SoC_Top.sbit"
Generate programming file takes 10.218750 sec.
Generating Programming File done.
Action gen_bit_stream: Real time elapsed is 0h:0m:16s
Action gen_bit_stream: CPU time elapsed is 0h:0m:14s
Action gen_bit_stream: Process CPU time elapsed is 0h:0m:14s
Current time: Fri Apr  3 00:04:10 2026
Action gen_bit_stream: Peak memory pool usage is 681 MB
Action from compile to gen_bit_stream: Total Real Time elapsed is 0h:2m:15s
Action from compile to gen_bit_stream: Total CPU time elapsed is 0h:1m:56s
Action from compile to gen_bit_stream: Total Process CPU Time elapsed is 0h:2m:4s
Process "Generate Bitstream" done.
Process exit normally.
Customize IP 'D:/FPGA/TSP_RISC-V-2.4/FPGA/pango_cpu/ipcore/IRAM/IRAM.idf' ...
Parse module hierarchy of project 'D:/FPGA/TSP_RISC-V-2.4/FPGA/pango_cpu/temp_projects/Main_Flow/Main_Flow.pds' (ADS Parser)
C: Flow-2008: IP file modified: "D:/FPGA/TSP_RISC-V-2.4/FPGA/pango_cpu/ipcore/IRAM/IRAM.idf". 
Parse module hierarchy of project 'D:/FPGA/TSP_RISC-V-2.4/FPGA/pango_cpu/temp_projects/Main_Flow/Main_Flow.pds' (ADS Parser)
IP Compiler exited.


Process "Compile" started.
Current time: Fri Apr  3 00:07:01 2026
Compiling architecture definition.
Analyzing project file 'D:/FPGA/TSP_RISC-V-2.4/FPGA/pango_cpu/pango_cpu.pds'.
License checkout: fabric_ads from D:\pango\new_pds_60ff9e088cde.lic
Compiling verification operator library.
Loading technology operator library.
Compiling technology operator library.
Compiling technology operator (valence) library.
I: Enable Verilog2k features and keywords
Start rtl-analyze.
Executing : .rtl_analyze -work work -include_path {D:/FPGA/TSP_RISC-V-2.4/FPGA/pango_cpu} D:/FPGA/TSP_RISC-V-2.4/FPGA/pango_cpu/source/core/core.v
I: Verilog-0001: Analyzing file D:/FPGA/TSP_RISC-V-2.4/FPGA/pango_cpu/source/core/core.v
I: Found Verilog include file D:/FPGA/TSP_RISC-V-2.4/FPGA/pango_cpu/source/core/defines.v
I: Verilog-0002: [D:/FPGA/TSP_RISC-V-2.4/FPGA/pango_cpu/source/core/core.v(line number: 3)] Analyzing module TSP_Core (library work)
Parsing done.
Executing : .rtl_analyze -work work -include_path {D:/FPGA/TSP_RISC-V-2.4/FPGA/pango_cpu} D:/FPGA/TSP_RISC-V-2.4/FPGA/pango_cpu/source/core/core.v successfully.
W: Public-4030: File 'D:/FPGA/TSP_RISC-V-2.4/FPGA/pango_cpu/source/core/defines.v' has been added. It is skipped.
Executing : .rtl_analyze -work work -include_path {D:/FPGA/TSP_RISC-V-2.4/FPGA/pango_cpu} D:/FPGA/TSP_RISC-V-2.4/FPGA/pango_cpu/source/core/defines.v
I: Verilog-0001: Analyzing file D:/FPGA/TSP_RISC-V-2.4/FPGA/pango_cpu/source/core/defines.v
Parsing done.
Executing : .rtl_analyze -work work -include_path {D:/FPGA/TSP_RISC-V-2.4/FPGA/pango_cpu} D:/FPGA/TSP_RISC-V-2.4/FPGA/pango_cpu/source/core/defines.v successfully.
Executing : .rtl_analyze -work work -include_path {D:/FPGA/TSP_RISC-V-2.4/FPGA/pango_cpu} D:/FPGA/TSP_RISC-V-2.4/FPGA/pango_cpu/source/core/dff.v
I: Verilog-0001: Analyzing file D:/FPGA/TSP_RISC-V-2.4/FPGA/pango_cpu/source/core/dff.v
I: Found Verilog include file D:/FPGA/TSP_RISC-V-2.4/FPGA/pango_cpu/source/core/defines.v
W: Public-4030: File 'D:/FPGA/TSP_RISC-V-2.4/FPGA/pango_cpu/source/core/defines.v' has been added. It is skipped.
I: Verilog-0002: [D:/FPGA/TSP_RISC-V-2.4/FPGA/pango_cpu/source/core/dff.v(line number: 4)] Analyzing module REGs_WLWR (library work)
I: Verilog-0002: [D:/FPGA/TSP_RISC-V-2.4/FPGA/pango_cpu/source/core/dff.v(line number: 25)] Analyzing module REGs_WLNR (library work)
I: Verilog-0002: [D:/FPGA/TSP_RISC-V-2.4/FPGA/pango_cpu/source/core/dff.v(line number: 42)] Analyzing module REGs_NLWR (library work)
I: Verilog-0002: [D:/FPGA/TSP_RISC-V-2.4/FPGA/pango_cpu/source/core/dff.v(line number: 62)] Analyzing module REGs_NLNR (library work)
Parsing done.
Executing : .rtl_analyze -work work -include_path {D:/FPGA/TSP_RISC-V-2.4/FPGA/pango_cpu} D:/FPGA/TSP_RISC-V-2.4/FPGA/pango_cpu/source/core/dff.v successfully.
Executing : .rtl_analyze -work work -include_path {D:/FPGA/TSP_RISC-V-2.4/FPGA/pango_cpu} D:/FPGA/TSP_RISC-V-2.4/FPGA/pango_cpu/source/core/disp_exu.v
I: Verilog-0001: Analyzing file D:/FPGA/TSP_RISC-V-2.4/FPGA/pango_cpu/source/core/disp_exu.v
I: Found Verilog include file D:/FPGA/TSP_RISC-V-2.4/FPGA/pango_cpu/source/core/defines.v
W: Public-4030: File 'D:/FPGA/TSP_RISC-V-2.4/FPGA/pango_cpu/source/core/defines.v' has been added. It is skipped.
I: Verilog-0002: [D:/FPGA/TSP_RISC-V-2.4/FPGA/pango_cpu/source/core/disp_exu.v(line number: 3)] Analyzing module TSP_Disp_Exu (library work)
Parsing done.
Executing : .rtl_analyze -work work -include_path {D:/FPGA/TSP_RISC-V-2.4/FPGA/pango_cpu} D:/FPGA/TSP_RISC-V-2.4/FPGA/pango_cpu/source/core/disp_exu.v successfully.
Executing : .rtl_analyze -work work -include_path {D:/FPGA/TSP_RISC-V-2.4/FPGA/pango_cpu} D:/FPGA/TSP_RISC-V-2.4/FPGA/pango_cpu/source/core/exu_bjp.v
I: Verilog-0001: Analyzing file D:/FPGA/TSP_RISC-V-2.4/FPGA/pango_cpu/source/core/exu_bjp.v
I: Found Verilog include file D:/FPGA/TSP_RISC-V-2.4/FPGA/pango_cpu/source/core/defines.v
W: Public-4030: File 'D:/FPGA/TSP_RISC-V-2.4/FPGA/pango_cpu/source/core/defines.v' has been added. It is skipped.
I: Verilog-0002: [D:/FPGA/TSP_RISC-V-2.4/FPGA/pango_cpu/source/core/exu_bjp.v(line number: 3)] Analyzing module Exu_bjp (library work)
Parsing done.
Executing : .rtl_analyze -work work -include_path {D:/FPGA/TSP_RISC-V-2.4/FPGA/pango_cpu} D:/FPGA/TSP_RISC-V-2.4/FPGA/pango_cpu/source/core/exu_bjp.v successfully.
Executing : .rtl_analyze -work work -include_path {D:/FPGA/TSP_RISC-V-2.4/FPGA/pango_cpu} D:/FPGA/TSP_RISC-V-2.4/FPGA/pango_cpu/source/core/exu_common.v
I: Verilog-0001: Analyzing file D:/FPGA/TSP_RISC-V-2.4/FPGA/pango_cpu/source/core/exu_common.v
I: Found Verilog include file D:/FPGA/TSP_RISC-V-2.4/FPGA/pango_cpu/source/core/defines.v
W: Public-4030: File 'D:/FPGA/TSP_RISC-V-2.4/FPGA/pango_cpu/source/core/defines.v' has been added. It is skipped.
I: Verilog-0002: [D:/FPGA/TSP_RISC-V-2.4/FPGA/pango_cpu/source/core/exu_common.v(line number: 3)] Analyzing module TSP_Exu_common (library work)
Parsing done.
Executing : .rtl_analyze -work work -include_path {D:/FPGA/TSP_RISC-V-2.4/FPGA/pango_cpu} D:/FPGA/TSP_RISC-V-2.4/FPGA/pango_cpu/source/core/exu_common.v successfully.
Executing : .rtl_analyze -work work -include_path {D:/FPGA/TSP_RISC-V-2.4/FPGA/pango_cpu} D:/FPGA/TSP_RISC-V-2.4/FPGA/pango_cpu/source/core/exu_ls.v
I: Verilog-0001: Analyzing file D:/FPGA/TSP_RISC-V-2.4/FPGA/pango_cpu/source/core/exu_ls.v
I: Found Verilog include file D:/FPGA/TSP_RISC-V-2.4/FPGA/pango_cpu/source/core/defines.v
W: Public-4030: File 'D:/FPGA/TSP_RISC-V-2.4/FPGA/pango_cpu/source/core/defines.v' has been added. It is skipped.
I: Verilog-0002: [D:/FPGA/TSP_RISC-V-2.4/FPGA/pango_cpu/source/core/exu_ls.v(line number: 3)] Analyzing module TSP_Exu_ls (library work)
Parsing done.
Executing : .rtl_analyze -work work -include_path {D:/FPGA/TSP_RISC-V-2.4/FPGA/pango_cpu} D:/FPGA/TSP_RISC-V-2.4/FPGA/pango_cpu/source/core/exu_ls.v successfully.
Executing : .rtl_analyze -work work -include_path {D:/FPGA/TSP_RISC-V-2.4/FPGA/pango_cpu} D:/FPGA/TSP_RISC-V-2.4/FPGA/pango_cpu/source/core/exu_muldiv.v
I: Verilog-0001: Analyzing file D:/FPGA/TSP_RISC-V-2.4/FPGA/pango_cpu/source/core/exu_muldiv.v
I: Found Verilog include file D:/FPGA/TSP_RISC-V-2.4/FPGA/pango_cpu/source/core/defines.v
W: Public-4030: File 'D:/FPGA/TSP_RISC-V-2.4/FPGA/pango_cpu/source/core/defines.v' has been added. It is skipped.
I: Verilog-0002: [D:/FPGA/TSP_RISC-V-2.4/FPGA/pango_cpu/source/core/exu_muldiv.v(line number: 3)] Analyzing module TSP_Exu_muldiv (library work)
I: Verilog-0002: [D:/FPGA/TSP_RISC-V-2.4/FPGA/pango_cpu/source/core/exu_muldiv.v(line number: 128)] Analyzing module Simple_Multiplier_32 (library work)
I: Verilog-0002: [D:/FPGA/TSP_RISC-V-2.4/FPGA/pango_cpu/source/core/exu_muldiv.v(line number: 174)] Analyzing module Simple_Divider_32 (library work)
Parsing done.
Executing : .rtl_analyze -work work -include_path {D:/FPGA/TSP_RISC-V-2.4/FPGA/pango_cpu} D:/FPGA/TSP_RISC-V-2.4/FPGA/pango_cpu/source/core/exu_muldiv.v successfully.
Executing : .rtl_analyze -work work -include_path {D:/FPGA/TSP_RISC-V-2.4/FPGA/pango_cpu} D:/FPGA/TSP_RISC-V-2.4/FPGA/pango_cpu/source/core/idec.v
I: Verilog-0001: Analyzing file D:/FPGA/TSP_RISC-V-2.4/FPGA/pango_cpu/source/core/idec.v
I: Found Verilog include file D:/FPGA/TSP_RISC-V-2.4/FPGA/pango_cpu/source/core/defines.v
W: Public-4030: File 'D:/FPGA/TSP_RISC-V-2.4/FPGA/pango_cpu/source/core/defines.v' has been added. It is skipped.
I: Verilog-0002: [D:/FPGA/TSP_RISC-V-2.4/FPGA/pango_cpu/source/core/idec.v(line number: 6)] Analyzing module TSP_Idec (library work)
Parsing done.
Executing : .rtl_analyze -work work -include_path {D:/FPGA/TSP_RISC-V-2.4/FPGA/pango_cpu} D:/FPGA/TSP_RISC-V-2.4/FPGA/pango_cpu/source/core/idec.v successfully.
Executing : .rtl_analyze -work work -include_path {D:/FPGA/TSP_RISC-V-2.4/FPGA/pango_cpu} D:/FPGA/TSP_RISC-V-2.4/FPGA/pango_cpu/source/core/Ifu.v
I: Verilog-0001: Analyzing file D:/FPGA/TSP_RISC-V-2.4/FPGA/pango_cpu/source/core/Ifu.v
I: Found Verilog include file D:/FPGA/TSP_RISC-V-2.4/FPGA/pango_cpu/source/core/defines.v
W: Public-4030: File 'D:/FPGA/TSP_RISC-V-2.4/FPGA/pango_cpu/source/core/defines.v' has been added. It is skipped.
I: Verilog-0002: [D:/FPGA/TSP_RISC-V-2.4/FPGA/pango_cpu/source/core/Ifu.v(line number: 3)] Analyzing module TSP_Ifu (library work)
Parsing done.
Executing : .rtl_analyze -work work -include_path {D:/FPGA/TSP_RISC-V-2.4/FPGA/pango_cpu} D:/FPGA/TSP_RISC-V-2.4/FPGA/pango_cpu/source/core/Ifu.v successfully.
Executing : .rtl_analyze -work work -include_path {D:/FPGA/TSP_RISC-V-2.4/FPGA/pango_cpu} D:/FPGA/TSP_RISC-V-2.4/FPGA/pango_cpu/source/core/ls_ctrl.v
I: Verilog-0001: Analyzing file D:/FPGA/TSP_RISC-V-2.4/FPGA/pango_cpu/source/core/ls_ctrl.v
I: Found Verilog include file D:/FPGA/TSP_RISC-V-2.4/FPGA/pango_cpu/source/core/defines.v
W: Public-4030: File 'D:/FPGA/TSP_RISC-V-2.4/FPGA/pango_cpu/source/core/defines.v' has been added. It is skipped.
I: Verilog-0002: [D:/FPGA/TSP_RISC-V-2.4/FPGA/pango_cpu/source/core/ls_ctrl.v(line number: 3)] Analyzing module ls_ctrl (library work)
Parsing done.
Executing : .rtl_analyze -work work -include_path {D:/FPGA/TSP_RISC-V-2.4/FPGA/pango_cpu} D:/FPGA/TSP_RISC-V-2.4/FPGA/pango_cpu/source/core/ls_ctrl.v successfully.
Executing : .rtl_analyze -work work -include_path {D:/FPGA/TSP_RISC-V-2.4/FPGA/pango_cpu} D:/FPGA/TSP_RISC-V-2.4/FPGA/pango_cpu/source/core/PC_control.v
I: Verilog-0001: Analyzing file D:/FPGA/TSP_RISC-V-2.4/FPGA/pango_cpu/source/core/PC_control.v
I: Found Verilog include file D:/FPGA/TSP_RISC-V-2.4/FPGA/pango_cpu/source/core/defines.v
W: Public-4030: File 'D:/FPGA/TSP_RISC-V-2.4/FPGA/pango_cpu/source/core/defines.v' has been added. It is skipped.
I: Verilog-0002: [D:/FPGA/TSP_RISC-V-2.4/FPGA/pango_cpu/source/core/PC_control.v(line number: 4)] Analyzing module PC_control (library work)
Parsing done.
Executing : .rtl_analyze -work work -include_path {D:/FPGA/TSP_RISC-V-2.4/FPGA/pango_cpu} D:/FPGA/TSP_RISC-V-2.4/FPGA/pango_cpu/source/core/PC_control.v successfully.
Executing : .rtl_analyze -work work -include_path {D:/FPGA/TSP_RISC-V-2.4/FPGA/pango_cpu} D:/FPGA/TSP_RISC-V-2.4/FPGA/pango_cpu/source/core/regfiles.v
I: Verilog-0001: Analyzing file D:/FPGA/TSP_RISC-V-2.4/FPGA/pango_cpu/source/core/regfiles.v
I: Found Verilog include file D:/FPGA/TSP_RISC-V-2.4/FPGA/pango_cpu/source/core/defines.v
W: Public-4030: File 'D:/FPGA/TSP_RISC-V-2.4/FPGA/pango_cpu/source/core/defines.v' has been added. It is skipped.
I: Verilog-0002: [D:/FPGA/TSP_RISC-V-2.4/FPGA/pango_cpu/source/core/regfiles.v(line number: 3)] Analyzing module TSP_Regfiles (library work)
Parsing done.
Executing : .rtl_analyze -work work -include_path {D:/FPGA/TSP_RISC-V-2.4/FPGA/pango_cpu} D:/FPGA/TSP_RISC-V-2.4/FPGA/pango_cpu/source/core/regfiles.v successfully.
Executing : .rtl_analyze -work work -include_path {D:/FPGA/TSP_RISC-V-2.4/FPGA/pango_cpu} D:/FPGA/TSP_RISC-V-2.4/FPGA/pango_cpu/source/core/wb_arbiter.v
I: Verilog-0001: Analyzing file D:/FPGA/TSP_RISC-V-2.4/FPGA/pango_cpu/source/core/wb_arbiter.v
I: Found Verilog include file D:/FPGA/TSP_RISC-V-2.4/FPGA/pango_cpu/source/core/defines.v
W: Public-4030: File 'D:/FPGA/TSP_RISC-V-2.4/FPGA/pango_cpu/source/core/defines.v' has been added. It is skipped.
I: Verilog-0002: [D:/FPGA/TSP_RISC-V-2.4/FPGA/pango_cpu/source/core/wb_arbiter.v(line number: 3)] Analyzing module TSP_Wb_arbiter (library work)
Parsing done.
Executing : .rtl_analyze -work work -include_path {D:/FPGA/TSP_RISC-V-2.4/FPGA/pango_cpu} D:/FPGA/TSP_RISC-V-2.4/FPGA/pango_cpu/source/core/wb_arbiter.v successfully.
Executing : .rtl_analyze -work work -include_path {D:/FPGA/TSP_RISC-V-2.4/FPGA/pango_cpu} D:/FPGA/TSP_RISC-V-2.4/FPGA/pango_cpu/source/peripheral/AXI_Interconnect.v
I: Verilog-0001: Analyzing file D:/FPGA/TSP_RISC-V-2.4/FPGA/pango_cpu/source/peripheral/AXI_Interconnect.v
I: Found Verilog include file D:/FPGA/TSP_RISC-V-2.4/FPGA/pango_cpu/source/core/defines.v
W: Public-4030: File 'D:/FPGA/TSP_RISC-V-2.4/FPGA/pango_cpu/source/core/defines.v' has been added. It is skipped.
I: Verilog-0002: [D:/FPGA/TSP_RISC-V-2.4/FPGA/pango_cpu/source/peripheral/AXI_Interconnect.v(line number: 3)] Analyzing module TSP_AXI_Interconnect (library work)
Parsing done.
Executing : .rtl_analyze -work work -include_path {D:/FPGA/TSP_RISC-V-2.4/FPGA/pango_cpu} D:/FPGA/TSP_RISC-V-2.4/FPGA/pango_cpu/source/peripheral/AXI_Interconnect.v successfully.
Executing : .rtl_analyze -work work -include_path {D:/FPGA/TSP_RISC-V-2.4/FPGA/pango_cpu} D:/FPGA/TSP_RISC-V-2.4/FPGA/pango_cpu/source/peripheral/soc_top.v
I: Verilog-0001: Analyzing file D:/FPGA/TSP_RISC-V-2.4/FPGA/pango_cpu/source/peripheral/soc_top.v
I: Found Verilog include file D:/FPGA/TSP_RISC-V-2.4/FPGA/pango_cpu/source/core/defines.v
W: Public-4030: File 'D:/FPGA/TSP_RISC-V-2.4/FPGA/pango_cpu/source/core/defines.v' has been added. It is skipped.
I: Verilog-0002: [D:/FPGA/TSP_RISC-V-2.4/FPGA/pango_cpu/source/peripheral/soc_top.v(line number: 3)] Analyzing module SoC_Top (library work)
Parsing done.
Executing : .rtl_analyze -work work -include_path {D:/FPGA/TSP_RISC-V-2.4/FPGA/pango_cpu} D:/FPGA/TSP_RISC-V-2.4/FPGA/pango_cpu/source/peripheral/soc_top.v successfully.
Executing : .rtl_analyze -work work -include_path {D:/FPGA/TSP_RISC-V-2.4/FPGA/pango_cpu} D:/FPGA/TSP_RISC-V-2.4/FPGA/pango_cpu/source/ram/sram.v
I: Verilog-0001: Analyzing file D:/FPGA/TSP_RISC-V-2.4/FPGA/pango_cpu/source/ram/sram.v
I: Found Verilog include file D:/FPGA/TSP_RISC-V-2.4/FPGA/pango_cpu/source/core/defines.v
W: Public-4030: File 'D:/FPGA/TSP_RISC-V-2.4/FPGA/pango_cpu/source/core/defines.v' has been added. It is skipped.
I: Verilog-0002: [D:/FPGA/TSP_RISC-V-2.4/FPGA/pango_cpu/source/ram/sram.v(line number: 4)] Analyzing module TSP_Sram (library work)
Parsing done.
Executing : .rtl_analyze -work work -include_path {D:/FPGA/TSP_RISC-V-2.4/FPGA/pango_cpu} D:/FPGA/TSP_RISC-V-2.4/FPGA/pango_cpu/source/ram/sram.v successfully.
Executing : .rtl_analyze -work work -include_path {D:/FPGA/TSP_RISC-V-2.4/FPGA/pango_cpu} D:/FPGA/TSP_RISC-V-2.4/FPGA/pango_cpu/source/uart/uart.v
I: Verilog-0001: Analyzing file D:/FPGA/TSP_RISC-V-2.4/FPGA/pango_cpu/source/uart/uart.v
I: Verilog-0002: [D:/FPGA/TSP_RISC-V-2.4/FPGA/pango_cpu/source/uart/uart.v(line number: 32)] Analyzing module uart (library work)
Parsing done.
Executing : .rtl_analyze -work work -include_path {D:/FPGA/TSP_RISC-V-2.4/FPGA/pango_cpu} D:/FPGA/TSP_RISC-V-2.4/FPGA/pango_cpu/source/uart/uart.v successfully.
Executing : .rtl_analyze -work work -include_path {D:/FPGA/TSP_RISC-V-2.4/FPGA/pango_cpu} D:/FPGA/TSP_RISC-V-2.4/FPGA/pango_cpu/source/uart/uart_axi_lite_wrapper.v
I: Verilog-0001: Analyzing file D:/FPGA/TSP_RISC-V-2.4/FPGA/pango_cpu/source/uart/uart_axi_lite_wrapper.v
I: Found Verilog include file D:/FPGA/TSP_RISC-V-2.4/FPGA/pango_cpu/source/core/defines.v
W: Public-4030: File 'D:/FPGA/TSP_RISC-V-2.4/FPGA/pango_cpu/source/core/defines.v' has been added. It is skipped.
I: Verilog-0002: [D:/FPGA/TSP_RISC-V-2.4/FPGA/pango_cpu/source/uart/uart_axi_lite_wrapper.v(line number: 3)] Analyzing module uart_axi_lite_wrapper (library work)
Parsing done.
Executing : .rtl_analyze -work work -include_path {D:/FPGA/TSP_RISC-V-2.4/FPGA/pango_cpu} D:/FPGA/TSP_RISC-V-2.4/FPGA/pango_cpu/source/uart/uart_axi_lite_wrapper.v successfully.
Executing : .rtl_analyze -work work -include_path {D:/FPGA/TSP_RISC-V-2.4/FPGA/pango_cpu} D:/FPGA/TSP_RISC-V-2.4/FPGA/pango_cpu/source/uart/uart_rx.v
I: Verilog-0001: Analyzing file D:/FPGA/TSP_RISC-V-2.4/FPGA/pango_cpu/source/uart/uart_rx.v
I: Verilog-0002: [D:/FPGA/TSP_RISC-V-2.4/FPGA/pango_cpu/source/uart/uart_rx.v(line number: 32)] Analyzing module uart_rx (library work)
Parsing done.
Executing : .rtl_analyze -work work -include_path {D:/FPGA/TSP_RISC-V-2.4/FPGA/pango_cpu} D:/FPGA/TSP_RISC-V-2.4/FPGA/pango_cpu/source/uart/uart_rx.v successfully.
Executing : .rtl_analyze -work work -include_path {D:/FPGA/TSP_RISC-V-2.4/FPGA/pango_cpu} D:/FPGA/TSP_RISC-V-2.4/FPGA/pango_cpu/source/uart/uart_tx.v
I: Verilog-0001: Analyzing file D:/FPGA/TSP_RISC-V-2.4/FPGA/pango_cpu/source/uart/uart_tx.v
I: Verilog-0002: [D:/FPGA/TSP_RISC-V-2.4/FPGA/pango_cpu/source/uart/uart_tx.v(line number: 32)] Analyzing module uart_tx (library work)
Parsing done.
Executing : .rtl_analyze -work work -include_path {D:/FPGA/TSP_RISC-V-2.4/FPGA/pango_cpu} D:/FPGA/TSP_RISC-V-2.4/FPGA/pango_cpu/source/uart/uart_tx.v successfully.
Executing : .rtl_analyze -work work -include_path {D:/FPGA/TSP_RISC-V-2.4/FPGA/pango_cpu} D:/FPGA/TSP_RISC-V-2.4/FPGA/pango_cpu/source/timer/timer.v
I: Verilog-0001: Analyzing file D:/FPGA/TSP_RISC-V-2.4/FPGA/pango_cpu/source/timer/timer.v
I: Found Verilog include file D:/FPGA/TSP_RISC-V-2.4/FPGA/pango_cpu/source/core/defines.v
W: Public-4030: File 'D:/FPGA/TSP_RISC-V-2.4/FPGA/pango_cpu/source/core/defines.v' has been added. It is skipped.
I: Verilog-0002: [D:/FPGA/TSP_RISC-V-2.4/FPGA/pango_cpu/source/timer/timer.v(line number: 40)] Analyzing module timer (library work)
Parsing done.
Executing : .rtl_analyze -work work -include_path {D:/FPGA/TSP_RISC-V-2.4/FPGA/pango_cpu} D:/FPGA/TSP_RISC-V-2.4/FPGA/pango_cpu/source/timer/timer.v successfully.
Executing : .rtl_analyze -include_path {D:/FPGA/TSP_RISC-V-2.4/FPGA/pango_cpu} D:/FPGA/TSP_RISC-V-2.4/FPGA/pango_cpu/ipcore/sys_pll/sys_pll.v
I: Verilog-0001: Analyzing file D:/FPGA/TSP_RISC-V-2.4/FPGA/pango_cpu/ipcore/sys_pll/sys_pll.v
I: Verilog-0002: [D:/FPGA/TSP_RISC-V-2.4/FPGA/pango_cpu/ipcore/sys_pll/sys_pll.v(line number: 18)] Analyzing module sys_pll (library work)
Parsing done.
Executing : .rtl_analyze -include_path {D:/FPGA/TSP_RISC-V-2.4/FPGA/pango_cpu} D:/FPGA/TSP_RISC-V-2.4/FPGA/pango_cpu/ipcore/sys_pll/sys_pll.v successfully.
Executing : .rtl_analyze -include_path {D:/FPGA/TSP_RISC-V-2.4/FPGA/pango_cpu} D:/FPGA/TSP_RISC-V-2.4/FPGA/pango_cpu/ipcore/IRAM/rtl/ipml_dpram_v1_8_IRAM.v
I: Verilog-0001: Analyzing file D:/FPGA/TSP_RISC-V-2.4/FPGA/pango_cpu/ipcore/IRAM/rtl/ipml_dpram_v1_8_IRAM.v
I: Verilog-0002: [D:/FPGA/TSP_RISC-V-2.4/FPGA/pango_cpu/ipcore/IRAM/rtl/ipml_dpram_v1_8_IRAM.v(line number: 17)] Analyzing module ipml_dpram_v1_8_IRAM (library work)
I: Found Verilog include file D:/FPGA/TSP_RISC-V-2.4/FPGA/pango_cpu/ipcore/IRAM/rtl/IRAM_init_param.v
W: Verilog-2008: [D:/FPGA/TSP_RISC-V-2.4/FPGA/pango_cpu/ipcore/IRAM/rtl/ipml_dpram_v1_8_IRAM.v(line number: 243)] Ignore 'system task' $display
W: Verilog-2008: [D:/FPGA/TSP_RISC-V-2.4/FPGA/pango_cpu/ipcore/IRAM/rtl/ipml_dpram_v1_8_IRAM.v(line number: 244)] Ignore 'system task' $finish
W: Verilog-2008: [D:/FPGA/TSP_RISC-V-2.4/FPGA/pango_cpu/ipcore/IRAM/rtl/ipml_dpram_v1_8_IRAM.v(line number: 247)] Ignore 'system task' $display
W: Verilog-2008: [D:/FPGA/TSP_RISC-V-2.4/FPGA/pango_cpu/ipcore/IRAM/rtl/ipml_dpram_v1_8_IRAM.v(line number: 251)] Ignore 'system task' $display
W: Verilog-2008: [D:/FPGA/TSP_RISC-V-2.4/FPGA/pango_cpu/ipcore/IRAM/rtl/ipml_dpram_v1_8_IRAM.v(line number: 255)] Ignore 'system task' $display
W: Verilog-2008: [D:/FPGA/TSP_RISC-V-2.4/FPGA/pango_cpu/ipcore/IRAM/rtl/ipml_dpram_v1_8_IRAM.v(line number: 259)] Ignore 'system task' $display
W: Verilog-2008: [D:/FPGA/TSP_RISC-V-2.4/FPGA/pango_cpu/ipcore/IRAM/rtl/ipml_dpram_v1_8_IRAM.v(line number: 263)] Ignore 'system task' $display
W: Verilog-2008: [D:/FPGA/TSP_RISC-V-2.4/FPGA/pango_cpu/ipcore/IRAM/rtl/ipml_dpram_v1_8_IRAM.v(line number: 264)] Ignore 'system task' $finish
W: Verilog-2008: [D:/FPGA/TSP_RISC-V-2.4/FPGA/pango_cpu/ipcore/IRAM/rtl/ipml_dpram_v1_8_IRAM.v(line number: 267)] Ignore 'system task' $display
W: Verilog-2008: [D:/FPGA/TSP_RISC-V-2.4/FPGA/pango_cpu/ipcore/IRAM/rtl/ipml_dpram_v1_8_IRAM.v(line number: 268)] Ignore 'system task' $finish
W: Verilog-2008: [D:/FPGA/TSP_RISC-V-2.4/FPGA/pango_cpu/ipcore/IRAM/rtl/ipml_dpram_v1_8_IRAM.v(line number: 271)] Ignore 'system task' $display
W: Verilog-2008: [D:/FPGA/TSP_RISC-V-2.4/FPGA/pango_cpu/ipcore/IRAM/rtl/ipml_dpram_v1_8_IRAM.v(line number: 272)] Ignore 'system task' $finish
W: Verilog-2008: [D:/FPGA/TSP_RISC-V-2.4/FPGA/pango_cpu/ipcore/IRAM/rtl/ipml_dpram_v1_8_IRAM.v(line number: 275)] Ignore 'system task' $display
W: Verilog-2008: [D:/FPGA/TSP_RISC-V-2.4/FPGA/pango_cpu/ipcore/IRAM/rtl/ipml_dpram_v1_8_IRAM.v(line number: 276)] Ignore 'system task' $finish
W: Verilog-2008: [D:/FPGA/TSP_RISC-V-2.4/FPGA/pango_cpu/ipcore/IRAM/rtl/ipml_dpram_v1_8_IRAM.v(line number: 279)] Ignore 'system task' $display
W: Verilog-2008: [D:/FPGA/TSP_RISC-V-2.4/FPGA/pango_cpu/ipcore/IRAM/rtl/ipml_dpram_v1_8_IRAM.v(line number: 280)] Ignore 'system task' $finish
W: Verilog-2008: [D:/FPGA/TSP_RISC-V-2.4/FPGA/pango_cpu/ipcore/IRAM/rtl/ipml_dpram_v1_8_IRAM.v(line number: 283)] Ignore 'system task' $display
W: Verilog-2008: [D:/FPGA/TSP_RISC-V-2.4/FPGA/pango_cpu/ipcore/IRAM/rtl/ipml_dpram_v1_8_IRAM.v(line number: 284)] Ignore 'system task' $finish
W: Verilog-2008: [D:/FPGA/TSP_RISC-V-2.4/FPGA/pango_cpu/ipcore/IRAM/rtl/ipml_dpram_v1_8_IRAM.v(line number: 287)] Ignore 'system task' $display
W: Verilog-2008: [D:/FPGA/TSP_RISC-V-2.4/FPGA/pango_cpu/ipcore/IRAM/rtl/ipml_dpram_v1_8_IRAM.v(line number: 288)] Ignore 'system task' $finish
W: Verilog-2008: [D:/FPGA/TSP_RISC-V-2.4/FPGA/pango_cpu/ipcore/IRAM/rtl/ipml_dpram_v1_8_IRAM.v(line number: 291)] Ignore 'system task' $display
W: Verilog-2008: [D:/FPGA/TSP_RISC-V-2.4/FPGA/pango_cpu/ipcore/IRAM/rtl/ipml_dpram_v1_8_IRAM.v(line number: 292)] Ignore 'system task' $finish
W: Verilog-2008: [D:/FPGA/TSP_RISC-V-2.4/FPGA/pango_cpu/ipcore/IRAM/rtl/ipml_dpram_v1_8_IRAM.v(line number: 295)] Ignore 'system task' $display
W: Verilog-2008: [D:/FPGA/TSP_RISC-V-2.4/FPGA/pango_cpu/ipcore/IRAM/rtl/ipml_dpram_v1_8_IRAM.v(line number: 296)] Ignore 'system task' $finish
W: Verilog-2008: [D:/FPGA/TSP_RISC-V-2.4/FPGA/pango_cpu/ipcore/IRAM/rtl/ipml_dpram_v1_8_IRAM.v(line number: 299)] Ignore 'system task' $display
W: Verilog-2008: [D:/FPGA/TSP_RISC-V-2.4/FPGA/pango_cpu/ipcore/IRAM/rtl/ipml_dpram_v1_8_IRAM.v(line number: 300)] Ignore 'system task' $finish
W: Verilog-2008: [D:/FPGA/TSP_RISC-V-2.4/FPGA/pango_cpu/ipcore/IRAM/rtl/ipml_dpram_v1_8_IRAM.v(line number: 303)] Ignore 'system task' $display
W: Verilog-2008: [D:/FPGA/TSP_RISC-V-2.4/FPGA/pango_cpu/ipcore/IRAM/rtl/ipml_dpram_v1_8_IRAM.v(line number: 304)] Ignore 'system task' $finish
W: Verilog-2008: [D:/FPGA/TSP_RISC-V-2.4/FPGA/pango_cpu/ipcore/IRAM/rtl/ipml_dpram_v1_8_IRAM.v(line number: 307)] Ignore 'system task' $display
W: Verilog-2008: [D:/FPGA/TSP_RISC-V-2.4/FPGA/pango_cpu/ipcore/IRAM/rtl/ipml_dpram_v1_8_IRAM.v(line number: 308)] Ignore 'system task' $finish
W: Verilog-2008: [D:/FPGA/TSP_RISC-V-2.4/FPGA/pango_cpu/ipcore/IRAM/rtl/ipml_dpram_v1_8_IRAM.v(line number: 312)] Ignore 'system task' $display
W: Verilog-2008: [D:/FPGA/TSP_RISC-V-2.4/FPGA/pango_cpu/ipcore/IRAM/rtl/ipml_dpram_v1_8_IRAM.v(line number: 313)] Ignore 'system task' $finish
W: Verilog-2008: [D:/FPGA/TSP_RISC-V-2.4/FPGA/pango_cpu/ipcore/IRAM/rtl/ipml_dpram_v1_8_IRAM.v(line number: 316)] Ignore 'system task' $display
W: Verilog-2008: [D:/FPGA/TSP_RISC-V-2.4/FPGA/pango_cpu/ipcore/IRAM/rtl/ipml_dpram_v1_8_IRAM.v(line number: 317)] Ignore 'system task' $finish
W: Verilog-2008: [D:/FPGA/TSP_RISC-V-2.4/FPGA/pango_cpu/ipcore/IRAM/rtl/ipml_dpram_v1_8_IRAM.v(line number: 321)] Ignore 'system task' $display
W: Verilog-2008: [D:/FPGA/TSP_RISC-V-2.4/FPGA/pango_cpu/ipcore/IRAM/rtl/ipml_dpram_v1_8_IRAM.v(line number: 322)] Ignore 'system task' $finish
W: Verilog-2008: [D:/FPGA/TSP_RISC-V-2.4/FPGA/pango_cpu/ipcore/IRAM/rtl/ipml_dpram_v1_8_IRAM.v(line number: 325)] Ignore 'system task' $display
W: Verilog-2008: [D:/FPGA/TSP_RISC-V-2.4/FPGA/pango_cpu/ipcore/IRAM/rtl/ipml_dpram_v1_8_IRAM.v(line number: 326)] Ignore 'system task' $finish
W: Verilog-2008: [D:/FPGA/TSP_RISC-V-2.4/FPGA/pango_cpu/ipcore/IRAM/rtl/ipml_dpram_v1_8_IRAM.v(line number: 329)] Ignore 'system task' $display
W: Verilog-2008: [D:/FPGA/TSP_RISC-V-2.4/FPGA/pango_cpu/ipcore/IRAM/rtl/ipml_dpram_v1_8_IRAM.v(line number: 333)] Ignore 'system task' $display
W: Verilog-2008: [D:/FPGA/TSP_RISC-V-2.4/FPGA/pango_cpu/ipcore/IRAM/rtl/ipml_dpram_v1_8_IRAM.v(line number: 334)] Ignore 'system task' $finish
W: Verilog-2008: [D:/FPGA/TSP_RISC-V-2.4/FPGA/pango_cpu/ipcore/IRAM/rtl/ipml_dpram_v1_8_IRAM.v(line number: 337)] Ignore 'system task' $display
W: Verilog-2008: [D:/FPGA/TSP_RISC-V-2.4/FPGA/pango_cpu/ipcore/IRAM/rtl/ipml_dpram_v1_8_IRAM.v(line number: 338)] Ignore 'system task' $finish
W: Verilog-2008: [D:/FPGA/TSP_RISC-V-2.4/FPGA/pango_cpu/ipcore/IRAM/rtl/ipml_dpram_v1_8_IRAM.v(line number: 341)] Ignore 'system task' $display
W: Verilog-2008: [D:/FPGA/TSP_RISC-V-2.4/FPGA/pango_cpu/ipcore/IRAM/rtl/ipml_dpram_v1_8_IRAM.v(line number: 342)] Ignore 'system task' $finish
W: Verilog-2008: [D:/FPGA/TSP_RISC-V-2.4/FPGA/pango_cpu/ipcore/IRAM/rtl/ipml_dpram_v1_8_IRAM.v(line number: 345)] Ignore 'system task' $display
W: Verilog-2008: [D:/FPGA/TSP_RISC-V-2.4/FPGA/pango_cpu/ipcore/IRAM/rtl/ipml_dpram_v1_8_IRAM.v(line number: 346)] Ignore 'system task' $finish
W: Verilog-2008: [D:/FPGA/TSP_RISC-V-2.4/FPGA/pango_cpu/ipcore/IRAM/rtl/ipml_dpram_v1_8_IRAM.v(line number: 349)] Ignore 'system task' $display
W: Verilog-2008: [D:/FPGA/TSP_RISC-V-2.4/FPGA/pango_cpu/ipcore/IRAM/rtl/ipml_dpram_v1_8_IRAM.v(line number: 350)] Ignore 'system task' $finish
W: Verilog-2008: [D:/FPGA/TSP_RISC-V-2.4/FPGA/pango_cpu/ipcore/IRAM/rtl/ipml_dpram_v1_8_IRAM.v(line number: 355)] Ignore 'system task' $display
W: Verilog-2008: [D:/FPGA/TSP_RISC-V-2.4/FPGA/pango_cpu/ipcore/IRAM/rtl/ipml_dpram_v1_8_IRAM.v(line number: 356)] Ignore 'system task' $finish
W: Verilog-2008: [D:/FPGA/TSP_RISC-V-2.4/FPGA/pango_cpu/ipcore/IRAM/rtl/ipml_dpram_v1_8_IRAM.v(line number: 359)] Ignore 'system task' $display
W: Verilog-2008: [D:/FPGA/TSP_RISC-V-2.4/FPGA/pango_cpu/ipcore/IRAM/rtl/ipml_dpram_v1_8_IRAM.v(line number: 360)] Ignore 'system task' $finish
W: Verilog-2008: [D:/FPGA/TSP_RISC-V-2.4/FPGA/pango_cpu/ipcore/IRAM/rtl/ipml_dpram_v1_8_IRAM.v(line number: 365)] Ignore 'system task' $display
W: Verilog-2008: [D:/FPGA/TSP_RISC-V-2.4/FPGA/pango_cpu/ipcore/IRAM/rtl/ipml_dpram_v1_8_IRAM.v(line number: 366)] Ignore 'system task' $finish
Parsing done.
Executing : .rtl_analyze -include_path {D:/FPGA/TSP_RISC-V-2.4/FPGA/pango_cpu} D:/FPGA/TSP_RISC-V-2.4/FPGA/pango_cpu/ipcore/IRAM/rtl/ipml_dpram_v1_8_IRAM.v successfully.
Executing : .rtl_analyze -include_path {D:/FPGA/TSP_RISC-V-2.4/FPGA/pango_cpu} D:/FPGA/TSP_RISC-V-2.4/FPGA/pango_cpu/ipcore/IRAM/IRAM.v
I: Verilog-0001: Analyzing file D:/FPGA/TSP_RISC-V-2.4/FPGA/pango_cpu/ipcore/IRAM/IRAM.v
I: Verilog-0002: [D:/FPGA/TSP_RISC-V-2.4/FPGA/pango_cpu/ipcore/IRAM/IRAM.v(line number: 16)] Analyzing module IRAM (library work)
Parsing done.
Executing : .rtl_analyze -include_path {D:/FPGA/TSP_RISC-V-2.4/FPGA/pango_cpu} D:/FPGA/TSP_RISC-V-2.4/FPGA/pango_cpu/ipcore/IRAM/IRAM.v successfully.
Executing : .rtl_analyze -include_path {D:/FPGA/TSP_RISC-V-2.4/FPGA/pango_cpu} D:/FPGA/TSP_RISC-V-2.4/FPGA/pango_cpu/ipcore/SRAM/rtl/ipml_dpram_v1_8_SRAM.v
I: Verilog-0001: Analyzing file D:/FPGA/TSP_RISC-V-2.4/FPGA/pango_cpu/ipcore/SRAM/rtl/ipml_dpram_v1_8_SRAM.v
I: Verilog-0002: [D:/FPGA/TSP_RISC-V-2.4/FPGA/pango_cpu/ipcore/SRAM/rtl/ipml_dpram_v1_8_SRAM.v(line number: 17)] Analyzing module ipml_dpram_v1_8_SRAM (library work)
W: Verilog-2008: [D:/FPGA/TSP_RISC-V-2.4/FPGA/pango_cpu/ipcore/SRAM/rtl/ipml_dpram_v1_8_SRAM.v(line number: 241)] Ignore 'system task' $display
W: Verilog-2008: [D:/FPGA/TSP_RISC-V-2.4/FPGA/pango_cpu/ipcore/SRAM/rtl/ipml_dpram_v1_8_SRAM.v(line number: 242)] Ignore 'system task' $finish
W: Verilog-2008: [D:/FPGA/TSP_RISC-V-2.4/FPGA/pango_cpu/ipcore/SRAM/rtl/ipml_dpram_v1_8_SRAM.v(line number: 245)] Ignore 'system task' $display
W: Verilog-2008: [D:/FPGA/TSP_RISC-V-2.4/FPGA/pango_cpu/ipcore/SRAM/rtl/ipml_dpram_v1_8_SRAM.v(line number: 249)] Ignore 'system task' $display
W: Verilog-2008: [D:/FPGA/TSP_RISC-V-2.4/FPGA/pango_cpu/ipcore/SRAM/rtl/ipml_dpram_v1_8_SRAM.v(line number: 253)] Ignore 'system task' $display
W: Verilog-2008: [D:/FPGA/TSP_RISC-V-2.4/FPGA/pango_cpu/ipcore/SRAM/rtl/ipml_dpram_v1_8_SRAM.v(line number: 257)] Ignore 'system task' $display
W: Verilog-2008: [D:/FPGA/TSP_RISC-V-2.4/FPGA/pango_cpu/ipcore/SRAM/rtl/ipml_dpram_v1_8_SRAM.v(line number: 261)] Ignore 'system task' $display
W: Verilog-2008: [D:/FPGA/TSP_RISC-V-2.4/FPGA/pango_cpu/ipcore/SRAM/rtl/ipml_dpram_v1_8_SRAM.v(line number: 262)] Ignore 'system task' $finish
W: Verilog-2008: [D:/FPGA/TSP_RISC-V-2.4/FPGA/pango_cpu/ipcore/SRAM/rtl/ipml_dpram_v1_8_SRAM.v(line number: 265)] Ignore 'system task' $display
W: Verilog-2008: [D:/FPGA/TSP_RISC-V-2.4/FPGA/pango_cpu/ipcore/SRAM/rtl/ipml_dpram_v1_8_SRAM.v(line number: 266)] Ignore 'system task' $finish
W: Verilog-2008: [D:/FPGA/TSP_RISC-V-2.4/FPGA/pango_cpu/ipcore/SRAM/rtl/ipml_dpram_v1_8_SRAM.v(line number: 269)] Ignore 'system task' $display
W: Verilog-2008: [D:/FPGA/TSP_RISC-V-2.4/FPGA/pango_cpu/ipcore/SRAM/rtl/ipml_dpram_v1_8_SRAM.v(line number: 270)] Ignore 'system task' $finish
W: Verilog-2008: [D:/FPGA/TSP_RISC-V-2.4/FPGA/pango_cpu/ipcore/SRAM/rtl/ipml_dpram_v1_8_SRAM.v(line number: 273)] Ignore 'system task' $display
W: Verilog-2008: [D:/FPGA/TSP_RISC-V-2.4/FPGA/pango_cpu/ipcore/SRAM/rtl/ipml_dpram_v1_8_SRAM.v(line number: 274)] Ignore 'system task' $finish
W: Verilog-2008: [D:/FPGA/TSP_RISC-V-2.4/FPGA/pango_cpu/ipcore/SRAM/rtl/ipml_dpram_v1_8_SRAM.v(line number: 277)] Ignore 'system task' $display
W: Verilog-2008: [D:/FPGA/TSP_RISC-V-2.4/FPGA/pango_cpu/ipcore/SRAM/rtl/ipml_dpram_v1_8_SRAM.v(line number: 278)] Ignore 'system task' $finish
W: Verilog-2008: [D:/FPGA/TSP_RISC-V-2.4/FPGA/pango_cpu/ipcore/SRAM/rtl/ipml_dpram_v1_8_SRAM.v(line number: 281)] Ignore 'system task' $display
W: Verilog-2008: [D:/FPGA/TSP_RISC-V-2.4/FPGA/pango_cpu/ipcore/SRAM/rtl/ipml_dpram_v1_8_SRAM.v(line number: 282)] Ignore 'system task' $finish
W: Verilog-2008: [D:/FPGA/TSP_RISC-V-2.4/FPGA/pango_cpu/ipcore/SRAM/rtl/ipml_dpram_v1_8_SRAM.v(line number: 285)] Ignore 'system task' $display
W: Verilog-2008: [D:/FPGA/TSP_RISC-V-2.4/FPGA/pango_cpu/ipcore/SRAM/rtl/ipml_dpram_v1_8_SRAM.v(line number: 286)] Ignore 'system task' $finish
W: Verilog-2008: [D:/FPGA/TSP_RISC-V-2.4/FPGA/pango_cpu/ipcore/SRAM/rtl/ipml_dpram_v1_8_SRAM.v(line number: 289)] Ignore 'system task' $display
W: Verilog-2008: [D:/FPGA/TSP_RISC-V-2.4/FPGA/pango_cpu/ipcore/SRAM/rtl/ipml_dpram_v1_8_SRAM.v(line number: 290)] Ignore 'system task' $finish
W: Verilog-2008: [D:/FPGA/TSP_RISC-V-2.4/FPGA/pango_cpu/ipcore/SRAM/rtl/ipml_dpram_v1_8_SRAM.v(line number: 293)] Ignore 'system task' $display
W: Verilog-2008: [D:/FPGA/TSP_RISC-V-2.4/FPGA/pango_cpu/ipcore/SRAM/rtl/ipml_dpram_v1_8_SRAM.v(line number: 294)] Ignore 'system task' $finish
W: Verilog-2008: [D:/FPGA/TSP_RISC-V-2.4/FPGA/pango_cpu/ipcore/SRAM/rtl/ipml_dpram_v1_8_SRAM.v(line number: 297)] Ignore 'system task' $display
W: Verilog-2008: [D:/FPGA/TSP_RISC-V-2.4/FPGA/pango_cpu/ipcore/SRAM/rtl/ipml_dpram_v1_8_SRAM.v(line number: 298)] Ignore 'system task' $finish
W: Verilog-2008: [D:/FPGA/TSP_RISC-V-2.4/FPGA/pango_cpu/ipcore/SRAM/rtl/ipml_dpram_v1_8_SRAM.v(line number: 301)] Ignore 'system task' $display
W: Verilog-2008: [D:/FPGA/TSP_RISC-V-2.4/FPGA/pango_cpu/ipcore/SRAM/rtl/ipml_dpram_v1_8_SRAM.v(line number: 302)] Ignore 'system task' $finish
W: Verilog-2008: [D:/FPGA/TSP_RISC-V-2.4/FPGA/pango_cpu/ipcore/SRAM/rtl/ipml_dpram_v1_8_SRAM.v(line number: 305)] Ignore 'system task' $display
W: Verilog-2008: [D:/FPGA/TSP_RISC-V-2.4/FPGA/pango_cpu/ipcore/SRAM/rtl/ipml_dpram_v1_8_SRAM.v(line number: 306)] Ignore 'system task' $finish
W: Verilog-2008: [D:/FPGA/TSP_RISC-V-2.4/FPGA/pango_cpu/ipcore/SRAM/rtl/ipml_dpram_v1_8_SRAM.v(line number: 310)] Ignore 'system task' $display
W: Verilog-2008: [D:/FPGA/TSP_RISC-V-2.4/FPGA/pango_cpu/ipcore/SRAM/rtl/ipml_dpram_v1_8_SRAM.v(line number: 311)] Ignore 'system task' $finish
W: Verilog-2008: [D:/FPGA/TSP_RISC-V-2.4/FPGA/pango_cpu/ipcore/SRAM/rtl/ipml_dpram_v1_8_SRAM.v(line number: 314)] Ignore 'system task' $display
W: Verilog-2008: [D:/FPGA/TSP_RISC-V-2.4/FPGA/pango_cpu/ipcore/SRAM/rtl/ipml_dpram_v1_8_SRAM.v(line number: 315)] Ignore 'system task' $finish
W: Verilog-2008: [D:/FPGA/TSP_RISC-V-2.4/FPGA/pango_cpu/ipcore/SRAM/rtl/ipml_dpram_v1_8_SRAM.v(line number: 319)] Ignore 'system task' $display
W: Verilog-2008: [D:/FPGA/TSP_RISC-V-2.4/FPGA/pango_cpu/ipcore/SRAM/rtl/ipml_dpram_v1_8_SRAM.v(line number: 320)] Ignore 'system task' $finish
W: Verilog-2008: [D:/FPGA/TSP_RISC-V-2.4/FPGA/pango_cpu/ipcore/SRAM/rtl/ipml_dpram_v1_8_SRAM.v(line number: 323)] Ignore 'system task' $display
W: Verilog-2008: [D:/FPGA/TSP_RISC-V-2.4/FPGA/pango_cpu/ipcore/SRAM/rtl/ipml_dpram_v1_8_SRAM.v(line number: 324)] Ignore 'system task' $finish
W: Verilog-2008: [D:/FPGA/TSP_RISC-V-2.4/FPGA/pango_cpu/ipcore/SRAM/rtl/ipml_dpram_v1_8_SRAM.v(line number: 327)] Ignore 'system task' $display
W: Verilog-2008: [D:/FPGA/TSP_RISC-V-2.4/FPGA/pango_cpu/ipcore/SRAM/rtl/ipml_dpram_v1_8_SRAM.v(line number: 331)] Ignore 'system task' $display
W: Verilog-2008: [D:/FPGA/TSP_RISC-V-2.4/FPGA/pango_cpu/ipcore/SRAM/rtl/ipml_dpram_v1_8_SRAM.v(line number: 332)] Ignore 'system task' $finish
W: Verilog-2008: [D:/FPGA/TSP_RISC-V-2.4/FPGA/pango_cpu/ipcore/SRAM/rtl/ipml_dpram_v1_8_SRAM.v(line number: 335)] Ignore 'system task' $display
W: Verilog-2008: [D:/FPGA/TSP_RISC-V-2.4/FPGA/pango_cpu/ipcore/SRAM/rtl/ipml_dpram_v1_8_SRAM.v(line number: 336)] Ignore 'system task' $finish
W: Verilog-2008: [D:/FPGA/TSP_RISC-V-2.4/FPGA/pango_cpu/ipcore/SRAM/rtl/ipml_dpram_v1_8_SRAM.v(line number: 339)] Ignore 'system task' $display
W: Verilog-2008: [D:/FPGA/TSP_RISC-V-2.4/FPGA/pango_cpu/ipcore/SRAM/rtl/ipml_dpram_v1_8_SRAM.v(line number: 340)] Ignore 'system task' $finish
W: Verilog-2008: [D:/FPGA/TSP_RISC-V-2.4/FPGA/pango_cpu/ipcore/SRAM/rtl/ipml_dpram_v1_8_SRAM.v(line number: 343)] Ignore 'system task' $display
W: Verilog-2008: [D:/FPGA/TSP_RISC-V-2.4/FPGA/pango_cpu/ipcore/SRAM/rtl/ipml_dpram_v1_8_SRAM.v(line number: 344)] Ignore 'system task' $finish
W: Verilog-2008: [D:/FPGA/TSP_RISC-V-2.4/FPGA/pango_cpu/ipcore/SRAM/rtl/ipml_dpram_v1_8_SRAM.v(line number: 347)] Ignore 'system task' $display
W: Verilog-2008: [D:/FPGA/TSP_RISC-V-2.4/FPGA/pango_cpu/ipcore/SRAM/rtl/ipml_dpram_v1_8_SRAM.v(line number: 348)] Ignore 'system task' $finish
W: Verilog-2008: [D:/FPGA/TSP_RISC-V-2.4/FPGA/pango_cpu/ipcore/SRAM/rtl/ipml_dpram_v1_8_SRAM.v(line number: 353)] Ignore 'system task' $display
W: Verilog-2008: [D:/FPGA/TSP_RISC-V-2.4/FPGA/pango_cpu/ipcore/SRAM/rtl/ipml_dpram_v1_8_SRAM.v(line number: 354)] Ignore 'system task' $finish
W: Verilog-2008: [D:/FPGA/TSP_RISC-V-2.4/FPGA/pango_cpu/ipcore/SRAM/rtl/ipml_dpram_v1_8_SRAM.v(line number: 357)] Ignore 'system task' $display
W: Verilog-2008: [D:/FPGA/TSP_RISC-V-2.4/FPGA/pango_cpu/ipcore/SRAM/rtl/ipml_dpram_v1_8_SRAM.v(line number: 358)] Ignore 'system task' $finish
W: Verilog-2008: [D:/FPGA/TSP_RISC-V-2.4/FPGA/pango_cpu/ipcore/SRAM/rtl/ipml_dpram_v1_8_SRAM.v(line number: 363)] Ignore 'system task' $display
W: Verilog-2008: [D:/FPGA/TSP_RISC-V-2.4/FPGA/pango_cpu/ipcore/SRAM/rtl/ipml_dpram_v1_8_SRAM.v(line number: 364)] Ignore 'system task' $finish
Parsing done.
Executing : .rtl_analyze -include_path {D:/FPGA/TSP_RISC-V-2.4/FPGA/pango_cpu} D:/FPGA/TSP_RISC-V-2.4/FPGA/pango_cpu/ipcore/SRAM/rtl/ipml_dpram_v1_8_SRAM.v successfully.
Executing : .rtl_analyze -include_path {D:/FPGA/TSP_RISC-V-2.4/FPGA/pango_cpu} D:/FPGA/TSP_RISC-V-2.4/FPGA/pango_cpu/ipcore/SRAM/SRAM.v
I: Verilog-0001: Analyzing file D:/FPGA/TSP_RISC-V-2.4/FPGA/pango_cpu/ipcore/SRAM/SRAM.v
I: Verilog-0002: [D:/FPGA/TSP_RISC-V-2.4/FPGA/pango_cpu/ipcore/SRAM/SRAM.v(line number: 16)] Analyzing module SRAM (library work)
Parsing done.
Executing : .rtl_analyze -include_path {D:/FPGA/TSP_RISC-V-2.4/FPGA/pango_cpu} D:/FPGA/TSP_RISC-V-2.4/FPGA/pango_cpu/ipcore/SRAM/SRAM.v successfully.
I: Module "SoC_Top" is set as top module.
Executing : rtl-analyze successfully. Time elapsed: 1.559s wall, 0.016s user + 0.016s system = 0.031s CPU (2.0%)

Start rtl-elaborate.
I: Verilog-0003: [D:/FPGA/TSP_RISC-V-2.4/FPGA/pango_cpu/source/peripheral/soc_top.v(line number: 3)] Elaborating module SoC_Top
I: Verilog-0004: [D:/FPGA/TSP_RISC-V-2.4/FPGA/pango_cpu/source/peripheral/soc_top.v(line number: 19)] Elaborating instance u_sys_pll
I: Verilog-0003: [D:/FPGA/TSP_RISC-V-2.4/FPGA/pango_cpu/ipcore/sys_pll/sys_pll.v(line number: 18)] Elaborating module sys_pll
I: Verilog-0004: [D:/FPGA/TSP_RISC-V-2.4/FPGA/pango_cpu/ipcore/sys_pll/sys_pll.v(line number: 228)] Elaborating instance u_pll_e3
W: Verilog-2021: [D:/FPGA/TSP_RISC-V-2.4/FPGA/pango_cpu/ipcore/sys_pll/sys_pll.v(line number: 115)] Net clkfb in sys_pll(original module sys_pll) does not have a driver, tie it to 0
W: Verilog-2021: [D:/FPGA/TSP_RISC-V-2.4/FPGA/pango_cpu/ipcore/sys_pll/sys_pll.v(line number: 118)] Net pfden in sys_pll(original module sys_pll) does not have a driver, tie it to 0
W: Verilog-2021: [D:/FPGA/TSP_RISC-V-2.4/FPGA/pango_cpu/ipcore/sys_pll/sys_pll.v(line number: 119)] Net clkout0_gate in sys_pll(original module sys_pll) does not have a driver, tie it to 0
W: Verilog-2021: [D:/FPGA/TSP_RISC-V-2.4/FPGA/pango_cpu/ipcore/sys_pll/sys_pll.v(line number: 120)] Net clkout0_2pad_gate in sys_pll(original module sys_pll) does not have a driver, tie it to 0
W: Verilog-2021: [D:/FPGA/TSP_RISC-V-2.4/FPGA/pango_cpu/ipcore/sys_pll/sys_pll.v(line number: 121)] Net clkout1_gate in sys_pll(original module sys_pll) does not have a driver, tie it to 0
W: Verilog-2021: [D:/FPGA/TSP_RISC-V-2.4/FPGA/pango_cpu/ipcore/sys_pll/sys_pll.v(line number: 122)] Net clkout2_gate in sys_pll(original module sys_pll) does not have a driver, tie it to 0
W: Verilog-2021: [D:/FPGA/TSP_RISC-V-2.4/FPGA/pango_cpu/ipcore/sys_pll/sys_pll.v(line number: 123)] Net clkout3_gate in sys_pll(original module sys_pll) does not have a driver, tie it to 0
W: Verilog-2021: [D:/FPGA/TSP_RISC-V-2.4/FPGA/pango_cpu/ipcore/sys_pll/sys_pll.v(line number: 124)] Net clkout4_gate in sys_pll(original module sys_pll) does not have a driver, tie it to 0
W: Verilog-2021: [D:/FPGA/TSP_RISC-V-2.4/FPGA/pango_cpu/ipcore/sys_pll/sys_pll.v(line number: 125)] Net clkout5_gate in sys_pll(original module sys_pll) does not have a driver, tie it to 0
W: Verilog-2021: [D:/FPGA/TSP_RISC-V-2.4/FPGA/pango_cpu/ipcore/sys_pll/sys_pll.v(line number: 126)] Net dyn_idiv in sys_pll(original module sys_pll) does not have a driver, tie it to 0
W: Verilog-2021: [D:/FPGA/TSP_RISC-V-2.4/FPGA/pango_cpu/ipcore/sys_pll/sys_pll.v(line number: 127)] Net dyn_odiv0 in sys_pll(original module sys_pll) does not have a driver, tie it to 0
W: Verilog-2021: [D:/FPGA/TSP_RISC-V-2.4/FPGA/pango_cpu/ipcore/sys_pll/sys_pll.v(line number: 128)] Net dyn_odiv1 in sys_pll(original module sys_pll) does not have a driver, tie it to 0
W: Verilog-2021: [D:/FPGA/TSP_RISC-V-2.4/FPGA/pango_cpu/ipcore/sys_pll/sys_pll.v(line number: 129)] Net dyn_odiv2 in sys_pll(original module sys_pll) does not have a driver, tie it to 0
W: Verilog-2021: [D:/FPGA/TSP_RISC-V-2.4/FPGA/pango_cpu/ipcore/sys_pll/sys_pll.v(line number: 130)] Net dyn_odiv3 in sys_pll(original module sys_pll) does not have a driver, tie it to 0
W: Verilog-2021: [D:/FPGA/TSP_RISC-V-2.4/FPGA/pango_cpu/ipcore/sys_pll/sys_pll.v(line number: 131)] Net dyn_odiv4 in sys_pll(original module sys_pll) does not have a driver, tie it to 0
W: Verilog-2021: [D:/FPGA/TSP_RISC-V-2.4/FPGA/pango_cpu/ipcore/sys_pll/sys_pll.v(line number: 132)] Net dyn_fdiv in sys_pll(original module sys_pll) does not have a driver, tie it to 0
W: Verilog-2021: [D:/FPGA/TSP_RISC-V-2.4/FPGA/pango_cpu/ipcore/sys_pll/sys_pll.v(line number: 133)] Net dyn_duty0 in sys_pll(original module sys_pll) does not have a driver, tie it to 0
W: Verilog-2021: [D:/FPGA/TSP_RISC-V-2.4/FPGA/pango_cpu/ipcore/sys_pll/sys_pll.v(line number: 134)] Net dyn_duty1 in sys_pll(original module sys_pll) does not have a driver, tie it to 0
W: Verilog-2021: [D:/FPGA/TSP_RISC-V-2.4/FPGA/pango_cpu/ipcore/sys_pll/sys_pll.v(line number: 135)] Net dyn_duty2 in sys_pll(original module sys_pll) does not have a driver, tie it to 0
W: Verilog-2021: [D:/FPGA/TSP_RISC-V-2.4/FPGA/pango_cpu/ipcore/sys_pll/sys_pll.v(line number: 136)] Net dyn_duty3 in sys_pll(original module sys_pll) does not have a driver, tie it to 0
W: Verilog-2021: [D:/FPGA/TSP_RISC-V-2.4/FPGA/pango_cpu/ipcore/sys_pll/sys_pll.v(line number: 137)] Net dyn_duty4 in sys_pll(original module sys_pll) does not have a driver, tie it to 0
I: Verilog-0004: [D:/FPGA/TSP_RISC-V-2.4/FPGA/pango_cpu/source/peripheral/soc_top.v(line number: 120)] Elaborating instance u_TSP_Core
I: Verilog-0003: [D:/FPGA/TSP_RISC-V-2.4/FPGA/pango_cpu/source/core/core.v(line number: 3)] Elaborating module TSP_Core
I: Verilog-0004: [D:/FPGA/TSP_RISC-V-2.4/FPGA/pango_cpu/source/core/core.v(line number: 46)] Elaborating instance u_PC_control
I: Verilog-0003: [D:/FPGA/TSP_RISC-V-2.4/FPGA/pango_cpu/source/core/PC_control.v(line number: 4)] Elaborating module PC_control
I: Verilog-0004: [D:/FPGA/TSP_RISC-V-2.4/FPGA/pango_cpu/source/core/core.v(line number: 69)] Elaborating instance u_TSP_Ifu
I: Verilog-0003: [D:/FPGA/TSP_RISC-V-2.4/FPGA/pango_cpu/source/core/Ifu.v(line number: 3)] Elaborating module TSP_Ifu
I: Verilog-0004: [D:/FPGA/TSP_RISC-V-2.4/FPGA/pango_cpu/source/core/Ifu.v(line number: 116)] Elaborating instance u_Iram
I: Verilog-0003: [D:/FPGA/TSP_RISC-V-2.4/FPGA/pango_cpu/ipcore/IRAM/IRAM.v(line number: 16)] Elaborating module IRAM
I: Verilog-0004: [D:/FPGA/TSP_RISC-V-2.4/FPGA/pango_cpu/ipcore/IRAM/IRAM.v(line number: 206)] Elaborating instance U_ipml_dpram_IRAM
I: Verilog-0003: [D:/FPGA/TSP_RISC-V-2.4/FPGA/pango_cpu/ipcore/IRAM/rtl/ipml_dpram_v1_8_IRAM.v(line number: 17)] Elaborating module ipml_dpram_v1_8_IRAM
I: Module instance {SoC_Top/u_TSP_Core/u_TSP_Ifu/u_Iram/U_ipml_dpram_IRAM} parameter value:
    c_SIM_DEVICE = LOGOS
    c_A_ADDR_WIDTH = 32'b00000000000000000000000000001110
    c_A_DATA_WIDTH = 32'b00000000000000000000000000100000
    c_B_ADDR_WIDTH = 32'b00000000000000000000000000001110
    c_B_DATA_WIDTH = 32'b00000000000000000000000000100000
    c_A_OUTPUT_REG = 32'b00000000000000000000000000000000
    c_A_RD_OCE_EN = 32'b00000000000000000000000000000000
    c_A_ADDR_STROBE_EN = 32'b00000000000000000000000000000000
    c_A_CLK_EN = 32'b00000000000000000000000000000000
    c_B_OUTPUT_REG = 32'b00000000000000000000000000000000
    c_B_RD_OCE_EN = 32'b00000000000000000000000000000000
    c_B_ADDR_STROBE_EN = 32'b00000000000000000000000000000000
    c_B_CLK_EN = 32'b00000000000000000000000000000000
    c_RESET_TYPE = ASYNC_RESET
    c_A_CLK_OR_POL_INV = 32'b00000000000000000000000000000000
    c_B_CLK_OR_POL_INV = 32'b00000000000000000000000000000000
    c_POWER_OPT = 32'b00000000000000000000000000000000
    c_INIT_FILE = NONE
    c_INIT_FORMAT = HEX
    c_WR_BYTE_EN = 32'b00000000000000000000000000000001
    c_A_BE_WIDTH = 32'b00000000000000000000000000000100
    c_B_BE_WIDTH = 32'b00000000000000000000000000000100
    c_A_WRITE_MODE = NORMAL_WRITE
    c_B_WRITE_MODE = NORMAL_WRITE
W: Verilog-2039: [D:/FPGA/TSP_RISC-V-2.4/FPGA/pango_cpu/ipcore/IRAM/rtl/ipml_dpram_v1_8_IRAM.v(line number: 419)] Repeat multiplier in concatenation evaluates to 0
W: Verilog-2039: [D:/FPGA/TSP_RISC-V-2.4/FPGA/pango_cpu/ipcore/IRAM/rtl/ipml_dpram_v1_8_IRAM.v(line number: 421)] Repeat multiplier in concatenation evaluates to 0
W: Verilog-2039: [D:/FPGA/TSP_RISC-V-2.4/FPGA/pango_cpu/ipcore/IRAM/rtl/ipml_dpram_v1_8_IRAM.v(line number: 423)] Repeat multiplier in concatenation evaluates to 0
W: Verilog-2039: [D:/FPGA/TSP_RISC-V-2.4/FPGA/pango_cpu/ipcore/IRAM/rtl/ipml_dpram_v1_8_IRAM.v(line number: 425)] Repeat multiplier in concatenation evaluates to 0
W: Verilog-2039: [D:/FPGA/TSP_RISC-V-2.4/FPGA/pango_cpu/ipcore/IRAM/rtl/ipml_dpram_v1_8_IRAM.v(line number: 428)] Repeat multiplier in concatenation evaluates to 0
W: Verilog-2039: [D:/FPGA/TSP_RISC-V-2.4/FPGA/pango_cpu/ipcore/IRAM/rtl/ipml_dpram_v1_8_IRAM.v(line number: 429)] Repeat multiplier in concatenation evaluates to 0
W: Verilog-2038: [D:/FPGA/TSP_RISC-V-2.4/FPGA/pango_cpu/ipcore/IRAM/rtl/ipml_dpram_v1_8_IRAM.v(line number: 438)] Case condition never applies
W: Verilog-2038: [D:/FPGA/TSP_RISC-V-2.4/FPGA/pango_cpu/ipcore/IRAM/rtl/ipml_dpram_v1_8_IRAM.v(line number: 439)] Case condition never applies
W: Verilog-2038: [D:/FPGA/TSP_RISC-V-2.4/FPGA/pango_cpu/ipcore/IRAM/rtl/ipml_dpram_v1_8_IRAM.v(line number: 440)] Case condition never applies
W: Verilog-2038: [D:/FPGA/TSP_RISC-V-2.4/FPGA/pango_cpu/ipcore/IRAM/rtl/ipml_dpram_v1_8_IRAM.v(line number: 441)] Case condition never applies
W: Verilog-2038: [D:/FPGA/TSP_RISC-V-2.4/FPGA/pango_cpu/ipcore/IRAM/rtl/ipml_dpram_v1_8_IRAM.v(line number: 441)] Case condition never applies
W: Verilog-2038: [D:/FPGA/TSP_RISC-V-2.4/FPGA/pango_cpu/ipcore/IRAM/rtl/ipml_dpram_v1_8_IRAM.v(line number: 438)] Case condition never applies
W: Verilog-2038: [D:/FPGA/TSP_RISC-V-2.4/FPGA/pango_cpu/ipcore/IRAM/rtl/ipml_dpram_v1_8_IRAM.v(line number: 439)] Case condition never applies
W: Verilog-2038: [D:/FPGA/TSP_RISC-V-2.4/FPGA/pango_cpu/ipcore/IRAM/rtl/ipml_dpram_v1_8_IRAM.v(line number: 440)] Case condition never applies
W: Verilog-2038: [D:/FPGA/TSP_RISC-V-2.4/FPGA/pango_cpu/ipcore/IRAM/rtl/ipml_dpram_v1_8_IRAM.v(line number: 441)] Case condition never applies
W: Verilog-2038: [D:/FPGA/TSP_RISC-V-2.4/FPGA/pango_cpu/ipcore/IRAM/rtl/ipml_dpram_v1_8_IRAM.v(line number: 441)] Case condition never applies
W: Verilog-2038: [D:/FPGA/TSP_RISC-V-2.4/FPGA/pango_cpu/ipcore/IRAM/rtl/ipml_dpram_v1_8_IRAM.v(line number: 489)] Case condition never applies
W: Verilog-2038: [D:/FPGA/TSP_RISC-V-2.4/FPGA/pango_cpu/ipcore/IRAM/rtl/ipml_dpram_v1_8_IRAM.v(line number: 490)] Case condition never applies
W: Verilog-2038: [D:/FPGA/TSP_RISC-V-2.4/FPGA/pango_cpu/ipcore/IRAM/rtl/ipml_dpram_v1_8_IRAM.v(line number: 491)] Case condition never applies
W: Verilog-2038: [D:/FPGA/TSP_RISC-V-2.4/FPGA/pango_cpu/ipcore/IRAM/rtl/ipml_dpram_v1_8_IRAM.v(line number: 492)] Case condition never applies
W: Verilog-2038: [D:/FPGA/TSP_RISC-V-2.4/FPGA/pango_cpu/ipcore/IRAM/rtl/ipml_dpram_v1_8_IRAM.v(line number: 492)] Case condition never applies
W: Verilog-2038: [D:/FPGA/TSP_RISC-V-2.4/FPGA/pango_cpu/ipcore/IRAM/rtl/ipml_dpram_v1_8_IRAM.v(line number: 489)] Case condition never applies
W: Verilog-2038: [D:/FPGA/TSP_RISC-V-2.4/FPGA/pango_cpu/ipcore/IRAM/rtl/ipml_dpram_v1_8_IRAM.v(line number: 490)] Case condition never applies
W: Verilog-2038: [D:/FPGA/TSP_RISC-V-2.4/FPGA/pango_cpu/ipcore/IRAM/rtl/ipml_dpram_v1_8_IRAM.v(line number: 491)] Case condition never applies
W: Verilog-2038: [D:/FPGA/TSP_RISC-V-2.4/FPGA/pango_cpu/ipcore/IRAM/rtl/ipml_dpram_v1_8_IRAM.v(line number: 492)] Case condition never applies
W: Verilog-2038: [D:/FPGA/TSP_RISC-V-2.4/FPGA/pango_cpu/ipcore/IRAM/rtl/ipml_dpram_v1_8_IRAM.v(line number: 492)] Case condition never applies
I: Verilog-0004: [D:/FPGA/TSP_RISC-V-2.4/FPGA/pango_cpu/ipcore/IRAM/rtl/ipml_dpram_v1_8_IRAM.v(line number: 760)] Elaborating instance U_GTP_DRM18K
I: Verilog-0004: [D:/FPGA/TSP_RISC-V-2.4/FPGA/pango_cpu/ipcore/IRAM/rtl/ipml_dpram_v1_8_IRAM.v(line number: 760)] Elaborating instance U_GTP_DRM18K
I: Verilog-0004: [D:/FPGA/TSP_RISC-V-2.4/FPGA/pango_cpu/ipcore/IRAM/rtl/ipml_dpram_v1_8_IRAM.v(line number: 760)] Elaborating instance U_GTP_DRM18K
I: Verilog-0004: [D:/FPGA/TSP_RISC-V-2.4/FPGA/pango_cpu/ipcore/IRAM/rtl/ipml_dpram_v1_8_IRAM.v(line number: 760)] Elaborating instance U_GTP_DRM18K
I: Verilog-0004: [D:/FPGA/TSP_RISC-V-2.4/FPGA/pango_cpu/ipcore/IRAM/rtl/ipml_dpram_v1_8_IRAM.v(line number: 760)] Elaborating instance U_GTP_DRM18K
I: Verilog-0004: [D:/FPGA/TSP_RISC-V-2.4/FPGA/pango_cpu/ipcore/IRAM/rtl/ipml_dpram_v1_8_IRAM.v(line number: 760)] Elaborating instance U_GTP_DRM18K
I: Verilog-0004: [D:/FPGA/TSP_RISC-V-2.4/FPGA/pango_cpu/ipcore/IRAM/rtl/ipml_dpram_v1_8_IRAM.v(line number: 760)] Elaborating instance U_GTP_DRM18K
I: Verilog-0004: [D:/FPGA/TSP_RISC-V-2.4/FPGA/pango_cpu/ipcore/IRAM/rtl/ipml_dpram_v1_8_IRAM.v(line number: 760)] Elaborating instance U_GTP_DRM18K
I: Verilog-0004: [D:/FPGA/TSP_RISC-V-2.4/FPGA/pango_cpu/ipcore/IRAM/rtl/ipml_dpram_v1_8_IRAM.v(line number: 760)] Elaborating instance U_GTP_DRM18K
I: Verilog-0004: [D:/FPGA/TSP_RISC-V-2.4/FPGA/pango_cpu/ipcore/IRAM/rtl/ipml_dpram_v1_8_IRAM.v(line number: 760)] Elaborating instance U_GTP_DRM18K
I: Verilog-0004: [D:/FPGA/TSP_RISC-V-2.4/FPGA/pango_cpu/ipcore/IRAM/rtl/ipml_dpram_v1_8_IRAM.v(line number: 760)] Elaborating instance U_GTP_DRM18K
I: Verilog-0004: [D:/FPGA/TSP_RISC-V-2.4/FPGA/pango_cpu/ipcore/IRAM/rtl/ipml_dpram_v1_8_IRAM.v(line number: 760)] Elaborating instance U_GTP_DRM18K
I: Verilog-0004: [D:/FPGA/TSP_RISC-V-2.4/FPGA/pango_cpu/ipcore/IRAM/rtl/ipml_dpram_v1_8_IRAM.v(line number: 760)] Elaborating instance U_GTP_DRM18K
I: Verilog-0004: [D:/FPGA/TSP_RISC-V-2.4/FPGA/pango_cpu/ipcore/IRAM/rtl/ipml_dpram_v1_8_IRAM.v(line number: 760)] Elaborating instance U_GTP_DRM18K
I: Verilog-0004: [D:/FPGA/TSP_RISC-V-2.4/FPGA/pango_cpu/ipcore/IRAM/rtl/ipml_dpram_v1_8_IRAM.v(line number: 760)] Elaborating instance U_GTP_DRM18K
I: Verilog-0004: [D:/FPGA/TSP_RISC-V-2.4/FPGA/pango_cpu/ipcore/IRAM/rtl/ipml_dpram_v1_8_IRAM.v(line number: 760)] Elaborating instance U_GTP_DRM18K
I: Verilog-0004: [D:/FPGA/TSP_RISC-V-2.4/FPGA/pango_cpu/ipcore/IRAM/rtl/ipml_dpram_v1_8_IRAM.v(line number: 760)] Elaborating instance U_GTP_DRM18K
I: Verilog-0004: [D:/FPGA/TSP_RISC-V-2.4/FPGA/pango_cpu/ipcore/IRAM/rtl/ipml_dpram_v1_8_IRAM.v(line number: 760)] Elaborating instance U_GTP_DRM18K
I: Verilog-0004: [D:/FPGA/TSP_RISC-V-2.4/FPGA/pango_cpu/ipcore/IRAM/rtl/ipml_dpram_v1_8_IRAM.v(line number: 760)] Elaborating instance U_GTP_DRM18K
I: Verilog-0004: [D:/FPGA/TSP_RISC-V-2.4/FPGA/pango_cpu/ipcore/IRAM/rtl/ipml_dpram_v1_8_IRAM.v(line number: 760)] Elaborating instance U_GTP_DRM18K
I: Verilog-0004: [D:/FPGA/TSP_RISC-V-2.4/FPGA/pango_cpu/ipcore/IRAM/rtl/ipml_dpram_v1_8_IRAM.v(line number: 760)] Elaborating instance U_GTP_DRM18K
I: Verilog-0004: [D:/FPGA/TSP_RISC-V-2.4/FPGA/pango_cpu/ipcore/IRAM/rtl/ipml_dpram_v1_8_IRAM.v(line number: 760)] Elaborating instance U_GTP_DRM18K
I: Verilog-0004: [D:/FPGA/TSP_RISC-V-2.4/FPGA/pango_cpu/ipcore/IRAM/rtl/ipml_dpram_v1_8_IRAM.v(line number: 760)] Elaborating instance U_GTP_DRM18K
I: Verilog-0004: [D:/FPGA/TSP_RISC-V-2.4/FPGA/pango_cpu/ipcore/IRAM/rtl/ipml_dpram_v1_8_IRAM.v(line number: 760)] Elaborating instance U_GTP_DRM18K
I: Verilog-0004: [D:/FPGA/TSP_RISC-V-2.4/FPGA/pango_cpu/ipcore/IRAM/rtl/ipml_dpram_v1_8_IRAM.v(line number: 760)] Elaborating instance U_GTP_DRM18K
I: Verilog-0004: [D:/FPGA/TSP_RISC-V-2.4/FPGA/pango_cpu/ipcore/IRAM/rtl/ipml_dpram_v1_8_IRAM.v(line number: 760)] Elaborating instance U_GTP_DRM18K
I: Verilog-0004: [D:/FPGA/TSP_RISC-V-2.4/FPGA/pango_cpu/ipcore/IRAM/rtl/ipml_dpram_v1_8_IRAM.v(line number: 760)] Elaborating instance U_GTP_DRM18K
I: Verilog-0004: [D:/FPGA/TSP_RISC-V-2.4/FPGA/pango_cpu/ipcore/IRAM/rtl/ipml_dpram_v1_8_IRAM.v(line number: 760)] Elaborating instance U_GTP_DRM18K
I: Verilog-0004: [D:/FPGA/TSP_RISC-V-2.4/FPGA/pango_cpu/ipcore/IRAM/rtl/ipml_dpram_v1_8_IRAM.v(line number: 760)] Elaborating instance U_GTP_DRM18K
I: Verilog-0004: [D:/FPGA/TSP_RISC-V-2.4/FPGA/pango_cpu/ipcore/IRAM/rtl/ipml_dpram_v1_8_IRAM.v(line number: 760)] Elaborating instance U_GTP_DRM18K
I: Verilog-0004: [D:/FPGA/TSP_RISC-V-2.4/FPGA/pango_cpu/ipcore/IRAM/rtl/ipml_dpram_v1_8_IRAM.v(line number: 760)] Elaborating instance U_GTP_DRM18K
I: Verilog-0004: [D:/FPGA/TSP_RISC-V-2.4/FPGA/pango_cpu/ipcore/IRAM/rtl/ipml_dpram_v1_8_IRAM.v(line number: 760)] Elaborating instance U_GTP_DRM18K
W: Verilog-2020: [D:/FPGA/TSP_RISC-V-2.4/FPGA/pango_cpu/ipcore/IRAM/rtl/ipml_dpram_v1_8_IRAM.v(line number: 644)] Net DA_bus[8] in ipml_dpram_v1_8_IRAM(original module ipml_dpram_v1_8_IRAM) does not have a driver, tie it to 0
W: Verilog-2020: [D:/FPGA/TSP_RISC-V-2.4/FPGA/pango_cpu/ipcore/IRAM/rtl/ipml_dpram_v1_8_IRAM.v(line number: 644)] Net DA_bus[17] in ipml_dpram_v1_8_IRAM(original module ipml_dpram_v1_8_IRAM) does not have a driver, tie it to 0
W: Verilog-2020: [D:/FPGA/TSP_RISC-V-2.4/FPGA/pango_cpu/ipcore/IRAM/rtl/ipml_dpram_v1_8_IRAM.v(line number: 644)] Net DA_bus[26] in ipml_dpram_v1_8_IRAM(original module ipml_dpram_v1_8_IRAM) does not have a driver, tie it to 0
W: Verilog-2020: [D:/FPGA/TSP_RISC-V-2.4/FPGA/pango_cpu/ipcore/IRAM/rtl/ipml_dpram_v1_8_IRAM.v(line number: 644)] Net DA_bus[35] in ipml_dpram_v1_8_IRAM(original module ipml_dpram_v1_8_IRAM) does not have a driver, tie it to 0
W: Verilog-2020: [D:/FPGA/TSP_RISC-V-2.4/FPGA/pango_cpu/ipcore/IRAM/rtl/ipml_dpram_v1_8_IRAM.v(line number: 645)] Net DB_bus[8] in ipml_dpram_v1_8_IRAM(original module ipml_dpram_v1_8_IRAM) does not have a driver, tie it to 0
W: Verilog-2020: [D:/FPGA/TSP_RISC-V-2.4/FPGA/pango_cpu/ipcore/IRAM/rtl/ipml_dpram_v1_8_IRAM.v(line number: 645)] Net DB_bus[17] in ipml_dpram_v1_8_IRAM(original module ipml_dpram_v1_8_IRAM) does not have a driver, tie it to 0
W: Verilog-2020: [D:/FPGA/TSP_RISC-V-2.4/FPGA/pango_cpu/ipcore/IRAM/rtl/ipml_dpram_v1_8_IRAM.v(line number: 645)] Net DB_bus[26] in ipml_dpram_v1_8_IRAM(original module ipml_dpram_v1_8_IRAM) does not have a driver, tie it to 0
W: Verilog-2020: [D:/FPGA/TSP_RISC-V-2.4/FPGA/pango_cpu/ipcore/IRAM/rtl/ipml_dpram_v1_8_IRAM.v(line number: 645)] Net DB_bus[35] in ipml_dpram_v1_8_IRAM(original module ipml_dpram_v1_8_IRAM) does not have a driver, tie it to 0
I: Verilog-0004: [D:/FPGA/TSP_RISC-V-2.4/FPGA/pango_cpu/source/core/core.v(line number: 130)] Elaborating instance u_TSP_Idec
I: Verilog-0003: [D:/FPGA/TSP_RISC-V-2.4/FPGA/pango_cpu/source/core/idec.v(line number: 6)] Elaborating module TSP_Idec
I: Verilog-0004: [D:/FPGA/TSP_RISC-V-2.4/FPGA/pango_cpu/source/core/core.v(line number: 178)] Elaborating instance u_TSP_Regfiles
I: Verilog-0003: [D:/FPGA/TSP_RISC-V-2.4/FPGA/pango_cpu/source/core/regfiles.v(line number: 3)] Elaborating module TSP_Regfiles
I: Verilog-0004: [D:/FPGA/TSP_RISC-V-2.4/FPGA/pango_cpu/source/core/regfiles.v(line number: 26)] Elaborating instance RV32I_reg_i
I: Verilog-0003: [D:/FPGA/TSP_RISC-V-2.4/FPGA/pango_cpu/source/core/dff.v(line number: 4)] Elaborating module REGs_WLWR
I: Module instance {SoC_Top/u_TSP_Core/u_TSP_Regfiles/x1_31[1].RV32I_reg_i} parameter value:
    RW = 32'b00000000000000000000000000100000
    RST_VAL = 32'b00000000000000000000000000000000
I: Verilog-0004: [D:/FPGA/TSP_RISC-V-2.4/FPGA/pango_cpu/source/core/regfiles.v(line number: 26)] Elaborating instance RV32I_reg_i
I: Verilog-0003: [D:/FPGA/TSP_RISC-V-2.4/FPGA/pango_cpu/source/core/dff.v(line number: 4)] Elaborating module REGs_WLWR
I: Module instance {SoC_Top/u_TSP_Core/u_TSP_Regfiles/x1_31[2].RV32I_reg_i} parameter value:
    RW = 32'b00000000000000000000000000100000
    RST_VAL = 32'b00000000000000000000000000000000
I: Verilog-0004: [D:/FPGA/TSP_RISC-V-2.4/FPGA/pango_cpu/source/core/regfiles.v(line number: 26)] Elaborating instance RV32I_reg_i
I: Verilog-0003: [D:/FPGA/TSP_RISC-V-2.4/FPGA/pango_cpu/source/core/dff.v(line number: 4)] Elaborating module REGs_WLWR
I: Module instance {SoC_Top/u_TSP_Core/u_TSP_Regfiles/x1_31[3].RV32I_reg_i} parameter value:
    RW = 32'b00000000000000000000000000100000
    RST_VAL = 32'b00000000000000000000000000000000
I: Verilog-0004: [D:/FPGA/TSP_RISC-V-2.4/FPGA/pango_cpu/source/core/regfiles.v(line number: 26)] Elaborating instance RV32I_reg_i
I: Verilog-0003: [D:/FPGA/TSP_RISC-V-2.4/FPGA/pango_cpu/source/core/dff.v(line number: 4)] Elaborating module REGs_WLWR
I: Module instance {SoC_Top/u_TSP_Core/u_TSP_Regfiles/x1_31[4].RV32I_reg_i} parameter value:
    RW = 32'b00000000000000000000000000100000
    RST_VAL = 32'b00000000000000000000000000000000
I: Verilog-0004: [D:/FPGA/TSP_RISC-V-2.4/FPGA/pango_cpu/source/core/regfiles.v(line number: 26)] Elaborating instance RV32I_reg_i
I: Verilog-0003: [D:/FPGA/TSP_RISC-V-2.4/FPGA/pango_cpu/source/core/dff.v(line number: 4)] Elaborating module REGs_WLWR
I: Module instance {SoC_Top/u_TSP_Core/u_TSP_Regfiles/x1_31[5].RV32I_reg_i} parameter value:
    RW = 32'b00000000000000000000000000100000
    RST_VAL = 32'b00000000000000000000000000000000
I: Verilog-0004: [D:/FPGA/TSP_RISC-V-2.4/FPGA/pango_cpu/source/core/regfiles.v(line number: 26)] Elaborating instance RV32I_reg_i
I: Verilog-0003: [D:/FPGA/TSP_RISC-V-2.4/FPGA/pango_cpu/source/core/dff.v(line number: 4)] Elaborating module REGs_WLWR
I: Module instance {SoC_Top/u_TSP_Core/u_TSP_Regfiles/x1_31[6].RV32I_reg_i} parameter value:
    RW = 32'b00000000000000000000000000100000
    RST_VAL = 32'b00000000000000000000000000000000
I: Verilog-0004: [D:/FPGA/TSP_RISC-V-2.4/FPGA/pango_cpu/source/core/regfiles.v(line number: 26)] Elaborating instance RV32I_reg_i
I: Verilog-0003: [D:/FPGA/TSP_RISC-V-2.4/FPGA/pango_cpu/source/core/dff.v(line number: 4)] Elaborating module REGs_WLWR
I: Module instance {SoC_Top/u_TSP_Core/u_TSP_Regfiles/x1_31[7].RV32I_reg_i} parameter value:
    RW = 32'b00000000000000000000000000100000
    RST_VAL = 32'b00000000000000000000000000000000
I: Verilog-0004: [D:/FPGA/TSP_RISC-V-2.4/FPGA/pango_cpu/source/core/regfiles.v(line number: 26)] Elaborating instance RV32I_reg_i
I: Verilog-0003: [D:/FPGA/TSP_RISC-V-2.4/FPGA/pango_cpu/source/core/dff.v(line number: 4)] Elaborating module REGs_WLWR
I: Module instance {SoC_Top/u_TSP_Core/u_TSP_Regfiles/x1_31[8].RV32I_reg_i} parameter value:
    RW = 32'b00000000000000000000000000100000
    RST_VAL = 32'b00000000000000000000000000000000
I: Verilog-0004: [D:/FPGA/TSP_RISC-V-2.4/FPGA/pango_cpu/source/core/regfiles.v(line number: 26)] Elaborating instance RV32I_reg_i
I: Verilog-0003: [D:/FPGA/TSP_RISC-V-2.4/FPGA/pango_cpu/source/core/dff.v(line number: 4)] Elaborating module REGs_WLWR
I: Module instance {SoC_Top/u_TSP_Core/u_TSP_Regfiles/x1_31[9].RV32I_reg_i} parameter value:
    RW = 32'b00000000000000000000000000100000
    RST_VAL = 32'b00000000000000000000000000000000
I: Verilog-0004: [D:/FPGA/TSP_RISC-V-2.4/FPGA/pango_cpu/source/core/regfiles.v(line number: 26)] Elaborating instance RV32I_reg_i
I: Verilog-0003: [D:/FPGA/TSP_RISC-V-2.4/FPGA/pango_cpu/source/core/dff.v(line number: 4)] Elaborating module REGs_WLWR
I: Module instance {SoC_Top/u_TSP_Core/u_TSP_Regfiles/x1_31[10].RV32I_reg_i} parameter value:
    RW = 32'b00000000000000000000000000100000
    RST_VAL = 32'b00000000000000000000000000000000
I: Verilog-0004: [D:/FPGA/TSP_RISC-V-2.4/FPGA/pango_cpu/source/core/regfiles.v(line number: 26)] Elaborating instance RV32I_reg_i
I: Verilog-0003: [D:/FPGA/TSP_RISC-V-2.4/FPGA/pango_cpu/source/core/dff.v(line number: 4)] Elaborating module REGs_WLWR
I: Module instance {SoC_Top/u_TSP_Core/u_TSP_Regfiles/x1_31[11].RV32I_reg_i} parameter value:
    RW = 32'b00000000000000000000000000100000
    RST_VAL = 32'b00000000000000000000000000000000
I: Verilog-0004: [D:/FPGA/TSP_RISC-V-2.4/FPGA/pango_cpu/source/core/regfiles.v(line number: 26)] Elaborating instance RV32I_reg_i
I: Verilog-0003: [D:/FPGA/TSP_RISC-V-2.4/FPGA/pango_cpu/source/core/dff.v(line number: 4)] Elaborating module REGs_WLWR
I: Module instance {SoC_Top/u_TSP_Core/u_TSP_Regfiles/x1_31[12].RV32I_reg_i} parameter value:
    RW = 32'b00000000000000000000000000100000
    RST_VAL = 32'b00000000000000000000000000000000
I: Verilog-0004: [D:/FPGA/TSP_RISC-V-2.4/FPGA/pango_cpu/source/core/regfiles.v(line number: 26)] Elaborating instance RV32I_reg_i
I: Verilog-0003: [D:/FPGA/TSP_RISC-V-2.4/FPGA/pango_cpu/source/core/dff.v(line number: 4)] Elaborating module REGs_WLWR
I: Module instance {SoC_Top/u_TSP_Core/u_TSP_Regfiles/x1_31[13].RV32I_reg_i} parameter value:
    RW = 32'b00000000000000000000000000100000
    RST_VAL = 32'b00000000000000000000000000000000
I: Verilog-0004: [D:/FPGA/TSP_RISC-V-2.4/FPGA/pango_cpu/source/core/regfiles.v(line number: 26)] Elaborating instance RV32I_reg_i
I: Verilog-0003: [D:/FPGA/TSP_RISC-V-2.4/FPGA/pango_cpu/source/core/dff.v(line number: 4)] Elaborating module REGs_WLWR
I: Module instance {SoC_Top/u_TSP_Core/u_TSP_Regfiles/x1_31[14].RV32I_reg_i} parameter value:
    RW = 32'b00000000000000000000000000100000
    RST_VAL = 32'b00000000000000000000000000000000
I: Verilog-0004: [D:/FPGA/TSP_RISC-V-2.4/FPGA/pango_cpu/source/core/regfiles.v(line number: 26)] Elaborating instance RV32I_reg_i
I: Verilog-0003: [D:/FPGA/TSP_RISC-V-2.4/FPGA/pango_cpu/source/core/dff.v(line number: 4)] Elaborating module REGs_WLWR
I: Module instance {SoC_Top/u_TSP_Core/u_TSP_Regfiles/x1_31[15].RV32I_reg_i} parameter value:
    RW = 32'b00000000000000000000000000100000
    RST_VAL = 32'b00000000000000000000000000000000
I: Verilog-0004: [D:/FPGA/TSP_RISC-V-2.4/FPGA/pango_cpu/source/core/regfiles.v(line number: 26)] Elaborating instance RV32I_reg_i
I: Verilog-0003: [D:/FPGA/TSP_RISC-V-2.4/FPGA/pango_cpu/source/core/dff.v(line number: 4)] Elaborating module REGs_WLWR
I: Module instance {SoC_Top/u_TSP_Core/u_TSP_Regfiles/x1_31[16].RV32I_reg_i} parameter value:
    RW = 32'b00000000000000000000000000100000
    RST_VAL = 32'b00000000000000000000000000000000
I: Verilog-0004: [D:/FPGA/TSP_RISC-V-2.4/FPGA/pango_cpu/source/core/regfiles.v(line number: 26)] Elaborating instance RV32I_reg_i
I: Verilog-0003: [D:/FPGA/TSP_RISC-V-2.4/FPGA/pango_cpu/source/core/dff.v(line number: 4)] Elaborating module REGs_WLWR
I: Module instance {SoC_Top/u_TSP_Core/u_TSP_Regfiles/x1_31[17].RV32I_reg_i} parameter value:
    RW = 32'b00000000000000000000000000100000
    RST_VAL = 32'b00000000000000000000000000000000
I: Verilog-0004: [D:/FPGA/TSP_RISC-V-2.4/FPGA/pango_cpu/source/core/regfiles.v(line number: 26)] Elaborating instance RV32I_reg_i
I: Verilog-0003: [D:/FPGA/TSP_RISC-V-2.4/FPGA/pango_cpu/source/core/dff.v(line number: 4)] Elaborating module REGs_WLWR
I: Module instance {SoC_Top/u_TSP_Core/u_TSP_Regfiles/x1_31[18].RV32I_reg_i} parameter value:
    RW = 32'b00000000000000000000000000100000
    RST_VAL = 32'b00000000000000000000000000000000
I: Verilog-0004: [D:/FPGA/TSP_RISC-V-2.4/FPGA/pango_cpu/source/core/regfiles.v(line number: 26)] Elaborating instance RV32I_reg_i
I: Verilog-0003: [D:/FPGA/TSP_RISC-V-2.4/FPGA/pango_cpu/source/core/dff.v(line number: 4)] Elaborating module REGs_WLWR
I: Module instance {SoC_Top/u_TSP_Core/u_TSP_Regfiles/x1_31[19].RV32I_reg_i} parameter value:
    RW = 32'b00000000000000000000000000100000
    RST_VAL = 32'b00000000000000000000000000000000
I: Verilog-0004: [D:/FPGA/TSP_RISC-V-2.4/FPGA/pango_cpu/source/core/regfiles.v(line number: 26)] Elaborating instance RV32I_reg_i
I: Verilog-0003: [D:/FPGA/TSP_RISC-V-2.4/FPGA/pango_cpu/source/core/dff.v(line number: 4)] Elaborating module REGs_WLWR
I: Module instance {SoC_Top/u_TSP_Core/u_TSP_Regfiles/x1_31[20].RV32I_reg_i} parameter value:
    RW = 32'b00000000000000000000000000100000
    RST_VAL = 32'b00000000000000000000000000000000
I: Verilog-0004: [D:/FPGA/TSP_RISC-V-2.4/FPGA/pango_cpu/source/core/regfiles.v(line number: 26)] Elaborating instance RV32I_reg_i
I: Verilog-0003: [D:/FPGA/TSP_RISC-V-2.4/FPGA/pango_cpu/source/core/dff.v(line number: 4)] Elaborating module REGs_WLWR
I: Module instance {SoC_Top/u_TSP_Core/u_TSP_Regfiles/x1_31[21].RV32I_reg_i} parameter value:
    RW = 32'b00000000000000000000000000100000
    RST_VAL = 32'b00000000000000000000000000000000
I: Verilog-0004: [D:/FPGA/TSP_RISC-V-2.4/FPGA/pango_cpu/source/core/regfiles.v(line number: 26)] Elaborating instance RV32I_reg_i
I: Verilog-0003: [D:/FPGA/TSP_RISC-V-2.4/FPGA/pango_cpu/source/core/dff.v(line number: 4)] Elaborating module REGs_WLWR
I: Module instance {SoC_Top/u_TSP_Core/u_TSP_Regfiles/x1_31[22].RV32I_reg_i} parameter value:
    RW = 32'b00000000000000000000000000100000
    RST_VAL = 32'b00000000000000000000000000000000
I: Verilog-0004: [D:/FPGA/TSP_RISC-V-2.4/FPGA/pango_cpu/source/core/regfiles.v(line number: 26)] Elaborating instance RV32I_reg_i
I: Verilog-0003: [D:/FPGA/TSP_RISC-V-2.4/FPGA/pango_cpu/source/core/dff.v(line number: 4)] Elaborating module REGs_WLWR
I: Module instance {SoC_Top/u_TSP_Core/u_TSP_Regfiles/x1_31[23].RV32I_reg_i} parameter value:
    RW = 32'b00000000000000000000000000100000
    RST_VAL = 32'b00000000000000000000000000000000
I: Verilog-0004: [D:/FPGA/TSP_RISC-V-2.4/FPGA/pango_cpu/source/core/regfiles.v(line number: 26)] Elaborating instance RV32I_reg_i
I: Verilog-0003: [D:/FPGA/TSP_RISC-V-2.4/FPGA/pango_cpu/source/core/dff.v(line number: 4)] Elaborating module REGs_WLWR
I: Module instance {SoC_Top/u_TSP_Core/u_TSP_Regfiles/x1_31[24].RV32I_reg_i} parameter value:
    RW = 32'b00000000000000000000000000100000
    RST_VAL = 32'b00000000000000000000000000000000
I: Verilog-0004: [D:/FPGA/TSP_RISC-V-2.4/FPGA/pango_cpu/source/core/regfiles.v(line number: 26)] Elaborating instance RV32I_reg_i
I: Verilog-0003: [D:/FPGA/TSP_RISC-V-2.4/FPGA/pango_cpu/source/core/dff.v(line number: 4)] Elaborating module REGs_WLWR
I: Module instance {SoC_Top/u_TSP_Core/u_TSP_Regfiles/x1_31[25].RV32I_reg_i} parameter value:
    RW = 32'b00000000000000000000000000100000
    RST_VAL = 32'b00000000000000000000000000000000
I: Verilog-0004: [D:/FPGA/TSP_RISC-V-2.4/FPGA/pango_cpu/source/core/regfiles.v(line number: 26)] Elaborating instance RV32I_reg_i
I: Verilog-0003: [D:/FPGA/TSP_RISC-V-2.4/FPGA/pango_cpu/source/core/dff.v(line number: 4)] Elaborating module REGs_WLWR
I: Module instance {SoC_Top/u_TSP_Core/u_TSP_Regfiles/x1_31[26].RV32I_reg_i} parameter value:
    RW = 32'b00000000000000000000000000100000
    RST_VAL = 32'b00000000000000000000000000000000
I: Verilog-0004: [D:/FPGA/TSP_RISC-V-2.4/FPGA/pango_cpu/source/core/regfiles.v(line number: 26)] Elaborating instance RV32I_reg_i
I: Verilog-0003: [D:/FPGA/TSP_RISC-V-2.4/FPGA/pango_cpu/source/core/dff.v(line number: 4)] Elaborating module REGs_WLWR
I: Module instance {SoC_Top/u_TSP_Core/u_TSP_Regfiles/x1_31[27].RV32I_reg_i} parameter value:
    RW = 32'b00000000000000000000000000100000
    RST_VAL = 32'b00000000000000000000000000000000
I: Verilog-0004: [D:/FPGA/TSP_RISC-V-2.4/FPGA/pango_cpu/source/core/regfiles.v(line number: 26)] Elaborating instance RV32I_reg_i
I: Verilog-0003: [D:/FPGA/TSP_RISC-V-2.4/FPGA/pango_cpu/source/core/dff.v(line number: 4)] Elaborating module REGs_WLWR
I: Module instance {SoC_Top/u_TSP_Core/u_TSP_Regfiles/x1_31[28].RV32I_reg_i} parameter value:
    RW = 32'b00000000000000000000000000100000
    RST_VAL = 32'b00000000000000000000000000000000
I: Verilog-0004: [D:/FPGA/TSP_RISC-V-2.4/FPGA/pango_cpu/source/core/regfiles.v(line number: 26)] Elaborating instance RV32I_reg_i
I: Verilog-0003: [D:/FPGA/TSP_RISC-V-2.4/FPGA/pango_cpu/source/core/dff.v(line number: 4)] Elaborating module REGs_WLWR
I: Module instance {SoC_Top/u_TSP_Core/u_TSP_Regfiles/x1_31[29].RV32I_reg_i} parameter value:
    RW = 32'b00000000000000000000000000100000
    RST_VAL = 32'b00000000000000000000000000000000
I: Verilog-0004: [D:/FPGA/TSP_RISC-V-2.4/FPGA/pango_cpu/source/core/regfiles.v(line number: 26)] Elaborating instance RV32I_reg_i
I: Verilog-0003: [D:/FPGA/TSP_RISC-V-2.4/FPGA/pango_cpu/source/core/dff.v(line number: 4)] Elaborating module REGs_WLWR
I: Module instance {SoC_Top/u_TSP_Core/u_TSP_Regfiles/x1_31[30].RV32I_reg_i} parameter value:
    RW = 32'b00000000000000000000000000100000
    RST_VAL = 32'b00000000000000000000000000000000
I: Verilog-0004: [D:/FPGA/TSP_RISC-V-2.4/FPGA/pango_cpu/source/core/regfiles.v(line number: 26)] Elaborating instance RV32I_reg_i
I: Verilog-0003: [D:/FPGA/TSP_RISC-V-2.4/FPGA/pango_cpu/source/core/dff.v(line number: 4)] Elaborating module REGs_WLWR
I: Module instance {SoC_Top/u_TSP_Core/u_TSP_Regfiles/x1_31[31].RV32I_reg_i} parameter value:
    RW = 32'b00000000000000000000000000100000
    RST_VAL = 32'b00000000000000000000000000000000
I: Verilog-0004: [D:/FPGA/TSP_RISC-V-2.4/FPGA/pango_cpu/source/core/core.v(line number: 223)] Elaborating instance u_TSP_Disp_Exu
I: Verilog-0003: [D:/FPGA/TSP_RISC-V-2.4/FPGA/pango_cpu/source/core/disp_exu.v(line number: 3)] Elaborating module TSP_Disp_Exu
I: Verilog-0004: [D:/FPGA/TSP_RISC-V-2.4/FPGA/pango_cpu/source/core/disp_exu.v(line number: 95)] Elaborating instance DECODE_PC_REG1
I: Verilog-0003: [D:/FPGA/TSP_RISC-V-2.4/FPGA/pango_cpu/source/core/dff.v(line number: 4)] Elaborating module REGs_WLWR
I: Module instance {SoC_Top/u_TSP_Core/u_TSP_Disp_Exu/DECODE_PC_REG1} parameter value:
    RW = 32'b00000000000000000000000000100000
    RST_VAL = 32'b00000000000000000000000000000000
I: Verilog-0004: [D:/FPGA/TSP_RISC-V-2.4/FPGA/pango_cpu/source/core/disp_exu.v(line number: 124)] Elaborating instance Exu_common_u0
I: Verilog-0003: [D:/FPGA/TSP_RISC-V-2.4/FPGA/pango_cpu/source/core/exu_common.v(line number: 3)] Elaborating module TSP_Exu_common
I: Verilog-0004: [D:/FPGA/TSP_RISC-V-2.4/FPGA/pango_cpu/source/core/disp_exu.v(line number: 161)] Elaborating instance Exu_bjp_u0
I: Verilog-0003: [D:/FPGA/TSP_RISC-V-2.4/FPGA/pango_cpu/source/core/exu_bjp.v(line number: 3)] Elaborating module Exu_bjp
I: Verilog-0004: [D:/FPGA/TSP_RISC-V-2.4/FPGA/pango_cpu/source/core/exu_bjp.v(line number: 41)] Elaborating instance BTB_update_valid_reg
I: Verilog-0003: [D:/FPGA/TSP_RISC-V-2.4/FPGA/pango_cpu/source/core/dff.v(line number: 42)] Elaborating module REGs_NLWR
I: Module instance {SoC_Top/u_TSP_Core/u_TSP_Disp_Exu/Exu_bjp_u0/BTB_update_valid_reg} parameter value:
    RW = 32'b00000000000000000000000000000001
    RST_VAL = 32'b00000000000000000000000000000000
I: Verilog-0004: [D:/FPGA/TSP_RISC-V-2.4/FPGA/pango_cpu/source/core/disp_exu.v(line number: 186)] Elaborating instance Exu_muldiv_u0
I: Verilog-0003: [D:/FPGA/TSP_RISC-V-2.4/FPGA/pango_cpu/source/core/exu_muldiv.v(line number: 3)] Elaborating module TSP_Exu_muldiv
I: Verilog-0004: [D:/FPGA/TSP_RISC-V-2.4/FPGA/pango_cpu/source/core/exu_muldiv.v(line number: 90)] Elaborating instance u_multiplier
I: Verilog-0003: [D:/FPGA/TSP_RISC-V-2.4/FPGA/pango_cpu/source/core/exu_muldiv.v(line number: 128)] Elaborating module Simple_Multiplier_32
I: Module instance {SoC_Top/u_TSP_Core/u_TSP_Disp_Exu/Exu_muldiv_u0/u_multiplier} parameter value:
    N = 32'b00000000000000000000000000100000
I: Verilog-0004: [D:/FPGA/TSP_RISC-V-2.4/FPGA/pango_cpu/source/core/exu_muldiv.v(line number: 101)] Elaborating instance u_divider
I: Verilog-0003: [D:/FPGA/TSP_RISC-V-2.4/FPGA/pango_cpu/source/core/exu_muldiv.v(line number: 174)] Elaborating module Simple_Divider_32
I: Module instance {SoC_Top/u_TSP_Core/u_TSP_Disp_Exu/Exu_muldiv_u0/u_divider} parameter value:
    XLEN = 32'b00000000000000000000000000100000
I: Verilog-0004: [D:/FPGA/TSP_RISC-V-2.4/FPGA/pango_cpu/source/core/disp_exu.v(line number: 213)] Elaborating instance Exu_ls_u0
I: Verilog-0003: [D:/FPGA/TSP_RISC-V-2.4/FPGA/pango_cpu/source/core/exu_ls.v(line number: 3)] Elaborating module TSP_Exu_ls
I: Verilog-0004: [D:/FPGA/TSP_RISC-V-2.4/FPGA/pango_cpu/source/core/core.v(line number: 299)] Elaborating instance u_ls_ctrl
I: Verilog-0003: [D:/FPGA/TSP_RISC-V-2.4/FPGA/pango_cpu/source/core/ls_ctrl.v(line number: 3)] Elaborating module ls_ctrl
I: Verilog-0004: [D:/FPGA/TSP_RISC-V-2.4/FPGA/pango_cpu/source/core/core.v(line number: 335)] Elaborating instance u_TSP_Wb_arbiter
I: Verilog-0003: [D:/FPGA/TSP_RISC-V-2.4/FPGA/pango_cpu/source/core/wb_arbiter.v(line number: 3)] Elaborating module TSP_Wb_arbiter
I: Verilog-0004: [D:/FPGA/TSP_RISC-V-2.4/FPGA/pango_cpu/source/peripheral/soc_top.v(line number: 149)] Elaborating instance u_Interconnect
I: Verilog-0003: [D:/FPGA/TSP_RISC-V-2.4/FPGA/pango_cpu/source/peripheral/AXI_Interconnect.v(line number: 3)] Elaborating module TSP_AXI_Interconnect
I: Verilog-0004: [D:/FPGA/TSP_RISC-V-2.4/FPGA/pango_cpu/source/peripheral/soc_top.v(line number: 189)] Elaborating instance u_SRAM
I: Verilog-0003: [D:/FPGA/TSP_RISC-V-2.4/FPGA/pango_cpu/source/ram/sram.v(line number: 4)] Elaborating module TSP_Sram
I: Verilog-0004: [D:/FPGA/TSP_RISC-V-2.4/FPGA/pango_cpu/source/ram/sram.v(line number: 125)] Elaborating instance u_SRAM_IP
I: Verilog-0003: [D:/FPGA/TSP_RISC-V-2.4/FPGA/pango_cpu/ipcore/SRAM/SRAM.v(line number: 16)] Elaborating module SRAM
I: Verilog-0004: [D:/FPGA/TSP_RISC-V-2.4/FPGA/pango_cpu/ipcore/SRAM/SRAM.v(line number: 206)] Elaborating instance U_ipml_dpram_SRAM
I: Verilog-0003: [D:/FPGA/TSP_RISC-V-2.4/FPGA/pango_cpu/ipcore/SRAM/rtl/ipml_dpram_v1_8_SRAM.v(line number: 17)] Elaborating module ipml_dpram_v1_8_SRAM
I: Module instance {SoC_Top/u_SRAM/u_SRAM_IP/U_ipml_dpram_SRAM} parameter value:
    c_SIM_DEVICE = LOGOS
    c_A_ADDR_WIDTH = 32'b00000000000000000000000000001101
    c_A_DATA_WIDTH = 32'b00000000000000000000000000100000
    c_B_ADDR_WIDTH = 32'b00000000000000000000000000001101
    c_B_DATA_WIDTH = 32'b00000000000000000000000000100000
    c_A_OUTPUT_REG = 32'b00000000000000000000000000000000
    c_A_RD_OCE_EN = 32'b00000000000000000000000000000000
    c_A_ADDR_STROBE_EN = 32'b00000000000000000000000000000000
    c_A_CLK_EN = 32'b00000000000000000000000000000000
    c_B_OUTPUT_REG = 32'b00000000000000000000000000000000
    c_B_RD_OCE_EN = 32'b00000000000000000000000000000000
    c_B_ADDR_STROBE_EN = 32'b00000000000000000000000000000000
    c_B_CLK_EN = 32'b00000000000000000000000000000000
    c_RESET_TYPE = ASYNC_RESET
    c_A_CLK_OR_POL_INV = 32'b00000000000000000000000000000000
    c_B_CLK_OR_POL_INV = 32'b00000000000000000000000000000000
    c_POWER_OPT = 32'b00000000000000000000000000000000
    c_INIT_FILE = NONE
    c_INIT_FORMAT = BIN
    c_WR_BYTE_EN = 32'b00000000000000000000000000000001
    c_A_BE_WIDTH = 32'b00000000000000000000000000000100
    c_B_BE_WIDTH = 32'b00000000000000000000000000000100
    c_A_WRITE_MODE = NORMAL_WRITE
    c_B_WRITE_MODE = NORMAL_WRITE
W: Verilog-2039: [D:/FPGA/TSP_RISC-V-2.4/FPGA/pango_cpu/ipcore/SRAM/rtl/ipml_dpram_v1_8_SRAM.v(line number: 417)] Repeat multiplier in concatenation evaluates to 0
W: Verilog-2039: [D:/FPGA/TSP_RISC-V-2.4/FPGA/pango_cpu/ipcore/SRAM/rtl/ipml_dpram_v1_8_SRAM.v(line number: 419)] Repeat multiplier in concatenation evaluates to 0
W: Verilog-2039: [D:/FPGA/TSP_RISC-V-2.4/FPGA/pango_cpu/ipcore/SRAM/rtl/ipml_dpram_v1_8_SRAM.v(line number: 421)] Repeat multiplier in concatenation evaluates to 0
W: Verilog-2039: [D:/FPGA/TSP_RISC-V-2.4/FPGA/pango_cpu/ipcore/SRAM/rtl/ipml_dpram_v1_8_SRAM.v(line number: 423)] Repeat multiplier in concatenation evaluates to 0
W: Verilog-2039: [D:/FPGA/TSP_RISC-V-2.4/FPGA/pango_cpu/ipcore/SRAM/rtl/ipml_dpram_v1_8_SRAM.v(line number: 426)] Repeat multiplier in concatenation evaluates to 0
W: Verilog-2039: [D:/FPGA/TSP_RISC-V-2.4/FPGA/pango_cpu/ipcore/SRAM/rtl/ipml_dpram_v1_8_SRAM.v(line number: 427)] Repeat multiplier in concatenation evaluates to 0
W: Verilog-2038: [D:/FPGA/TSP_RISC-V-2.4/FPGA/pango_cpu/ipcore/SRAM/rtl/ipml_dpram_v1_8_SRAM.v(line number: 436)] Case condition never applies
W: Verilog-2038: [D:/FPGA/TSP_RISC-V-2.4/FPGA/pango_cpu/ipcore/SRAM/rtl/ipml_dpram_v1_8_SRAM.v(line number: 437)] Case condition never applies
W: Verilog-2038: [D:/FPGA/TSP_RISC-V-2.4/FPGA/pango_cpu/ipcore/SRAM/rtl/ipml_dpram_v1_8_SRAM.v(line number: 438)] Case condition never applies
W: Verilog-2038: [D:/FPGA/TSP_RISC-V-2.4/FPGA/pango_cpu/ipcore/SRAM/rtl/ipml_dpram_v1_8_SRAM.v(line number: 439)] Case condition never applies
W: Verilog-2038: [D:/FPGA/TSP_RISC-V-2.4/FPGA/pango_cpu/ipcore/SRAM/rtl/ipml_dpram_v1_8_SRAM.v(line number: 439)] Case condition never applies
W: Verilog-2038: [D:/FPGA/TSP_RISC-V-2.4/FPGA/pango_cpu/ipcore/SRAM/rtl/ipml_dpram_v1_8_SRAM.v(line number: 436)] Case condition never applies
W: Verilog-2038: [D:/FPGA/TSP_RISC-V-2.4/FPGA/pango_cpu/ipcore/SRAM/rtl/ipml_dpram_v1_8_SRAM.v(line number: 437)] Case condition never applies
W: Verilog-2038: [D:/FPGA/TSP_RISC-V-2.4/FPGA/pango_cpu/ipcore/SRAM/rtl/ipml_dpram_v1_8_SRAM.v(line number: 438)] Case condition never applies
W: Verilog-2038: [D:/FPGA/TSP_RISC-V-2.4/FPGA/pango_cpu/ipcore/SRAM/rtl/ipml_dpram_v1_8_SRAM.v(line number: 439)] Case condition never applies
W: Verilog-2038: [D:/FPGA/TSP_RISC-V-2.4/FPGA/pango_cpu/ipcore/SRAM/rtl/ipml_dpram_v1_8_SRAM.v(line number: 439)] Case condition never applies
W: Verilog-2038: [D:/FPGA/TSP_RISC-V-2.4/FPGA/pango_cpu/ipcore/SRAM/rtl/ipml_dpram_v1_8_SRAM.v(line number: 487)] Case condition never applies
W: Verilog-2038: [D:/FPGA/TSP_RISC-V-2.4/FPGA/pango_cpu/ipcore/SRAM/rtl/ipml_dpram_v1_8_SRAM.v(line number: 488)] Case condition never applies
W: Verilog-2038: [D:/FPGA/TSP_RISC-V-2.4/FPGA/pango_cpu/ipcore/SRAM/rtl/ipml_dpram_v1_8_SRAM.v(line number: 489)] Case condition never applies
W: Verilog-2038: [D:/FPGA/TSP_RISC-V-2.4/FPGA/pango_cpu/ipcore/SRAM/rtl/ipml_dpram_v1_8_SRAM.v(line number: 490)] Case condition never applies
W: Verilog-2038: [D:/FPGA/TSP_RISC-V-2.4/FPGA/pango_cpu/ipcore/SRAM/rtl/ipml_dpram_v1_8_SRAM.v(line number: 490)] Case condition never applies
W: Verilog-2038: [D:/FPGA/TSP_RISC-V-2.4/FPGA/pango_cpu/ipcore/SRAM/rtl/ipml_dpram_v1_8_SRAM.v(line number: 487)] Case condition never applies
W: Verilog-2038: [D:/FPGA/TSP_RISC-V-2.4/FPGA/pango_cpu/ipcore/SRAM/rtl/ipml_dpram_v1_8_SRAM.v(line number: 488)] Case condition never applies
W: Verilog-2038: [D:/FPGA/TSP_RISC-V-2.4/FPGA/pango_cpu/ipcore/SRAM/rtl/ipml_dpram_v1_8_SRAM.v(line number: 489)] Case condition never applies
W: Verilog-2038: [D:/FPGA/TSP_RISC-V-2.4/FPGA/pango_cpu/ipcore/SRAM/rtl/ipml_dpram_v1_8_SRAM.v(line number: 490)] Case condition never applies
W: Verilog-2038: [D:/FPGA/TSP_RISC-V-2.4/FPGA/pango_cpu/ipcore/SRAM/rtl/ipml_dpram_v1_8_SRAM.v(line number: 490)] Case condition never applies
I: Verilog-0004: [D:/FPGA/TSP_RISC-V-2.4/FPGA/pango_cpu/ipcore/SRAM/rtl/ipml_dpram_v1_8_SRAM.v(line number: 693)] Elaborating instance U_GTP_DRM18K
I: Verilog-0004: [D:/FPGA/TSP_RISC-V-2.4/FPGA/pango_cpu/ipcore/SRAM/rtl/ipml_dpram_v1_8_SRAM.v(line number: 693)] Elaborating instance U_GTP_DRM18K
I: Verilog-0004: [D:/FPGA/TSP_RISC-V-2.4/FPGA/pango_cpu/ipcore/SRAM/rtl/ipml_dpram_v1_8_SRAM.v(line number: 693)] Elaborating instance U_GTP_DRM18K
I: Verilog-0004: [D:/FPGA/TSP_RISC-V-2.4/FPGA/pango_cpu/ipcore/SRAM/rtl/ipml_dpram_v1_8_SRAM.v(line number: 693)] Elaborating instance U_GTP_DRM18K
I: Verilog-0004: [D:/FPGA/TSP_RISC-V-2.4/FPGA/pango_cpu/ipcore/SRAM/rtl/ipml_dpram_v1_8_SRAM.v(line number: 693)] Elaborating instance U_GTP_DRM18K
I: Verilog-0004: [D:/FPGA/TSP_RISC-V-2.4/FPGA/pango_cpu/ipcore/SRAM/rtl/ipml_dpram_v1_8_SRAM.v(line number: 693)] Elaborating instance U_GTP_DRM18K
I: Verilog-0004: [D:/FPGA/TSP_RISC-V-2.4/FPGA/pango_cpu/ipcore/SRAM/rtl/ipml_dpram_v1_8_SRAM.v(line number: 693)] Elaborating instance U_GTP_DRM18K
I: Verilog-0004: [D:/FPGA/TSP_RISC-V-2.4/FPGA/pango_cpu/ipcore/SRAM/rtl/ipml_dpram_v1_8_SRAM.v(line number: 693)] Elaborating instance U_GTP_DRM18K
I: Verilog-0004: [D:/FPGA/TSP_RISC-V-2.4/FPGA/pango_cpu/ipcore/SRAM/rtl/ipml_dpram_v1_8_SRAM.v(line number: 693)] Elaborating instance U_GTP_DRM18K
I: Verilog-0004: [D:/FPGA/TSP_RISC-V-2.4/FPGA/pango_cpu/ipcore/SRAM/rtl/ipml_dpram_v1_8_SRAM.v(line number: 693)] Elaborating instance U_GTP_DRM18K
I: Verilog-0004: [D:/FPGA/TSP_RISC-V-2.4/FPGA/pango_cpu/ipcore/SRAM/rtl/ipml_dpram_v1_8_SRAM.v(line number: 693)] Elaborating instance U_GTP_DRM18K
I: Verilog-0004: [D:/FPGA/TSP_RISC-V-2.4/FPGA/pango_cpu/ipcore/SRAM/rtl/ipml_dpram_v1_8_SRAM.v(line number: 693)] Elaborating instance U_GTP_DRM18K
I: Verilog-0004: [D:/FPGA/TSP_RISC-V-2.4/FPGA/pango_cpu/ipcore/SRAM/rtl/ipml_dpram_v1_8_SRAM.v(line number: 693)] Elaborating instance U_GTP_DRM18K
I: Verilog-0004: [D:/FPGA/TSP_RISC-V-2.4/FPGA/pango_cpu/ipcore/SRAM/rtl/ipml_dpram_v1_8_SRAM.v(line number: 693)] Elaborating instance U_GTP_DRM18K
I: Verilog-0004: [D:/FPGA/TSP_RISC-V-2.4/FPGA/pango_cpu/ipcore/SRAM/rtl/ipml_dpram_v1_8_SRAM.v(line number: 693)] Elaborating instance U_GTP_DRM18K
I: Verilog-0004: [D:/FPGA/TSP_RISC-V-2.4/FPGA/pango_cpu/ipcore/SRAM/rtl/ipml_dpram_v1_8_SRAM.v(line number: 693)] Elaborating instance U_GTP_DRM18K
W: Verilog-2020: [D:/FPGA/TSP_RISC-V-2.4/FPGA/pango_cpu/ipcore/SRAM/rtl/ipml_dpram_v1_8_SRAM.v(line number: 642)] Net DA_bus[8] in ipml_dpram_v1_8_SRAM(original module ipml_dpram_v1_8_SRAM) does not have a driver, tie it to 0
W: Verilog-2020: [D:/FPGA/TSP_RISC-V-2.4/FPGA/pango_cpu/ipcore/SRAM/rtl/ipml_dpram_v1_8_SRAM.v(line number: 642)] Net DA_bus[17] in ipml_dpram_v1_8_SRAM(original module ipml_dpram_v1_8_SRAM) does not have a driver, tie it to 0
W: Verilog-2020: [D:/FPGA/TSP_RISC-V-2.4/FPGA/pango_cpu/ipcore/SRAM/rtl/ipml_dpram_v1_8_SRAM.v(line number: 642)] Net DA_bus[26] in ipml_dpram_v1_8_SRAM(original module ipml_dpram_v1_8_SRAM) does not have a driver, tie it to 0
W: Verilog-2020: [D:/FPGA/TSP_RISC-V-2.4/FPGA/pango_cpu/ipcore/SRAM/rtl/ipml_dpram_v1_8_SRAM.v(line number: 642)] Net DA_bus[35] in ipml_dpram_v1_8_SRAM(original module ipml_dpram_v1_8_SRAM) does not have a driver, tie it to 0
W: Verilog-2020: [D:/FPGA/TSP_RISC-V-2.4/FPGA/pango_cpu/ipcore/SRAM/rtl/ipml_dpram_v1_8_SRAM.v(line number: 643)] Net DB_bus[8] in ipml_dpram_v1_8_SRAM(original module ipml_dpram_v1_8_SRAM) does not have a driver, tie it to 0
W: Verilog-2020: [D:/FPGA/TSP_RISC-V-2.4/FPGA/pango_cpu/ipcore/SRAM/rtl/ipml_dpram_v1_8_SRAM.v(line number: 643)] Net DB_bus[17] in ipml_dpram_v1_8_SRAM(original module ipml_dpram_v1_8_SRAM) does not have a driver, tie it to 0
W: Verilog-2020: [D:/FPGA/TSP_RISC-V-2.4/FPGA/pango_cpu/ipcore/SRAM/rtl/ipml_dpram_v1_8_SRAM.v(line number: 643)] Net DB_bus[26] in ipml_dpram_v1_8_SRAM(original module ipml_dpram_v1_8_SRAM) does not have a driver, tie it to 0
W: Verilog-2020: [D:/FPGA/TSP_RISC-V-2.4/FPGA/pango_cpu/ipcore/SRAM/rtl/ipml_dpram_v1_8_SRAM.v(line number: 643)] Net DB_bus[35] in ipml_dpram_v1_8_SRAM(original module ipml_dpram_v1_8_SRAM) does not have a driver, tie it to 0
I: Verilog-0004: [D:/FPGA/TSP_RISC-V-2.4/FPGA/pango_cpu/source/peripheral/soc_top.v(line number: 213)] Elaborating instance u_UART
I: Verilog-0003: [D:/FPGA/TSP_RISC-V-2.4/FPGA/pango_cpu/source/uart/uart_axi_lite_wrapper.v(line number: 3)] Elaborating module uart_axi_lite_wrapper
I: Module instance {SoC_Top/u_UART} parameter value:
    CLK_FREQ_p = 32'b00000010111110101111000010000000
    BAUD_RATE_p = 32'b00000000000000011100001000000000
I: Verilog-0004: [D:/FPGA/TSP_RISC-V-2.4/FPGA/pango_cpu/source/uart/uart_axi_lite_wrapper.v(line number: 57)] Elaborating instance u_uart_core
I: Verilog-0003: [D:/FPGA/TSP_RISC-V-2.4/FPGA/pango_cpu/source/uart/uart.v(line number: 32)] Elaborating module uart
I: Module instance {SoC_Top/u_UART/u_uart_core} parameter value:
    DATA_WIDTH = 32'b00000000000000000000000000001000
I: Verilog-0004: [D:/FPGA/TSP_RISC-V-2.4/FPGA/pango_cpu/source/uart/uart.v(line number: 78)] Elaborating instance uart_tx_inst
I: Verilog-0003: [D:/FPGA/TSP_RISC-V-2.4/FPGA/pango_cpu/source/uart/uart_tx.v(line number: 32)] Elaborating module uart_tx
I: Module instance {SoC_Top/u_UART/u_uart_core/uart_tx_inst} parameter value:
    DATA_WIDTH = 32'b00000000000000000000000000001000
I: Verilog-0004: [D:/FPGA/TSP_RISC-V-2.4/FPGA/pango_cpu/source/uart/uart.v(line number: 96)] Elaborating instance uart_rx_inst
I: Verilog-0003: [D:/FPGA/TSP_RISC-V-2.4/FPGA/pango_cpu/source/uart/uart_rx.v(line number: 32)] Elaborating module uart_rx
I: Module instance {SoC_Top/u_UART/u_uart_core/uart_rx_inst} parameter value:
    DATA_WIDTH = 32'b00000000000000000000000000001000
I: Verilog-0004: [D:/FPGA/TSP_RISC-V-2.4/FPGA/pango_cpu/source/peripheral/soc_top.v(line number: 228)] Elaborating instance u_Timer
I: Verilog-0003: [D:/FPGA/TSP_RISC-V-2.4/FPGA/pango_cpu/source/timer/timer.v(line number: 40)] Elaborating module timer
Executing : rtl-elaborate successfully. Time elapsed: 0.197s wall, 0.172s user + 0.016s system = 0.188s CPU (95.3%)

Start rtl-prep.
Executing : rtl-prep successfully. Time elapsed: 0.125s wall, 0.109s user + 0.016s system = 0.125s CPU (100.2%)

Start rtl-infer.
Start DFF-inference.
W: Sdm-2003: [D:/FPGA/TSP_RISC-V-2.4/FPGA/pango_cpu/source/core/regfiles.v(line number: 20)] The net 'RV32I_regs[0]' in SoC_Top.u_TSP_Core.u_TSP_Regfiles is un-driven.
Executing : DFF-inference successfully.
Executing : rtl-infer successfully. Time elapsed: 0.870s wall, 0.578s user + 0.266s system = 0.844s CPU (97.0%)

Start rtl-control-opt.
Executing : rtl-control-opt successfully. Time elapsed: 0.021s wall, 0.016s user + 0.000s system = 0.016s CPU (75.8%)

Start rtl-data-opt.
Executing : rtl-data-opt successfully. Time elapsed: 0.158s wall, 0.141s user + 0.000s system = 0.141s CPU (89.3%)

Start FSM inference.
I: FSM r_target_fsm[2:0] inferred.
FSM r_target_fsm[2:0] STG:
Number of reachable states: 6
Input nets: N206 N381 N382 N385 N386 ar_is_m1 ar_is_m3 s_axi_arvalid 
S0(000)-->S1(001): 1xxxx1x1
S0(000)-->S2(010): 1xx1xxx1
S0(000)-->S3(011): 1xxx1x11
S0(000)-->S4(100): 11xx1xx1
S0(000)-->S5(101): 1x1x1xx1
S4(100)-->S0(000): xxxxxxxx
S5(101)-->S0(000): xxxxxxxx
S2(010)-->S0(000): xxxxxxxx
S3(011)-->S0(000): xxxxxxxx
S1(001)-->S0(000): xxxxxxxx
S3(011)-->S0(000): xxxxxxxx
S5(101)-->S0(000): xxxxxxxx
S0(000)-->S0(000): 0xxxxxxx
S1(001)-->S0(000): 0xxxxxxx
S2(010)-->S0(000): 0xxxxxxx
S3(011)-->S0(000): 0xxxxxxx
S4(100)-->S0(000): 0xxxxxxx
S5(101)-->S0(000): 0xxxxxxx
S0(000)-->S0(000): xxxxxxx0
S1(001)-->S0(000): xxxxxxx0
S2(010)-->S0(000): xxxxxxx0
S3(011)-->S0(000): xxxxxxx0
S4(100)-->S0(000): xxxxxxx0
S5(101)-->S0(000): xxxxxxx0

I: FSM w_target_fsm[2:0] inferred.
FSM w_target_fsm[2:0] STG:
Number of reachable states: 6
Input nets: N154 N373 N374 N377 N378 aw_is_m1 aw_is_m3 s_axi_awvalid 
S0(000)-->S1(001): 1xxxx1x1
S0(000)-->S2(010): 1xx1xxx1
S0(000)-->S3(011): 1xxx1x11
S0(000)-->S4(100): 11xx1xx1
S0(000)-->S5(101): 1x1x1xx1
S4(100)-->S0(000): xxxxxxxx
S5(101)-->S0(000): xxxxxxxx
S2(010)-->S0(000): xxxxxxxx
S3(011)-->S0(000): xxxxxxxx
S1(001)-->S0(000): xxxxxxxx
S3(011)-->S0(000): xxxxxxxx
S5(101)-->S0(000): xxxxxxxx
S0(000)-->S0(000): 0xxxxxxx
S1(001)-->S0(000): 0xxxxxxx
S2(010)-->S0(000): 0xxxxxxx
S3(011)-->S0(000): 0xxxxxxx
S4(100)-->S0(000): 0xxxxxxx
S5(101)-->S0(000): 0xxxxxxx
S0(000)-->S0(000): xxxxxxx0
S1(001)-->S0(000): xxxxxxx0
S2(010)-->S0(000): xxxxxxx0
S3(011)-->S0(000): xxxxxxx0
S4(100)-->S0(000): xxxxxxx0
S5(101)-->S0(000): xxxxxxx0

I: FSM state_fsm[1:0] inferred.
FSM state_fsm[1:0] STG:
Number of reachable states: 4
Input nets: N5 N92 s_axi_bready s_axi_rready 
S0(00)-->S1(01): 1xxx
S0(00)-->S2(10): x1xx
S1(01)-->S0(00): xx1x
S2(10)-->S3(11): xxxx
S3(11)-->S0(00): xxx1
S1(01)-->S0(00): xx11
S3(11)-->S0(00): xx11

I: FSM w_state_fsm[1:0] inferred.
FSM w_state_fsm[1:0] STG:
Number of reachable states: 3
Input nets: N26 N72 s_axi_bready s_axi_wvalid 
S0(00)-->S1(01): 11x1
S1(01)-->S2(10): xxxx
S2(10)-->S0(00): xx1x

I: FSM r_state_fsm[1:0] inferred.
FSM r_state_fsm[1:0] STG:
Number of reachable states: 4
Input nets: N14 s_axi_arvalid s_axi_rready 
S0(00)-->S1(01): 11x
S1(01)-->S2(10): xxx
S2(10)-->S3(11): xxx
S3(11)-->S0(00): xx1

I: FSM state_fsm[2:0] inferred.
FSM state_fsm[2:0] STG:
Number of reachable states: 7
Input nets: N44 N98 hit_dtcm ls_req_i ls_we_i m_axi_arready m_axi_bvalid m_axi_rvalid wb_ls_ready_i 
S0(000)-->S1(001): 1x011xxxx
S0(000)-->S3(011): 1x010xxxx
S0(000)-->S5(101): 0x01xxxxx
S0(000)-->S5(101): xx111xxxx
S0(000)-->S6(110): xx110xxxx
S1(001)-->S2(010): x1xxxxxxx
S3(011)-->S4(100): xxxxx1xxx
S0(000)-->S5(101): 0xx11x1xx
S2(010)-->S5(101): 0xx11x1xx
S6(110)-->S5(101): xxxxxxxxx
S4(100)-->S5(101): xxxxxxx1x
S6(110)-->S5(101): xxxxxxx1x
S5(101)-->S0(000): xxxxxxxx1
S2(010)-->S5(101): xxxxxx1xx
S6(110)-->S5(101): xxxxxx1xx

I: FSM state_fsm[1:0] inferred.
FSM state_fsm[1:0] STG:
Number of reachable states: 4
Input nets: N6 N10 div_done mul_done wb_muldiv_ready_i 
S0(00)-->S1(01): 1xxxx
S0(00)-->S2(10): 01xxx
S1(01)-->S3(11): xxx1x
S2(10)-->S3(11): xx1xx
S3(11)-->S0(00): xxxx1

W: Loop was found during constant probe.
W: Loop was found during constant probe.
W: Loop was found during constant probe.
Executing : FSM inference successfully. Time elapsed: 0.082s wall, 0.047s user + 0.031s system = 0.078s CPU (95.2%)

Start sdm2adm.
W: Loop was found during constant probe.
W: Loop was found during constant probe.
W: Loop was found during constant probe.
W: Loop was found during constant probe.
W: Loop was found during constant probe.
W: Loop was found during constant probe.
W: Loop was found during constant probe.
W: Loop was found during constant probe.
I: Constant propagation done on N234 (bmsPMUX).
I: Constant propagation done on N196 (bmsPMUX).
I: Constant propagation done on N281 (bmsWIDEMUX).
I: Constant propagation done on N4 (bmsWIDEMUX).
I: Constant propagation done on N265 (bmsWIDEMUX).
W: Loop was found during constant probe.
W: Loop was found during constant probe.
W: Loop was found during constant probe.
W: Loop was found during constant probe.
I: Constant propagation done on N121 (bmsPMUX).
I: Constant propagation done on N22 (bmsWIDEMUX).
I: Constant propagation done on N112_1 (bmsWIDEMUX).
I: Constant propagation done on N155 (bmsWIDEMUX).
I: Constant propagation done on N207 (bmsWIDEMUX).
W: Loop was found during constant probe.
W: Loop was found during constant probe.
W: Loop was found during constant probe.
W: Loop was found during constant probe.
W: Loop was found during constant probe.
W: Loop was found during constant probe.
W: Loop was found during constant probe.
W: Loop was found during constant probe.
W: Loop was found during constant probe.
W: Loop was found during constant probe.
W: Loop was found during constant probe.
W: Loop was found during constant probe.
W: Loop was found during constant probe.
W: Loop was found during constant probe.
W: Loop was found during constant probe.
Executing : sdm2adm successfully. Time elapsed: 0.210s wall, 0.203s user + 0.016s system = 0.219s CPU (104.1%)

Saving design to DB.
Action compile: Real time elapsed is 0h:0m:6s
Action compile: CPU time elapsed is 0h:0m:3s
Action compile: Process CPU time elapsed is 0h:0m:3s
Current time: Fri Apr  3 00:07:06 2026
Action compile: Peak memory pool usage is 176 MB
Action from compile to compile: Total Real Time elapsed is 0h:0m:6s
Action from compile to compile: Total CPU time elapsed is 0h:0m:3s
Action from compile to compile: Total Process CPU Time elapsed is 0h:0m:3s
Process "Compile" done.


Process "Synthesize" started.
Current time: Fri Apr  3 00:07:06 2026
Compiling architecture definition.
Analyzing project file 'D:/FPGA/TSP_RISC-V-2.4/FPGA/pango_cpu/pango_cpu.pds'.
License checkout: fabric_ads from D:\pango\new_pds_60ff9e088cde.lic
Compiling verification operator library.
Compiling common defs.
Loading technology operator library.
Compiling technology operator library.
Compiling technology operator (valence) library.
Reading design from compile DB
Reading design from compile DB successfully.
NOTE: The technology fpga was specified.
NOTE: delay_model specified was generic_cmos.
NOTE: Using the fpga syntax tables...
Totals:
 Calls to malloc = 0
 Calls to calloc = 111555

Constraint check start.
Compiling prim grid devices.
Building architecture model.
Loading device packaging model.
Building architecture floorplan logic view.
Executing : get_ports sys_clk
Executing : get_ports sys_clk successfully.
Executing : create_clock -name sys_clk [get_ports sys_clk] -period 20.000 -waveform {0.000 10.000}
Executing : create_clock -name sys_clk [get_ports sys_clk] -period 20.000 -waveform {0.000 10.000} successfully.
C: ConstraintEditor-2009: p:uart_tx is lack of PAP_IO_DRIVE, OUTPUT or INOUT PORT had better set PAP_IO_DRIVE, the optional value is {8, 4, 12, 16, 24}.
C: ConstraintEditor-2009: p:uart_tx is lack of PAP_IO_SLEW, OUTPUT or INOUT PORT had better set PAP_IO_SLEW, the optional value is {SLOW, FAST}.
W: ConstraintEditor-4019: Port Bus 'ext_axi_if_araddr' unspecified I/O constraint.
W: ConstraintEditor-4019: Port Bus 'ext_axi_if_awaddr' unspecified I/O constraint.
W: ConstraintEditor-4019: Port Bus 'ext_axi_if_bresp' unspecified I/O constraint.
W: ConstraintEditor-4019: Port Bus 'ext_axi_if_rdata' unspecified I/O constraint.
W: ConstraintEditor-4019: Port Bus 'ext_axi_if_rresp' unspecified I/O constraint.
W: ConstraintEditor-4019: Port Bus 'ext_axi_if_wdata' unspecified I/O constraint.
W: ConstraintEditor-4019: Port Bus 'ext_axi_if_wstrb' unspecified I/O constraint.
W: ConstraintEditor-4019: Port 'ext_axi_if_arready' unspecified I/O constraint.
W: ConstraintEditor-4019: Port 'ext_axi_if_arvalid' unspecified I/O constraint.
W: ConstraintEditor-4019: Port 'ext_axi_if_awready' unspecified I/O constraint.
W: ConstraintEditor-4019: Port 'ext_axi_if_awvalid' unspecified I/O constraint.
W: ConstraintEditor-4019: Port 'ext_axi_if_bready' unspecified I/O constraint.
W: ConstraintEditor-4019: Port 'ext_axi_if_bvalid' unspecified I/O constraint.
W: ConstraintEditor-4019: Port 'ext_axi_if_rready' unspecified I/O constraint.
W: ConstraintEditor-4019: Port 'ext_axi_if_rvalid' unspecified I/O constraint.
W: ConstraintEditor-4019: Port 'ext_axi_if_wready' unspecified I/O constraint.
W: ConstraintEditor-4019: Port 'ext_axi_if_wvalid' unspecified I/O constraint.
Constraint check end.

C: SDC-2025: Clock source 'n:u_sys_pll/clkout0' need a clock constraint, please use 'create_clock' or 'create_generate_clock' to generate.
Executing : get_ports sys_clk
Executing : get_ports sys_clk successfully.
Executing : get_pins u_sys_pll/u_pll_e3:CLKOUT0
Executing : get_pins u_sys_pll/u_pll_e3:CLKOUT0 successfully.
Executing : create_generated_clock -name sys_clk|u_sys_pll/u_pll_e3/CLKOUT0_Inferred -source [get_ports sys_clk] [get_pins u_sys_pll/u_pll_e3:CLKOUT0] -master_clock sys_clk -edges {1 2 3} -edge_shift {0.000000 0.000000 0.000000} -add
Executing : create_generated_clock -name sys_clk|u_sys_pll/u_pll_e3/CLKOUT0_Inferred -source [get_ports sys_clk] [get_pins u_sys_pll/u_pll_e3:CLKOUT0] -master_clock sys_clk -edges {1 2 3} -edge_shift {0.000000 0.000000 0.000000} -add successfully.
Start pre-mapping.
I: Constant propagation done on u_TSP_Core/u_TSP_Disp_Exu/Exu_common_u0/N209 (bmsWIDEMUX).
I: Encoding type of FSM 'state_fsm[1:0]' is: onehot.
I: Encoding table of FSM 'state_fsm[1:0]':
I: from  u_SRAM/state[1] u_SRAM/state[0]
I: to  u_SRAM/state_reg[3] u_SRAM/state_reg[2] u_SRAM/state_reg[1] u_SRAM/state_reg[0]
I: 00 => 0001
I: 01 => 0010
I: 10 => 0100
I: 11 => 1000
I: Encoding type of FSM 'state_fsm[1:0]' is: onehot.
I: Encoding table of FSM 'state_fsm[1:0]':
I: from  u_TSP_Core/u_TSP_Disp_Exu/Exu_muldiv_u0/state[1] u_TSP_Core/u_TSP_Disp_Exu/Exu_muldiv_u0/state[0]
I: to  u_TSP_Core/u_TSP_Disp_Exu/Exu_muldiv_u0/state_reg[3] u_TSP_Core/u_TSP_Disp_Exu/Exu_muldiv_u0/state_reg[2] u_TSP_Core/u_TSP_Disp_Exu/Exu_muldiv_u0/state_reg[1] u_TSP_Core/u_TSP_Disp_Exu/Exu_muldiv_u0/state_reg[0]
I: 00 => 0001
I: 01 => 0010
I: 10 => 0100
I: 11 => 1000
I: Encoding type of FSM 'r_state_fsm[1:0]' is: onehot.
I: Encoding table of FSM 'r_state_fsm[1:0]':
I: from  u_TSP_Core/u_TSP_Ifu/r_state[1] u_TSP_Core/u_TSP_Ifu/r_state[0]
I: to  u_TSP_Core/u_TSP_Ifu/r_state_reg[3] u_TSP_Core/u_TSP_Ifu/r_state_reg[2] u_TSP_Core/u_TSP_Ifu/r_state_reg[1] u_TSP_Core/u_TSP_Ifu/r_state_reg[0]
I: 00 => 0001
I: 01 => 0010
I: 10 => 0100
I: 11 => 1000
I: Encoding type of FSM 'w_state_fsm[1:0]' is: onehot.
I: Encoding table of FSM 'w_state_fsm[1:0]':
I: from  u_TSP_Core/u_TSP_Ifu/w_state[1] u_TSP_Core/u_TSP_Ifu/w_state[0]
I: to  u_TSP_Core/u_TSP_Ifu/w_state_reg[2] u_TSP_Core/u_TSP_Ifu/w_state_reg[1] u_TSP_Core/u_TSP_Ifu/w_state_reg[0]
I: 00 => 001
I: 01 => 010
I: 10 => 100
I: Encoding type of FSM 'state_fsm[2:0]' is: onehot.
I: Encoding table of FSM 'state_fsm[2:0]':
I: from  u_TSP_Core/u_ls_ctrl/state[2] u_TSP_Core/u_ls_ctrl/state[1] u_TSP_Core/u_ls_ctrl/state[0]
I: to  u_TSP_Core/u_ls_ctrl/state_reg[6] u_TSP_Core/u_ls_ctrl/state_reg[5] u_TSP_Core/u_ls_ctrl/state_reg[4] u_TSP_Core/u_ls_ctrl/state_reg[3] u_TSP_Core/u_ls_ctrl/state_reg[2] u_TSP_Core/u_ls_ctrl/state_reg[1] u_TSP_Core/u_ls_ctrl/state_reg[0]
I: 000 => 0000001
I: 001 => 0000010
I: 010 => 0000100
I: 011 => 0001000
I: 100 => 0010000
I: 101 => 0100000
I: 110 => 1000000
I: Encoding type of FSM 'r_target_fsm[2:0]' is: onehot.
I: Encoding table of FSM 'r_target_fsm[2:0]':
I: from  u_Interconnect/r_target[2] u_Interconnect/r_target[1] u_Interconnect/r_target[0]
I: to  u_Interconnect/r_target_reg[5] u_Interconnect/r_target_reg[4] u_Interconnect/r_target_reg[3] u_Interconnect/r_target_reg[2] u_Interconnect/r_target_reg[1] u_Interconnect/r_target_reg[0]
I: 000 => 000001
I: 001 => 000010
I: 010 => 000100
I: 011 => 001000
I: 100 => 010000
I: 101 => 100000
I: Encoding type of FSM 'w_target_fsm[2:0]' is: onehot.
I: Encoding table of FSM 'w_target_fsm[2:0]':
I: from  u_Interconnect/w_target[2] u_Interconnect/w_target[1] u_Interconnect/w_target[0]
I: to  u_Interconnect/w_target_reg[5] u_Interconnect/w_target_reg[4] u_Interconnect/w_target_reg[3] u_Interconnect/w_target_reg[2] u_Interconnect/w_target_reg[1] u_Interconnect/w_target_reg[0]
I: 000 => 000001
I: 001 => 000010
I: 010 => 000100
I: 011 => 001000
I: 100 => 010000
I: 101 => 100000
I: Constant propagation done on u_SRAM/state_fsm[1:0]_3 (bmsREDOR).
I: Constant propagation done on u_TSP_Core/u_ls_ctrl/state_fsm[2:0]_12 (bmsREDOR).
I: Constant propagation done on u_TSP_Core/u_ls_ctrl/state_fsm[2:0]_15 (bmsREDOR).
I: Constant propagation done on u_TSP_Core/u_ls_ctrl/state_fsm[2:0]_17 (bmsREDOR).
I: Constant propagation done on u_UART/u_uart_core/uart_rx_inst/m_axis_tvalid_reg_e (bmsREDOR).
I: Constant propagation done on u_Interconnect/r_target_fsm[2:0]_1 (bmsREDOR).
I: Constant propagation done on u_Interconnect/r_target_fsm[2:0]_2 (bmsREDOR).
I: Constant propagation done on u_Interconnect/w_target_fsm[2:0]_1 (bmsREDOR).
I: Constant propagation done on u_Interconnect/w_target_fsm[2:0]_2 (bmsREDOR).
W: Removed bmsWIDEDFFCPE inst store_type_r[2:0] at 2 that is stuck at constant 0.
W: Removed bmsWIDEDFFCPE inst op_type_r[2:0] at 2 that is stuck at constant 0.
W: Removed bmsWIDEDFFCPE inst m_axi_araddr[31:0] at 0 that is stuck at constant 0.
W: Removed bmsWIDEDFFCPE inst m_axi_awaddr[31:0] at 0 that is stuck at constant 0.
W: Removed bmsWIDEDFFCPE inst rdata_r[31:0] at 8 that is stuck at constant 0.
Executing : pre-mapping successfully. Time elapsed: 0.300s wall, 0.250s user + 0.188s system = 0.438s CPU (146.1%)

Start mod-gen.
W: Public-4008: Instance 'u_TSP_Disp_Exu/DECODE_PC_REG1/qout[31:0]' of 'bmsWIDEDFFCPE' unit is dangling and will be cleaned.
W: Public-4008: Instance 'u_uart_core/uart_rx_inst/busy_reg' of 'bmsWIDEDFFRSE' unit is dangling and will be cleaned.
W: Public-4008: Instance 'u_uart_core/uart_rx_inst/frame_error_reg' of 'bmsWIDEDFFRSE' unit is dangling and will be cleaned.
W: Public-4008: Instance 'u_uart_core/uart_rx_inst/overrun_error_reg' of 'bmsWIDEDFFRSE' unit is dangling and will be cleaned.
W: Public-4008: Instance 'u_uart_core/uart_tx_inst/busy_reg' of 'bmsWIDEDFFRSE' unit is dangling and will be cleaned.
W: Public-4008: Instance 'u_Timer/intr_q' of 'bmsWIDEDFFCPE' unit is dangling and will be cleaned.
W: Removed bmsWIDEDFFCPE inst u_TSP_Core/u_TSP_Ifu/waddr_r[31:0] at 0 that is stuck at constant 0.
W: Removed bmsWIDEDFFCPE inst u_TSP_Core/u_TSP_Ifu/waddr_r[31:0] at 1 that is stuck at constant 0.
W: Removed bmsWIDEDFFCPE inst u_TSP_Core/u_TSP_Ifu/raddr_r[31:0] at 0 that is stuck at constant 0.
W: Removed bmsWIDEDFFCPE inst u_TSP_Core/u_TSP_Ifu/raddr_r[31:0] at 1 that is stuck at constant 0.
W: Removed bmsWIDEDFFRSE inst u_TSP_Core/u_TSP_Ifu/u_Iram/U_ipml_dpram_IRAM/a_wr_en_ff that is stuck at constant 0.
W: Removed bmsWIDEDFFCPE inst u_Timer/wr_addr_q[7:0] at 0 that is stuck at constant 0.
W: Removed bmsWIDEDFFCPE inst u_Timer/wr_addr_q[7:0] at 1 that is stuck at constant 0.
I: Removed bmsWIDEINV inst u_TSP_Core/u_TSP_Disp_Exu/Exu_muldiv_u0/u_multiplier/N4 that is redundant to u_TSP_Core/u_TSP_Disp_Exu/Exu_muldiv_u0/u_divider/N3
I: Removed bmsWIDEINV inst u_TSP_Core/u_TSP_Disp_Exu/Exu_muldiv_u0/u_multiplier/N8 that is redundant to u_TSP_Core/u_TSP_Disp_Exu/Exu_common_u0/N16
I: Removed bmsWIDEINV inst u_TSP_Core/u_TSP_Disp_Exu/Exu_muldiv_u0/u_divider/N7 that is redundant to u_TSP_Core/u_TSP_Disp_Exu/Exu_common_u0/N16
I: Removed bmsADD inst u_TSP_Core/u_TSP_Disp_Exu/Exu_muldiv_u0/u_multiplier/N10 that is redundant to u_TSP_Core/u_TSP_Disp_Exu/Exu_muldiv_u0/u_divider/N9
I: Removed bmsWIDEDFFCPE inst u_TSP_Core/u_TSP_Disp_Exu/branch_in_flight that is redundant to u_TSP_Core/u_TSP_Disp_Exu/Exu_bjp_u0/BTB_update_valid_reg/qout[0]
I: Removed bmsADD inst u_TSP_Core/u_TSP_Disp_Exu/Exu_muldiv_u0/u_multiplier/N6 that is redundant to u_TSP_Core/u_TSP_Disp_Exu/Exu_muldiv_u0/u_divider/N5
W: Public-4008: Instance 'u_TSP_Core/u_TSP_Ifu/u_Iram/U_ipml_dpram_IRAM/a_addr_bus_rd_ce_ff[3:0]' of 'bmsWIDEDFFRSE' unit is dangling and will be cleaned.
Executing : mod-gen successfully. Time elapsed: 1.150s wall, 1.266s user + 0.266s system = 1.531s CPU (133.2%)

Start logic-optimization.
Executing : logic-optimization successfully. Time elapsed: 5.789s wall, 5.391s user + 0.266s system = 5.656s CPU (97.7%)

Start tech-mapping phase 1.
W: Public-4008: Instance 'u_UART/rdata_r[8]' of 'bmsWIDEDFFCPE' unit is dangling and will be cleaned.
W: Public-4008: Instance 'u_UART/rdata_r[9]' of 'bmsWIDEDFFCPE' unit is dangling and will be cleaned.
W: Public-4008: Instance 'u_UART/rdata_r[10]' of 'bmsWIDEDFFCPE' unit is dangling and will be cleaned.
W: Public-4008: Instance 'u_UART/rdata_r[11]' of 'bmsWIDEDFFCPE' unit is dangling and will be cleaned.
W: Public-4008: Instance 'u_UART/rdata_r[12]' of 'bmsWIDEDFFCPE' unit is dangling and will be cleaned.
W: Public-4008: Instance 'u_UART/rdata_r[13]' of 'bmsWIDEDFFCPE' unit is dangling and will be cleaned.
W: Public-4008: Instance 'u_UART/rdata_r[14]' of 'bmsWIDEDFFCPE' unit is dangling and will be cleaned.
W: Public-4008: Instance 'u_UART/rdata_r[15]' of 'bmsWIDEDFFCPE' unit is dangling and will be cleaned.
W: Public-4008: Instance 'u_UART/rdata_r[16]' of 'bmsWIDEDFFCPE' unit is dangling and will be cleaned.
W: Public-4008: Instance 'u_UART/rdata_r[17]' of 'bmsWIDEDFFCPE' unit is dangling and will be cleaned.
W: Public-4008: Instance 'u_UART/rdata_r[18]' of 'bmsWIDEDFFCPE' unit is dangling and will be cleaned.
W: Public-4008: Instance 'u_UART/rdata_r[19]' of 'bmsWIDEDFFCPE' unit is dangling and will be cleaned.
W: Public-4008: Instance 'u_UART/rdata_r[20]' of 'bmsWIDEDFFCPE' unit is dangling and will be cleaned.
W: Public-4008: Instance 'u_UART/rdata_r[21]' of 'bmsWIDEDFFCPE' unit is dangling and will be cleaned.
W: Public-4008: Instance 'u_UART/rdata_r[22]' of 'bmsWIDEDFFCPE' unit is dangling and will be cleaned.
W: Public-4008: Instance 'u_UART/rdata_r[23]' of 'bmsWIDEDFFCPE' unit is dangling and will be cleaned.
W: Public-4008: Instance 'u_UART/rdata_r[24]' of 'bmsWIDEDFFCPE' unit is dangling and will be cleaned.
W: Public-4008: Instance 'u_UART/rdata_r[25]' of 'bmsWIDEDFFCPE' unit is dangling and will be cleaned.
W: Public-4008: Instance 'u_UART/rdata_r[26]' of 'bmsWIDEDFFCPE' unit is dangling and will be cleaned.
W: Public-4008: Instance 'u_UART/rdata_r[27]' of 'bmsWIDEDFFCPE' unit is dangling and will be cleaned.
W: Public-4008: Instance 'u_UART/rdata_r[28]' of 'bmsWIDEDFFCPE' unit is dangling and will be cleaned.
W: Public-4008: Instance 'u_UART/rdata_r[29]' of 'bmsWIDEDFFCPE' unit is dangling and will be cleaned.
W: Public-4008: Instance 'u_UART/rdata_r[30]' of 'bmsWIDEDFFCPE' unit is dangling and will be cleaned.
W: Public-4008: Instance 'u_TSP_Core/u_ls_ctrl/m_axi_araddr[0]' of 'bmsWIDEDFFCPE' unit is dangling and will be cleaned.
W: Public-4008: Instance 'u_TSP_Core/u_ls_ctrl/m_axi_araddr[1]' of 'bmsWIDEDFFCPE' unit is dangling and will be cleaned.
W: Public-4008: Instance 'u_TSP_Core/u_ls_ctrl/m_axi_araddr[16]' of 'bmsWIDEDFFCPE' unit is dangling and will be cleaned.
W: Public-4008: Instance 'u_TSP_Core/u_ls_ctrl/m_axi_araddr[17]' of 'bmsWIDEDFFCPE' unit is dangling and will be cleaned.
W: Public-4008: Instance 'u_TSP_Core/u_ls_ctrl/m_axi_araddr[18]' of 'bmsWIDEDFFCPE' unit is dangling and will be cleaned.
W: Public-4008: Instance 'u_TSP_Core/u_ls_ctrl/m_axi_araddr[19]' of 'bmsWIDEDFFCPE' unit is dangling and will be cleaned.
W: Public-4008: Instance 'u_TSP_Core/u_ls_ctrl/m_axi_araddr[20]' of 'bmsWIDEDFFCPE' unit is dangling and will be cleaned.
W: Public-4008: Instance 'u_TSP_Core/u_ls_ctrl/m_axi_araddr[21]' of 'bmsWIDEDFFCPE' unit is dangling and will be cleaned.
W: Public-4008: Instance 'u_TSP_Core/u_ls_ctrl/m_axi_araddr[22]' of 'bmsWIDEDFFCPE' unit is dangling and will be cleaned.
W: Public-4008: Instance 'u_TSP_Core/u_ls_ctrl/m_axi_araddr[23]' of 'bmsWIDEDFFCPE' unit is dangling and will be cleaned.
W: Public-4008: Instance 'u_TSP_Core/u_ls_ctrl/m_axi_araddr[24]' of 'bmsWIDEDFFCPE' unit is dangling and will be cleaned.
W: Public-4008: Instance 'u_TSP_Core/u_ls_ctrl/m_axi_araddr[25]' of 'bmsWIDEDFFCPE' unit is dangling and will be cleaned.
W: Public-4008: Instance 'u_TSP_Core/u_ls_ctrl/m_axi_araddr[26]' of 'bmsWIDEDFFCPE' unit is dangling and will be cleaned.
W: Public-4008: Instance 'u_TSP_Core/u_ls_ctrl/m_axi_araddr[27]' of 'bmsWIDEDFFCPE' unit is dangling and will be cleaned.
W: Public-4008: Instance 'u_TSP_Core/u_ls_ctrl/m_axi_awaddr[0]' of 'bmsWIDEDFFCPE' unit is dangling and will be cleaned.
W: Public-4008: Instance 'u_TSP_Core/u_ls_ctrl/m_axi_awaddr[1]' of 'bmsWIDEDFFCPE' unit is dangling and will be cleaned.
W: Public-4008: Instance 'u_TSP_Core/u_ls_ctrl/m_axi_awaddr[16]' of 'bmsWIDEDFFCPE' unit is dangling and will be cleaned.
W: Public-4008: Instance 'u_TSP_Core/u_ls_ctrl/m_axi_awaddr[17]' of 'bmsWIDEDFFCPE' unit is dangling and will be cleaned.
W: Public-4008: Instance 'u_TSP_Core/u_ls_ctrl/m_axi_awaddr[18]' of 'bmsWIDEDFFCPE' unit is dangling and will be cleaned.
W: Public-4008: Instance 'u_TSP_Core/u_ls_ctrl/m_axi_awaddr[19]' of 'bmsWIDEDFFCPE' unit is dangling and will be cleaned.
W: Public-4008: Instance 'u_TSP_Core/u_ls_ctrl/m_axi_awaddr[20]' of 'bmsWIDEDFFCPE' unit is dangling and will be cleaned.
W: Public-4008: Instance 'u_TSP_Core/u_ls_ctrl/m_axi_awaddr[21]' of 'bmsWIDEDFFCPE' unit is dangling and will be cleaned.
W: Public-4008: Instance 'u_TSP_Core/u_ls_ctrl/m_axi_awaddr[22]' of 'bmsWIDEDFFCPE' unit is dangling and will be cleaned.
W: Public-4008: Instance 'u_TSP_Core/u_ls_ctrl/m_axi_awaddr[23]' of 'bmsWIDEDFFCPE' unit is dangling and will be cleaned.
W: Public-4008: Instance 'u_TSP_Core/u_ls_ctrl/m_axi_awaddr[24]' of 'bmsWIDEDFFCPE' unit is dangling and will be cleaned.
W: Public-4008: Instance 'u_TSP_Core/u_ls_ctrl/m_axi_awaddr[25]' of 'bmsWIDEDFFCPE' unit is dangling and will be cleaned.
W: Public-4008: Instance 'u_TSP_Core/u_ls_ctrl/m_axi_awaddr[26]' of 'bmsWIDEDFFCPE' unit is dangling and will be cleaned.
W: Public-4008: Instance 'u_TSP_Core/u_ls_ctrl/m_axi_awaddr[27]' of 'bmsWIDEDFFCPE' unit is dangling and will be cleaned.
W: Public-4008: Instance 'u_TSP_Core/u_TSP_Disp_Exu/Exu_ls_u0/store_type_r[2]' of 'bmsWIDEDFFCPE' unit is dangling and will be cleaned.
W: Public-4008: Instance 'u_TSP_Core/u_TSP_Disp_Exu/Exu_ls_u0/ls_addr_r[16]' of 'bmsWIDEDFFCPE' unit is dangling and will be cleaned.
W: Public-4008: Instance 'u_TSP_Core/u_TSP_Disp_Exu/Exu_ls_u0/ls_addr_r[17]' of 'bmsWIDEDFFCPE' unit is dangling and will be cleaned.
W: Public-4008: Instance 'u_TSP_Core/u_TSP_Disp_Exu/Exu_ls_u0/ls_addr_r[18]' of 'bmsWIDEDFFCPE' unit is dangling and will be cleaned.
W: Public-4008: Instance 'u_TSP_Core/u_TSP_Disp_Exu/Exu_ls_u0/ls_addr_r[19]' of 'bmsWIDEDFFCPE' unit is dangling and will be cleaned.
W: Public-4008: Instance 'u_TSP_Core/u_TSP_Disp_Exu/Exu_ls_u0/ls_addr_r[20]' of 'bmsWIDEDFFCPE' unit is dangling and will be cleaned.
W: Public-4008: Instance 'u_TSP_Core/u_TSP_Disp_Exu/Exu_ls_u0/ls_addr_r[21]' of 'bmsWIDEDFFCPE' unit is dangling and will be cleaned.
W: Public-4008: Instance 'u_TSP_Core/u_TSP_Disp_Exu/Exu_ls_u0/ls_addr_r[22]' of 'bmsWIDEDFFCPE' unit is dangling and will be cleaned.
W: Public-4008: Instance 'u_TSP_Core/u_TSP_Disp_Exu/Exu_ls_u0/ls_addr_r[23]' of 'bmsWIDEDFFCPE' unit is dangling and will be cleaned.
W: Public-4008: Instance 'u_TSP_Core/u_TSP_Disp_Exu/Exu_ls_u0/ls_addr_r[24]' of 'bmsWIDEDFFCPE' unit is dangling and will be cleaned.
W: Public-4008: Instance 'u_TSP_Core/u_TSP_Disp_Exu/Exu_ls_u0/ls_addr_r[25]' of 'bmsWIDEDFFCPE' unit is dangling and will be cleaned.
W: Public-4008: Instance 'u_TSP_Core/u_TSP_Disp_Exu/Exu_ls_u0/ls_addr_r[26]' of 'bmsWIDEDFFCPE' unit is dangling and will be cleaned.
W: Public-4008: Instance 'u_TSP_Core/u_TSP_Disp_Exu/Exu_ls_u0/ls_addr_r[27]' of 'bmsWIDEDFFCPE' unit is dangling and will be cleaned.
W: Public-4008: Instance 'u_TSP_Core/u_TSP_Disp_Exu/Exu_muldiv_u0/op_type_r[2]' of 'bmsWIDEDFFCPE' unit is dangling and will be cleaned.
W: Public-4008: Instance 'u_TSP_Core/u_TSP_Ifu/waddr_r[0]' of 'bmsWIDEDFFCPE' unit is dangling and will be cleaned.
W: Public-4008: Instance 'u_TSP_Core/u_TSP_Ifu/waddr_r[1]' of 'bmsWIDEDFFCPE' unit is dangling and will be cleaned.
W: Public-4008: Instance 'u_TSP_Core/u_TSP_Ifu/waddr_r[16]' of 'bmsWIDEDFFCPE' unit is dangling and will be cleaned.
W: Public-4008: Instance 'u_TSP_Core/u_TSP_Ifu/waddr_r[17]' of 'bmsWIDEDFFCPE' unit is dangling and will be cleaned.
W: Public-4008: Instance 'u_TSP_Core/u_TSP_Ifu/waddr_r[18]' of 'bmsWIDEDFFCPE' unit is dangling and will be cleaned.
W: Public-4008: Instance 'u_TSP_Core/u_TSP_Ifu/waddr_r[19]' of 'bmsWIDEDFFCPE' unit is dangling and will be cleaned.
W: Public-4008: Instance 'u_TSP_Core/u_TSP_Ifu/waddr_r[20]' of 'bmsWIDEDFFCPE' unit is dangling and will be cleaned.
W: Public-4008: Instance 'u_TSP_Core/u_TSP_Ifu/waddr_r[21]' of 'bmsWIDEDFFCPE' unit is dangling and will be cleaned.
W: Public-4008: Instance 'u_TSP_Core/u_TSP_Ifu/waddr_r[22]' of 'bmsWIDEDFFCPE' unit is dangling and will be cleaned.
W: Public-4008: Instance 'u_TSP_Core/u_TSP_Ifu/waddr_r[23]' of 'bmsWIDEDFFCPE' unit is dangling and will be cleaned.
W: Public-4008: Instance 'u_TSP_Core/u_TSP_Ifu/waddr_r[24]' of 'bmsWIDEDFFCPE' unit is dangling and will be cleaned.
W: Public-4008: Instance 'u_TSP_Core/u_TSP_Ifu/waddr_r[25]' of 'bmsWIDEDFFCPE' unit is dangling and will be cleaned.
W: Public-4008: Instance 'u_TSP_Core/u_TSP_Ifu/waddr_r[26]' of 'bmsWIDEDFFCPE' unit is dangling and will be cleaned.
W: Public-4008: Instance 'u_TSP_Core/u_TSP_Ifu/waddr_r[27]' of 'bmsWIDEDFFCPE' unit is dangling and will be cleaned.
W: Public-4008: Instance 'u_TSP_Core/u_TSP_Ifu/waddr_r[28]' of 'bmsWIDEDFFCPE' unit is dangling and will be cleaned.
W: Public-4008: Instance 'u_TSP_Core/u_TSP_Ifu/waddr_r[29]' of 'bmsWIDEDFFCPE' unit is dangling and will be cleaned.
W: Public-4008: Instance 'u_TSP_Core/u_TSP_Ifu/waddr_r[30]' of 'bmsWIDEDFFCPE' unit is dangling and will be cleaned.
W: Public-4008: Instance 'u_TSP_Core/u_TSP_Ifu/waddr_r[31]' of 'bmsWIDEDFFCPE' unit is dangling and will be cleaned.
W: Public-4008: Instance 'u_TSP_Core/u_TSP_Ifu/raddr_r[0]' of 'bmsWIDEDFFCPE' unit is dangling and will be cleaned.
W: Public-4008: Instance 'u_TSP_Core/u_TSP_Ifu/raddr_r[1]' of 'bmsWIDEDFFCPE' unit is dangling and will be cleaned.
W: Public-4008: Instance 'u_TSP_Core/u_TSP_Ifu/raddr_r[16]' of 'bmsWIDEDFFCPE' unit is dangling and will be cleaned.
W: Public-4008: Instance 'u_TSP_Core/u_TSP_Ifu/raddr_r[17]' of 'bmsWIDEDFFCPE' unit is dangling and will be cleaned.
W: Public-4008: Instance 'u_TSP_Core/u_TSP_Ifu/raddr_r[18]' of 'bmsWIDEDFFCPE' unit is dangling and will be cleaned.
W: Public-4008: Instance 'u_TSP_Core/u_TSP_Ifu/raddr_r[19]' of 'bmsWIDEDFFCPE' unit is dangling and will be cleaned.
W: Public-4008: Instance 'u_TSP_Core/u_TSP_Ifu/raddr_r[20]' of 'bmsWIDEDFFCPE' unit is dangling and will be cleaned.
W: Public-4008: Instance 'u_TSP_Core/u_TSP_Ifu/raddr_r[21]' of 'bmsWIDEDFFCPE' unit is dangling and will be cleaned.
W: Public-4008: Instance 'u_TSP_Core/u_TSP_Ifu/raddr_r[22]' of 'bmsWIDEDFFCPE' unit is dangling and will be cleaned.
W: Public-4008: Instance 'u_TSP_Core/u_TSP_Ifu/raddr_r[23]' of 'bmsWIDEDFFCPE' unit is dangling and will be cleaned.
W: Public-4008: Instance 'u_TSP_Core/u_TSP_Ifu/raddr_r[24]' of 'bmsWIDEDFFCPE' unit is dangling and will be cleaned.
W: Public-4008: Instance 'u_TSP_Core/u_TSP_Ifu/raddr_r[25]' of 'bmsWIDEDFFCPE' unit is dangling and will be cleaned.
W: Public-4008: Instance 'u_TSP_Core/u_TSP_Ifu/raddr_r[26]' of 'bmsWIDEDFFCPE' unit is dangling and will be cleaned.
W: Public-4008: Instance 'u_TSP_Core/u_TSP_Ifu/raddr_r[27]' of 'bmsWIDEDFFCPE' unit is dangling and will be cleaned.
W: Public-4008: Instance 'u_TSP_Core/u_TSP_Ifu/raddr_r[28]' of 'bmsWIDEDFFCPE' unit is dangling and will be cleaned.
W: Public-4008: Instance 'u_TSP_Core/u_TSP_Ifu/raddr_r[29]' of 'bmsWIDEDFFCPE' unit is dangling and will be cleaned.
W: Public-4008: Instance 'u_TSP_Core/u_TSP_Ifu/raddr_r[30]' of 'bmsWIDEDFFCPE' unit is dangling and will be cleaned.
W: Public-4008: Instance 'u_TSP_Core/u_TSP_Ifu/raddr_r[31]' of 'bmsWIDEDFFCPE' unit is dangling and will be cleaned.
W: Public-4008: Instance 'u_Timer/wr_addr_q[0]' of 'bmsWIDEDFFCPE' unit is dangling and will be cleaned.
W: Public-4008: Instance 'u_Timer/wr_addr_q[1]' of 'bmsWIDEDFFCPE' unit is dangling and will be cleaned.
Executing : tech-mapping phase 1 successfully. Time elapsed: 0.365s wall, 0.359s user + 0.000s system = 0.359s CPU (98.4%)

Start tech-mapping phase 2.
Executing : tech-mapping phase 2 successfully. Time elapsed: 6.878s wall, 7.000s user + 0.391s system = 7.391s CPU (107.5%)

Start tech-optimization.
Executing : tech-optimization successfully. Time elapsed: 0.606s wall, 0.781s user + 0.062s system = 0.844s CPU (139.3%)

Start phys-optimization.
Executing : phys-optimization successfully. Time elapsed: 0.000s wall, 0.000s user + 0.000s system = 0.000s CPU (n/a%)

Start restore-hierarchy.
Executing : restore-hierarchy successfully. Time elapsed: 0.618s wall, 0.625s user + 0.000s system = 0.625s CPU (101.2%)

W: Unable to honor max fanout constraint for gtp_inv driven net u_UART/rst_1
W: Unable to honor max fanout constraint for gtp_inv driven net u_UART/rst_1
W: prevent name conflict by renaming net u_UART/rst_1 to u_UART/rst_1_rnmt

Cell Usage:
GTP_DFF                      19 uses
GTP_DFF_C                    58 uses
GTP_DFF_CE                 2836 uses
GTP_DFF_E                    19 uses
GTP_DFF_PE                   10 uses
GTP_DFF_RE                   62 uses
GTP_DFF_S                     1 use
GTP_DFF_SE                    1 use
GTP_DRM18K                   48 uses
GTP_GRS                       1 use
GTP_INV                       4 uses
GTP_LUT1                      3 uses
GTP_LUT2                    171 uses
GTP_LUT3                    476 uses
GTP_LUT4                    196 uses
GTP_LUT5                   1015 uses
GTP_LUT5CARRY               950 uses
GTP_LUT5M                  1359 uses
GTP_MUX2LUT6                529 uses
GTP_MUX2LUT7                201 uses
GTP_MUX2LUT8                 64 uses
GTP_PLL_E3                    1 use

I/O ports: 45
GTP_INBUF                   3 uses
GTP_OUTBUF                 42 uses

Mapping Summary:
Total LUTs: 4170 of 42800 (9.74%)
	LUTs as dram: 0 of 17000 (0.00%)
	LUTs as logic: 4170
Total Registers: 3006 of 64200 (4.68%)
Total Latches: 0

DRM18K:
Total DRM18K = 48.0 of 134 (35.82%)

APMs:
Total APMs = 0.00 of 84 (0.00%)

Total I/O ports = 45 of 218 (20.64%)


Overview of Control Sets:

Number of unique control sets : 106

Histogram:
**************************************************************
  Fanout      | Count    | Sync Set/Reset    Async Set/Reset
--------------------------------------------------------------
  [0, 2)      | 1        | 1                 0
  [2, 4)      | 5        | 2                 3
  [4, 6)      | 15       | 3                 12
  [6, 8)      | 5        | 0                 5
  [8, 10)     | 4        | 3                 1
  [10, 12)    | 1        | 0                 1
  [12, 14)    | 1        | 0                 1
  [14, 16)    | 1        | 0                 1
  [16, Inf)   | 73       | 3                 70
--------------------------------------------------------------
  The maximum fanout: 70
==============================================================

Flip-Flop Distribution:
************************************************************************
  Clock Enable    Sync Set/Reset    Async Set/Reset    Total Registers
------------------------------------------------------------------------
  NO              NO                NO                 19
  NO              NO                YES                58
  NO              YES               NO                 1
  YES             NO                NO                 19
  YES             NO                YES                2846
  YES             YES               NO                 63
========================================================================

Latch Distribution:
************************************************
  Gate Enable    Preset/Clear    Total Latches
************************************************
  NO             NO              0
  NO             YES             0
  YES            NO              0
  YES            YES             0
************************************************

Design 'SoC_Top' has been successfully synthesized to architecture-specific objects.
Saving design to DB.
Saving design to SoC_Top_syn.vm
Constructing timing graph ...
Timing graph has been constructed successfully
W: Timing-4087: Port 'ext_axi_if_arready' is not constrained, it is treated as combinational output.
W: Timing-4087: Port 'ext_axi_if_awready' is not constrained, it is treated as combinational output.
W: Timing-4087: Port 'ext_axi_if_bresp[0]' is not constrained, it is treated as combinational output.
W: Timing-4087: Port 'ext_axi_if_bresp[1]' is not constrained, it is treated as combinational output.
W: Timing-4087: Port 'ext_axi_if_bvalid' is not constrained, it is treated as combinational output.
W: Timing-4087: Port 'ext_axi_if_rdata[0]' is not constrained, it is treated as combinational output.
W: Timing-4087: Port 'ext_axi_if_rdata[1]' is not constrained, it is treated as combinational output.
W: Timing-4087: Port 'ext_axi_if_rdata[2]' is not constrained, it is treated as combinational output.
W: Timing-4087: Port 'ext_axi_if_rdata[3]' is not constrained, it is treated as combinational output.
W: Timing-4087: Port 'ext_axi_if_rdata[4]' is not constrained, it is treated as combinational output.
W: Timing-4087: Port 'ext_axi_if_rdata[5]' is not constrained, it is treated as combinational output.
W: Timing-4087: Port 'ext_axi_if_rdata[6]' is not constrained, it is treated as combinational output.
W: Timing-4087: Port 'ext_axi_if_rdata[7]' is not constrained, it is treated as combinational output.
W: Timing-4087: Port 'ext_axi_if_rdata[8]' is not constrained, it is treated as combinational output.
W: Timing-4087: Port 'ext_axi_if_rdata[9]' is not constrained, it is treated as combinational output.
W: Timing-4087: Port 'ext_axi_if_rdata[10]' is not constrained, it is treated as combinational output.
W: Timing-4087: Port 'ext_axi_if_rdata[11]' is not constrained, it is treated as combinational output.
W: Timing-4087: Port 'ext_axi_if_rdata[12]' is not constrained, it is treated as combinational output.
W: Timing-4087: Port 'ext_axi_if_rdata[13]' is not constrained, it is treated as combinational output.
W: Timing-4087: Port 'ext_axi_if_rdata[14]' is not constrained, it is treated as combinational output.
W: Timing-4087: Port 'ext_axi_if_rdata[15]' is not constrained, it is treated as combinational output.
W: Timing-4087: Port 'ext_axi_if_rdata[16]' is not constrained, it is treated as combinational output.
W: Timing-4087: Port 'ext_axi_if_rdata[17]' is not constrained, it is treated as combinational output.
W: Timing-4087: Port 'ext_axi_if_rdata[18]' is not constrained, it is treated as combinational output.
W: Timing-4087: Port 'ext_axi_if_rdata[19]' is not constrained, it is treated as combinational output.
W: Timing-4087: Port 'ext_axi_if_rdata[20]' is not constrained, it is treated as combinational output.
W: Timing-4087: Port 'ext_axi_if_rdata[21]' is not constrained, it is treated as combinational output.
W: Timing-4087: Port 'ext_axi_if_rdata[22]' is not constrained, it is treated as combinational output.
W: Timing-4087: Port 'ext_axi_if_rdata[23]' is not constrained, it is treated as combinational output.
W: Timing-4087: Port 'ext_axi_if_rdata[24]' is not constrained, it is treated as combinational output.
W: Timing-4087: Port 'ext_axi_if_rdata[25]' is not constrained, it is treated as combinational output.
W: Timing-4087: Port 'ext_axi_if_rdata[26]' is not constrained, it is treated as combinational output.
W: Timing-4087: Port 'ext_axi_if_rdata[27]' is not constrained, it is treated as combinational output.
W: Timing-4087: Port 'ext_axi_if_rdata[28]' is not constrained, it is treated as combinational output.
W: Timing-4087: Port 'ext_axi_if_rdata[29]' is not constrained, it is treated as combinational output.
W: Timing-4087: Port 'ext_axi_if_rdata[30]' is not constrained, it is treated as combinational output.
W: Timing-4087: Port 'ext_axi_if_rdata[31]' is not constrained, it is treated as combinational output.
W: Timing-4087: Port 'ext_axi_if_rresp[0]' is not constrained, it is treated as combinational output.
W: Timing-4087: Port 'ext_axi_if_rresp[1]' is not constrained, it is treated as combinational output.
W: Timing-4087: Port 'ext_axi_if_rvalid' is not constrained, it is treated as combinational output.
W: Timing-4087: Port 'ext_axi_if_wready' is not constrained, it is treated as combinational output.
W: Timing-4087: Port 'uart_tx' is not constrained, it is treated as combinational output.
W: Timing-4086: Port 'rst_n' is not constrained, it is treated as combinational input.
W: Timing-4086: Port 'uart_rx' is not constrained, it is treated as combinational input.
Action synthesize: Real time elapsed is 0h:0m:22s
Action synthesize: CPU time elapsed is 0h:0m:19s
Action synthesize: Process CPU time elapsed is 0h:0m:20s
Current time: Fri Apr  3 00:07:28 2026
Action synthesize: Peak memory pool usage is 414 MB
Action from compile to synthesize: Total Real Time elapsed is 0h:0m:28s
Action from compile to synthesize: Total CPU time elapsed is 0h:0m:22s
Action from compile to synthesize: Total Process CPU Time elapsed is 0h:0m:23s
Process "Synthesize" done.


Process "Device Map" started.
Current time: Fri Apr  3 00:07:28 2026
Compiling architecture definition.
Analyzing project file 'D:/FPGA/TSP_RISC-V-2.4/FPGA/pango_cpu/pango_cpu.pds'.
Compiling verification operator library.
Compiling common defs.
Loading technology operator library.
Compiling technology operator library.
Compiling technology operator (valence) library.
Compiling operator packing rules.
Compiling prim grid devices.
Compiling gate devices.
Compiling gate operators.
Compiling tech operator impls.
Building architecture model.
Loading device packaging model.
NOTE: The technology fpga was specified.
NOTE: delay_model specified was generic_cmos.
NOTE: Using the fpga syntax tables...
Totals:
 Calls to malloc = 0
 Calls to calloc = 111555

W: ConstraintEditor-4019: Port Bus 'ext_axi_if_araddr' unspecified I/O constraint.
W: ConstraintEditor-4019: Port Bus 'ext_axi_if_awaddr' unspecified I/O constraint.
W: ConstraintEditor-4019: Port Bus 'ext_axi_if_bresp' unspecified I/O constraint.
W: ConstraintEditor-4019: Port Bus 'ext_axi_if_rdata' unspecified I/O constraint.
W: ConstraintEditor-4019: Port Bus 'ext_axi_if_rresp' unspecified I/O constraint.
W: ConstraintEditor-4019: Port Bus 'ext_axi_if_wdata' unspecified I/O constraint.
W: ConstraintEditor-4019: Port Bus 'ext_axi_if_wstrb' unspecified I/O constraint.
W: ConstraintEditor-4019: Port 'ext_axi_if_arready' unspecified I/O constraint.
W: ConstraintEditor-4019: Port 'ext_axi_if_arvalid' unspecified I/O constraint.
W: ConstraintEditor-4019: Port 'ext_axi_if_awready' unspecified I/O constraint.
W: ConstraintEditor-4019: Port 'ext_axi_if_awvalid' unspecified I/O constraint.
W: ConstraintEditor-4019: Port 'ext_axi_if_bready' unspecified I/O constraint.
W: ConstraintEditor-4019: Port 'ext_axi_if_bvalid' unspecified I/O constraint.
W: ConstraintEditor-4019: Port 'ext_axi_if_rready' unspecified I/O constraint.
W: ConstraintEditor-4019: Port 'ext_axi_if_rvalid' unspecified I/O constraint.
W: ConstraintEditor-4019: Port 'ext_axi_if_wready' unspecified I/O constraint.
W: ConstraintEditor-4019: Port 'ext_axi_if_wvalid' unspecified I/O constraint.
Flattening design 'SoC_Top'
Device mapping started.
Optimizing circuit logic.
Checking design netlist.
Processing tech operator.
I: The instance clkbufg_0(GTP_CLKBUFG) has been inserted on the net clk in design, driver pin CLKOUT0(instance u_sys_pll/u_pll_e3) -> load pin CLK(instance u_Interconnect/r_target_reg[0]).
Converting tech operator to gate operator.
Processing gate operator.
I: Infer CARRY group, base inst: u_Timer/N161_1_0/gateop, insts:32.
I: Infer CARRY group, base inst: u_Timer/N170_1_0/gateop, insts:32.
I: Infer CARRY group, base inst: u_TSP_Core/u_PC_control/N3.eq_0/gateop, insts:9.
I: Infer CARRY group, base inst: u_TSP_Core/u_PC_control/N10.eq_0/gateop, insts:9.
I: Infer CARRY group, base inst: u_TSP_Core/u_PC_control/N17.eq_0/gateop, insts:9.
I: Infer CARRY group, base inst: u_TSP_Core/u_PC_control/N24.eq_0/gateop, insts:9.
I: Infer CARRY group, base inst: u_TSP_Core/u_PC_control/N31.eq_0/gateop, insts:9.
I: Infer CARRY group, base inst: u_TSP_Core/u_PC_control/N38.eq_0/gateop, insts:9.
I: Infer CARRY group, base inst: u_TSP_Core/u_PC_control/N45.eq_0/gateop, insts:9.
I: Infer CARRY group, base inst: u_TSP_Core/u_PC_control/N52.eq_0/gateop, insts:9.
I: Infer CARRY group, base inst: u_TSP_Core/u_PC_control/N59.eq_0/gateop, insts:9.
I: Infer CARRY group, base inst: u_TSP_Core/u_PC_control/N66.eq_0/gateop, insts:9.
I: Infer CARRY group, base inst: u_TSP_Core/u_PC_control/N73.eq_0/gateop, insts:9.
I: Infer CARRY group, base inst: u_TSP_Core/u_PC_control/N80.eq_0/gateop, insts:9.
I: Infer CARRY group, base inst: u_TSP_Core/u_PC_control/N87.eq_0/gateop, insts:9.
I: Infer CARRY group, base inst: u_TSP_Core/u_PC_control/N94.eq_0/gateop, insts:9.
I: Infer CARRY group, base inst: u_TSP_Core/u_PC_control/N101.eq_0/gateop, insts:9.
I: Infer CARRY group, base inst: u_TSP_Core/u_PC_control/N108.eq_0/gateop, insts:9.
I: Infer CARRY group, base inst: u_TSP_Core/u_PC_control/N119_1_0/gateop, insts:30.
I: Infer CARRY group, base inst: u_TSP_Core/u_PC_control/N126.eq_0/gateop, insts:9.
I: Infer CARRY group, base inst: u_TSP_Core/u_PC_control/N130.eq_0/gateop, insts:9.
I: Infer CARRY group, base inst: u_TSP_Core/u_PC_control/N134.eq_0/gateop, insts:9.
I: Infer CARRY group, base inst: u_TSP_Core/u_PC_control/N138.eq_0/gateop, insts:9.
I: Infer CARRY group, base inst: u_TSP_Core/u_PC_control/N142.eq_0/gateop, insts:9.
I: Infer CARRY group, base inst: u_TSP_Core/u_PC_control/N146.eq_0/gateop, insts:9.
I: Infer CARRY group, base inst: u_TSP_Core/u_PC_control/N150.eq_0/gateop, insts:9.
I: Infer CARRY group, base inst: u_TSP_Core/u_PC_control/N154.eq_0/gateop, insts:9.
I: Infer CARRY group, base inst: u_TSP_Core/u_PC_control/N158.eq_0/gateop, insts:9.
I: Infer CARRY group, base inst: u_TSP_Core/u_PC_control/N162.eq_0/gateop, insts:9.
I: Infer CARRY group, base inst: u_TSP_Core/u_PC_control/N166.eq_0/gateop, insts:9.
I: Infer CARRY group, base inst: u_TSP_Core/u_PC_control/N170.eq_0/gateop, insts:9.
I: Infer CARRY group, base inst: u_TSP_Core/u_PC_control/N174.eq_0/gateop, insts:9.
I: Infer CARRY group, base inst: u_TSP_Core/u_PC_control/N178.eq_0/gateop, insts:9.
I: Infer CARRY group, base inst: u_TSP_Core/u_PC_control/N182.eq_0/gateop, insts:9.
I: Infer CARRY group, base inst: u_TSP_Core/u_PC_control/N186.eq_0/gateop, insts:9.
I: Infer CARRY group, base inst: u_TSP_Core/u_TSP_Disp_Exu/N6.eq_0/gateop, insts:3.
I: Infer CARRY group, base inst: u_TSP_Core/u_TSP_Disp_Exu/N12.eq_0/gateop, insts:3.
I: Infer CARRY group, base inst: u_TSP_Core/u_TSP_Disp_Exu/N18.eq_0/gateop, insts:3.
I: Infer CARRY group, base inst: u_TSP_Core/u_TSP_Disp_Exu/N24.eq_0/gateop, insts:3.
I: Infer CARRY group, base inst: u_TSP_Core/u_TSP_Disp_Exu/Exu_muldiv_u0/u_multiplier/N36_3_0/gateop, insts:34.
I: Infer CARRY group, base inst: u_TSP_Core/u_TSP_Disp_Exu/Exu_muldiv_u0/u_multiplier/N39_1.fsub_1/gateop, insts:5.
I: Infer CARRY group, base inst: u_TSP_Core/u_TSP_Disp_Exu/Exu_muldiv_u0/u_multiplier/N64_1_1/gateop, insts:63.
I: Infer CARRY group, base inst: u_UART/u_uart_core/uart_tx_inst/N121_3.fsub_1/gateop, insts:19.
I: Infer CARRY group, base inst: u_TSP_Core/u_TSP_Disp_Exu/Exu_muldiv_u0/u_divider/N5_1_1/gateop, insts:31.
I: Infer CARRY group, base inst: u_TSP_Core/u_TSP_Disp_Exu/Exu_muldiv_u0/u_divider/N9_1_1/gateop, insts:31.
I: Infer CARRY group, base inst: u_TSP_Core/u_TSP_Disp_Exu/Exu_muldiv_u0/u_divider/N34.lt_0/gateop, insts:16.
I: Infer CARRY group, base inst: u_TSP_Core/u_TSP_Disp_Exu/Exu_muldiv_u0/u_divider/N41_3.fsub_0/gateop, insts:33.
I: Infer CARRY group, base inst: u_UART/u_uart_core/uart_rx_inst/N196_3.fsub_1/gateop, insts:19.
I: Infer CARRY group, base inst: u_TSP_Core/u_TSP_Disp_Exu/N81.eq_0/gateop, insts:3.
I: Infer CARRY group, base inst: u_TSP_Core/u_TSP_Disp_Exu/N87.eq_0/gateop, insts:3.
I: Infer CARRY group, base inst: u_TSP_Core/u_TSP_Disp_Exu/N93.eq_0/gateop, insts:3.
I: Infer CARRY group, base inst: u_TSP_Core/u_TSP_Disp_Exu/N103.eq_0/gateop, insts:3.
I: Infer CARRY group, base inst: u_TSP_Core/u_TSP_Disp_Exu/N109.eq_0/gateop, insts:3.
I: Infer CARRY group, base inst: u_TSP_Core/u_TSP_Disp_Exu/N115.eq_0/gateop, insts:3.
I: Infer CARRY group, base inst: u_TSP_Core/u_TSP_Disp_Exu/N125.eq_0/gateop, insts:3.
I: Infer CARRY group, base inst: u_TSP_Core/u_TSP_Disp_Exu/N131.eq_0/gateop, insts:3.
I: Infer CARRY group, base inst: u_TSP_Core/u_TSP_Disp_Exu/N137.eq_0/gateop, insts:3.
I: Infer CARRY group, base inst: u_TSP_Core/u_TSP_Disp_Exu/N147.eq_0/gateop, insts:3.
I: Infer CARRY group, base inst: u_TSP_Core/u_TSP_Disp_Exu/N153.eq_0/gateop, insts:3.
I: Infer CARRY group, base inst: u_TSP_Core/u_TSP_Disp_Exu/N159.eq_0/gateop, insts:3.
I: Infer CARRY group, base inst: u_TSP_Core/u_TSP_Disp_Exu/N169.eq_0/gateop, insts:3.
I: Infer CARRY group, base inst: u_TSP_Core/u_TSP_Disp_Exu/N175.eq_0/gateop, insts:3.
I: Infer CARRY group, base inst: u_TSP_Core/u_TSP_Disp_Exu/N181.eq_0/gateop, insts:3.
I: Infer CARRY group, base inst: u_TSP_Core/u_TSP_Disp_Exu/N191.eq_0/gateop, insts:3.
I: Infer CARRY group, base inst: u_TSP_Core/u_TSP_Disp_Exu/N197.eq_0/gateop, insts:3.
I: Infer CARRY group, base inst: u_TSP_Core/u_TSP_Disp_Exu/N203.eq_0/gateop, insts:3.
I: Infer CARRY group, base inst: u_TSP_Core/u_TSP_Disp_Exu/N213.eq_0/gateop, insts:3.
I: Infer CARRY group, base inst: u_TSP_Core/u_TSP_Disp_Exu/N219.eq_0/gateop, insts:3.
I: Infer CARRY group, base inst: u_TSP_Core/u_TSP_Disp_Exu/N225.eq_0/gateop, insts:3.
I: Infer CARRY group, base inst: u_TSP_Core/u_TSP_Disp_Exu/N235.eq_0/gateop, insts:3.
I: Infer CARRY group, base inst: u_TSP_Core/u_TSP_Disp_Exu/N241.eq_0/gateop, insts:3.
I: Infer CARRY group, base inst: u_TSP_Core/u_TSP_Disp_Exu/N247.eq_0/gateop, insts:3.
I: Infer CARRY group, base inst: u_TSP_Core/u_TSP_Disp_Exu/N288.eq_0/gateop, insts:3.
I: Infer CARRY group, base inst: u_TSP_Core/u_TSP_Disp_Exu/N293.eq_0/gateop, insts:3.
I: Infer CARRY group, base inst: u_TSP_Core/u_TSP_Disp_Exu/N298.eq_0/gateop, insts:3.
I: Infer CARRY group, base inst: u_TSP_Core/u_TSP_Disp_Exu/N303.eq_0/gateop, insts:3.
I: Infer CARRY group, base inst: u_TSP_Core/u_TSP_Disp_Exu/N308.eq_0/gateop, insts:3.
I: Infer CARRY group, base inst: u_TSP_Core/u_TSP_Disp_Exu/N313.eq_0/gateop, insts:3.
I: Infer CARRY group, base inst: u_TSP_Core/u_TSP_Disp_Exu/N318.eq_0/gateop, insts:3.
I: Infer CARRY group, base inst: u_TSP_Core/u_TSP_Disp_Exu/N323.eq_0/gateop, insts:3.
I: Infer CARRY group, base inst: u_TSP_Core/u_TSP_Disp_Exu/Exu_muldiv_u0/u_divider/N45_1.fsub_1/gateop, insts:5.
I: Infer CARRY group, base inst: u_TSP_Core/u_TSP_Disp_Exu/Exu_muldiv_u0/u_divider/N79_1_0/gateop, insts:32.
I: Infer CARRY group, base inst: u_TSP_Core/u_TSP_Disp_Exu/Exu_muldiv_u0/u_divider/N85_1_1/gateop, insts:31.
I: Infer CARRY group, base inst: u_TSP_Core/u_TSP_Disp_Exu/Exu_bjp_u0/N10_1_0/gateop, insts:30.
I: Infer CARRY group, base inst: u_TSP_Core/u_TSP_Disp_Exu/Exu_common_u0/N33_0/gateop, insts:33.
I: Infer CARRY group, base inst: u_TSP_Core/u_TSP_Disp_Exu/Exu_common_u0/N126.eq_0/gateop, insts:16.
I: Infer CARRY group, base inst: u_TSP_Core/u_TSP_Disp_Exu/Exu_common_u0/N127.slt_0/gateop, insts:16.
I: Infer CARRY group, base inst: u_TSP_Core/u_TSP_Disp_Exu/Exu_common_u0/N128.lt_0/gateop, insts:16.
I: Infer CARRY group, base inst: u_TSP_Core/u_TSP_Disp_Exu/Exu_common_u0/N134_1_0/gateop, insts:30.
Device Utilization Summary:
+------------------------------------------------------------------------+
| Logic Utilization     | Used     | Available     | Utilization(%)     
+------------------------------------------------------------------------+
| APM                   | 0        | 84            | 0                  
| IOCKDLY               | 0        | 40            | 0                  
| FF                    | 3006     | 64200         | 5                  
| LUT                   | 4170     | 42800         | 10                 
| Distributed RAM       | 0        | 17000         | 0                  
| DLL                   | 0        | 10            | 0                  
| DQSL                  | 0        | 18            | 0                  
| DRM                   | 48       | 134           | 36                 
| FUSECODE              | 0        | 1             | 0                  
| IO                    | 45       | 218           | 21                 
| IOCKDIV               | 0        | 20            | 0                  
| IOCKGATE              | 0        | 20            | 0                  
| IPAL                  | 0        | 1             | 0                  
| PLL                   | 1        | 5             | 20                 
| RCKB                  | 0        | 24            | 0                  
| SCANCHAIN             | 0        | 2             | 0                  
| START                 | 0        | 1             | 0                  
| USCM                  | 1        | 30            | 4                  
| OSC                   | 0        | 1             | 0                  
| CRYSTAL               | 0        | 2             | 0                  
| RESCAL                | 0        | 4             | 0                  
| UDID                  | 0        | 1             | 0                  
+------------------------------------------------------------------------+

Device mapping done.
Total device mapping takes 0.69 sec.

Design 'SoC_Top' has been successfully mapped to architecture-specific objects.
Saving design to DB.
W: Public-4010: Pcf file D:/FPGA/TSP_RISC-V-2.4/FPGA/pango_cpu/device_map/SoC_Top.pcf has been covered.
Action dev_map: Real time elapsed is 0h:0m:6s
Action dev_map: CPU time elapsed is 0h:0m:4s
Action dev_map: Process CPU time elapsed is 0h:0m:4s
Current time: Fri Apr  3 00:07:33 2026
Action dev_map: Peak memory pool usage is 314 MB
Action from compile to dev_map: Total Real Time elapsed is 0h:0m:34s
Action from compile to dev_map: Total CPU time elapsed is 0h:0m:26s
Action from compile to dev_map: Total Process CPU Time elapsed is 0h:0m:27s
Process "Device Map" done.


Process "Place & Route" started.
Current time: Fri Apr  3 00:07:34 2026
Compiling architecture definition.
Analyzing project file 'D:/FPGA/TSP_RISC-V-2.4/FPGA/pango_cpu/pango_cpu.pds'.
Compiling verification operator library.
Compiling common defs.
Compiling prim grid devices.
Compiling gate devices.
Compiling gate operators.
Building architecture model.
Loading device packaging model.
pnr strategy configuration : 
strategy name : 0
Building architecture floorplan logic view.
Constraint check start.
Executing : def_port {uart_tx} LOC=T11 VCCIO=3.3 IOSTANDARD=LVCMOS33 PULLUP=TRUE
C: ConstraintEditor-2009: uart_tx is lack of SLEW, OUTPUT or INOUT PORT had better set SLEW, the optional value is {SLOW, FAST}.
C: ConstraintEditor-2009: uart_tx is lack of DRIVE, OUTPUT or INOUT PORT had better set DRIVE, the optional value is {8, 4, 12, 16, 24}.
Executing : def_port {uart_tx} LOC=T11 VCCIO=3.3 IOSTANDARD=LVCMOS33 PULLUP=TRUE successfully
Executing : def_port {rst_n} LOC=C4 VCCIO=1.2 IOSTANDARD=LVCMOS12 PULLUP=TRUE
Executing : def_port {rst_n} LOC=C4 VCCIO=1.2 IOSTANDARD=LVCMOS12 PULLUP=TRUE successfully
Executing : def_port {sys_clk} LOC=V9 VCCIO=3.3 IOSTANDARD=LVCMOS33 PULLUP=TRUE
Executing : def_port {sys_clk} LOC=V9 VCCIO=3.3 IOSTANDARD=LVCMOS33 PULLUP=TRUE successfully
Executing : def_port {uart_rx} LOC=R11 VCCIO=3.3 IOSTANDARD=LVCMOS33 PULLUP=TRUE
Executing : def_port {uart_rx} LOC=R11 VCCIO=3.3 IOSTANDARD=LVCMOS33 PULLUP=TRUE successfully
W: ConstraintEditor-4019: Port Bus 'ext_axi_if_araddr' unspecified I/O constraint.
W: ConstraintEditor-4019: Port Bus 'ext_axi_if_awaddr' unspecified I/O constraint.
W: ConstraintEditor-4019: Port Bus 'ext_axi_if_bresp' unspecified I/O constraint.
W: ConstraintEditor-4019: Port Bus 'ext_axi_if_rdata' unspecified I/O constraint.
W: ConstraintEditor-4019: Port Bus 'ext_axi_if_rresp' unspecified I/O constraint.
W: ConstraintEditor-4019: Port Bus 'ext_axi_if_wdata' unspecified I/O constraint.
W: ConstraintEditor-4019: Port Bus 'ext_axi_if_wstrb' unspecified I/O constraint.
W: ConstraintEditor-4019: Port 'ext_axi_if_arready' unspecified I/O constraint.
W: ConstraintEditor-4019: Port 'ext_axi_if_arvalid' unspecified I/O constraint.
W: ConstraintEditor-4019: Port 'ext_axi_if_awready' unspecified I/O constraint.
W: ConstraintEditor-4019: Port 'ext_axi_if_awvalid' unspecified I/O constraint.
W: ConstraintEditor-4019: Port 'ext_axi_if_bready' unspecified I/O constraint.
W: ConstraintEditor-4019: Port 'ext_axi_if_bvalid' unspecified I/O constraint.
W: ConstraintEditor-4019: Port 'ext_axi_if_rready' unspecified I/O constraint.
W: ConstraintEditor-4019: Port 'ext_axi_if_rvalid' unspecified I/O constraint.
W: ConstraintEditor-4019: Port 'ext_axi_if_wready' unspecified I/O constraint.
W: ConstraintEditor-4019: Port 'ext_axi_if_wvalid' unspecified I/O constraint.
Constraint check end.
NOTE: The technology fpga was specified.
NOTE: delay_model specified was generic_cmos.
NOTE: Using the fpga syntax tables...
Totals:
 Calls to malloc = 0
 Calls to calloc = 5993935

I: Column Clock Check open.
Read Column Clock Map.

Placement started.
Phase 1 Pre global placement started.
Mapping instance u_sys_pll/u_pll_e3/goppll to PLL_158_55.
Phase 1.1 1st GP placement started.
Design Utilization : 10%.
First map gop timing takes 0.27 sec
Worst slack after clock region global placement is 2597
Wirelength after clock region global placement is 67588 and checksum is 55F7C6432E95D903.
1st GP placement takes 3.41 sec.

Phase 1.2 Clock placement started.
Mapping instance clkbufg_0/gopclkbufg to USCM_84_108.
Clock placement takes 0.14 sec.

Wirelength after Pre Global Placement is 67588 and checksum is 55F7C6432E95D903.
Pre global placement takes 3.72 sec.

Phase 2 Global placement started.
Phase 2.1 Fixed placement started.
Placed fixed group with base inst rst_n_ibuf/opit_1 on IOL_11_373.
Placed fixed group with base inst sys_clk_ibuf/opit_1 on IOL_159_5.
Placed fixed group with base inst uart_rx_ibuf/opit_1 on IOL_219_6.
Placed fixed group with base inst uart_tx_obuf/opit_1 on IOL_219_5.
Placed fixed instance clkbufg_0/gopclkbufg on USCM_84_108.
Placed fixed instance u_sys_pll/u_pll_e3/goppll on PLL_158_55.
Placed fixed instance BKCL_auto_0 on BKCL_188_376.
Placed fixed instance BKCL_auto_1 on BKCL_192_0.
Fixed placement takes 0.09 sec.

Phase 2.2 Process placement started.
Process placement takes 0.00 sec.

Phase 2.3 IO placement started.
IO placement takes 0.03 sec.

Phase 2.4 2nd GP placement started.
Run super clustering :
	Initial slack -11534.
	13 iterations finished.
	Final slack -366.
Super clustering done.
Design Utilization : 10%.
Worst slack after global placement is 839
2nd GP placement takes 2.59 sec.

Wirelength after global placement is 74332 and checksum is 238765564EAC265.
Global placement takes 2.72 sec.

Phase 3 Post global placement started.
Phase 3.1 Macro cell placement started.
I: Process macros using "Greedy".
Wirelength after macro cell placement is 90290 and checksum is E86C92B410912DF8.
Macro cell placement takes 0.00 sec.

Phase 3.2 3rd GP placement started.
Run super clustering :
	Initial slack -11534.
	13 iterations finished.
	Final slack -366.
Super clustering done.
Design Utilization : 10%.
Worst slack after post global placement is 1385
3rd GP placement takes 2.14 sec.

Wirelength after post global placement is 79592 and checksum is E7550015C070088E.
Post global placement takes 2.16 sec.

Phase 4 Legalization started.
The average distance in LP is 0.953084.
Wirelength after legalization is 93073 and checksum is C695D701F75EF5CF.
Legalization takes 0.50 sec.

Phase 5 Timing-driven detailed placement started.
Phase 5.1 Replication placement started.
Worst slack before Replication Place is -672.
Replication placement takes 0.19 sec.

Wirelength after replication placement is 93073 and checksum is C695D701F75EF5CF.
Phase 5.2 DP placement started.
Legalized cost -672.000000.
The detailed placement ends at 1th iteration.
DP placement takes 0.56 sec.

Wirelength after detailed placement is 95269 and checksum is 89FC30447427FCCA.
Timing-driven detailed placement takes 0.77 sec.

Worst slack is 3312, TNS after placement is 0.
Placement done.
Total placement takes 11.48 sec.
Finished placement.

Routing started.
Building routing graph takes 1.19 sec.
Worst slack is 3312, TNS before global route is 0.
Processing design graph takes 0.53 sec.
Total memory for routing:
	119.851213 M.
Total nets for routing : 8542.
Global Routing step 1 processed 0 nets, it takes 0.09 sec.
Rcf routing step 1 processed 0 nets, it takes 0.00 sec.
Rcf routing step 2 processed 0 nets, it takes 0.00 sec.
Rcf routing step 3 processed 0 nets, it takes 0.00 sec.
Unrouted nets 0 at the end of iteration 0.
Global Routing step 1 processed 153 nets, it takes 0.02 sec.
Unrouted nets 200 at the end of iteration 0.
Unrouted nets 156 at the end of iteration 1.
Unrouted nets 138 at the end of iteration 2.
Unrouted nets 118 at the end of iteration 3.
Unrouted nets 86 at the end of iteration 4.
Unrouted nets 51 at the end of iteration 5.
Unrouted nets 38 at the end of iteration 6.
Unrouted nets 38 at the end of iteration 7.
Unrouted nets 34 at the end of iteration 8.
Unrouted nets 30 at the end of iteration 9.
Unrouted nets 21 at the end of iteration 10.
Unrouted nets 19 at the end of iteration 11.
Unrouted nets 15 at the end of iteration 12.
Unrouted nets 14 at the end of iteration 13.
Unrouted nets 11 at the end of iteration 14.
Unrouted nets 10 at the end of iteration 15.
Unrouted nets 10 at the end of iteration 16.
Unrouted nets 7 at the end of iteration 17.
Unrouted nets 8 at the end of iteration 18.
Unrouted nets 7 at the end of iteration 19.
Unrouted nets 7 at the end of iteration 20.
Unrouted nets 8 at the end of iteration 21.
Unrouted nets 5 at the end of iteration 22.
Unrouted nets 5 at the end of iteration 23.
Unrouted nets 5 at the end of iteration 24.
Unrouted nets 3 at the end of iteration 25.
Unrouted nets 3 at the end of iteration 26.
Unrouted nets 3 at the end of iteration 27.
Unrouted nets 2 at the end of iteration 28.
Unrouted nets 3 at the end of iteration 29.
Unrouted nets 2 at the end of iteration 30.
Unrouted nets 2 at the end of iteration 31.
Unrouted nets 2 at the end of iteration 32.
Unrouted nets 2 at the end of iteration 33.
Unrouted nets 2 at the end of iteration 34.
Unrouted nets 2 at the end of iteration 35.
Unrouted nets 1 at the end of iteration 36.
Unrouted nets 1 at the end of iteration 37.
Unrouted nets 1 at the end of iteration 38.
Unrouted nets 1 at the end of iteration 39.
Unrouted nets 1 at the end of iteration 40.
Unrouted nets 1 at the end of iteration 41.
Unrouted nets 1 at the end of iteration 42.
Unrouted nets 1 at the end of iteration 43.
Unrouted nets 1 at the end of iteration 44.
Unrouted nets 1 at the end of iteration 45.
Unrouted nets 2 at the end of iteration 46.
Unrouted nets 1 at the end of iteration 47.
Unrouted nets 1 at the end of iteration 48.
Unrouted nets 1 at the end of iteration 49.
Unrouted nets 2 at the end of iteration 50.
Unrouted nets 1 at the end of iteration 51.
Unrouted nets 1 at the end of iteration 52.
Unrouted nets 1 at the end of iteration 53.
Unrouted nets 1 at the end of iteration 54.
Unrouted nets 1 at the end of iteration 55.
Unrouted nets 1 at the end of iteration 56.
Unrouted nets 1 at the end of iteration 57.
Unrouted nets 1 at the end of iteration 58.
Unrouted nets 1 at the end of iteration 59.
Unrouted nets 1 at the end of iteration 60.
Unrouted nets 1 at the end of iteration 61.
Unrouted nets 2 at the end of iteration 62.
Unrouted nets 1 at the end of iteration 63.
Unrouted nets 2 at the end of iteration 64.
Unrouted nets 1 at the end of iteration 65.
Unrouted nets 1 at the end of iteration 66.
Unrouted nets 1 at the end of iteration 67.
Unrouted nets 1 at the end of iteration 68.
Unrouted nets 1 at the end of iteration 69.
Unrouted nets 1 at the end of iteration 70.
Unrouted nets 1 at the end of iteration 71.
Unrouted nets 1 at the end of iteration 72.
Unrouted nets 2 at the end of iteration 73.
Unrouted nets 1 at the end of iteration 74.
Unrouted nets 1 at the end of iteration 75.
Unrouted nets 1 at the end of iteration 76.
Unrouted nets 1 at the end of iteration 77.
Unrouted nets 1 at the end of iteration 78.
Unrouted nets 1 at the end of iteration 79.
Unrouted nets 1 at the end of iteration 80.
Unrouted nets 1 at the end of iteration 81.
Unrouted nets 1 at the end of iteration 82.
Unrouted nets 1 at the end of iteration 83.
Unrouted nets 1 at the end of iteration 84.
Unrouted nets 1 at the end of iteration 85.
Unrouted nets 1 at the end of iteration 86.
Unrouted nets 1 at the end of iteration 87.
Unrouted nets 1 at the end of iteration 88.
Unrouted nets 1 at the end of iteration 89.
Unrouted nets 1 at the end of iteration 90.
Unrouted nets 1 at the end of iteration 91.
Unrouted nets 2 at the end of iteration 92.
Unrouted nets 1 at the end of iteration 93.
Unrouted nets 1 at the end of iteration 94.
Unrouted nets 1 at the end of iteration 95.
Unrouted nets 1 at the end of iteration 96.
Unrouted nets 2 at the end of iteration 97.
Unrouted nets 1 at the end of iteration 98.
Unrouted nets 1 at the end of iteration 99.
Unrouted nets 1 at the end of iteration 100.
Unrouted nets 1 at the end of iteration 101.
Unrouted nets 2 at the end of iteration 102.
Unrouted nets 1 at the end of iteration 103.
Unrouted nets 1 at the end of iteration 104.
Unrouted nets 1 at the end of iteration 105.
Unrouted nets 1 at the end of iteration 106.
Unrouted nets 1 at the end of iteration 107.
Unrouted nets 1 at the end of iteration 108.
Unrouted nets 1 at the end of iteration 109.
Unrouted nets 1 at the end of iteration 110.
Unrouted nets 1 at the end of iteration 111.
Unrouted nets 1 at the end of iteration 112.
Unrouted nets 1 at the end of iteration 113.
Unrouted nets 1 at the end of iteration 114.
Unrouted nets 1 at the end of iteration 115.
Unrouted nets 1 at the end of iteration 116.
Unrouted nets 1 at the end of iteration 117.
Unrouted nets 1 at the end of iteration 118.
Unrouted nets 1 at the end of iteration 119.
Unrouted nets 1 at the end of iteration 120.
Unrouted nets 1 at the end of iteration 121.
Unrouted nets 1 at the end of iteration 122.
Unrouted nets 2 at the end of iteration 123.
Unrouted nets 1 at the end of iteration 124.
Unrouted nets 1 at the end of iteration 125.
Unrouted nets 1 at the end of iteration 126.
Unrouted nets 1 at the end of iteration 127.
Unrouted nets 1 at the end of iteration 128.
Unrouted nets 1 at the end of iteration 129.
Unrouted nets 1 at the end of iteration 130.
Unrouted nets 1 at the end of iteration 131.
Unrouted nets 1 at the end of iteration 132.
Unrouted nets 1 at the end of iteration 133.
Unrouted nets 1 at the end of iteration 134.
Unrouted nets 1 at the end of iteration 135.
Unrouted nets 1 at the end of iteration 136.
Unrouted nets 1 at the end of iteration 137.
Unrouted nets 1 at the end of iteration 138.
Unrouted nets 1 at the end of iteration 139.
Unrouted nets 1 at the end of iteration 140.
Unrouted nets 1 at the end of iteration 141.
Unrouted nets 1 at the end of iteration 142.
Unrouted nets 1 at the end of iteration 143.
Unrouted nets 1 at the end of iteration 144.
Unrouted nets 1 at the end of iteration 145.
Unrouted nets 1 at the end of iteration 146.
Unrouted nets 1 at the end of iteration 147.
Unrouted nets 1 at the end of iteration 148.
Unrouted nets 1 at the end of iteration 149.
Unrouted nets 2 at the end of iteration 150.
Unrouted nets 1 at the end of iteration 151.
Unrouted nets 1 at the end of iteration 152.
Unrouted nets 1 at the end of iteration 153.
Unrouted nets 1 at the end of iteration 154.
Unrouted nets 1 at the end of iteration 155.
Unrouted nets 1 at the end of iteration 156.
Unrouted nets 1 at the end of iteration 157.
Unrouted nets 1 at the end of iteration 158.
Unrouted nets 1 at the end of iteration 159.
Unrouted nets 1 at the end of iteration 160.
Unrouted nets 1 at the end of iteration 161.
Unrouted nets 2 at the end of iteration 162.
Unrouted nets 1 at the end of iteration 163.
Unrouted nets 1 at the end of iteration 164.
Unrouted nets 1 at the end of iteration 165.
Unrouted nets 1 at the end of iteration 166.
Unrouted nets 1 at the end of iteration 167.
Unrouted nets 1 at the end of iteration 168.
Unrouted nets 1 at the end of iteration 169.
Unrouted nets 1 at the end of iteration 170.
Unrouted nets 1 at the end of iteration 171.
Unrouted nets 1 at the end of iteration 172.
Unrouted nets 1 at the end of iteration 173.
Unrouted nets 1 at the end of iteration 174.
Unrouted nets 1 at the end of iteration 175.
Unrouted nets 1 at the end of iteration 176.
Unrouted nets 1 at the end of iteration 177.
Unrouted nets 1 at the end of iteration 178.
Unrouted nets 1 at the end of iteration 179.
Unrouted nets 2 at the end of iteration 180.
Unrouted nets 1 at the end of iteration 181.
Unrouted nets 1 at the end of iteration 182.
Unrouted nets 1 at the end of iteration 183.
Unrouted nets 1 at the end of iteration 184.
Unrouted nets 1 at the end of iteration 185.
Unrouted nets 1 at the end of iteration 186.
Unrouted nets 1 at the end of iteration 187.
Unrouted nets 1 at the end of iteration 188.
Unrouted nets 1 at the end of iteration 189.
Unrouted nets 2 at the end of iteration 190.
Unrouted nets 1 at the end of iteration 191.
Unrouted nets 0 at the end of iteration 192.
Global Routing step 2 processed 428 nets, it takes 6.16 sec.
Unrouted nets 156 at the end of iteration 0.
Unrouted nets 71 at the end of iteration 1.
Unrouted nets 37 at the end of iteration 2.
Unrouted nets 18 at the end of iteration 3.
Unrouted nets 12 at the end of iteration 4.
Unrouted nets 4 at the end of iteration 5.
Unrouted nets 5 at the end of iteration 6.
Unrouted nets 3 at the end of iteration 7.
Unrouted nets 2 at the end of iteration 8.
Unrouted nets 1 at the end of iteration 9.
Unrouted nets 1 at the end of iteration 10.
Unrouted nets 1 at the end of iteration 11.
Unrouted nets 4 at the end of iteration 12.
Unrouted nets 5 at the end of iteration 13.
Unrouted nets 6 at the end of iteration 14.
Unrouted nets 3 at the end of iteration 15.
Unrouted nets 2 at the end of iteration 16.
Unrouted nets 2 at the end of iteration 17.
Unrouted nets 1 at the end of iteration 18.
Unrouted nets 1 at the end of iteration 19.
Unrouted nets 2 at the end of iteration 20.
Unrouted nets 1 at the end of iteration 21.
Unrouted nets 1 at the end of iteration 22.
Unrouted nets 1 at the end of iteration 23.
Unrouted nets 0 at the end of iteration 24.
Global Routing step 3 processed 248 nets, it takes 1.92 sec.
Global routing takes 8.14 sec.
Total 10200 subnets.
    forward max bucket size 1245 , backward 424.
        Unrouted nets 7215 at the end of iteration 0.
    route iteration 0, CPU time elapsed 1.390625 sec.
    forward max bucket size 458 , backward 372.
        Unrouted nets 6148 at the end of iteration 1.
    route iteration 1, CPU time elapsed 1.078125 sec.
    forward max bucket size 458 , backward 794.
        Unrouted nets 5315 at the end of iteration 2.
    route iteration 2, CPU time elapsed 1.234375 sec.
    forward max bucket size 536 , backward 461.
        Unrouted nets 4676 at the end of iteration 3.
    route iteration 3, CPU time elapsed 1.296875 sec.
    forward max bucket size 629 , backward 907.
        Unrouted nets 4174 at the end of iteration 4.
    route iteration 4, CPU time elapsed 1.437500 sec.
    forward max bucket size 1042 , backward 1301.
        Unrouted nets 3805 at the end of iteration 5.
    route iteration 5, CPU time elapsed 1.390625 sec.
    forward max bucket size 640 , backward 723.
        Unrouted nets 3716 at the end of iteration 6.
    route iteration 6, CPU time elapsed 1.250000 sec.
    forward max bucket size 850 , backward 595.
        Unrouted nets 3337 at the end of iteration 7.
    route iteration 7, CPU time elapsed 1.218750 sec.
    forward max bucket size 1020 , backward 1091.
        Unrouted nets 2999 at the end of iteration 8.
    route iteration 8, CPU time elapsed 1.093750 sec.
    forward max bucket size 1037 , backward 834.
        Unrouted nets 2632 at the end of iteration 9.
    route iteration 9, CPU time elapsed 1.015625 sec.
    forward max bucket size 877 , backward 964.
        Unrouted nets 2292 at the end of iteration 10.
    route iteration 10, CPU time elapsed 0.890625 sec.
    forward max bucket size 1330 , backward 683.
        Unrouted nets 2101 at the end of iteration 11.
    route iteration 11, CPU time elapsed 0.875000 sec.
    forward max bucket size 1649 , backward 894.
        Unrouted nets 1846 at the end of iteration 12.
    route iteration 12, CPU time elapsed 0.828125 sec.
    forward max bucket size 1531 , backward 759.
        Unrouted nets 1610 at the end of iteration 13.
    route iteration 13, CPU time elapsed 0.765625 sec.
    forward max bucket size 1230 , backward 649.
        Unrouted nets 1447 at the end of iteration 14.
    route iteration 14, CPU time elapsed 0.671875 sec.
    forward max bucket size 535 , backward 1113.
        Unrouted nets 1293 at the end of iteration 15.
    route iteration 15, CPU time elapsed 0.656250 sec.
    forward max bucket size 415 , backward 247.
        Unrouted nets 1152 at the end of iteration 16.
    route iteration 16, CPU time elapsed 0.531250 sec.
    forward max bucket size 602 , backward 283.
        Unrouted nets 1032 at the end of iteration 17.
    route iteration 17, CPU time elapsed 0.484375 sec.
    forward max bucket size 309 , backward 664.
        Unrouted nets 991 at the end of iteration 18.
    route iteration 18, CPU time elapsed 0.453125 sec.
    forward max bucket size 222 , backward 191.
        Unrouted nets 967 at the end of iteration 19.
    route iteration 19, CPU time elapsed 0.421875 sec.
    forward max bucket size 526 , backward 171.
        Unrouted nets 885 at the end of iteration 20.
    route iteration 20, CPU time elapsed 0.406250 sec.
    forward max bucket size 245 , backward 321.
        Unrouted nets 819 at the end of iteration 21.
    route iteration 21, CPU time elapsed 0.437500 sec.
    forward max bucket size 348 , backward 206.
        Unrouted nets 754 at the end of iteration 22.
    route iteration 22, CPU time elapsed 0.328125 sec.
    forward max bucket size 297 , backward 281.
        Unrouted nets 721 at the end of iteration 23.
    route iteration 23, CPU time elapsed 0.390625 sec.
    forward max bucket size 156 , backward 180.
        Unrouted nets 683 at the end of iteration 24.
    route iteration 24, CPU time elapsed 0.296875 sec.
    forward max bucket size 173 , backward 364.
        Unrouted nets 633 at the end of iteration 25.
    route iteration 25, CPU time elapsed 0.343750 sec.
    forward max bucket size 247 , backward 113.
        Unrouted nets 584 at the end of iteration 26.
    route iteration 26, CPU time elapsed 0.281250 sec.
    forward max bucket size 1120 , backward 578.
        Unrouted nets 563 at the end of iteration 27.
    route iteration 27, CPU time elapsed 0.281250 sec.
    forward max bucket size 197 , backward 126.
        Unrouted nets 552 at the end of iteration 28.
    route iteration 28, CPU time elapsed 0.250000 sec.
    forward max bucket size 271 , backward 262.
        Unrouted nets 538 at the end of iteration 29.
    route iteration 29, CPU time elapsed 0.281250 sec.
    forward max bucket size 580 , backward 146.
        Unrouted nets 481 at the end of iteration 30.
    route iteration 30, CPU time elapsed 0.265625 sec.
    forward max bucket size 731 , backward 171.
        Unrouted nets 450 at the end of iteration 31.
    route iteration 31, CPU time elapsed 0.218750 sec.
    forward max bucket size 253 , backward 278.
        Unrouted nets 444 at the end of iteration 32.
    route iteration 32, CPU time elapsed 0.234375 sec.
    forward max bucket size 187 , backward 375.
        Unrouted nets 404 at the end of iteration 33.
    route iteration 33, CPU time elapsed 0.203125 sec.
    forward max bucket size 550 , backward 545.
        Unrouted nets 374 at the end of iteration 34.
    route iteration 34, CPU time elapsed 0.187500 sec.
    forward max bucket size 615 , backward 672.
        Unrouted nets 366 at the end of iteration 35.
    route iteration 35, CPU time elapsed 0.218750 sec.
    forward max bucket size 157 , backward 117.
        Unrouted nets 347 at the end of iteration 36.
    route iteration 36, CPU time elapsed 0.171875 sec.
    forward max bucket size 292 , backward 562.
        Unrouted nets 314 at the end of iteration 37.
    route iteration 37, CPU time elapsed 0.171875 sec.
    forward max bucket size 527 , backward 631.
        Unrouted nets 267 at the end of iteration 38.
    route iteration 38, CPU time elapsed 0.156250 sec.
    forward max bucket size 148 , backward 125.
        Unrouted nets 282 at the end of iteration 39.
    route iteration 39, CPU time elapsed 0.156250 sec.
    forward max bucket size 320 , backward 106.
        Unrouted nets 301 at the end of iteration 40.
    route iteration 40, CPU time elapsed 0.156250 sec.
    forward max bucket size 214 , backward 136.
        Unrouted nets 244 at the end of iteration 41.
    route iteration 41, CPU time elapsed 0.156250 sec.
    forward max bucket size 177 , backward 624.
        Unrouted nets 296 at the end of iteration 42.
    route iteration 42, CPU time elapsed 0.140625 sec.
    forward max bucket size 235 , backward 568.
        Unrouted nets 287 at the end of iteration 43.
    route iteration 43, CPU time elapsed 0.140625 sec.
    forward max bucket size 517 , backward 164.
        Unrouted nets 297 at the end of iteration 44.
    route iteration 44, CPU time elapsed 0.140625 sec.
    forward max bucket size 333 , backward 173.
        Unrouted nets 251 at the end of iteration 45.
    route iteration 45, CPU time elapsed 0.140625 sec.
    forward max bucket size 180 , backward 92.
        Unrouted nets 227 at the end of iteration 46.
    route iteration 46, CPU time elapsed 0.109375 sec.
    forward max bucket size 555 , backward 147.
        Unrouted nets 204 at the end of iteration 47.
    route iteration 47, CPU time elapsed 0.125000 sec.
    forward max bucket size 1051 , backward 564.
        Unrouted nets 233 at the end of iteration 48.
    route iteration 48, CPU time elapsed 0.156250 sec.
    forward max bucket size 198 , backward 145.
        Unrouted nets 198 at the end of iteration 49.
    route iteration 49, CPU time elapsed 0.125000 sec.
    forward max bucket size 3701 , backward 1498.
        Unrouted nets 174 at the end of iteration 50.
    route iteration 50, CPU time elapsed 0.140625 sec.
    forward max bucket size 137 , backward 132.
        Unrouted nets 182 at the end of iteration 51.
    route iteration 51, CPU time elapsed 0.078125 sec.
    forward max bucket size 190 , backward 115.
        Unrouted nets 187 at the end of iteration 52.
    route iteration 52, CPU time elapsed 0.109375 sec.
    forward max bucket size 199 , backward 79.
        Unrouted nets 178 at the end of iteration 53.
    route iteration 53, CPU time elapsed 0.109375 sec.
    forward max bucket size 225 , backward 206.
        Unrouted nets 164 at the end of iteration 54.
    route iteration 54, CPU time elapsed 0.093750 sec.
    forward max bucket size 162 , backward 397.
        Unrouted nets 166 at the end of iteration 55.
    route iteration 55, CPU time elapsed 0.125000 sec.
    forward max bucket size 157 , backward 72.
        Unrouted nets 132 at the end of iteration 56.
    route iteration 56, CPU time elapsed 0.109375 sec.
    forward max bucket size 184 , backward 154.
        Unrouted nets 124 at the end of iteration 57.
    route iteration 57, CPU time elapsed 0.078125 sec.
    forward max bucket size 184 , backward 135.
        Unrouted nets 143 at the end of iteration 58.
    route iteration 58, CPU time elapsed 0.109375 sec.
    forward max bucket size 176 , backward 104.
        Unrouted nets 116 at the end of iteration 59.
    route iteration 59, CPU time elapsed 0.093750 sec.
    forward max bucket size 94 , backward 120.
        Unrouted nets 124 at the end of iteration 60.
    route iteration 60, CPU time elapsed 0.062500 sec.
    forward max bucket size 85 , backward 77.
        Unrouted nets 128 at the end of iteration 61.
    route iteration 61, CPU time elapsed 0.062500 sec.
    forward max bucket size 255 , backward 81.
        Unrouted nets 125 at the end of iteration 62.
    route iteration 62, CPU time elapsed 0.046875 sec.
    forward max bucket size 230 , backward 78.
        Unrouted nets 96 at the end of iteration 63.
    route iteration 63, CPU time elapsed 0.062500 sec.
    forward max bucket size 159 , backward 148.
        Unrouted nets 80 at the end of iteration 64.
    route iteration 64, CPU time elapsed 0.078125 sec.
    forward max bucket size 159 , backward 148.
        Unrouted nets 72 at the end of iteration 65.
    route iteration 65, CPU time elapsed 0.046875 sec.
    forward max bucket size 307 , backward 245.
        Unrouted nets 65 at the end of iteration 66.
    route iteration 66, CPU time elapsed 0.046875 sec.
    forward max bucket size 343 , backward 266.
        Unrouted nets 72 at the end of iteration 67.
    route iteration 67, CPU time elapsed 0.062500 sec.
    forward max bucket size 345 , backward 269.
        Unrouted nets 74 at the end of iteration 68.
    route iteration 68, CPU time elapsed 0.062500 sec.
    forward max bucket size 126 , backward 57.
        Unrouted nets 50 at the end of iteration 69.
    route iteration 69, CPU time elapsed 0.046875 sec.
    forward max bucket size 138 , backward 71.
        Unrouted nets 44 at the end of iteration 70.
    route iteration 70, CPU time elapsed 0.046875 sec.
    forward max bucket size 114 , backward 74.
        Unrouted nets 37 at the end of iteration 71.
    route iteration 71, CPU time elapsed 0.046875 sec.
    forward max bucket size 62 , backward 64.
        Unrouted nets 49 at the end of iteration 72.
    route iteration 72, CPU time elapsed 0.062500 sec.
    forward max bucket size 97 , backward 45.
        Unrouted nets 45 at the end of iteration 73.
    route iteration 73, CPU time elapsed 0.046875 sec.
    forward max bucket size 125 , backward 88.
        Unrouted nets 32 at the end of iteration 74.
    route iteration 74, CPU time elapsed 0.046875 sec.
    forward max bucket size 155 , backward 43.
        Unrouted nets 29 at the end of iteration 75.
    route iteration 75, CPU time elapsed 0.046875 sec.
    forward max bucket size 180 , backward 65.
        Unrouted nets 31 at the end of iteration 76.
    route iteration 76, CPU time elapsed 0.031250 sec.
    forward max bucket size 60 , backward 61.
        Unrouted nets 33 at the end of iteration 77.
    route iteration 77, CPU time elapsed 0.046875 sec.
    forward max bucket size 190 , backward 88.
        Unrouted nets 41 at the end of iteration 78.
    route iteration 78, CPU time elapsed 0.046875 sec.
    forward max bucket size 69 , backward 57.
        Unrouted nets 45 at the end of iteration 79.
    route iteration 79, CPU time elapsed 0.031250 sec.
    forward max bucket size 295 , backward 1549.
        Unrouted nets 56 at the end of iteration 80.
    route iteration 80, CPU time elapsed 0.062500 sec.
    forward max bucket size 189 , backward 99.
        Unrouted nets 72 at the end of iteration 81.
    route iteration 81, CPU time elapsed 0.062500 sec.
    forward max bucket size 121 , backward 158.
        Unrouted nets 92 at the end of iteration 82.
    route iteration 82, CPU time elapsed 0.078125 sec.
    forward max bucket size 178 , backward 185.
        Unrouted nets 82 at the end of iteration 83.
    route iteration 83, CPU time elapsed 0.093750 sec.
    forward max bucket size 300 , backward 259.
        Unrouted nets 79 at the end of iteration 84.
    route iteration 84, CPU time elapsed 0.062500 sec.
    forward max bucket size 135 , backward 136.
        Unrouted nets 63 at the end of iteration 85.
    route iteration 85, CPU time elapsed 0.062500 sec.
    forward max bucket size 164 , backward 136.
        Unrouted nets 67 at the end of iteration 86.
    route iteration 86, CPU time elapsed 0.046875 sec.
    forward max bucket size 140 , backward 185.
        Unrouted nets 69 at the end of iteration 87.
    route iteration 87, CPU time elapsed 0.062500 sec.
    forward max bucket size 151 , backward 59.
        Unrouted nets 73 at the end of iteration 88.
    route iteration 88, CPU time elapsed 0.046875 sec.
    forward max bucket size 145 , backward 85.
        Unrouted nets 62 at the end of iteration 89.
    route iteration 89, CPU time elapsed 0.046875 sec.
    forward max bucket size 177 , backward 53.
        Unrouted nets 58 at the end of iteration 90.
    route iteration 90, CPU time elapsed 0.062500 sec.
    forward max bucket size 63 , backward 55.
        Unrouted nets 52 at the end of iteration 91.
    route iteration 91, CPU time elapsed 0.046875 sec.
    forward max bucket size 63 , backward 70.
        Unrouted nets 43 at the end of iteration 92.
    route iteration 92, CPU time elapsed 0.046875 sec.
    forward max bucket size 45 , backward 48.
        Unrouted nets 39 at the end of iteration 93.
    route iteration 93, CPU time elapsed 0.046875 sec.
    forward max bucket size 57 , backward 60.
        Unrouted nets 37 at the end of iteration 94.
    route iteration 94, CPU time elapsed 0.046875 sec.
    forward max bucket size 54 , backward 45.
        Unrouted nets 30 at the end of iteration 95.
    route iteration 95, CPU time elapsed 0.046875 sec.
    forward max bucket size 72 , backward 37.
        Unrouted nets 22 at the end of iteration 96.
    route iteration 96, CPU time elapsed 0.031250 sec.
    forward max bucket size 192 , backward 291.
        Unrouted nets 30 at the end of iteration 97.
    route iteration 97, CPU time elapsed 0.031250 sec.
    forward max bucket size 104 , backward 62.
        Unrouted nets 43 at the end of iteration 98.
    route iteration 98, CPU time elapsed 0.046875 sec.
    forward max bucket size 30 , backward 29.
        Unrouted nets 41 at the end of iteration 99.
    route iteration 99, CPU time elapsed 0.046875 sec.
    forward max bucket size 42 , backward 57.
        Unrouted nets 41 at the end of iteration 100.
    route iteration 100, CPU time elapsed 0.046875 sec.
    forward max bucket size 93 , backward 88.
        Unrouted nets 39 at the end of iteration 101.
    route iteration 101, CPU time elapsed 0.046875 sec.
    forward max bucket size 31 , backward 39.
        Unrouted nets 42 at the end of iteration 102.
    route iteration 102, CPU time elapsed 0.046875 sec.
    forward max bucket size 40 , backward 55.
        Unrouted nets 46 at the end of iteration 103.
    route iteration 103, CPU time elapsed 0.031250 sec.
    forward max bucket size 52 , backward 73.
        Unrouted nets 32 at the end of iteration 104.
    route iteration 104, CPU time elapsed 0.046875 sec.
    forward max bucket size 57 , backward 76.
        Unrouted nets 26 at the end of iteration 105.
    route iteration 105, CPU time elapsed 0.031250 sec.
    forward max bucket size 155 , backward 69.
        Unrouted nets 27 at the end of iteration 106.
    route iteration 106, CPU time elapsed 0.046875 sec.
    forward max bucket size 168 , backward 67.
        Unrouted nets 24 at the end of iteration 107.
    route iteration 107, CPU time elapsed 0.031250 sec.
    forward max bucket size 34 , backward 42.
        Unrouted nets 19 at the end of iteration 108.
    route iteration 108, CPU time elapsed 0.015625 sec.
    forward max bucket size 203 , backward 66.
        Unrouted nets 11 at the end of iteration 109.
    route iteration 109, CPU time elapsed 0.031250 sec.
    forward max bucket size 26 , backward 47.
        Unrouted nets 10 at the end of iteration 110.
    route iteration 110, CPU time elapsed 0.031250 sec.
    forward max bucket size 26 , backward 22.
        Unrouted nets 9 at the end of iteration 111.
    route iteration 111, CPU time elapsed 0.031250 sec.
    forward max bucket size 24 , backward 40.
        Unrouted nets 15 at the end of iteration 112.
    route iteration 112, CPU time elapsed 0.031250 sec.
    forward max bucket size 69 , backward 79.
        Unrouted nets 11 at the end of iteration 113.
    route iteration 113, CPU time elapsed 0.031250 sec.
    forward max bucket size 36 , backward 54.
        Unrouted nets 9 at the end of iteration 114.
    route iteration 114, CPU time elapsed 0.046875 sec.
    forward max bucket size 138 , backward 68.
        Unrouted nets 9 at the end of iteration 115.
    route iteration 115, CPU time elapsed 0.046875 sec.
    forward max bucket size 145 , backward 71.
        Unrouted nets 7 at the end of iteration 116.
    route iteration 116, CPU time elapsed 0.031250 sec.
    forward max bucket size 146 , backward 27.
        Unrouted nets 8 at the end of iteration 117.
    route iteration 117, CPU time elapsed 0.015625 sec.
    forward max bucket size 153 , backward 80.
        Unrouted nets 6 at the end of iteration 118.
    route iteration 118, CPU time elapsed 0.031250 sec.
    forward max bucket size 147 , backward 23.
        Unrouted nets 8 at the end of iteration 119.
    route iteration 119, CPU time elapsed 0.015625 sec.
    forward max bucket size 26 , backward 35.
        Unrouted nets 6 at the end of iteration 120.
    route iteration 120, CPU time elapsed 0.031250 sec.
    forward max bucket size 98 , backward 26.
        Unrouted nets 8 at the end of iteration 121.
    route iteration 121, CPU time elapsed 0.031250 sec.
    forward max bucket size 23 , backward 26.
        Unrouted nets 5 at the end of iteration 122.
    route iteration 122, CPU time elapsed 0.015625 sec.
    forward max bucket size 23 , backward 23.
        Unrouted nets 5 at the end of iteration 123.
    route iteration 123, CPU time elapsed 0.031250 sec.
    forward max bucket size 23 , backward 35.
        Unrouted nets 4 at the end of iteration 124.
    route iteration 124, CPU time elapsed 0.015625 sec.
    forward max bucket size 32 , backward 23.
        Unrouted nets 4 at the end of iteration 125.
    route iteration 125, CPU time elapsed 0.031250 sec.
    forward max bucket size 32 , backward 25.
        Unrouted nets 0 at the end of iteration 126.
    route iteration 126, CPU time elapsed 0.015625 sec.
Detailed routing takes 126 iterations
Detailed routing takes 31.20 sec.
Start fix hold violation.
Build tmp routing results takes 0.08 sec.
Timing analysis takes 0.06 sec.
No hold violation.
Hold Violation Fix in router takes 0 iterations.
Fix hold violation Finished.
Hold Violation Fix in router takes 0.39 sec.

Dispose routing result:
    Collect routing result.
    Delete unused device instances.
    Annotate routing result.
    Change LUT configuration.
    Dispose misc instances.
    Annotate routing result again.
Finish routing takes 0.27 sec.
Used SRB routing arc is 103290.
Cleanup routing takes 0.02 sec.
Routing done.
Total routing takes 42.38 sec.


Device Utilization Summary :
+---------------------------------------------------------------------------+
| Logic Utilization        | Used     | Available     | Utilization(%)     
+---------------------------------------------------------------------------+
| Use of APM               | 0        | 84            | 0                  
| Use of BKCL              | 2        | 4             | 50                 
| Use of CLMA              | 836      | 6450          | 13                 
|   FF                     | 1853     | 38700         | 5                  
|   LUT                    | 2631     | 25800         | 11                 
|   LUT-FF pairs           | 595      | 25800         | 3                  
| Use of CLMS              | 519      | 4250          | 13                 
|   FF                     | 1153     | 25500         | 5                  
|   LUT                    | 1555     | 17000         | 10                 
|   LUT-FF pairs           | 344      | 17000         | 3                  
|   Distributed RAM        | 0        | 17000         | 0                  
| Use of CRYSTAL           | 0        | 2             | 0                  
| Use of DLL               | 0        | 10            | 0                  
| Use of DQSL              | 0        | 18            | 0                  
| Use of DRM               | 48       | 134           | 36                 
| Use of FUSECODE          | 0        | 1             | 0                  
| Use of HARD0N1           | 312      | 6672          | 5                  
| Use of IO                | 45       | 218           | 21                 
|   IOBD                   | 10       | 53            | 19                 
|   IOBR_LR                | 1        | 5             | 20                 
|   IOBR_TB                | 2        | 7             | 29                 
|   IOBS_LR                | 20       | 107           | 19                 
|   IOBS_TB                | 12       | 46            | 27                 
| Use of IOCKDIV           | 0        | 20            | 0                  
| Use of IOCKDLY           | 0        | 40            | 0                  
| Use of IOCKGATE          | 0        | 20            | 0                  
| Use of IOCKGMUX_TEST     | 0        | 20            | 0                  
| Use of IOL               | 45       | 400           | 12                 
| Use of IPAL              | 0        | 1             | 0                  
| Use of LDO               | 0        | 4             | 0                  
| Use of MFG_TEST          | 0        | 1             | 0                  
| Use of OSC               | 0        | 1             | 0                  
| Use of PIOMUX_TEST       | 0        | 10            | 0                  
| Use of PLL               | 1        | 5             | 20                 
| Use of PREGMUX_TEST      | 0        | 6             | 0                  
| Use of RCKB              | 0        | 24            | 0                  
|  RCKB dataused           | 0        | 24            | 0                  
| Use of RCKBMUX_TEST      | 0        | 12            | 0                  
| Use of RESCAL            | 0        | 4             | 0                  
| Use of SCANCHAIN         | 0        | 2             | 0                  
| Use of START             | 1        | 1             | 100                
| Use of UDID              | 0        | 1             | 0                  
| Use of USCM              | 1        | 30            | 4                  
|  USCM dataused           | 0        | 30            | 0                  
| Use of USCMMUX_TEST      | 0        | 30            | 0                  
| Use of VCKBMUX_TEST      | 0        | 12            | 0                  
+---------------------------------------------------------------------------+

Finished routing.
Design 'SoC_Top' has been placed and routed successfully.
Saving design to DB.
Finished placement and routing.
Action pnr: Real time elapsed is 0h:1m:14s
Action pnr: CPU time elapsed is 0h:1m:10s
Action pnr: Process CPU time elapsed is 0h:1m:16s
Current time: Fri Apr  3 00:08:47 2026
Action pnr: Peak memory pool usage is 1,027 MB
Action from compile to pnr: Total Real Time elapsed is 0h:1m:48s
Action from compile to pnr: Total CPU time elapsed is 0h:1m:36s
Action from compile to pnr: Total Process CPU Time elapsed is 0h:1m:43s
Process "Place & Route" done.


Process "Report Timing" started.
Current time: Fri Apr  3 00:08:48 2026
Compiling architecture definition.
Analyzing project file 'D:/FPGA/TSP_RISC-V-2.4/FPGA/pango_cpu/pango_cpu.pds'.
Compiling verification operator library.
Compiling common defs.
Compiling prim grid devices.
Compiling gate devices.
Compiling gate operators.
Building architecture model.
Loading device packaging model.
Reading design from pnr DB.
Start Report Post-PnR timing.
NOTE: The technology fpga was specified.
NOTE: delay_model specified was generic_cmos.
NOTE: Using the fpga syntax tables...
Totals:
 Calls to malloc = 0
 Calls to calloc = 5993935

Constructing timing graph ...
Timing graph has been constructed successfully
W: Timing-4087: Port 'ext_axi_if_arready' is not constrained, it is treated as combinational output.
W: Timing-4087: Port 'ext_axi_if_awready' is not constrained, it is treated as combinational output.
W: Timing-4087: Port 'ext_axi_if_bresp[0]' is not constrained, it is treated as combinational output.
W: Timing-4087: Port 'ext_axi_if_bresp[1]' is not constrained, it is treated as combinational output.
W: Timing-4087: Port 'ext_axi_if_bvalid' is not constrained, it is treated as combinational output.
W: Timing-4087: Port 'ext_axi_if_rdata[0]' is not constrained, it is treated as combinational output.
W: Timing-4087: Port 'ext_axi_if_rdata[1]' is not constrained, it is treated as combinational output.
W: Timing-4087: Port 'ext_axi_if_rdata[2]' is not constrained, it is treated as combinational output.
W: Timing-4087: Port 'ext_axi_if_rdata[3]' is not constrained, it is treated as combinational output.
W: Timing-4087: Port 'ext_axi_if_rdata[4]' is not constrained, it is treated as combinational output.
W: Timing-4087: Port 'ext_axi_if_rdata[5]' is not constrained, it is treated as combinational output.
W: Timing-4087: Port 'ext_axi_if_rdata[6]' is not constrained, it is treated as combinational output.
W: Timing-4087: Port 'ext_axi_if_rdata[7]' is not constrained, it is treated as combinational output.
W: Timing-4087: Port 'ext_axi_if_rdata[8]' is not constrained, it is treated as combinational output.
W: Timing-4087: Port 'ext_axi_if_rdata[9]' is not constrained, it is treated as combinational output.
W: Timing-4087: Port 'ext_axi_if_rdata[10]' is not constrained, it is treated as combinational output.
W: Timing-4087: Port 'ext_axi_if_rdata[11]' is not constrained, it is treated as combinational output.
W: Timing-4087: Port 'ext_axi_if_rdata[12]' is not constrained, it is treated as combinational output.
W: Timing-4087: Port 'ext_axi_if_rdata[13]' is not constrained, it is treated as combinational output.
W: Timing-4087: Port 'ext_axi_if_rdata[14]' is not constrained, it is treated as combinational output.
W: Timing-4087: Port 'ext_axi_if_rdata[15]' is not constrained, it is treated as combinational output.
W: Timing-4087: Port 'ext_axi_if_rdata[16]' is not constrained, it is treated as combinational output.
W: Timing-4087: Port 'ext_axi_if_rdata[17]' is not constrained, it is treated as combinational output.
W: Timing-4087: Port 'ext_axi_if_rdata[18]' is not constrained, it is treated as combinational output.
W: Timing-4087: Port 'ext_axi_if_rdata[19]' is not constrained, it is treated as combinational output.
W: Timing-4087: Port 'ext_axi_if_rdata[20]' is not constrained, it is treated as combinational output.
W: Timing-4087: Port 'ext_axi_if_rdata[21]' is not constrained, it is treated as combinational output.
W: Timing-4087: Port 'ext_axi_if_rdata[22]' is not constrained, it is treated as combinational output.
W: Timing-4087: Port 'ext_axi_if_rdata[23]' is not constrained, it is treated as combinational output.
W: Timing-4087: Port 'ext_axi_if_rdata[24]' is not constrained, it is treated as combinational output.
W: Timing-4087: Port 'ext_axi_if_rdata[25]' is not constrained, it is treated as combinational output.
W: Timing-4087: Port 'ext_axi_if_rdata[26]' is not constrained, it is treated as combinational output.
W: Timing-4087: Port 'ext_axi_if_rdata[27]' is not constrained, it is treated as combinational output.
W: Timing-4087: Port 'ext_axi_if_rdata[28]' is not constrained, it is treated as combinational output.
W: Timing-4087: Port 'ext_axi_if_rdata[29]' is not constrained, it is treated as combinational output.
W: Timing-4087: Port 'ext_axi_if_rdata[30]' is not constrained, it is treated as combinational output.
W: Timing-4087: Port 'ext_axi_if_rdata[31]' is not constrained, it is treated as combinational output.
W: Timing-4087: Port 'ext_axi_if_rresp[0]' is not constrained, it is treated as combinational output.
W: Timing-4087: Port 'ext_axi_if_rresp[1]' is not constrained, it is treated as combinational output.
W: Timing-4087: Port 'ext_axi_if_rvalid' is not constrained, it is treated as combinational output.
W: Timing-4087: Port 'ext_axi_if_wready' is not constrained, it is treated as combinational output.
W: Timing-4087: Port 'uart_tx' is not constrained, it is treated as combinational output.
W: Timing-4086: Port 'rst_n' is not constrained, it is treated as combinational input.
W: Timing-4086: Port 'uart_rx' is not constrained, it is treated as combinational input.
Report timing is finished successfully.
Action report_timing: Real time elapsed is 0h:0m:9s
Action report_timing: CPU time elapsed is 0h:0m:6s
Action report_timing: Process CPU time elapsed is 0h:0m:7s
Current time: Fri Apr  3 00:08:56 2026
Action report_timing: Peak memory pool usage is 978 MB
Action from compile to report_timing: Total Real Time elapsed is 0h:1m:57s
Action from compile to report_timing: Total CPU time elapsed is 0h:1m:42s
Action from compile to report_timing: Total Process CPU Time elapsed is 0h:1m:50s
Process "Report Timing" done.


Process "Generate Bitstream" started.
Current time: Fri Apr  3 00:08:56 2026
Compiling architecture definition.
Analyzing project file 'D:/FPGA/TSP_RISC-V-2.4/FPGA/pango_cpu/pango_cpu.pds'.
Compiling verification operator library.
Compiling common defs.
Compiling prim grid devices.
Compiling gate devices.
Compiling gate operators.
Building architecture model.
Loading device packaging model.
Reading design from DB.
Start Generating Programming File...
Reading design from DB takes 0.984375 sec.
Generating architecture configuration.
The bitstream file is "D:/FPGA/TSP_RISC-V-2.4/FPGA/pango_cpu/generate_bitstream/SoC_Top.sbit"
Generate programming file takes 10.234375 sec.
Generating Programming File done.
Action gen_bit_stream: Real time elapsed is 0h:0m:16s
Action gen_bit_stream: CPU time elapsed is 0h:0m:14s
Action gen_bit_stream: Process CPU time elapsed is 0h:0m:14s
Current time: Fri Apr  3 00:09:11 2026
Action gen_bit_stream: Peak memory pool usage is 681 MB
Action from compile to gen_bit_stream: Total Real Time elapsed is 0h:2m:13s
Action from compile to gen_bit_stream: Total CPU time elapsed is 0h:1m:56s
Action from compile to gen_bit_stream: Total Process CPU Time elapsed is 0h:2m:4s
Process "Generate Bitstream" done.
Process exit normally.
Customize IP 'D:/FPGA/TSP_RISC-V-2.4/FPGA/pango_cpu/ipcore/IRAM/IRAM.idf' ...
C: Flow-2008: IP file modified: "D:/FPGA/TSP_RISC-V-2.4/FPGA/pango_cpu/ipcore/IRAM/IRAM.idf". 
Parse module hierarchy of project 'D:/FPGA/TSP_RISC-V-2.4/FPGA/pango_cpu/temp_projects/Main_Flow/Main_Flow.pds' (ADS Parser)
Parse module hierarchy of project 'D:/FPGA/TSP_RISC-V-2.4/FPGA/pango_cpu/temp_projects/Main_Flow/Main_Flow.pds' (ADS Parser)
C: Flow-2008: IP file modified: "D:/FPGA/TSP_RISC-V-2.4/FPGA/pango_cpu/ipcore/IRAM/IRAM.idf". 
Parse module hierarchy of project 'D:/FPGA/TSP_RISC-V-2.4/FPGA/pango_cpu/temp_projects/Main_Flow/Main_Flow.pds' (ADS Parser)
Parse module hierarchy of project 'D:/FPGA/TSP_RISC-V-2.4/FPGA/pango_cpu/temp_projects/Main_Flow/Main_Flow.pds' (ADS Parser)
IP Compiler exited.


Process "Compile" started.
Current time: Fri Apr  3 00:10:42 2026
Compiling architecture definition.
Analyzing project file 'D:/FPGA/TSP_RISC-V-2.4/FPGA/pango_cpu/pango_cpu.pds'.
License checkout: fabric_ads from D:\pango\new_pds_60ff9e088cde.lic
Compiling verification operator library.
Loading technology operator library.
Compiling technology operator library.
Compiling technology operator (valence) library.
I: Enable Verilog2k features and keywords
Start rtl-analyze.
Executing : .rtl_analyze -work work -include_path {D:/FPGA/TSP_RISC-V-2.4/FPGA/pango_cpu} D:/FPGA/TSP_RISC-V-2.4/FPGA/pango_cpu/source/core/core.v
I: Verilog-0001: Analyzing file D:/FPGA/TSP_RISC-V-2.4/FPGA/pango_cpu/source/core/core.v
I: Found Verilog include file D:/FPGA/TSP_RISC-V-2.4/FPGA/pango_cpu/source/core/defines.v
I: Verilog-0002: [D:/FPGA/TSP_RISC-V-2.4/FPGA/pango_cpu/source/core/core.v(line number: 3)] Analyzing module TSP_Core (library work)
Parsing done.
Executing : .rtl_analyze -work work -include_path {D:/FPGA/TSP_RISC-V-2.4/FPGA/pango_cpu} D:/FPGA/TSP_RISC-V-2.4/FPGA/pango_cpu/source/core/core.v successfully.
W: Public-4030: File 'D:/FPGA/TSP_RISC-V-2.4/FPGA/pango_cpu/source/core/defines.v' has been added. It is skipped.
Executing : .rtl_analyze -work work -include_path {D:/FPGA/TSP_RISC-V-2.4/FPGA/pango_cpu} D:/FPGA/TSP_RISC-V-2.4/FPGA/pango_cpu/source/core/defines.v
I: Verilog-0001: Analyzing file D:/FPGA/TSP_RISC-V-2.4/FPGA/pango_cpu/source/core/defines.v
Parsing done.
Executing : .rtl_analyze -work work -include_path {D:/FPGA/TSP_RISC-V-2.4/FPGA/pango_cpu} D:/FPGA/TSP_RISC-V-2.4/FPGA/pango_cpu/source/core/defines.v successfully.
Executing : .rtl_analyze -work work -include_path {D:/FPGA/TSP_RISC-V-2.4/FPGA/pango_cpu} D:/FPGA/TSP_RISC-V-2.4/FPGA/pango_cpu/source/core/dff.v
I: Verilog-0001: Analyzing file D:/FPGA/TSP_RISC-V-2.4/FPGA/pango_cpu/source/core/dff.v
I: Found Verilog include file D:/FPGA/TSP_RISC-V-2.4/FPGA/pango_cpu/source/core/defines.v
W: Public-4030: File 'D:/FPGA/TSP_RISC-V-2.4/FPGA/pango_cpu/source/core/defines.v' has been added. It is skipped.
I: Verilog-0002: [D:/FPGA/TSP_RISC-V-2.4/FPGA/pango_cpu/source/core/dff.v(line number: 4)] Analyzing module REGs_WLWR (library work)
I: Verilog-0002: [D:/FPGA/TSP_RISC-V-2.4/FPGA/pango_cpu/source/core/dff.v(line number: 25)] Analyzing module REGs_WLNR (library work)
I: Verilog-0002: [D:/FPGA/TSP_RISC-V-2.4/FPGA/pango_cpu/source/core/dff.v(line number: 42)] Analyzing module REGs_NLWR (library work)
I: Verilog-0002: [D:/FPGA/TSP_RISC-V-2.4/FPGA/pango_cpu/source/core/dff.v(line number: 62)] Analyzing module REGs_NLNR (library work)
Parsing done.
Executing : .rtl_analyze -work work -include_path {D:/FPGA/TSP_RISC-V-2.4/FPGA/pango_cpu} D:/FPGA/TSP_RISC-V-2.4/FPGA/pango_cpu/source/core/dff.v successfully.
Executing : .rtl_analyze -work work -include_path {D:/FPGA/TSP_RISC-V-2.4/FPGA/pango_cpu} D:/FPGA/TSP_RISC-V-2.4/FPGA/pango_cpu/source/core/disp_exu.v
I: Verilog-0001: Analyzing file D:/FPGA/TSP_RISC-V-2.4/FPGA/pango_cpu/source/core/disp_exu.v
I: Found Verilog include file D:/FPGA/TSP_RISC-V-2.4/FPGA/pango_cpu/source/core/defines.v
W: Public-4030: File 'D:/FPGA/TSP_RISC-V-2.4/FPGA/pango_cpu/source/core/defines.v' has been added. It is skipped.
I: Verilog-0002: [D:/FPGA/TSP_RISC-V-2.4/FPGA/pango_cpu/source/core/disp_exu.v(line number: 3)] Analyzing module TSP_Disp_Exu (library work)
Parsing done.
Executing : .rtl_analyze -work work -include_path {D:/FPGA/TSP_RISC-V-2.4/FPGA/pango_cpu} D:/FPGA/TSP_RISC-V-2.4/FPGA/pango_cpu/source/core/disp_exu.v successfully.
Executing : .rtl_analyze -work work -include_path {D:/FPGA/TSP_RISC-V-2.4/FPGA/pango_cpu} D:/FPGA/TSP_RISC-V-2.4/FPGA/pango_cpu/source/core/exu_bjp.v
I: Verilog-0001: Analyzing file D:/FPGA/TSP_RISC-V-2.4/FPGA/pango_cpu/source/core/exu_bjp.v
I: Found Verilog include file D:/FPGA/TSP_RISC-V-2.4/FPGA/pango_cpu/source/core/defines.v
W: Public-4030: File 'D:/FPGA/TSP_RISC-V-2.4/FPGA/pango_cpu/source/core/defines.v' has been added. It is skipped.
I: Verilog-0002: [D:/FPGA/TSP_RISC-V-2.4/FPGA/pango_cpu/source/core/exu_bjp.v(line number: 3)] Analyzing module Exu_bjp (library work)
Parsing done.
Executing : .rtl_analyze -work work -include_path {D:/FPGA/TSP_RISC-V-2.4/FPGA/pango_cpu} D:/FPGA/TSP_RISC-V-2.4/FPGA/pango_cpu/source/core/exu_bjp.v successfully.
Executing : .rtl_analyze -work work -include_path {D:/FPGA/TSP_RISC-V-2.4/FPGA/pango_cpu} D:/FPGA/TSP_RISC-V-2.4/FPGA/pango_cpu/source/core/exu_common.v
I: Verilog-0001: Analyzing file D:/FPGA/TSP_RISC-V-2.4/FPGA/pango_cpu/source/core/exu_common.v
I: Found Verilog include file D:/FPGA/TSP_RISC-V-2.4/FPGA/pango_cpu/source/core/defines.v
W: Public-4030: File 'D:/FPGA/TSP_RISC-V-2.4/FPGA/pango_cpu/source/core/defines.v' has been added. It is skipped.
I: Verilog-0002: [D:/FPGA/TSP_RISC-V-2.4/FPGA/pango_cpu/source/core/exu_common.v(line number: 3)] Analyzing module TSP_Exu_common (library work)
Parsing done.
Executing : .rtl_analyze -work work -include_path {D:/FPGA/TSP_RISC-V-2.4/FPGA/pango_cpu} D:/FPGA/TSP_RISC-V-2.4/FPGA/pango_cpu/source/core/exu_common.v successfully.
Executing : .rtl_analyze -work work -include_path {D:/FPGA/TSP_RISC-V-2.4/FPGA/pango_cpu} D:/FPGA/TSP_RISC-V-2.4/FPGA/pango_cpu/source/core/exu_ls.v
I: Verilog-0001: Analyzing file D:/FPGA/TSP_RISC-V-2.4/FPGA/pango_cpu/source/core/exu_ls.v
I: Found Verilog include file D:/FPGA/TSP_RISC-V-2.4/FPGA/pango_cpu/source/core/defines.v
W: Public-4030: File 'D:/FPGA/TSP_RISC-V-2.4/FPGA/pango_cpu/source/core/defines.v' has been added. It is skipped.
I: Verilog-0002: [D:/FPGA/TSP_RISC-V-2.4/FPGA/pango_cpu/source/core/exu_ls.v(line number: 3)] Analyzing module TSP_Exu_ls (library work)
Parsing done.
Executing : .rtl_analyze -work work -include_path {D:/FPGA/TSP_RISC-V-2.4/FPGA/pango_cpu} D:/FPGA/TSP_RISC-V-2.4/FPGA/pango_cpu/source/core/exu_ls.v successfully.
Executing : .rtl_analyze -work work -include_path {D:/FPGA/TSP_RISC-V-2.4/FPGA/pango_cpu} D:/FPGA/TSP_RISC-V-2.4/FPGA/pango_cpu/source/core/exu_muldiv.v
I: Verilog-0001: Analyzing file D:/FPGA/TSP_RISC-V-2.4/FPGA/pango_cpu/source/core/exu_muldiv.v
I: Found Verilog include file D:/FPGA/TSP_RISC-V-2.4/FPGA/pango_cpu/source/core/defines.v
W: Public-4030: File 'D:/FPGA/TSP_RISC-V-2.4/FPGA/pango_cpu/source/core/defines.v' has been added. It is skipped.
I: Verilog-0002: [D:/FPGA/TSP_RISC-V-2.4/FPGA/pango_cpu/source/core/exu_muldiv.v(line number: 3)] Analyzing module TSP_Exu_muldiv (library work)
I: Verilog-0002: [D:/FPGA/TSP_RISC-V-2.4/FPGA/pango_cpu/source/core/exu_muldiv.v(line number: 128)] Analyzing module Simple_Multiplier_32 (library work)
I: Verilog-0002: [D:/FPGA/TSP_RISC-V-2.4/FPGA/pango_cpu/source/core/exu_muldiv.v(line number: 174)] Analyzing module Simple_Divider_32 (library work)
Parsing done.
Executing : .rtl_analyze -work work -include_path {D:/FPGA/TSP_RISC-V-2.4/FPGA/pango_cpu} D:/FPGA/TSP_RISC-V-2.4/FPGA/pango_cpu/source/core/exu_muldiv.v successfully.
Executing : .rtl_analyze -work work -include_path {D:/FPGA/TSP_RISC-V-2.4/FPGA/pango_cpu} D:/FPGA/TSP_RISC-V-2.4/FPGA/pango_cpu/source/core/idec.v
I: Verilog-0001: Analyzing file D:/FPGA/TSP_RISC-V-2.4/FPGA/pango_cpu/source/core/idec.v
I: Found Verilog include file D:/FPGA/TSP_RISC-V-2.4/FPGA/pango_cpu/source/core/defines.v
W: Public-4030: File 'D:/FPGA/TSP_RISC-V-2.4/FPGA/pango_cpu/source/core/defines.v' has been added. It is skipped.
I: Verilog-0002: [D:/FPGA/TSP_RISC-V-2.4/FPGA/pango_cpu/source/core/idec.v(line number: 6)] Analyzing module TSP_Idec (library work)
Parsing done.
Executing : .rtl_analyze -work work -include_path {D:/FPGA/TSP_RISC-V-2.4/FPGA/pango_cpu} D:/FPGA/TSP_RISC-V-2.4/FPGA/pango_cpu/source/core/idec.v successfully.
Executing : .rtl_analyze -work work -include_path {D:/FPGA/TSP_RISC-V-2.4/FPGA/pango_cpu} D:/FPGA/TSP_RISC-V-2.4/FPGA/pango_cpu/source/core/Ifu.v
I: Verilog-0001: Analyzing file D:/FPGA/TSP_RISC-V-2.4/FPGA/pango_cpu/source/core/Ifu.v
I: Found Verilog include file D:/FPGA/TSP_RISC-V-2.4/FPGA/pango_cpu/source/core/defines.v
W: Public-4030: File 'D:/FPGA/TSP_RISC-V-2.4/FPGA/pango_cpu/source/core/defines.v' has been added. It is skipped.
I: Verilog-0002: [D:/FPGA/TSP_RISC-V-2.4/FPGA/pango_cpu/source/core/Ifu.v(line number: 3)] Analyzing module TSP_Ifu (library work)
Parsing done.
Executing : .rtl_analyze -work work -include_path {D:/FPGA/TSP_RISC-V-2.4/FPGA/pango_cpu} D:/FPGA/TSP_RISC-V-2.4/FPGA/pango_cpu/source/core/Ifu.v successfully.
Executing : .rtl_analyze -work work -include_path {D:/FPGA/TSP_RISC-V-2.4/FPGA/pango_cpu} D:/FPGA/TSP_RISC-V-2.4/FPGA/pango_cpu/source/core/ls_ctrl.v
I: Verilog-0001: Analyzing file D:/FPGA/TSP_RISC-V-2.4/FPGA/pango_cpu/source/core/ls_ctrl.v
I: Found Verilog include file D:/FPGA/TSP_RISC-V-2.4/FPGA/pango_cpu/source/core/defines.v
W: Public-4030: File 'D:/FPGA/TSP_RISC-V-2.4/FPGA/pango_cpu/source/core/defines.v' has been added. It is skipped.
I: Verilog-0002: [D:/FPGA/TSP_RISC-V-2.4/FPGA/pango_cpu/source/core/ls_ctrl.v(line number: 3)] Analyzing module ls_ctrl (library work)
Parsing done.
Executing : .rtl_analyze -work work -include_path {D:/FPGA/TSP_RISC-V-2.4/FPGA/pango_cpu} D:/FPGA/TSP_RISC-V-2.4/FPGA/pango_cpu/source/core/ls_ctrl.v successfully.
Executing : .rtl_analyze -work work -include_path {D:/FPGA/TSP_RISC-V-2.4/FPGA/pango_cpu} D:/FPGA/TSP_RISC-V-2.4/FPGA/pango_cpu/source/core/PC_control.v
I: Verilog-0001: Analyzing file D:/FPGA/TSP_RISC-V-2.4/FPGA/pango_cpu/source/core/PC_control.v
I: Found Verilog include file D:/FPGA/TSP_RISC-V-2.4/FPGA/pango_cpu/source/core/defines.v
W: Public-4030: File 'D:/FPGA/TSP_RISC-V-2.4/FPGA/pango_cpu/source/core/defines.v' has been added. It is skipped.
I: Verilog-0002: [D:/FPGA/TSP_RISC-V-2.4/FPGA/pango_cpu/source/core/PC_control.v(line number: 4)] Analyzing module PC_control (library work)
Parsing done.
Executing : .rtl_analyze -work work -include_path {D:/FPGA/TSP_RISC-V-2.4/FPGA/pango_cpu} D:/FPGA/TSP_RISC-V-2.4/FPGA/pango_cpu/source/core/PC_control.v successfully.
Executing : .rtl_analyze -work work -include_path {D:/FPGA/TSP_RISC-V-2.4/FPGA/pango_cpu} D:/FPGA/TSP_RISC-V-2.4/FPGA/pango_cpu/source/core/regfiles.v
I: Verilog-0001: Analyzing file D:/FPGA/TSP_RISC-V-2.4/FPGA/pango_cpu/source/core/regfiles.v
I: Found Verilog include file D:/FPGA/TSP_RISC-V-2.4/FPGA/pango_cpu/source/core/defines.v
W: Public-4030: File 'D:/FPGA/TSP_RISC-V-2.4/FPGA/pango_cpu/source/core/defines.v' has been added. It is skipped.
I: Verilog-0002: [D:/FPGA/TSP_RISC-V-2.4/FPGA/pango_cpu/source/core/regfiles.v(line number: 3)] Analyzing module TSP_Regfiles (library work)
Parsing done.
Executing : .rtl_analyze -work work -include_path {D:/FPGA/TSP_RISC-V-2.4/FPGA/pango_cpu} D:/FPGA/TSP_RISC-V-2.4/FPGA/pango_cpu/source/core/regfiles.v successfully.
Executing : .rtl_analyze -work work -include_path {D:/FPGA/TSP_RISC-V-2.4/FPGA/pango_cpu} D:/FPGA/TSP_RISC-V-2.4/FPGA/pango_cpu/source/core/wb_arbiter.v
I: Verilog-0001: Analyzing file D:/FPGA/TSP_RISC-V-2.4/FPGA/pango_cpu/source/core/wb_arbiter.v
I: Found Verilog include file D:/FPGA/TSP_RISC-V-2.4/FPGA/pango_cpu/source/core/defines.v
W: Public-4030: File 'D:/FPGA/TSP_RISC-V-2.4/FPGA/pango_cpu/source/core/defines.v' has been added. It is skipped.
I: Verilog-0002: [D:/FPGA/TSP_RISC-V-2.4/FPGA/pango_cpu/source/core/wb_arbiter.v(line number: 3)] Analyzing module TSP_Wb_arbiter (library work)
Parsing done.
Executing : .rtl_analyze -work work -include_path {D:/FPGA/TSP_RISC-V-2.4/FPGA/pango_cpu} D:/FPGA/TSP_RISC-V-2.4/FPGA/pango_cpu/source/core/wb_arbiter.v successfully.
Executing : .rtl_analyze -work work -include_path {D:/FPGA/TSP_RISC-V-2.4/FPGA/pango_cpu} D:/FPGA/TSP_RISC-V-2.4/FPGA/pango_cpu/source/peripheral/AXI_Interconnect.v
I: Verilog-0001: Analyzing file D:/FPGA/TSP_RISC-V-2.4/FPGA/pango_cpu/source/peripheral/AXI_Interconnect.v
I: Found Verilog include file D:/FPGA/TSP_RISC-V-2.4/FPGA/pango_cpu/source/core/defines.v
W: Public-4030: File 'D:/FPGA/TSP_RISC-V-2.4/FPGA/pango_cpu/source/core/defines.v' has been added. It is skipped.
I: Verilog-0002: [D:/FPGA/TSP_RISC-V-2.4/FPGA/pango_cpu/source/peripheral/AXI_Interconnect.v(line number: 3)] Analyzing module TSP_AXI_Interconnect (library work)
Parsing done.
Executing : .rtl_analyze -work work -include_path {D:/FPGA/TSP_RISC-V-2.4/FPGA/pango_cpu} D:/FPGA/TSP_RISC-V-2.4/FPGA/pango_cpu/source/peripheral/AXI_Interconnect.v successfully.
Executing : .rtl_analyze -work work -include_path {D:/FPGA/TSP_RISC-V-2.4/FPGA/pango_cpu} D:/FPGA/TSP_RISC-V-2.4/FPGA/pango_cpu/source/peripheral/soc_top.v
I: Verilog-0001: Analyzing file D:/FPGA/TSP_RISC-V-2.4/FPGA/pango_cpu/source/peripheral/soc_top.v
I: Found Verilog include file D:/FPGA/TSP_RISC-V-2.4/FPGA/pango_cpu/source/core/defines.v
W: Public-4030: File 'D:/FPGA/TSP_RISC-V-2.4/FPGA/pango_cpu/source/core/defines.v' has been added. It is skipped.
I: Verilog-0002: [D:/FPGA/TSP_RISC-V-2.4/FPGA/pango_cpu/source/peripheral/soc_top.v(line number: 3)] Analyzing module SoC_Top (library work)
Parsing done.
Executing : .rtl_analyze -work work -include_path {D:/FPGA/TSP_RISC-V-2.4/FPGA/pango_cpu} D:/FPGA/TSP_RISC-V-2.4/FPGA/pango_cpu/source/peripheral/soc_top.v successfully.
Executing : .rtl_analyze -work work -include_path {D:/FPGA/TSP_RISC-V-2.4/FPGA/pango_cpu} D:/FPGA/TSP_RISC-V-2.4/FPGA/pango_cpu/source/ram/sram.v
I: Verilog-0001: Analyzing file D:/FPGA/TSP_RISC-V-2.4/FPGA/pango_cpu/source/ram/sram.v
I: Found Verilog include file D:/FPGA/TSP_RISC-V-2.4/FPGA/pango_cpu/source/core/defines.v
W: Public-4030: File 'D:/FPGA/TSP_RISC-V-2.4/FPGA/pango_cpu/source/core/defines.v' has been added. It is skipped.
I: Verilog-0002: [D:/FPGA/TSP_RISC-V-2.4/FPGA/pango_cpu/source/ram/sram.v(line number: 4)] Analyzing module TSP_Sram (library work)
Parsing done.
Executing : .rtl_analyze -work work -include_path {D:/FPGA/TSP_RISC-V-2.4/FPGA/pango_cpu} D:/FPGA/TSP_RISC-V-2.4/FPGA/pango_cpu/source/ram/sram.v successfully.
Executing : .rtl_analyze -work work -include_path {D:/FPGA/TSP_RISC-V-2.4/FPGA/pango_cpu} D:/FPGA/TSP_RISC-V-2.4/FPGA/pango_cpu/source/uart/uart.v
I: Verilog-0001: Analyzing file D:/FPGA/TSP_RISC-V-2.4/FPGA/pango_cpu/source/uart/uart.v
I: Verilog-0002: [D:/FPGA/TSP_RISC-V-2.4/FPGA/pango_cpu/source/uart/uart.v(line number: 32)] Analyzing module uart (library work)
Parsing done.
Executing : .rtl_analyze -work work -include_path {D:/FPGA/TSP_RISC-V-2.4/FPGA/pango_cpu} D:/FPGA/TSP_RISC-V-2.4/FPGA/pango_cpu/source/uart/uart.v successfully.
Executing : .rtl_analyze -work work -include_path {D:/FPGA/TSP_RISC-V-2.4/FPGA/pango_cpu} D:/FPGA/TSP_RISC-V-2.4/FPGA/pango_cpu/source/uart/uart_axi_lite_wrapper.v
I: Verilog-0001: Analyzing file D:/FPGA/TSP_RISC-V-2.4/FPGA/pango_cpu/source/uart/uart_axi_lite_wrapper.v
I: Found Verilog include file D:/FPGA/TSP_RISC-V-2.4/FPGA/pango_cpu/source/core/defines.v
W: Public-4030: File 'D:/FPGA/TSP_RISC-V-2.4/FPGA/pango_cpu/source/core/defines.v' has been added. It is skipped.
I: Verilog-0002: [D:/FPGA/TSP_RISC-V-2.4/FPGA/pango_cpu/source/uart/uart_axi_lite_wrapper.v(line number: 3)] Analyzing module uart_axi_lite_wrapper (library work)
Parsing done.
Executing : .rtl_analyze -work work -include_path {D:/FPGA/TSP_RISC-V-2.4/FPGA/pango_cpu} D:/FPGA/TSP_RISC-V-2.4/FPGA/pango_cpu/source/uart/uart_axi_lite_wrapper.v successfully.
Executing : .rtl_analyze -work work -include_path {D:/FPGA/TSP_RISC-V-2.4/FPGA/pango_cpu} D:/FPGA/TSP_RISC-V-2.4/FPGA/pango_cpu/source/uart/uart_rx.v
I: Verilog-0001: Analyzing file D:/FPGA/TSP_RISC-V-2.4/FPGA/pango_cpu/source/uart/uart_rx.v
I: Verilog-0002: [D:/FPGA/TSP_RISC-V-2.4/FPGA/pango_cpu/source/uart/uart_rx.v(line number: 32)] Analyzing module uart_rx (library work)
Parsing done.
Executing : .rtl_analyze -work work -include_path {D:/FPGA/TSP_RISC-V-2.4/FPGA/pango_cpu} D:/FPGA/TSP_RISC-V-2.4/FPGA/pango_cpu/source/uart/uart_rx.v successfully.
Executing : .rtl_analyze -work work -include_path {D:/FPGA/TSP_RISC-V-2.4/FPGA/pango_cpu} D:/FPGA/TSP_RISC-V-2.4/FPGA/pango_cpu/source/uart/uart_tx.v
I: Verilog-0001: Analyzing file D:/FPGA/TSP_RISC-V-2.4/FPGA/pango_cpu/source/uart/uart_tx.v
I: Verilog-0002: [D:/FPGA/TSP_RISC-V-2.4/FPGA/pango_cpu/source/uart/uart_tx.v(line number: 32)] Analyzing module uart_tx (library work)
Parsing done.
Executing : .rtl_analyze -work work -include_path {D:/FPGA/TSP_RISC-V-2.4/FPGA/pango_cpu} D:/FPGA/TSP_RISC-V-2.4/FPGA/pango_cpu/source/uart/uart_tx.v successfully.
Executing : .rtl_analyze -work work -include_path {D:/FPGA/TSP_RISC-V-2.4/FPGA/pango_cpu} D:/FPGA/TSP_RISC-V-2.4/FPGA/pango_cpu/source/timer/timer.v
I: Verilog-0001: Analyzing file D:/FPGA/TSP_RISC-V-2.4/FPGA/pango_cpu/source/timer/timer.v
I: Found Verilog include file D:/FPGA/TSP_RISC-V-2.4/FPGA/pango_cpu/source/core/defines.v
W: Public-4030: File 'D:/FPGA/TSP_RISC-V-2.4/FPGA/pango_cpu/source/core/defines.v' has been added. It is skipped.
I: Verilog-0002: [D:/FPGA/TSP_RISC-V-2.4/FPGA/pango_cpu/source/timer/timer.v(line number: 40)] Analyzing module timer (library work)
Parsing done.
Executing : .rtl_analyze -work work -include_path {D:/FPGA/TSP_RISC-V-2.4/FPGA/pango_cpu} D:/FPGA/TSP_RISC-V-2.4/FPGA/pango_cpu/source/timer/timer.v successfully.
Executing : .rtl_analyze -include_path {D:/FPGA/TSP_RISC-V-2.4/FPGA/pango_cpu} D:/FPGA/TSP_RISC-V-2.4/FPGA/pango_cpu/ipcore/sys_pll/sys_pll.v
I: Verilog-0001: Analyzing file D:/FPGA/TSP_RISC-V-2.4/FPGA/pango_cpu/ipcore/sys_pll/sys_pll.v
I: Verilog-0002: [D:/FPGA/TSP_RISC-V-2.4/FPGA/pango_cpu/ipcore/sys_pll/sys_pll.v(line number: 18)] Analyzing module sys_pll (library work)
Parsing done.
Executing : .rtl_analyze -include_path {D:/FPGA/TSP_RISC-V-2.4/FPGA/pango_cpu} D:/FPGA/TSP_RISC-V-2.4/FPGA/pango_cpu/ipcore/sys_pll/sys_pll.v successfully.
Executing : .rtl_analyze -include_path {D:/FPGA/TSP_RISC-V-2.4/FPGA/pango_cpu} D:/FPGA/TSP_RISC-V-2.4/FPGA/pango_cpu/ipcore/IRAM/rtl/ipml_dpram_v1_8_IRAM.v
I: Verilog-0001: Analyzing file D:/FPGA/TSP_RISC-V-2.4/FPGA/pango_cpu/ipcore/IRAM/rtl/ipml_dpram_v1_8_IRAM.v
I: Verilog-0002: [D:/FPGA/TSP_RISC-V-2.4/FPGA/pango_cpu/ipcore/IRAM/rtl/ipml_dpram_v1_8_IRAM.v(line number: 17)] Analyzing module ipml_dpram_v1_8_IRAM (library work)
I: Found Verilog include file D:/FPGA/TSP_RISC-V-2.4/FPGA/pango_cpu/ipcore/IRAM/rtl/IRAM_init_param.v
W: Verilog-2008: [D:/FPGA/TSP_RISC-V-2.4/FPGA/pango_cpu/ipcore/IRAM/rtl/ipml_dpram_v1_8_IRAM.v(line number: 243)] Ignore 'system task' $display
W: Verilog-2008: [D:/FPGA/TSP_RISC-V-2.4/FPGA/pango_cpu/ipcore/IRAM/rtl/ipml_dpram_v1_8_IRAM.v(line number: 244)] Ignore 'system task' $finish
W: Verilog-2008: [D:/FPGA/TSP_RISC-V-2.4/FPGA/pango_cpu/ipcore/IRAM/rtl/ipml_dpram_v1_8_IRAM.v(line number: 247)] Ignore 'system task' $display
W: Verilog-2008: [D:/FPGA/TSP_RISC-V-2.4/FPGA/pango_cpu/ipcore/IRAM/rtl/ipml_dpram_v1_8_IRAM.v(line number: 251)] Ignore 'system task' $display
W: Verilog-2008: [D:/FPGA/TSP_RISC-V-2.4/FPGA/pango_cpu/ipcore/IRAM/rtl/ipml_dpram_v1_8_IRAM.v(line number: 255)] Ignore 'system task' $display
W: Verilog-2008: [D:/FPGA/TSP_RISC-V-2.4/FPGA/pango_cpu/ipcore/IRAM/rtl/ipml_dpram_v1_8_IRAM.v(line number: 259)] Ignore 'system task' $display
W: Verilog-2008: [D:/FPGA/TSP_RISC-V-2.4/FPGA/pango_cpu/ipcore/IRAM/rtl/ipml_dpram_v1_8_IRAM.v(line number: 263)] Ignore 'system task' $display
W: Verilog-2008: [D:/FPGA/TSP_RISC-V-2.4/FPGA/pango_cpu/ipcore/IRAM/rtl/ipml_dpram_v1_8_IRAM.v(line number: 264)] Ignore 'system task' $finish
W: Verilog-2008: [D:/FPGA/TSP_RISC-V-2.4/FPGA/pango_cpu/ipcore/IRAM/rtl/ipml_dpram_v1_8_IRAM.v(line number: 267)] Ignore 'system task' $display
W: Verilog-2008: [D:/FPGA/TSP_RISC-V-2.4/FPGA/pango_cpu/ipcore/IRAM/rtl/ipml_dpram_v1_8_IRAM.v(line number: 268)] Ignore 'system task' $finish
W: Verilog-2008: [D:/FPGA/TSP_RISC-V-2.4/FPGA/pango_cpu/ipcore/IRAM/rtl/ipml_dpram_v1_8_IRAM.v(line number: 271)] Ignore 'system task' $display
W: Verilog-2008: [D:/FPGA/TSP_RISC-V-2.4/FPGA/pango_cpu/ipcore/IRAM/rtl/ipml_dpram_v1_8_IRAM.v(line number: 272)] Ignore 'system task' $finish
W: Verilog-2008: [D:/FPGA/TSP_RISC-V-2.4/FPGA/pango_cpu/ipcore/IRAM/rtl/ipml_dpram_v1_8_IRAM.v(line number: 275)] Ignore 'system task' $display
W: Verilog-2008: [D:/FPGA/TSP_RISC-V-2.4/FPGA/pango_cpu/ipcore/IRAM/rtl/ipml_dpram_v1_8_IRAM.v(line number: 276)] Ignore 'system task' $finish
W: Verilog-2008: [D:/FPGA/TSP_RISC-V-2.4/FPGA/pango_cpu/ipcore/IRAM/rtl/ipml_dpram_v1_8_IRAM.v(line number: 279)] Ignore 'system task' $display
W: Verilog-2008: [D:/FPGA/TSP_RISC-V-2.4/FPGA/pango_cpu/ipcore/IRAM/rtl/ipml_dpram_v1_8_IRAM.v(line number: 280)] Ignore 'system task' $finish
W: Verilog-2008: [D:/FPGA/TSP_RISC-V-2.4/FPGA/pango_cpu/ipcore/IRAM/rtl/ipml_dpram_v1_8_IRAM.v(line number: 283)] Ignore 'system task' $display
W: Verilog-2008: [D:/FPGA/TSP_RISC-V-2.4/FPGA/pango_cpu/ipcore/IRAM/rtl/ipml_dpram_v1_8_IRAM.v(line number: 284)] Ignore 'system task' $finish
W: Verilog-2008: [D:/FPGA/TSP_RISC-V-2.4/FPGA/pango_cpu/ipcore/IRAM/rtl/ipml_dpram_v1_8_IRAM.v(line number: 287)] Ignore 'system task' $display
W: Verilog-2008: [D:/FPGA/TSP_RISC-V-2.4/FPGA/pango_cpu/ipcore/IRAM/rtl/ipml_dpram_v1_8_IRAM.v(line number: 288)] Ignore 'system task' $finish
W: Verilog-2008: [D:/FPGA/TSP_RISC-V-2.4/FPGA/pango_cpu/ipcore/IRAM/rtl/ipml_dpram_v1_8_IRAM.v(line number: 291)] Ignore 'system task' $display
W: Verilog-2008: [D:/FPGA/TSP_RISC-V-2.4/FPGA/pango_cpu/ipcore/IRAM/rtl/ipml_dpram_v1_8_IRAM.v(line number: 292)] Ignore 'system task' $finish
W: Verilog-2008: [D:/FPGA/TSP_RISC-V-2.4/FPGA/pango_cpu/ipcore/IRAM/rtl/ipml_dpram_v1_8_IRAM.v(line number: 295)] Ignore 'system task' $display
W: Verilog-2008: [D:/FPGA/TSP_RISC-V-2.4/FPGA/pango_cpu/ipcore/IRAM/rtl/ipml_dpram_v1_8_IRAM.v(line number: 296)] Ignore 'system task' $finish
W: Verilog-2008: [D:/FPGA/TSP_RISC-V-2.4/FPGA/pango_cpu/ipcore/IRAM/rtl/ipml_dpram_v1_8_IRAM.v(line number: 299)] Ignore 'system task' $display
W: Verilog-2008: [D:/FPGA/TSP_RISC-V-2.4/FPGA/pango_cpu/ipcore/IRAM/rtl/ipml_dpram_v1_8_IRAM.v(line number: 300)] Ignore 'system task' $finish
W: Verilog-2008: [D:/FPGA/TSP_RISC-V-2.4/FPGA/pango_cpu/ipcore/IRAM/rtl/ipml_dpram_v1_8_IRAM.v(line number: 303)] Ignore 'system task' $display
W: Verilog-2008: [D:/FPGA/TSP_RISC-V-2.4/FPGA/pango_cpu/ipcore/IRAM/rtl/ipml_dpram_v1_8_IRAM.v(line number: 304)] Ignore 'system task' $finish
W: Verilog-2008: [D:/FPGA/TSP_RISC-V-2.4/FPGA/pango_cpu/ipcore/IRAM/rtl/ipml_dpram_v1_8_IRAM.v(line number: 307)] Ignore 'system task' $display
W: Verilog-2008: [D:/FPGA/TSP_RISC-V-2.4/FPGA/pango_cpu/ipcore/IRAM/rtl/ipml_dpram_v1_8_IRAM.v(line number: 308)] Ignore 'system task' $finish
W: Verilog-2008: [D:/FPGA/TSP_RISC-V-2.4/FPGA/pango_cpu/ipcore/IRAM/rtl/ipml_dpram_v1_8_IRAM.v(line number: 312)] Ignore 'system task' $display
W: Verilog-2008: [D:/FPGA/TSP_RISC-V-2.4/FPGA/pango_cpu/ipcore/IRAM/rtl/ipml_dpram_v1_8_IRAM.v(line number: 313)] Ignore 'system task' $finish
W: Verilog-2008: [D:/FPGA/TSP_RISC-V-2.4/FPGA/pango_cpu/ipcore/IRAM/rtl/ipml_dpram_v1_8_IRAM.v(line number: 316)] Ignore 'system task' $display
W: Verilog-2008: [D:/FPGA/TSP_RISC-V-2.4/FPGA/pango_cpu/ipcore/IRAM/rtl/ipml_dpram_v1_8_IRAM.v(line number: 317)] Ignore 'system task' $finish
W: Verilog-2008: [D:/FPGA/TSP_RISC-V-2.4/FPGA/pango_cpu/ipcore/IRAM/rtl/ipml_dpram_v1_8_IRAM.v(line number: 321)] Ignore 'system task' $display
W: Verilog-2008: [D:/FPGA/TSP_RISC-V-2.4/FPGA/pango_cpu/ipcore/IRAM/rtl/ipml_dpram_v1_8_IRAM.v(line number: 322)] Ignore 'system task' $finish
W: Verilog-2008: [D:/FPGA/TSP_RISC-V-2.4/FPGA/pango_cpu/ipcore/IRAM/rtl/ipml_dpram_v1_8_IRAM.v(line number: 325)] Ignore 'system task' $display
W: Verilog-2008: [D:/FPGA/TSP_RISC-V-2.4/FPGA/pango_cpu/ipcore/IRAM/rtl/ipml_dpram_v1_8_IRAM.v(line number: 326)] Ignore 'system task' $finish
W: Verilog-2008: [D:/FPGA/TSP_RISC-V-2.4/FPGA/pango_cpu/ipcore/IRAM/rtl/ipml_dpram_v1_8_IRAM.v(line number: 329)] Ignore 'system task' $display
W: Verilog-2008: [D:/FPGA/TSP_RISC-V-2.4/FPGA/pango_cpu/ipcore/IRAM/rtl/ipml_dpram_v1_8_IRAM.v(line number: 333)] Ignore 'system task' $display
W: Verilog-2008: [D:/FPGA/TSP_RISC-V-2.4/FPGA/pango_cpu/ipcore/IRAM/rtl/ipml_dpram_v1_8_IRAM.v(line number: 334)] Ignore 'system task' $finish
W: Verilog-2008: [D:/FPGA/TSP_RISC-V-2.4/FPGA/pango_cpu/ipcore/IRAM/rtl/ipml_dpram_v1_8_IRAM.v(line number: 337)] Ignore 'system task' $display
W: Verilog-2008: [D:/FPGA/TSP_RISC-V-2.4/FPGA/pango_cpu/ipcore/IRAM/rtl/ipml_dpram_v1_8_IRAM.v(line number: 338)] Ignore 'system task' $finish
W: Verilog-2008: [D:/FPGA/TSP_RISC-V-2.4/FPGA/pango_cpu/ipcore/IRAM/rtl/ipml_dpram_v1_8_IRAM.v(line number: 341)] Ignore 'system task' $display
W: Verilog-2008: [D:/FPGA/TSP_RISC-V-2.4/FPGA/pango_cpu/ipcore/IRAM/rtl/ipml_dpram_v1_8_IRAM.v(line number: 342)] Ignore 'system task' $finish
W: Verilog-2008: [D:/FPGA/TSP_RISC-V-2.4/FPGA/pango_cpu/ipcore/IRAM/rtl/ipml_dpram_v1_8_IRAM.v(line number: 345)] Ignore 'system task' $display
W: Verilog-2008: [D:/FPGA/TSP_RISC-V-2.4/FPGA/pango_cpu/ipcore/IRAM/rtl/ipml_dpram_v1_8_IRAM.v(line number: 346)] Ignore 'system task' $finish
W: Verilog-2008: [D:/FPGA/TSP_RISC-V-2.4/FPGA/pango_cpu/ipcore/IRAM/rtl/ipml_dpram_v1_8_IRAM.v(line number: 349)] Ignore 'system task' $display
W: Verilog-2008: [D:/FPGA/TSP_RISC-V-2.4/FPGA/pango_cpu/ipcore/IRAM/rtl/ipml_dpram_v1_8_IRAM.v(line number: 350)] Ignore 'system task' $finish
W: Verilog-2008: [D:/FPGA/TSP_RISC-V-2.4/FPGA/pango_cpu/ipcore/IRAM/rtl/ipml_dpram_v1_8_IRAM.v(line number: 355)] Ignore 'system task' $display
W: Verilog-2008: [D:/FPGA/TSP_RISC-V-2.4/FPGA/pango_cpu/ipcore/IRAM/rtl/ipml_dpram_v1_8_IRAM.v(line number: 356)] Ignore 'system task' $finish
W: Verilog-2008: [D:/FPGA/TSP_RISC-V-2.4/FPGA/pango_cpu/ipcore/IRAM/rtl/ipml_dpram_v1_8_IRAM.v(line number: 359)] Ignore 'system task' $display
W: Verilog-2008: [D:/FPGA/TSP_RISC-V-2.4/FPGA/pango_cpu/ipcore/IRAM/rtl/ipml_dpram_v1_8_IRAM.v(line number: 360)] Ignore 'system task' $finish
W: Verilog-2008: [D:/FPGA/TSP_RISC-V-2.4/FPGA/pango_cpu/ipcore/IRAM/rtl/ipml_dpram_v1_8_IRAM.v(line number: 365)] Ignore 'system task' $display
W: Verilog-2008: [D:/FPGA/TSP_RISC-V-2.4/FPGA/pango_cpu/ipcore/IRAM/rtl/ipml_dpram_v1_8_IRAM.v(line number: 366)] Ignore 'system task' $finish
Parsing done.
Executing : .rtl_analyze -include_path {D:/FPGA/TSP_RISC-V-2.4/FPGA/pango_cpu} D:/FPGA/TSP_RISC-V-2.4/FPGA/pango_cpu/ipcore/IRAM/rtl/ipml_dpram_v1_8_IRAM.v successfully.
Executing : .rtl_analyze -include_path {D:/FPGA/TSP_RISC-V-2.4/FPGA/pango_cpu} D:/FPGA/TSP_RISC-V-2.4/FPGA/pango_cpu/ipcore/IRAM/IRAM.v
I: Verilog-0001: Analyzing file D:/FPGA/TSP_RISC-V-2.4/FPGA/pango_cpu/ipcore/IRAM/IRAM.v
I: Verilog-0002: [D:/FPGA/TSP_RISC-V-2.4/FPGA/pango_cpu/ipcore/IRAM/IRAM.v(line number: 16)] Analyzing module IRAM (library work)
Parsing done.
Executing : .rtl_analyze -include_path {D:/FPGA/TSP_RISC-V-2.4/FPGA/pango_cpu} D:/FPGA/TSP_RISC-V-2.4/FPGA/pango_cpu/ipcore/IRAM/IRAM.v successfully.
Executing : .rtl_analyze -include_path {D:/FPGA/TSP_RISC-V-2.4/FPGA/pango_cpu} D:/FPGA/TSP_RISC-V-2.4/FPGA/pango_cpu/ipcore/SRAM/rtl/ipml_dpram_v1_8_SRAM.v
I: Verilog-0001: Analyzing file D:/FPGA/TSP_RISC-V-2.4/FPGA/pango_cpu/ipcore/SRAM/rtl/ipml_dpram_v1_8_SRAM.v
I: Verilog-0002: [D:/FPGA/TSP_RISC-V-2.4/FPGA/pango_cpu/ipcore/SRAM/rtl/ipml_dpram_v1_8_SRAM.v(line number: 17)] Analyzing module ipml_dpram_v1_8_SRAM (library work)
W: Verilog-2008: [D:/FPGA/TSP_RISC-V-2.4/FPGA/pango_cpu/ipcore/SRAM/rtl/ipml_dpram_v1_8_SRAM.v(line number: 241)] Ignore 'system task' $display
W: Verilog-2008: [D:/FPGA/TSP_RISC-V-2.4/FPGA/pango_cpu/ipcore/SRAM/rtl/ipml_dpram_v1_8_SRAM.v(line number: 242)] Ignore 'system task' $finish
W: Verilog-2008: [D:/FPGA/TSP_RISC-V-2.4/FPGA/pango_cpu/ipcore/SRAM/rtl/ipml_dpram_v1_8_SRAM.v(line number: 245)] Ignore 'system task' $display
W: Verilog-2008: [D:/FPGA/TSP_RISC-V-2.4/FPGA/pango_cpu/ipcore/SRAM/rtl/ipml_dpram_v1_8_SRAM.v(line number: 249)] Ignore 'system task' $display
W: Verilog-2008: [D:/FPGA/TSP_RISC-V-2.4/FPGA/pango_cpu/ipcore/SRAM/rtl/ipml_dpram_v1_8_SRAM.v(line number: 253)] Ignore 'system task' $display
W: Verilog-2008: [D:/FPGA/TSP_RISC-V-2.4/FPGA/pango_cpu/ipcore/SRAM/rtl/ipml_dpram_v1_8_SRAM.v(line number: 257)] Ignore 'system task' $display
W: Verilog-2008: [D:/FPGA/TSP_RISC-V-2.4/FPGA/pango_cpu/ipcore/SRAM/rtl/ipml_dpram_v1_8_SRAM.v(line number: 261)] Ignore 'system task' $display
W: Verilog-2008: [D:/FPGA/TSP_RISC-V-2.4/FPGA/pango_cpu/ipcore/SRAM/rtl/ipml_dpram_v1_8_SRAM.v(line number: 262)] Ignore 'system task' $finish
W: Verilog-2008: [D:/FPGA/TSP_RISC-V-2.4/FPGA/pango_cpu/ipcore/SRAM/rtl/ipml_dpram_v1_8_SRAM.v(line number: 265)] Ignore 'system task' $display
W: Verilog-2008: [D:/FPGA/TSP_RISC-V-2.4/FPGA/pango_cpu/ipcore/SRAM/rtl/ipml_dpram_v1_8_SRAM.v(line number: 266)] Ignore 'system task' $finish
W: Verilog-2008: [D:/FPGA/TSP_RISC-V-2.4/FPGA/pango_cpu/ipcore/SRAM/rtl/ipml_dpram_v1_8_SRAM.v(line number: 269)] Ignore 'system task' $display
W: Verilog-2008: [D:/FPGA/TSP_RISC-V-2.4/FPGA/pango_cpu/ipcore/SRAM/rtl/ipml_dpram_v1_8_SRAM.v(line number: 270)] Ignore 'system task' $finish
W: Verilog-2008: [D:/FPGA/TSP_RISC-V-2.4/FPGA/pango_cpu/ipcore/SRAM/rtl/ipml_dpram_v1_8_SRAM.v(line number: 273)] Ignore 'system task' $display
W: Verilog-2008: [D:/FPGA/TSP_RISC-V-2.4/FPGA/pango_cpu/ipcore/SRAM/rtl/ipml_dpram_v1_8_SRAM.v(line number: 274)] Ignore 'system task' $finish
W: Verilog-2008: [D:/FPGA/TSP_RISC-V-2.4/FPGA/pango_cpu/ipcore/SRAM/rtl/ipml_dpram_v1_8_SRAM.v(line number: 277)] Ignore 'system task' $display
W: Verilog-2008: [D:/FPGA/TSP_RISC-V-2.4/FPGA/pango_cpu/ipcore/SRAM/rtl/ipml_dpram_v1_8_SRAM.v(line number: 278)] Ignore 'system task' $finish
W: Verilog-2008: [D:/FPGA/TSP_RISC-V-2.4/FPGA/pango_cpu/ipcore/SRAM/rtl/ipml_dpram_v1_8_SRAM.v(line number: 281)] Ignore 'system task' $display
W: Verilog-2008: [D:/FPGA/TSP_RISC-V-2.4/FPGA/pango_cpu/ipcore/SRAM/rtl/ipml_dpram_v1_8_SRAM.v(line number: 282)] Ignore 'system task' $finish
W: Verilog-2008: [D:/FPGA/TSP_RISC-V-2.4/FPGA/pango_cpu/ipcore/SRAM/rtl/ipml_dpram_v1_8_SRAM.v(line number: 285)] Ignore 'system task' $display
W: Verilog-2008: [D:/FPGA/TSP_RISC-V-2.4/FPGA/pango_cpu/ipcore/SRAM/rtl/ipml_dpram_v1_8_SRAM.v(line number: 286)] Ignore 'system task' $finish
W: Verilog-2008: [D:/FPGA/TSP_RISC-V-2.4/FPGA/pango_cpu/ipcore/SRAM/rtl/ipml_dpram_v1_8_SRAM.v(line number: 289)] Ignore 'system task' $display
W: Verilog-2008: [D:/FPGA/TSP_RISC-V-2.4/FPGA/pango_cpu/ipcore/SRAM/rtl/ipml_dpram_v1_8_SRAM.v(line number: 290)] Ignore 'system task' $finish
W: Verilog-2008: [D:/FPGA/TSP_RISC-V-2.4/FPGA/pango_cpu/ipcore/SRAM/rtl/ipml_dpram_v1_8_SRAM.v(line number: 293)] Ignore 'system task' $display
W: Verilog-2008: [D:/FPGA/TSP_RISC-V-2.4/FPGA/pango_cpu/ipcore/SRAM/rtl/ipml_dpram_v1_8_SRAM.v(line number: 294)] Ignore 'system task' $finish
W: Verilog-2008: [D:/FPGA/TSP_RISC-V-2.4/FPGA/pango_cpu/ipcore/SRAM/rtl/ipml_dpram_v1_8_SRAM.v(line number: 297)] Ignore 'system task' $display
W: Verilog-2008: [D:/FPGA/TSP_RISC-V-2.4/FPGA/pango_cpu/ipcore/SRAM/rtl/ipml_dpram_v1_8_SRAM.v(line number: 298)] Ignore 'system task' $finish
W: Verilog-2008: [D:/FPGA/TSP_RISC-V-2.4/FPGA/pango_cpu/ipcore/SRAM/rtl/ipml_dpram_v1_8_SRAM.v(line number: 301)] Ignore 'system task' $display
W: Verilog-2008: [D:/FPGA/TSP_RISC-V-2.4/FPGA/pango_cpu/ipcore/SRAM/rtl/ipml_dpram_v1_8_SRAM.v(line number: 302)] Ignore 'system task' $finish
W: Verilog-2008: [D:/FPGA/TSP_RISC-V-2.4/FPGA/pango_cpu/ipcore/SRAM/rtl/ipml_dpram_v1_8_SRAM.v(line number: 305)] Ignore 'system task' $display
W: Verilog-2008: [D:/FPGA/TSP_RISC-V-2.4/FPGA/pango_cpu/ipcore/SRAM/rtl/ipml_dpram_v1_8_SRAM.v(line number: 306)] Ignore 'system task' $finish
W: Verilog-2008: [D:/FPGA/TSP_RISC-V-2.4/FPGA/pango_cpu/ipcore/SRAM/rtl/ipml_dpram_v1_8_SRAM.v(line number: 310)] Ignore 'system task' $display
W: Verilog-2008: [D:/FPGA/TSP_RISC-V-2.4/FPGA/pango_cpu/ipcore/SRAM/rtl/ipml_dpram_v1_8_SRAM.v(line number: 311)] Ignore 'system task' $finish
W: Verilog-2008: [D:/FPGA/TSP_RISC-V-2.4/FPGA/pango_cpu/ipcore/SRAM/rtl/ipml_dpram_v1_8_SRAM.v(line number: 314)] Ignore 'system task' $display
W: Verilog-2008: [D:/FPGA/TSP_RISC-V-2.4/FPGA/pango_cpu/ipcore/SRAM/rtl/ipml_dpram_v1_8_SRAM.v(line number: 315)] Ignore 'system task' $finish
W: Verilog-2008: [D:/FPGA/TSP_RISC-V-2.4/FPGA/pango_cpu/ipcore/SRAM/rtl/ipml_dpram_v1_8_SRAM.v(line number: 319)] Ignore 'system task' $display
W: Verilog-2008: [D:/FPGA/TSP_RISC-V-2.4/FPGA/pango_cpu/ipcore/SRAM/rtl/ipml_dpram_v1_8_SRAM.v(line number: 320)] Ignore 'system task' $finish
W: Verilog-2008: [D:/FPGA/TSP_RISC-V-2.4/FPGA/pango_cpu/ipcore/SRAM/rtl/ipml_dpram_v1_8_SRAM.v(line number: 323)] Ignore 'system task' $display
W: Verilog-2008: [D:/FPGA/TSP_RISC-V-2.4/FPGA/pango_cpu/ipcore/SRAM/rtl/ipml_dpram_v1_8_SRAM.v(line number: 324)] Ignore 'system task' $finish
W: Verilog-2008: [D:/FPGA/TSP_RISC-V-2.4/FPGA/pango_cpu/ipcore/SRAM/rtl/ipml_dpram_v1_8_SRAM.v(line number: 327)] Ignore 'system task' $display
W: Verilog-2008: [D:/FPGA/TSP_RISC-V-2.4/FPGA/pango_cpu/ipcore/SRAM/rtl/ipml_dpram_v1_8_SRAM.v(line number: 331)] Ignore 'system task' $display
W: Verilog-2008: [D:/FPGA/TSP_RISC-V-2.4/FPGA/pango_cpu/ipcore/SRAM/rtl/ipml_dpram_v1_8_SRAM.v(line number: 332)] Ignore 'system task' $finish
W: Verilog-2008: [D:/FPGA/TSP_RISC-V-2.4/FPGA/pango_cpu/ipcore/SRAM/rtl/ipml_dpram_v1_8_SRAM.v(line number: 335)] Ignore 'system task' $display
W: Verilog-2008: [D:/FPGA/TSP_RISC-V-2.4/FPGA/pango_cpu/ipcore/SRAM/rtl/ipml_dpram_v1_8_SRAM.v(line number: 336)] Ignore 'system task' $finish
W: Verilog-2008: [D:/FPGA/TSP_RISC-V-2.4/FPGA/pango_cpu/ipcore/SRAM/rtl/ipml_dpram_v1_8_SRAM.v(line number: 339)] Ignore 'system task' $display
W: Verilog-2008: [D:/FPGA/TSP_RISC-V-2.4/FPGA/pango_cpu/ipcore/SRAM/rtl/ipml_dpram_v1_8_SRAM.v(line number: 340)] Ignore 'system task' $finish
W: Verilog-2008: [D:/FPGA/TSP_RISC-V-2.4/FPGA/pango_cpu/ipcore/SRAM/rtl/ipml_dpram_v1_8_SRAM.v(line number: 343)] Ignore 'system task' $display
W: Verilog-2008: [D:/FPGA/TSP_RISC-V-2.4/FPGA/pango_cpu/ipcore/SRAM/rtl/ipml_dpram_v1_8_SRAM.v(line number: 344)] Ignore 'system task' $finish
W: Verilog-2008: [D:/FPGA/TSP_RISC-V-2.4/FPGA/pango_cpu/ipcore/SRAM/rtl/ipml_dpram_v1_8_SRAM.v(line number: 347)] Ignore 'system task' $display
W: Verilog-2008: [D:/FPGA/TSP_RISC-V-2.4/FPGA/pango_cpu/ipcore/SRAM/rtl/ipml_dpram_v1_8_SRAM.v(line number: 348)] Ignore 'system task' $finish
W: Verilog-2008: [D:/FPGA/TSP_RISC-V-2.4/FPGA/pango_cpu/ipcore/SRAM/rtl/ipml_dpram_v1_8_SRAM.v(line number: 353)] Ignore 'system task' $display
W: Verilog-2008: [D:/FPGA/TSP_RISC-V-2.4/FPGA/pango_cpu/ipcore/SRAM/rtl/ipml_dpram_v1_8_SRAM.v(line number: 354)] Ignore 'system task' $finish
W: Verilog-2008: [D:/FPGA/TSP_RISC-V-2.4/FPGA/pango_cpu/ipcore/SRAM/rtl/ipml_dpram_v1_8_SRAM.v(line number: 357)] Ignore 'system task' $display
W: Verilog-2008: [D:/FPGA/TSP_RISC-V-2.4/FPGA/pango_cpu/ipcore/SRAM/rtl/ipml_dpram_v1_8_SRAM.v(line number: 358)] Ignore 'system task' $finish
W: Verilog-2008: [D:/FPGA/TSP_RISC-V-2.4/FPGA/pango_cpu/ipcore/SRAM/rtl/ipml_dpram_v1_8_SRAM.v(line number: 363)] Ignore 'system task' $display
W: Verilog-2008: [D:/FPGA/TSP_RISC-V-2.4/FPGA/pango_cpu/ipcore/SRAM/rtl/ipml_dpram_v1_8_SRAM.v(line number: 364)] Ignore 'system task' $finish
Parsing done.
Executing : .rtl_analyze -include_path {D:/FPGA/TSP_RISC-V-2.4/FPGA/pango_cpu} D:/FPGA/TSP_RISC-V-2.4/FPGA/pango_cpu/ipcore/SRAM/rtl/ipml_dpram_v1_8_SRAM.v successfully.
Executing : .rtl_analyze -include_path {D:/FPGA/TSP_RISC-V-2.4/FPGA/pango_cpu} D:/FPGA/TSP_RISC-V-2.4/FPGA/pango_cpu/ipcore/SRAM/SRAM.v
I: Verilog-0001: Analyzing file D:/FPGA/TSP_RISC-V-2.4/FPGA/pango_cpu/ipcore/SRAM/SRAM.v
I: Verilog-0002: [D:/FPGA/TSP_RISC-V-2.4/FPGA/pango_cpu/ipcore/SRAM/SRAM.v(line number: 16)] Analyzing module SRAM (library work)
Parsing done.
Executing : .rtl_analyze -include_path {D:/FPGA/TSP_RISC-V-2.4/FPGA/pango_cpu} D:/FPGA/TSP_RISC-V-2.4/FPGA/pango_cpu/ipcore/SRAM/SRAM.v successfully.
I: Module "SoC_Top" is set as top module.
Executing : rtl-analyze successfully. Time elapsed: 1.511s wall, 0.016s user + 0.000s system = 0.016s CPU (1.0%)

Start rtl-elaborate.
I: Verilog-0003: [D:/FPGA/TSP_RISC-V-2.4/FPGA/pango_cpu/source/peripheral/soc_top.v(line number: 3)] Elaborating module SoC_Top
I: Verilog-0004: [D:/FPGA/TSP_RISC-V-2.4/FPGA/pango_cpu/source/peripheral/soc_top.v(line number: 19)] Elaborating instance u_sys_pll
I: Verilog-0003: [D:/FPGA/TSP_RISC-V-2.4/FPGA/pango_cpu/ipcore/sys_pll/sys_pll.v(line number: 18)] Elaborating module sys_pll
I: Verilog-0004: [D:/FPGA/TSP_RISC-V-2.4/FPGA/pango_cpu/ipcore/sys_pll/sys_pll.v(line number: 228)] Elaborating instance u_pll_e3
W: Verilog-2021: [D:/FPGA/TSP_RISC-V-2.4/FPGA/pango_cpu/ipcore/sys_pll/sys_pll.v(line number: 115)] Net clkfb in sys_pll(original module sys_pll) does not have a driver, tie it to 0
W: Verilog-2021: [D:/FPGA/TSP_RISC-V-2.4/FPGA/pango_cpu/ipcore/sys_pll/sys_pll.v(line number: 118)] Net pfden in sys_pll(original module sys_pll) does not have a driver, tie it to 0
W: Verilog-2021: [D:/FPGA/TSP_RISC-V-2.4/FPGA/pango_cpu/ipcore/sys_pll/sys_pll.v(line number: 119)] Net clkout0_gate in sys_pll(original module sys_pll) does not have a driver, tie it to 0
W: Verilog-2021: [D:/FPGA/TSP_RISC-V-2.4/FPGA/pango_cpu/ipcore/sys_pll/sys_pll.v(line number: 120)] Net clkout0_2pad_gate in sys_pll(original module sys_pll) does not have a driver, tie it to 0
W: Verilog-2021: [D:/FPGA/TSP_RISC-V-2.4/FPGA/pango_cpu/ipcore/sys_pll/sys_pll.v(line number: 121)] Net clkout1_gate in sys_pll(original module sys_pll) does not have a driver, tie it to 0
W: Verilog-2021: [D:/FPGA/TSP_RISC-V-2.4/FPGA/pango_cpu/ipcore/sys_pll/sys_pll.v(line number: 122)] Net clkout2_gate in sys_pll(original module sys_pll) does not have a driver, tie it to 0
W: Verilog-2021: [D:/FPGA/TSP_RISC-V-2.4/FPGA/pango_cpu/ipcore/sys_pll/sys_pll.v(line number: 123)] Net clkout3_gate in sys_pll(original module sys_pll) does not have a driver, tie it to 0
W: Verilog-2021: [D:/FPGA/TSP_RISC-V-2.4/FPGA/pango_cpu/ipcore/sys_pll/sys_pll.v(line number: 124)] Net clkout4_gate in sys_pll(original module sys_pll) does not have a driver, tie it to 0
W: Verilog-2021: [D:/FPGA/TSP_RISC-V-2.4/FPGA/pango_cpu/ipcore/sys_pll/sys_pll.v(line number: 125)] Net clkout5_gate in sys_pll(original module sys_pll) does not have a driver, tie it to 0
W: Verilog-2021: [D:/FPGA/TSP_RISC-V-2.4/FPGA/pango_cpu/ipcore/sys_pll/sys_pll.v(line number: 126)] Net dyn_idiv in sys_pll(original module sys_pll) does not have a driver, tie it to 0
W: Verilog-2021: [D:/FPGA/TSP_RISC-V-2.4/FPGA/pango_cpu/ipcore/sys_pll/sys_pll.v(line number: 127)] Net dyn_odiv0 in sys_pll(original module sys_pll) does not have a driver, tie it to 0
W: Verilog-2021: [D:/FPGA/TSP_RISC-V-2.4/FPGA/pango_cpu/ipcore/sys_pll/sys_pll.v(line number: 128)] Net dyn_odiv1 in sys_pll(original module sys_pll) does not have a driver, tie it to 0
W: Verilog-2021: [D:/FPGA/TSP_RISC-V-2.4/FPGA/pango_cpu/ipcore/sys_pll/sys_pll.v(line number: 129)] Net dyn_odiv2 in sys_pll(original module sys_pll) does not have a driver, tie it to 0
W: Verilog-2021: [D:/FPGA/TSP_RISC-V-2.4/FPGA/pango_cpu/ipcore/sys_pll/sys_pll.v(line number: 130)] Net dyn_odiv3 in sys_pll(original module sys_pll) does not have a driver, tie it to 0
W: Verilog-2021: [D:/FPGA/TSP_RISC-V-2.4/FPGA/pango_cpu/ipcore/sys_pll/sys_pll.v(line number: 131)] Net dyn_odiv4 in sys_pll(original module sys_pll) does not have a driver, tie it to 0
W: Verilog-2021: [D:/FPGA/TSP_RISC-V-2.4/FPGA/pango_cpu/ipcore/sys_pll/sys_pll.v(line number: 132)] Net dyn_fdiv in sys_pll(original module sys_pll) does not have a driver, tie it to 0
W: Verilog-2021: [D:/FPGA/TSP_RISC-V-2.4/FPGA/pango_cpu/ipcore/sys_pll/sys_pll.v(line number: 133)] Net dyn_duty0 in sys_pll(original module sys_pll) does not have a driver, tie it to 0
W: Verilog-2021: [D:/FPGA/TSP_RISC-V-2.4/FPGA/pango_cpu/ipcore/sys_pll/sys_pll.v(line number: 134)] Net dyn_duty1 in sys_pll(original module sys_pll) does not have a driver, tie it to 0
W: Verilog-2021: [D:/FPGA/TSP_RISC-V-2.4/FPGA/pango_cpu/ipcore/sys_pll/sys_pll.v(line number: 135)] Net dyn_duty2 in sys_pll(original module sys_pll) does not have a driver, tie it to 0
W: Verilog-2021: [D:/FPGA/TSP_RISC-V-2.4/FPGA/pango_cpu/ipcore/sys_pll/sys_pll.v(line number: 136)] Net dyn_duty3 in sys_pll(original module sys_pll) does not have a driver, tie it to 0
W: Verilog-2021: [D:/FPGA/TSP_RISC-V-2.4/FPGA/pango_cpu/ipcore/sys_pll/sys_pll.v(line number: 137)] Net dyn_duty4 in sys_pll(original module sys_pll) does not have a driver, tie it to 0
I: Verilog-0004: [D:/FPGA/TSP_RISC-V-2.4/FPGA/pango_cpu/source/peripheral/soc_top.v(line number: 120)] Elaborating instance u_TSP_Core
I: Verilog-0003: [D:/FPGA/TSP_RISC-V-2.4/FPGA/pango_cpu/source/core/core.v(line number: 3)] Elaborating module TSP_Core
I: Verilog-0004: [D:/FPGA/TSP_RISC-V-2.4/FPGA/pango_cpu/source/core/core.v(line number: 46)] Elaborating instance u_PC_control
I: Verilog-0003: [D:/FPGA/TSP_RISC-V-2.4/FPGA/pango_cpu/source/core/PC_control.v(line number: 4)] Elaborating module PC_control
I: Verilog-0004: [D:/FPGA/TSP_RISC-V-2.4/FPGA/pango_cpu/source/core/core.v(line number: 69)] Elaborating instance u_TSP_Ifu
I: Verilog-0003: [D:/FPGA/TSP_RISC-V-2.4/FPGA/pango_cpu/source/core/Ifu.v(line number: 3)] Elaborating module TSP_Ifu
I: Verilog-0004: [D:/FPGA/TSP_RISC-V-2.4/FPGA/pango_cpu/source/core/Ifu.v(line number: 116)] Elaborating instance u_Iram
I: Verilog-0003: [D:/FPGA/TSP_RISC-V-2.4/FPGA/pango_cpu/ipcore/IRAM/IRAM.v(line number: 16)] Elaborating module IRAM
I: Verilog-0004: [D:/FPGA/TSP_RISC-V-2.4/FPGA/pango_cpu/ipcore/IRAM/IRAM.v(line number: 206)] Elaborating instance U_ipml_dpram_IRAM
I: Verilog-0003: [D:/FPGA/TSP_RISC-V-2.4/FPGA/pango_cpu/ipcore/IRAM/rtl/ipml_dpram_v1_8_IRAM.v(line number: 17)] Elaborating module ipml_dpram_v1_8_IRAM
I: Module instance {SoC_Top/u_TSP_Core/u_TSP_Ifu/u_Iram/U_ipml_dpram_IRAM} parameter value:
    c_SIM_DEVICE = LOGOS
    c_A_ADDR_WIDTH = 32'b00000000000000000000000000001110
    c_A_DATA_WIDTH = 32'b00000000000000000000000000100000
    c_B_ADDR_WIDTH = 32'b00000000000000000000000000001110
    c_B_DATA_WIDTH = 32'b00000000000000000000000000100000
    c_A_OUTPUT_REG = 32'b00000000000000000000000000000000
    c_A_RD_OCE_EN = 32'b00000000000000000000000000000000
    c_A_ADDR_STROBE_EN = 32'b00000000000000000000000000000000
    c_A_CLK_EN = 32'b00000000000000000000000000000000
    c_B_OUTPUT_REG = 32'b00000000000000000000000000000000
    c_B_RD_OCE_EN = 32'b00000000000000000000000000000000
    c_B_ADDR_STROBE_EN = 32'b00000000000000000000000000000000
    c_B_CLK_EN = 32'b00000000000000000000000000000000
    c_RESET_TYPE = ASYNC_RESET
    c_A_CLK_OR_POL_INV = 32'b00000000000000000000000000000000
    c_B_CLK_OR_POL_INV = 32'b00000000000000000000000000000000
    c_POWER_OPT = 32'b00000000000000000000000000000000
    c_INIT_FILE = NONE
    c_INIT_FORMAT = HEX
    c_WR_BYTE_EN = 32'b00000000000000000000000000000001
    c_A_BE_WIDTH = 32'b00000000000000000000000000000100
    c_B_BE_WIDTH = 32'b00000000000000000000000000000100
    c_A_WRITE_MODE = NORMAL_WRITE
    c_B_WRITE_MODE = NORMAL_WRITE
W: Verilog-2039: [D:/FPGA/TSP_RISC-V-2.4/FPGA/pango_cpu/ipcore/IRAM/rtl/ipml_dpram_v1_8_IRAM.v(line number: 419)] Repeat multiplier in concatenation evaluates to 0
W: Verilog-2039: [D:/FPGA/TSP_RISC-V-2.4/FPGA/pango_cpu/ipcore/IRAM/rtl/ipml_dpram_v1_8_IRAM.v(line number: 421)] Repeat multiplier in concatenation evaluates to 0
W: Verilog-2039: [D:/FPGA/TSP_RISC-V-2.4/FPGA/pango_cpu/ipcore/IRAM/rtl/ipml_dpram_v1_8_IRAM.v(line number: 423)] Repeat multiplier in concatenation evaluates to 0
W: Verilog-2039: [D:/FPGA/TSP_RISC-V-2.4/FPGA/pango_cpu/ipcore/IRAM/rtl/ipml_dpram_v1_8_IRAM.v(line number: 425)] Repeat multiplier in concatenation evaluates to 0
W: Verilog-2039: [D:/FPGA/TSP_RISC-V-2.4/FPGA/pango_cpu/ipcore/IRAM/rtl/ipml_dpram_v1_8_IRAM.v(line number: 428)] Repeat multiplier in concatenation evaluates to 0
W: Verilog-2039: [D:/FPGA/TSP_RISC-V-2.4/FPGA/pango_cpu/ipcore/IRAM/rtl/ipml_dpram_v1_8_IRAM.v(line number: 429)] Repeat multiplier in concatenation evaluates to 0
W: Verilog-2038: [D:/FPGA/TSP_RISC-V-2.4/FPGA/pango_cpu/ipcore/IRAM/rtl/ipml_dpram_v1_8_IRAM.v(line number: 438)] Case condition never applies
W: Verilog-2038: [D:/FPGA/TSP_RISC-V-2.4/FPGA/pango_cpu/ipcore/IRAM/rtl/ipml_dpram_v1_8_IRAM.v(line number: 439)] Case condition never applies
W: Verilog-2038: [D:/FPGA/TSP_RISC-V-2.4/FPGA/pango_cpu/ipcore/IRAM/rtl/ipml_dpram_v1_8_IRAM.v(line number: 440)] Case condition never applies
W: Verilog-2038: [D:/FPGA/TSP_RISC-V-2.4/FPGA/pango_cpu/ipcore/IRAM/rtl/ipml_dpram_v1_8_IRAM.v(line number: 441)] Case condition never applies
W: Verilog-2038: [D:/FPGA/TSP_RISC-V-2.4/FPGA/pango_cpu/ipcore/IRAM/rtl/ipml_dpram_v1_8_IRAM.v(line number: 441)] Case condition never applies
W: Verilog-2038: [D:/FPGA/TSP_RISC-V-2.4/FPGA/pango_cpu/ipcore/IRAM/rtl/ipml_dpram_v1_8_IRAM.v(line number: 438)] Case condition never applies
W: Verilog-2038: [D:/FPGA/TSP_RISC-V-2.4/FPGA/pango_cpu/ipcore/IRAM/rtl/ipml_dpram_v1_8_IRAM.v(line number: 439)] Case condition never applies
W: Verilog-2038: [D:/FPGA/TSP_RISC-V-2.4/FPGA/pango_cpu/ipcore/IRAM/rtl/ipml_dpram_v1_8_IRAM.v(line number: 440)] Case condition never applies
W: Verilog-2038: [D:/FPGA/TSP_RISC-V-2.4/FPGA/pango_cpu/ipcore/IRAM/rtl/ipml_dpram_v1_8_IRAM.v(line number: 441)] Case condition never applies
W: Verilog-2038: [D:/FPGA/TSP_RISC-V-2.4/FPGA/pango_cpu/ipcore/IRAM/rtl/ipml_dpram_v1_8_IRAM.v(line number: 441)] Case condition never applies
W: Verilog-2038: [D:/FPGA/TSP_RISC-V-2.4/FPGA/pango_cpu/ipcore/IRAM/rtl/ipml_dpram_v1_8_IRAM.v(line number: 489)] Case condition never applies
W: Verilog-2038: [D:/FPGA/TSP_RISC-V-2.4/FPGA/pango_cpu/ipcore/IRAM/rtl/ipml_dpram_v1_8_IRAM.v(line number: 490)] Case condition never applies
W: Verilog-2038: [D:/FPGA/TSP_RISC-V-2.4/FPGA/pango_cpu/ipcore/IRAM/rtl/ipml_dpram_v1_8_IRAM.v(line number: 491)] Case condition never applies
W: Verilog-2038: [D:/FPGA/TSP_RISC-V-2.4/FPGA/pango_cpu/ipcore/IRAM/rtl/ipml_dpram_v1_8_IRAM.v(line number: 492)] Case condition never applies
W: Verilog-2038: [D:/FPGA/TSP_RISC-V-2.4/FPGA/pango_cpu/ipcore/IRAM/rtl/ipml_dpram_v1_8_IRAM.v(line number: 492)] Case condition never applies
W: Verilog-2038: [D:/FPGA/TSP_RISC-V-2.4/FPGA/pango_cpu/ipcore/IRAM/rtl/ipml_dpram_v1_8_IRAM.v(line number: 489)] Case condition never applies
W: Verilog-2038: [D:/FPGA/TSP_RISC-V-2.4/FPGA/pango_cpu/ipcore/IRAM/rtl/ipml_dpram_v1_8_IRAM.v(line number: 490)] Case condition never applies
W: Verilog-2038: [D:/FPGA/TSP_RISC-V-2.4/FPGA/pango_cpu/ipcore/IRAM/rtl/ipml_dpram_v1_8_IRAM.v(line number: 491)] Case condition never applies
W: Verilog-2038: [D:/FPGA/TSP_RISC-V-2.4/FPGA/pango_cpu/ipcore/IRAM/rtl/ipml_dpram_v1_8_IRAM.v(line number: 492)] Case condition never applies
W: Verilog-2038: [D:/FPGA/TSP_RISC-V-2.4/FPGA/pango_cpu/ipcore/IRAM/rtl/ipml_dpram_v1_8_IRAM.v(line number: 492)] Case condition never applies
I: Verilog-0004: [D:/FPGA/TSP_RISC-V-2.4/FPGA/pango_cpu/ipcore/IRAM/rtl/ipml_dpram_v1_8_IRAM.v(line number: 760)] Elaborating instance U_GTP_DRM18K
I: Verilog-0004: [D:/FPGA/TSP_RISC-V-2.4/FPGA/pango_cpu/ipcore/IRAM/rtl/ipml_dpram_v1_8_IRAM.v(line number: 760)] Elaborating instance U_GTP_DRM18K
I: Verilog-0004: [D:/FPGA/TSP_RISC-V-2.4/FPGA/pango_cpu/ipcore/IRAM/rtl/ipml_dpram_v1_8_IRAM.v(line number: 760)] Elaborating instance U_GTP_DRM18K
I: Verilog-0004: [D:/FPGA/TSP_RISC-V-2.4/FPGA/pango_cpu/ipcore/IRAM/rtl/ipml_dpram_v1_8_IRAM.v(line number: 760)] Elaborating instance U_GTP_DRM18K
I: Verilog-0004: [D:/FPGA/TSP_RISC-V-2.4/FPGA/pango_cpu/ipcore/IRAM/rtl/ipml_dpram_v1_8_IRAM.v(line number: 760)] Elaborating instance U_GTP_DRM18K
I: Verilog-0004: [D:/FPGA/TSP_RISC-V-2.4/FPGA/pango_cpu/ipcore/IRAM/rtl/ipml_dpram_v1_8_IRAM.v(line number: 760)] Elaborating instance U_GTP_DRM18K
I: Verilog-0004: [D:/FPGA/TSP_RISC-V-2.4/FPGA/pango_cpu/ipcore/IRAM/rtl/ipml_dpram_v1_8_IRAM.v(line number: 760)] Elaborating instance U_GTP_DRM18K
I: Verilog-0004: [D:/FPGA/TSP_RISC-V-2.4/FPGA/pango_cpu/ipcore/IRAM/rtl/ipml_dpram_v1_8_IRAM.v(line number: 760)] Elaborating instance U_GTP_DRM18K
I: Verilog-0004: [D:/FPGA/TSP_RISC-V-2.4/FPGA/pango_cpu/ipcore/IRAM/rtl/ipml_dpram_v1_8_IRAM.v(line number: 760)] Elaborating instance U_GTP_DRM18K
I: Verilog-0004: [D:/FPGA/TSP_RISC-V-2.4/FPGA/pango_cpu/ipcore/IRAM/rtl/ipml_dpram_v1_8_IRAM.v(line number: 760)] Elaborating instance U_GTP_DRM18K
I: Verilog-0004: [D:/FPGA/TSP_RISC-V-2.4/FPGA/pango_cpu/ipcore/IRAM/rtl/ipml_dpram_v1_8_IRAM.v(line number: 760)] Elaborating instance U_GTP_DRM18K
I: Verilog-0004: [D:/FPGA/TSP_RISC-V-2.4/FPGA/pango_cpu/ipcore/IRAM/rtl/ipml_dpram_v1_8_IRAM.v(line number: 760)] Elaborating instance U_GTP_DRM18K
I: Verilog-0004: [D:/FPGA/TSP_RISC-V-2.4/FPGA/pango_cpu/ipcore/IRAM/rtl/ipml_dpram_v1_8_IRAM.v(line number: 760)] Elaborating instance U_GTP_DRM18K
I: Verilog-0004: [D:/FPGA/TSP_RISC-V-2.4/FPGA/pango_cpu/ipcore/IRAM/rtl/ipml_dpram_v1_8_IRAM.v(line number: 760)] Elaborating instance U_GTP_DRM18K
I: Verilog-0004: [D:/FPGA/TSP_RISC-V-2.4/FPGA/pango_cpu/ipcore/IRAM/rtl/ipml_dpram_v1_8_IRAM.v(line number: 760)] Elaborating instance U_GTP_DRM18K
I: Verilog-0004: [D:/FPGA/TSP_RISC-V-2.4/FPGA/pango_cpu/ipcore/IRAM/rtl/ipml_dpram_v1_8_IRAM.v(line number: 760)] Elaborating instance U_GTP_DRM18K
I: Verilog-0004: [D:/FPGA/TSP_RISC-V-2.4/FPGA/pango_cpu/ipcore/IRAM/rtl/ipml_dpram_v1_8_IRAM.v(line number: 760)] Elaborating instance U_GTP_DRM18K
I: Verilog-0004: [D:/FPGA/TSP_RISC-V-2.4/FPGA/pango_cpu/ipcore/IRAM/rtl/ipml_dpram_v1_8_IRAM.v(line number: 760)] Elaborating instance U_GTP_DRM18K
I: Verilog-0004: [D:/FPGA/TSP_RISC-V-2.4/FPGA/pango_cpu/ipcore/IRAM/rtl/ipml_dpram_v1_8_IRAM.v(line number: 760)] Elaborating instance U_GTP_DRM18K
I: Verilog-0004: [D:/FPGA/TSP_RISC-V-2.4/FPGA/pango_cpu/ipcore/IRAM/rtl/ipml_dpram_v1_8_IRAM.v(line number: 760)] Elaborating instance U_GTP_DRM18K
I: Verilog-0004: [D:/FPGA/TSP_RISC-V-2.4/FPGA/pango_cpu/ipcore/IRAM/rtl/ipml_dpram_v1_8_IRAM.v(line number: 760)] Elaborating instance U_GTP_DRM18K
I: Verilog-0004: [D:/FPGA/TSP_RISC-V-2.4/FPGA/pango_cpu/ipcore/IRAM/rtl/ipml_dpram_v1_8_IRAM.v(line number: 760)] Elaborating instance U_GTP_DRM18K
I: Verilog-0004: [D:/FPGA/TSP_RISC-V-2.4/FPGA/pango_cpu/ipcore/IRAM/rtl/ipml_dpram_v1_8_IRAM.v(line number: 760)] Elaborating instance U_GTP_DRM18K
I: Verilog-0004: [D:/FPGA/TSP_RISC-V-2.4/FPGA/pango_cpu/ipcore/IRAM/rtl/ipml_dpram_v1_8_IRAM.v(line number: 760)] Elaborating instance U_GTP_DRM18K
I: Verilog-0004: [D:/FPGA/TSP_RISC-V-2.4/FPGA/pango_cpu/ipcore/IRAM/rtl/ipml_dpram_v1_8_IRAM.v(line number: 760)] Elaborating instance U_GTP_DRM18K
I: Verilog-0004: [D:/FPGA/TSP_RISC-V-2.4/FPGA/pango_cpu/ipcore/IRAM/rtl/ipml_dpram_v1_8_IRAM.v(line number: 760)] Elaborating instance U_GTP_DRM18K
I: Verilog-0004: [D:/FPGA/TSP_RISC-V-2.4/FPGA/pango_cpu/ipcore/IRAM/rtl/ipml_dpram_v1_8_IRAM.v(line number: 760)] Elaborating instance U_GTP_DRM18K
I: Verilog-0004: [D:/FPGA/TSP_RISC-V-2.4/FPGA/pango_cpu/ipcore/IRAM/rtl/ipml_dpram_v1_8_IRAM.v(line number: 760)] Elaborating instance U_GTP_DRM18K
I: Verilog-0004: [D:/FPGA/TSP_RISC-V-2.4/FPGA/pango_cpu/ipcore/IRAM/rtl/ipml_dpram_v1_8_IRAM.v(line number: 760)] Elaborating instance U_GTP_DRM18K
I: Verilog-0004: [D:/FPGA/TSP_RISC-V-2.4/FPGA/pango_cpu/ipcore/IRAM/rtl/ipml_dpram_v1_8_IRAM.v(line number: 760)] Elaborating instance U_GTP_DRM18K
I: Verilog-0004: [D:/FPGA/TSP_RISC-V-2.4/FPGA/pango_cpu/ipcore/IRAM/rtl/ipml_dpram_v1_8_IRAM.v(line number: 760)] Elaborating instance U_GTP_DRM18K
I: Verilog-0004: [D:/FPGA/TSP_RISC-V-2.4/FPGA/pango_cpu/ipcore/IRAM/rtl/ipml_dpram_v1_8_IRAM.v(line number: 760)] Elaborating instance U_GTP_DRM18K
W: Verilog-2020: [D:/FPGA/TSP_RISC-V-2.4/FPGA/pango_cpu/ipcore/IRAM/rtl/ipml_dpram_v1_8_IRAM.v(line number: 644)] Net DA_bus[8] in ipml_dpram_v1_8_IRAM(original module ipml_dpram_v1_8_IRAM) does not have a driver, tie it to 0
W: Verilog-2020: [D:/FPGA/TSP_RISC-V-2.4/FPGA/pango_cpu/ipcore/IRAM/rtl/ipml_dpram_v1_8_IRAM.v(line number: 644)] Net DA_bus[17] in ipml_dpram_v1_8_IRAM(original module ipml_dpram_v1_8_IRAM) does not have a driver, tie it to 0
W: Verilog-2020: [D:/FPGA/TSP_RISC-V-2.4/FPGA/pango_cpu/ipcore/IRAM/rtl/ipml_dpram_v1_8_IRAM.v(line number: 644)] Net DA_bus[26] in ipml_dpram_v1_8_IRAM(original module ipml_dpram_v1_8_IRAM) does not have a driver, tie it to 0
W: Verilog-2020: [D:/FPGA/TSP_RISC-V-2.4/FPGA/pango_cpu/ipcore/IRAM/rtl/ipml_dpram_v1_8_IRAM.v(line number: 644)] Net DA_bus[35] in ipml_dpram_v1_8_IRAM(original module ipml_dpram_v1_8_IRAM) does not have a driver, tie it to 0
W: Verilog-2020: [D:/FPGA/TSP_RISC-V-2.4/FPGA/pango_cpu/ipcore/IRAM/rtl/ipml_dpram_v1_8_IRAM.v(line number: 645)] Net DB_bus[8] in ipml_dpram_v1_8_IRAM(original module ipml_dpram_v1_8_IRAM) does not have a driver, tie it to 0
W: Verilog-2020: [D:/FPGA/TSP_RISC-V-2.4/FPGA/pango_cpu/ipcore/IRAM/rtl/ipml_dpram_v1_8_IRAM.v(line number: 645)] Net DB_bus[17] in ipml_dpram_v1_8_IRAM(original module ipml_dpram_v1_8_IRAM) does not have a driver, tie it to 0
W: Verilog-2020: [D:/FPGA/TSP_RISC-V-2.4/FPGA/pango_cpu/ipcore/IRAM/rtl/ipml_dpram_v1_8_IRAM.v(line number: 645)] Net DB_bus[26] in ipml_dpram_v1_8_IRAM(original module ipml_dpram_v1_8_IRAM) does not have a driver, tie it to 0
W: Verilog-2020: [D:/FPGA/TSP_RISC-V-2.4/FPGA/pango_cpu/ipcore/IRAM/rtl/ipml_dpram_v1_8_IRAM.v(line number: 645)] Net DB_bus[35] in ipml_dpram_v1_8_IRAM(original module ipml_dpram_v1_8_IRAM) does not have a driver, tie it to 0
I: Verilog-0004: [D:/FPGA/TSP_RISC-V-2.4/FPGA/pango_cpu/source/core/core.v(line number: 130)] Elaborating instance u_TSP_Idec
I: Verilog-0003: [D:/FPGA/TSP_RISC-V-2.4/FPGA/pango_cpu/source/core/idec.v(line number: 6)] Elaborating module TSP_Idec
I: Verilog-0004: [D:/FPGA/TSP_RISC-V-2.4/FPGA/pango_cpu/source/core/core.v(line number: 178)] Elaborating instance u_TSP_Regfiles
I: Verilog-0003: [D:/FPGA/TSP_RISC-V-2.4/FPGA/pango_cpu/source/core/regfiles.v(line number: 3)] Elaborating module TSP_Regfiles
I: Verilog-0004: [D:/FPGA/TSP_RISC-V-2.4/FPGA/pango_cpu/source/core/regfiles.v(line number: 26)] Elaborating instance RV32I_reg_i
I: Verilog-0003: [D:/FPGA/TSP_RISC-V-2.4/FPGA/pango_cpu/source/core/dff.v(line number: 4)] Elaborating module REGs_WLWR
I: Module instance {SoC_Top/u_TSP_Core/u_TSP_Regfiles/x1_31[1].RV32I_reg_i} parameter value:
    RW = 32'b00000000000000000000000000100000
    RST_VAL = 32'b00000000000000000000000000000000
I: Verilog-0004: [D:/FPGA/TSP_RISC-V-2.4/FPGA/pango_cpu/source/core/regfiles.v(line number: 26)] Elaborating instance RV32I_reg_i
I: Verilog-0003: [D:/FPGA/TSP_RISC-V-2.4/FPGA/pango_cpu/source/core/dff.v(line number: 4)] Elaborating module REGs_WLWR
I: Module instance {SoC_Top/u_TSP_Core/u_TSP_Regfiles/x1_31[2].RV32I_reg_i} parameter value:
    RW = 32'b00000000000000000000000000100000
    RST_VAL = 32'b00000000000000000000000000000000
I: Verilog-0004: [D:/FPGA/TSP_RISC-V-2.4/FPGA/pango_cpu/source/core/regfiles.v(line number: 26)] Elaborating instance RV32I_reg_i
I: Verilog-0003: [D:/FPGA/TSP_RISC-V-2.4/FPGA/pango_cpu/source/core/dff.v(line number: 4)] Elaborating module REGs_WLWR
I: Module instance {SoC_Top/u_TSP_Core/u_TSP_Regfiles/x1_31[3].RV32I_reg_i} parameter value:
    RW = 32'b00000000000000000000000000100000
    RST_VAL = 32'b00000000000000000000000000000000
I: Verilog-0004: [D:/FPGA/TSP_RISC-V-2.4/FPGA/pango_cpu/source/core/regfiles.v(line number: 26)] Elaborating instance RV32I_reg_i
I: Verilog-0003: [D:/FPGA/TSP_RISC-V-2.4/FPGA/pango_cpu/source/core/dff.v(line number: 4)] Elaborating module REGs_WLWR
I: Module instance {SoC_Top/u_TSP_Core/u_TSP_Regfiles/x1_31[4].RV32I_reg_i} parameter value:
    RW = 32'b00000000000000000000000000100000
    RST_VAL = 32'b00000000000000000000000000000000
I: Verilog-0004: [D:/FPGA/TSP_RISC-V-2.4/FPGA/pango_cpu/source/core/regfiles.v(line number: 26)] Elaborating instance RV32I_reg_i
I: Verilog-0003: [D:/FPGA/TSP_RISC-V-2.4/FPGA/pango_cpu/source/core/dff.v(line number: 4)] Elaborating module REGs_WLWR
I: Module instance {SoC_Top/u_TSP_Core/u_TSP_Regfiles/x1_31[5].RV32I_reg_i} parameter value:
    RW = 32'b00000000000000000000000000100000
    RST_VAL = 32'b00000000000000000000000000000000
I: Verilog-0004: [D:/FPGA/TSP_RISC-V-2.4/FPGA/pango_cpu/source/core/regfiles.v(line number: 26)] Elaborating instance RV32I_reg_i
I: Verilog-0003: [D:/FPGA/TSP_RISC-V-2.4/FPGA/pango_cpu/source/core/dff.v(line number: 4)] Elaborating module REGs_WLWR
I: Module instance {SoC_Top/u_TSP_Core/u_TSP_Regfiles/x1_31[6].RV32I_reg_i} parameter value:
    RW = 32'b00000000000000000000000000100000
    RST_VAL = 32'b00000000000000000000000000000000
I: Verilog-0004: [D:/FPGA/TSP_RISC-V-2.4/FPGA/pango_cpu/source/core/regfiles.v(line number: 26)] Elaborating instance RV32I_reg_i
I: Verilog-0003: [D:/FPGA/TSP_RISC-V-2.4/FPGA/pango_cpu/source/core/dff.v(line number: 4)] Elaborating module REGs_WLWR
I: Module instance {SoC_Top/u_TSP_Core/u_TSP_Regfiles/x1_31[7].RV32I_reg_i} parameter value:
    RW = 32'b00000000000000000000000000100000
    RST_VAL = 32'b00000000000000000000000000000000
I: Verilog-0004: [D:/FPGA/TSP_RISC-V-2.4/FPGA/pango_cpu/source/core/regfiles.v(line number: 26)] Elaborating instance RV32I_reg_i
I: Verilog-0003: [D:/FPGA/TSP_RISC-V-2.4/FPGA/pango_cpu/source/core/dff.v(line number: 4)] Elaborating module REGs_WLWR
I: Module instance {SoC_Top/u_TSP_Core/u_TSP_Regfiles/x1_31[8].RV32I_reg_i} parameter value:
    RW = 32'b00000000000000000000000000100000
    RST_VAL = 32'b00000000000000000000000000000000
I: Verilog-0004: [D:/FPGA/TSP_RISC-V-2.4/FPGA/pango_cpu/source/core/regfiles.v(line number: 26)] Elaborating instance RV32I_reg_i
I: Verilog-0003: [D:/FPGA/TSP_RISC-V-2.4/FPGA/pango_cpu/source/core/dff.v(line number: 4)] Elaborating module REGs_WLWR
I: Module instance {SoC_Top/u_TSP_Core/u_TSP_Regfiles/x1_31[9].RV32I_reg_i} parameter value:
    RW = 32'b00000000000000000000000000100000
    RST_VAL = 32'b00000000000000000000000000000000
I: Verilog-0004: [D:/FPGA/TSP_RISC-V-2.4/FPGA/pango_cpu/source/core/regfiles.v(line number: 26)] Elaborating instance RV32I_reg_i
I: Verilog-0003: [D:/FPGA/TSP_RISC-V-2.4/FPGA/pango_cpu/source/core/dff.v(line number: 4)] Elaborating module REGs_WLWR
I: Module instance {SoC_Top/u_TSP_Core/u_TSP_Regfiles/x1_31[10].RV32I_reg_i} parameter value:
    RW = 32'b00000000000000000000000000100000
    RST_VAL = 32'b00000000000000000000000000000000
I: Verilog-0004: [D:/FPGA/TSP_RISC-V-2.4/FPGA/pango_cpu/source/core/regfiles.v(line number: 26)] Elaborating instance RV32I_reg_i
I: Verilog-0003: [D:/FPGA/TSP_RISC-V-2.4/FPGA/pango_cpu/source/core/dff.v(line number: 4)] Elaborating module REGs_WLWR
I: Module instance {SoC_Top/u_TSP_Core/u_TSP_Regfiles/x1_31[11].RV32I_reg_i} parameter value:
    RW = 32'b00000000000000000000000000100000
    RST_VAL = 32'b00000000000000000000000000000000
I: Verilog-0004: [D:/FPGA/TSP_RISC-V-2.4/FPGA/pango_cpu/source/core/regfiles.v(line number: 26)] Elaborating instance RV32I_reg_i
I: Verilog-0003: [D:/FPGA/TSP_RISC-V-2.4/FPGA/pango_cpu/source/core/dff.v(line number: 4)] Elaborating module REGs_WLWR
I: Module instance {SoC_Top/u_TSP_Core/u_TSP_Regfiles/x1_31[12].RV32I_reg_i} parameter value:
    RW = 32'b00000000000000000000000000100000
    RST_VAL = 32'b00000000000000000000000000000000
I: Verilog-0004: [D:/FPGA/TSP_RISC-V-2.4/FPGA/pango_cpu/source/core/regfiles.v(line number: 26)] Elaborating instance RV32I_reg_i
I: Verilog-0003: [D:/FPGA/TSP_RISC-V-2.4/FPGA/pango_cpu/source/core/dff.v(line number: 4)] Elaborating module REGs_WLWR
I: Module instance {SoC_Top/u_TSP_Core/u_TSP_Regfiles/x1_31[13].RV32I_reg_i} parameter value:
    RW = 32'b00000000000000000000000000100000
    RST_VAL = 32'b00000000000000000000000000000000
I: Verilog-0004: [D:/FPGA/TSP_RISC-V-2.4/FPGA/pango_cpu/source/core/regfiles.v(line number: 26)] Elaborating instance RV32I_reg_i
I: Verilog-0003: [D:/FPGA/TSP_RISC-V-2.4/FPGA/pango_cpu/source/core/dff.v(line number: 4)] Elaborating module REGs_WLWR
I: Module instance {SoC_Top/u_TSP_Core/u_TSP_Regfiles/x1_31[14].RV32I_reg_i} parameter value:
    RW = 32'b00000000000000000000000000100000
    RST_VAL = 32'b00000000000000000000000000000000
I: Verilog-0004: [D:/FPGA/TSP_RISC-V-2.4/FPGA/pango_cpu/source/core/regfiles.v(line number: 26)] Elaborating instance RV32I_reg_i
I: Verilog-0003: [D:/FPGA/TSP_RISC-V-2.4/FPGA/pango_cpu/source/core/dff.v(line number: 4)] Elaborating module REGs_WLWR
I: Module instance {SoC_Top/u_TSP_Core/u_TSP_Regfiles/x1_31[15].RV32I_reg_i} parameter value:
    RW = 32'b00000000000000000000000000100000
    RST_VAL = 32'b00000000000000000000000000000000
I: Verilog-0004: [D:/FPGA/TSP_RISC-V-2.4/FPGA/pango_cpu/source/core/regfiles.v(line number: 26)] Elaborating instance RV32I_reg_i
I: Verilog-0003: [D:/FPGA/TSP_RISC-V-2.4/FPGA/pango_cpu/source/core/dff.v(line number: 4)] Elaborating module REGs_WLWR
I: Module instance {SoC_Top/u_TSP_Core/u_TSP_Regfiles/x1_31[16].RV32I_reg_i} parameter value:
    RW = 32'b00000000000000000000000000100000
    RST_VAL = 32'b00000000000000000000000000000000
I: Verilog-0004: [D:/FPGA/TSP_RISC-V-2.4/FPGA/pango_cpu/source/core/regfiles.v(line number: 26)] Elaborating instance RV32I_reg_i
I: Verilog-0003: [D:/FPGA/TSP_RISC-V-2.4/FPGA/pango_cpu/source/core/dff.v(line number: 4)] Elaborating module REGs_WLWR
I: Module instance {SoC_Top/u_TSP_Core/u_TSP_Regfiles/x1_31[17].RV32I_reg_i} parameter value:
    RW = 32'b00000000000000000000000000100000
    RST_VAL = 32'b00000000000000000000000000000000
I: Verilog-0004: [D:/FPGA/TSP_RISC-V-2.4/FPGA/pango_cpu/source/core/regfiles.v(line number: 26)] Elaborating instance RV32I_reg_i
I: Verilog-0003: [D:/FPGA/TSP_RISC-V-2.4/FPGA/pango_cpu/source/core/dff.v(line number: 4)] Elaborating module REGs_WLWR
I: Module instance {SoC_Top/u_TSP_Core/u_TSP_Regfiles/x1_31[18].RV32I_reg_i} parameter value:
    RW = 32'b00000000000000000000000000100000
    RST_VAL = 32'b00000000000000000000000000000000
I: Verilog-0004: [D:/FPGA/TSP_RISC-V-2.4/FPGA/pango_cpu/source/core/regfiles.v(line number: 26)] Elaborating instance RV32I_reg_i
I: Verilog-0003: [D:/FPGA/TSP_RISC-V-2.4/FPGA/pango_cpu/source/core/dff.v(line number: 4)] Elaborating module REGs_WLWR
I: Module instance {SoC_Top/u_TSP_Core/u_TSP_Regfiles/x1_31[19].RV32I_reg_i} parameter value:
    RW = 32'b00000000000000000000000000100000
    RST_VAL = 32'b00000000000000000000000000000000
I: Verilog-0004: [D:/FPGA/TSP_RISC-V-2.4/FPGA/pango_cpu/source/core/regfiles.v(line number: 26)] Elaborating instance RV32I_reg_i
I: Verilog-0003: [D:/FPGA/TSP_RISC-V-2.4/FPGA/pango_cpu/source/core/dff.v(line number: 4)] Elaborating module REGs_WLWR
I: Module instance {SoC_Top/u_TSP_Core/u_TSP_Regfiles/x1_31[20].RV32I_reg_i} parameter value:
    RW = 32'b00000000000000000000000000100000
    RST_VAL = 32'b00000000000000000000000000000000
I: Verilog-0004: [D:/FPGA/TSP_RISC-V-2.4/FPGA/pango_cpu/source/core/regfiles.v(line number: 26)] Elaborating instance RV32I_reg_i
I: Verilog-0003: [D:/FPGA/TSP_RISC-V-2.4/FPGA/pango_cpu/source/core/dff.v(line number: 4)] Elaborating module REGs_WLWR
I: Module instance {SoC_Top/u_TSP_Core/u_TSP_Regfiles/x1_31[21].RV32I_reg_i} parameter value:
    RW = 32'b00000000000000000000000000100000
    RST_VAL = 32'b00000000000000000000000000000000
I: Verilog-0004: [D:/FPGA/TSP_RISC-V-2.4/FPGA/pango_cpu/source/core/regfiles.v(line number: 26)] Elaborating instance RV32I_reg_i
I: Verilog-0003: [D:/FPGA/TSP_RISC-V-2.4/FPGA/pango_cpu/source/core/dff.v(line number: 4)] Elaborating module REGs_WLWR
I: Module instance {SoC_Top/u_TSP_Core/u_TSP_Regfiles/x1_31[22].RV32I_reg_i} parameter value:
    RW = 32'b00000000000000000000000000100000
    RST_VAL = 32'b00000000000000000000000000000000
I: Verilog-0004: [D:/FPGA/TSP_RISC-V-2.4/FPGA/pango_cpu/source/core/regfiles.v(line number: 26)] Elaborating instance RV32I_reg_i
I: Verilog-0003: [D:/FPGA/TSP_RISC-V-2.4/FPGA/pango_cpu/source/core/dff.v(line number: 4)] Elaborating module REGs_WLWR
I: Module instance {SoC_Top/u_TSP_Core/u_TSP_Regfiles/x1_31[23].RV32I_reg_i} parameter value:
    RW = 32'b00000000000000000000000000100000
    RST_VAL = 32'b00000000000000000000000000000000
I: Verilog-0004: [D:/FPGA/TSP_RISC-V-2.4/FPGA/pango_cpu/source/core/regfiles.v(line number: 26)] Elaborating instance RV32I_reg_i
I: Verilog-0003: [D:/FPGA/TSP_RISC-V-2.4/FPGA/pango_cpu/source/core/dff.v(line number: 4)] Elaborating module REGs_WLWR
I: Module instance {SoC_Top/u_TSP_Core/u_TSP_Regfiles/x1_31[24].RV32I_reg_i} parameter value:
    RW = 32'b00000000000000000000000000100000
    RST_VAL = 32'b00000000000000000000000000000000
I: Verilog-0004: [D:/FPGA/TSP_RISC-V-2.4/FPGA/pango_cpu/source/core/regfiles.v(line number: 26)] Elaborating instance RV32I_reg_i
I: Verilog-0003: [D:/FPGA/TSP_RISC-V-2.4/FPGA/pango_cpu/source/core/dff.v(line number: 4)] Elaborating module REGs_WLWR
I: Module instance {SoC_Top/u_TSP_Core/u_TSP_Regfiles/x1_31[25].RV32I_reg_i} parameter value:
    RW = 32'b00000000000000000000000000100000
    RST_VAL = 32'b00000000000000000000000000000000
I: Verilog-0004: [D:/FPGA/TSP_RISC-V-2.4/FPGA/pango_cpu/source/core/regfiles.v(line number: 26)] Elaborating instance RV32I_reg_i
I: Verilog-0003: [D:/FPGA/TSP_RISC-V-2.4/FPGA/pango_cpu/source/core/dff.v(line number: 4)] Elaborating module REGs_WLWR
I: Module instance {SoC_Top/u_TSP_Core/u_TSP_Regfiles/x1_31[26].RV32I_reg_i} parameter value:
    RW = 32'b00000000000000000000000000100000
    RST_VAL = 32'b00000000000000000000000000000000
I: Verilog-0004: [D:/FPGA/TSP_RISC-V-2.4/FPGA/pango_cpu/source/core/regfiles.v(line number: 26)] Elaborating instance RV32I_reg_i
I: Verilog-0003: [D:/FPGA/TSP_RISC-V-2.4/FPGA/pango_cpu/source/core/dff.v(line number: 4)] Elaborating module REGs_WLWR
I: Module instance {SoC_Top/u_TSP_Core/u_TSP_Regfiles/x1_31[27].RV32I_reg_i} parameter value:
    RW = 32'b00000000000000000000000000100000
    RST_VAL = 32'b00000000000000000000000000000000
I: Verilog-0004: [D:/FPGA/TSP_RISC-V-2.4/FPGA/pango_cpu/source/core/regfiles.v(line number: 26)] Elaborating instance RV32I_reg_i
I: Verilog-0003: [D:/FPGA/TSP_RISC-V-2.4/FPGA/pango_cpu/source/core/dff.v(line number: 4)] Elaborating module REGs_WLWR
I: Module instance {SoC_Top/u_TSP_Core/u_TSP_Regfiles/x1_31[28].RV32I_reg_i} parameter value:
    RW = 32'b00000000000000000000000000100000
    RST_VAL = 32'b00000000000000000000000000000000
I: Verilog-0004: [D:/FPGA/TSP_RISC-V-2.4/FPGA/pango_cpu/source/core/regfiles.v(line number: 26)] Elaborating instance RV32I_reg_i
I: Verilog-0003: [D:/FPGA/TSP_RISC-V-2.4/FPGA/pango_cpu/source/core/dff.v(line number: 4)] Elaborating module REGs_WLWR
I: Module instance {SoC_Top/u_TSP_Core/u_TSP_Regfiles/x1_31[29].RV32I_reg_i} parameter value:
    RW = 32'b00000000000000000000000000100000
    RST_VAL = 32'b00000000000000000000000000000000
I: Verilog-0004: [D:/FPGA/TSP_RISC-V-2.4/FPGA/pango_cpu/source/core/regfiles.v(line number: 26)] Elaborating instance RV32I_reg_i
I: Verilog-0003: [D:/FPGA/TSP_RISC-V-2.4/FPGA/pango_cpu/source/core/dff.v(line number: 4)] Elaborating module REGs_WLWR
I: Module instance {SoC_Top/u_TSP_Core/u_TSP_Regfiles/x1_31[30].RV32I_reg_i} parameter value:
    RW = 32'b00000000000000000000000000100000
    RST_VAL = 32'b00000000000000000000000000000000
I: Verilog-0004: [D:/FPGA/TSP_RISC-V-2.4/FPGA/pango_cpu/source/core/regfiles.v(line number: 26)] Elaborating instance RV32I_reg_i
I: Verilog-0003: [D:/FPGA/TSP_RISC-V-2.4/FPGA/pango_cpu/source/core/dff.v(line number: 4)] Elaborating module REGs_WLWR
I: Module instance {SoC_Top/u_TSP_Core/u_TSP_Regfiles/x1_31[31].RV32I_reg_i} parameter value:
    RW = 32'b00000000000000000000000000100000
    RST_VAL = 32'b00000000000000000000000000000000
I: Verilog-0004: [D:/FPGA/TSP_RISC-V-2.4/FPGA/pango_cpu/source/core/core.v(line number: 223)] Elaborating instance u_TSP_Disp_Exu
I: Verilog-0003: [D:/FPGA/TSP_RISC-V-2.4/FPGA/pango_cpu/source/core/disp_exu.v(line number: 3)] Elaborating module TSP_Disp_Exu
I: Verilog-0004: [D:/FPGA/TSP_RISC-V-2.4/FPGA/pango_cpu/source/core/disp_exu.v(line number: 95)] Elaborating instance DECODE_PC_REG1
I: Verilog-0003: [D:/FPGA/TSP_RISC-V-2.4/FPGA/pango_cpu/source/core/dff.v(line number: 4)] Elaborating module REGs_WLWR
I: Module instance {SoC_Top/u_TSP_Core/u_TSP_Disp_Exu/DECODE_PC_REG1} parameter value:
    RW = 32'b00000000000000000000000000100000
    RST_VAL = 32'b00000000000000000000000000000000
I: Verilog-0004: [D:/FPGA/TSP_RISC-V-2.4/FPGA/pango_cpu/source/core/disp_exu.v(line number: 124)] Elaborating instance Exu_common_u0
I: Verilog-0003: [D:/FPGA/TSP_RISC-V-2.4/FPGA/pango_cpu/source/core/exu_common.v(line number: 3)] Elaborating module TSP_Exu_common
I: Verilog-0004: [D:/FPGA/TSP_RISC-V-2.4/FPGA/pango_cpu/source/core/disp_exu.v(line number: 161)] Elaborating instance Exu_bjp_u0
I: Verilog-0003: [D:/FPGA/TSP_RISC-V-2.4/FPGA/pango_cpu/source/core/exu_bjp.v(line number: 3)] Elaborating module Exu_bjp
I: Verilog-0004: [D:/FPGA/TSP_RISC-V-2.4/FPGA/pango_cpu/source/core/exu_bjp.v(line number: 41)] Elaborating instance BTB_update_valid_reg
I: Verilog-0003: [D:/FPGA/TSP_RISC-V-2.4/FPGA/pango_cpu/source/core/dff.v(line number: 42)] Elaborating module REGs_NLWR
I: Module instance {SoC_Top/u_TSP_Core/u_TSP_Disp_Exu/Exu_bjp_u0/BTB_update_valid_reg} parameter value:
    RW = 32'b00000000000000000000000000000001
    RST_VAL = 32'b00000000000000000000000000000000
I: Verilog-0004: [D:/FPGA/TSP_RISC-V-2.4/FPGA/pango_cpu/source/core/disp_exu.v(line number: 186)] Elaborating instance Exu_muldiv_u0
I: Verilog-0003: [D:/FPGA/TSP_RISC-V-2.4/FPGA/pango_cpu/source/core/exu_muldiv.v(line number: 3)] Elaborating module TSP_Exu_muldiv
I: Verilog-0004: [D:/FPGA/TSP_RISC-V-2.4/FPGA/pango_cpu/source/core/exu_muldiv.v(line number: 90)] Elaborating instance u_multiplier
I: Verilog-0003: [D:/FPGA/TSP_RISC-V-2.4/FPGA/pango_cpu/source/core/exu_muldiv.v(line number: 128)] Elaborating module Simple_Multiplier_32
I: Module instance {SoC_Top/u_TSP_Core/u_TSP_Disp_Exu/Exu_muldiv_u0/u_multiplier} parameter value:
    N = 32'b00000000000000000000000000100000
I: Verilog-0004: [D:/FPGA/TSP_RISC-V-2.4/FPGA/pango_cpu/source/core/exu_muldiv.v(line number: 101)] Elaborating instance u_divider
I: Verilog-0003: [D:/FPGA/TSP_RISC-V-2.4/FPGA/pango_cpu/source/core/exu_muldiv.v(line number: 174)] Elaborating module Simple_Divider_32
I: Module instance {SoC_Top/u_TSP_Core/u_TSP_Disp_Exu/Exu_muldiv_u0/u_divider} parameter value:
    XLEN = 32'b00000000000000000000000000100000
I: Verilog-0004: [D:/FPGA/TSP_RISC-V-2.4/FPGA/pango_cpu/source/core/disp_exu.v(line number: 213)] Elaborating instance Exu_ls_u0
I: Verilog-0003: [D:/FPGA/TSP_RISC-V-2.4/FPGA/pango_cpu/source/core/exu_ls.v(line number: 3)] Elaborating module TSP_Exu_ls
I: Verilog-0004: [D:/FPGA/TSP_RISC-V-2.4/FPGA/pango_cpu/source/core/core.v(line number: 299)] Elaborating instance u_ls_ctrl
I: Verilog-0003: [D:/FPGA/TSP_RISC-V-2.4/FPGA/pango_cpu/source/core/ls_ctrl.v(line number: 3)] Elaborating module ls_ctrl
I: Verilog-0004: [D:/FPGA/TSP_RISC-V-2.4/FPGA/pango_cpu/source/core/core.v(line number: 335)] Elaborating instance u_TSP_Wb_arbiter
I: Verilog-0003: [D:/FPGA/TSP_RISC-V-2.4/FPGA/pango_cpu/source/core/wb_arbiter.v(line number: 3)] Elaborating module TSP_Wb_arbiter
I: Verilog-0004: [D:/FPGA/TSP_RISC-V-2.4/FPGA/pango_cpu/source/peripheral/soc_top.v(line number: 149)] Elaborating instance u_Interconnect
I: Verilog-0003: [D:/FPGA/TSP_RISC-V-2.4/FPGA/pango_cpu/source/peripheral/AXI_Interconnect.v(line number: 3)] Elaborating module TSP_AXI_Interconnect
I: Verilog-0004: [D:/FPGA/TSP_RISC-V-2.4/FPGA/pango_cpu/source/peripheral/soc_top.v(line number: 189)] Elaborating instance u_SRAM
I: Verilog-0003: [D:/FPGA/TSP_RISC-V-2.4/FPGA/pango_cpu/source/ram/sram.v(line number: 4)] Elaborating module TSP_Sram
I: Verilog-0004: [D:/FPGA/TSP_RISC-V-2.4/FPGA/pango_cpu/source/ram/sram.v(line number: 125)] Elaborating instance u_SRAM_IP
I: Verilog-0003: [D:/FPGA/TSP_RISC-V-2.4/FPGA/pango_cpu/ipcore/SRAM/SRAM.v(line number: 16)] Elaborating module SRAM
I: Verilog-0004: [D:/FPGA/TSP_RISC-V-2.4/FPGA/pango_cpu/ipcore/SRAM/SRAM.v(line number: 206)] Elaborating instance U_ipml_dpram_SRAM
I: Verilog-0003: [D:/FPGA/TSP_RISC-V-2.4/FPGA/pango_cpu/ipcore/SRAM/rtl/ipml_dpram_v1_8_SRAM.v(line number: 17)] Elaborating module ipml_dpram_v1_8_SRAM
I: Module instance {SoC_Top/u_SRAM/u_SRAM_IP/U_ipml_dpram_SRAM} parameter value:
    c_SIM_DEVICE = LOGOS
    c_A_ADDR_WIDTH = 32'b00000000000000000000000000001101
    c_A_DATA_WIDTH = 32'b00000000000000000000000000100000
    c_B_ADDR_WIDTH = 32'b00000000000000000000000000001101
    c_B_DATA_WIDTH = 32'b00000000000000000000000000100000
    c_A_OUTPUT_REG = 32'b00000000000000000000000000000000
    c_A_RD_OCE_EN = 32'b00000000000000000000000000000000
    c_A_ADDR_STROBE_EN = 32'b00000000000000000000000000000000
    c_A_CLK_EN = 32'b00000000000000000000000000000000
    c_B_OUTPUT_REG = 32'b00000000000000000000000000000000
    c_B_RD_OCE_EN = 32'b00000000000000000000000000000000
    c_B_ADDR_STROBE_EN = 32'b00000000000000000000000000000000
    c_B_CLK_EN = 32'b00000000000000000000000000000000
    c_RESET_TYPE = ASYNC_RESET
    c_A_CLK_OR_POL_INV = 32'b00000000000000000000000000000000
    c_B_CLK_OR_POL_INV = 32'b00000000000000000000000000000000
    c_POWER_OPT = 32'b00000000000000000000000000000000
    c_INIT_FILE = NONE
    c_INIT_FORMAT = BIN
    c_WR_BYTE_EN = 32'b00000000000000000000000000000001
    c_A_BE_WIDTH = 32'b00000000000000000000000000000100
    c_B_BE_WIDTH = 32'b00000000000000000000000000000100
    c_A_WRITE_MODE = NORMAL_WRITE
    c_B_WRITE_MODE = NORMAL_WRITE
W: Verilog-2039: [D:/FPGA/TSP_RISC-V-2.4/FPGA/pango_cpu/ipcore/SRAM/rtl/ipml_dpram_v1_8_SRAM.v(line number: 417)] Repeat multiplier in concatenation evaluates to 0
W: Verilog-2039: [D:/FPGA/TSP_RISC-V-2.4/FPGA/pango_cpu/ipcore/SRAM/rtl/ipml_dpram_v1_8_SRAM.v(line number: 419)] Repeat multiplier in concatenation evaluates to 0
W: Verilog-2039: [D:/FPGA/TSP_RISC-V-2.4/FPGA/pango_cpu/ipcore/SRAM/rtl/ipml_dpram_v1_8_SRAM.v(line number: 421)] Repeat multiplier in concatenation evaluates to 0
W: Verilog-2039: [D:/FPGA/TSP_RISC-V-2.4/FPGA/pango_cpu/ipcore/SRAM/rtl/ipml_dpram_v1_8_SRAM.v(line number: 423)] Repeat multiplier in concatenation evaluates to 0
W: Verilog-2039: [D:/FPGA/TSP_RISC-V-2.4/FPGA/pango_cpu/ipcore/SRAM/rtl/ipml_dpram_v1_8_SRAM.v(line number: 426)] Repeat multiplier in concatenation evaluates to 0
W: Verilog-2039: [D:/FPGA/TSP_RISC-V-2.4/FPGA/pango_cpu/ipcore/SRAM/rtl/ipml_dpram_v1_8_SRAM.v(line number: 427)] Repeat multiplier in concatenation evaluates to 0
W: Verilog-2038: [D:/FPGA/TSP_RISC-V-2.4/FPGA/pango_cpu/ipcore/SRAM/rtl/ipml_dpram_v1_8_SRAM.v(line number: 436)] Case condition never applies
W: Verilog-2038: [D:/FPGA/TSP_RISC-V-2.4/FPGA/pango_cpu/ipcore/SRAM/rtl/ipml_dpram_v1_8_SRAM.v(line number: 437)] Case condition never applies
W: Verilog-2038: [D:/FPGA/TSP_RISC-V-2.4/FPGA/pango_cpu/ipcore/SRAM/rtl/ipml_dpram_v1_8_SRAM.v(line number: 438)] Case condition never applies
W: Verilog-2038: [D:/FPGA/TSP_RISC-V-2.4/FPGA/pango_cpu/ipcore/SRAM/rtl/ipml_dpram_v1_8_SRAM.v(line number: 439)] Case condition never applies
W: Verilog-2038: [D:/FPGA/TSP_RISC-V-2.4/FPGA/pango_cpu/ipcore/SRAM/rtl/ipml_dpram_v1_8_SRAM.v(line number: 439)] Case condition never applies
W: Verilog-2038: [D:/FPGA/TSP_RISC-V-2.4/FPGA/pango_cpu/ipcore/SRAM/rtl/ipml_dpram_v1_8_SRAM.v(line number: 436)] Case condition never applies
W: Verilog-2038: [D:/FPGA/TSP_RISC-V-2.4/FPGA/pango_cpu/ipcore/SRAM/rtl/ipml_dpram_v1_8_SRAM.v(line number: 437)] Case condition never applies
W: Verilog-2038: [D:/FPGA/TSP_RISC-V-2.4/FPGA/pango_cpu/ipcore/SRAM/rtl/ipml_dpram_v1_8_SRAM.v(line number: 438)] Case condition never applies
W: Verilog-2038: [D:/FPGA/TSP_RISC-V-2.4/FPGA/pango_cpu/ipcore/SRAM/rtl/ipml_dpram_v1_8_SRAM.v(line number: 439)] Case condition never applies
W: Verilog-2038: [D:/FPGA/TSP_RISC-V-2.4/FPGA/pango_cpu/ipcore/SRAM/rtl/ipml_dpram_v1_8_SRAM.v(line number: 439)] Case condition never applies
W: Verilog-2038: [D:/FPGA/TSP_RISC-V-2.4/FPGA/pango_cpu/ipcore/SRAM/rtl/ipml_dpram_v1_8_SRAM.v(line number: 487)] Case condition never applies
W: Verilog-2038: [D:/FPGA/TSP_RISC-V-2.4/FPGA/pango_cpu/ipcore/SRAM/rtl/ipml_dpram_v1_8_SRAM.v(line number: 488)] Case condition never applies
W: Verilog-2038: [D:/FPGA/TSP_RISC-V-2.4/FPGA/pango_cpu/ipcore/SRAM/rtl/ipml_dpram_v1_8_SRAM.v(line number: 489)] Case condition never applies
W: Verilog-2038: [D:/FPGA/TSP_RISC-V-2.4/FPGA/pango_cpu/ipcore/SRAM/rtl/ipml_dpram_v1_8_SRAM.v(line number: 490)] Case condition never applies
W: Verilog-2038: [D:/FPGA/TSP_RISC-V-2.4/FPGA/pango_cpu/ipcore/SRAM/rtl/ipml_dpram_v1_8_SRAM.v(line number: 490)] Case condition never applies
W: Verilog-2038: [D:/FPGA/TSP_RISC-V-2.4/FPGA/pango_cpu/ipcore/SRAM/rtl/ipml_dpram_v1_8_SRAM.v(line number: 487)] Case condition never applies
W: Verilog-2038: [D:/FPGA/TSP_RISC-V-2.4/FPGA/pango_cpu/ipcore/SRAM/rtl/ipml_dpram_v1_8_SRAM.v(line number: 488)] Case condition never applies
W: Verilog-2038: [D:/FPGA/TSP_RISC-V-2.4/FPGA/pango_cpu/ipcore/SRAM/rtl/ipml_dpram_v1_8_SRAM.v(line number: 489)] Case condition never applies
W: Verilog-2038: [D:/FPGA/TSP_RISC-V-2.4/FPGA/pango_cpu/ipcore/SRAM/rtl/ipml_dpram_v1_8_SRAM.v(line number: 490)] Case condition never applies
W: Verilog-2038: [D:/FPGA/TSP_RISC-V-2.4/FPGA/pango_cpu/ipcore/SRAM/rtl/ipml_dpram_v1_8_SRAM.v(line number: 490)] Case condition never applies
I: Verilog-0004: [D:/FPGA/TSP_RISC-V-2.4/FPGA/pango_cpu/ipcore/SRAM/rtl/ipml_dpram_v1_8_SRAM.v(line number: 693)] Elaborating instance U_GTP_DRM18K
I: Verilog-0004: [D:/FPGA/TSP_RISC-V-2.4/FPGA/pango_cpu/ipcore/SRAM/rtl/ipml_dpram_v1_8_SRAM.v(line number: 693)] Elaborating instance U_GTP_DRM18K
I: Verilog-0004: [D:/FPGA/TSP_RISC-V-2.4/FPGA/pango_cpu/ipcore/SRAM/rtl/ipml_dpram_v1_8_SRAM.v(line number: 693)] Elaborating instance U_GTP_DRM18K
I: Verilog-0004: [D:/FPGA/TSP_RISC-V-2.4/FPGA/pango_cpu/ipcore/SRAM/rtl/ipml_dpram_v1_8_SRAM.v(line number: 693)] Elaborating instance U_GTP_DRM18K
I: Verilog-0004: [D:/FPGA/TSP_RISC-V-2.4/FPGA/pango_cpu/ipcore/SRAM/rtl/ipml_dpram_v1_8_SRAM.v(line number: 693)] Elaborating instance U_GTP_DRM18K
I: Verilog-0004: [D:/FPGA/TSP_RISC-V-2.4/FPGA/pango_cpu/ipcore/SRAM/rtl/ipml_dpram_v1_8_SRAM.v(line number: 693)] Elaborating instance U_GTP_DRM18K
I: Verilog-0004: [D:/FPGA/TSP_RISC-V-2.4/FPGA/pango_cpu/ipcore/SRAM/rtl/ipml_dpram_v1_8_SRAM.v(line number: 693)] Elaborating instance U_GTP_DRM18K
I: Verilog-0004: [D:/FPGA/TSP_RISC-V-2.4/FPGA/pango_cpu/ipcore/SRAM/rtl/ipml_dpram_v1_8_SRAM.v(line number: 693)] Elaborating instance U_GTP_DRM18K
I: Verilog-0004: [D:/FPGA/TSP_RISC-V-2.4/FPGA/pango_cpu/ipcore/SRAM/rtl/ipml_dpram_v1_8_SRAM.v(line number: 693)] Elaborating instance U_GTP_DRM18K
I: Verilog-0004: [D:/FPGA/TSP_RISC-V-2.4/FPGA/pango_cpu/ipcore/SRAM/rtl/ipml_dpram_v1_8_SRAM.v(line number: 693)] Elaborating instance U_GTP_DRM18K
I: Verilog-0004: [D:/FPGA/TSP_RISC-V-2.4/FPGA/pango_cpu/ipcore/SRAM/rtl/ipml_dpram_v1_8_SRAM.v(line number: 693)] Elaborating instance U_GTP_DRM18K
I: Verilog-0004: [D:/FPGA/TSP_RISC-V-2.4/FPGA/pango_cpu/ipcore/SRAM/rtl/ipml_dpram_v1_8_SRAM.v(line number: 693)] Elaborating instance U_GTP_DRM18K
I: Verilog-0004: [D:/FPGA/TSP_RISC-V-2.4/FPGA/pango_cpu/ipcore/SRAM/rtl/ipml_dpram_v1_8_SRAM.v(line number: 693)] Elaborating instance U_GTP_DRM18K
I: Verilog-0004: [D:/FPGA/TSP_RISC-V-2.4/FPGA/pango_cpu/ipcore/SRAM/rtl/ipml_dpram_v1_8_SRAM.v(line number: 693)] Elaborating instance U_GTP_DRM18K
I: Verilog-0004: [D:/FPGA/TSP_RISC-V-2.4/FPGA/pango_cpu/ipcore/SRAM/rtl/ipml_dpram_v1_8_SRAM.v(line number: 693)] Elaborating instance U_GTP_DRM18K
I: Verilog-0004: [D:/FPGA/TSP_RISC-V-2.4/FPGA/pango_cpu/ipcore/SRAM/rtl/ipml_dpram_v1_8_SRAM.v(line number: 693)] Elaborating instance U_GTP_DRM18K
W: Verilog-2020: [D:/FPGA/TSP_RISC-V-2.4/FPGA/pango_cpu/ipcore/SRAM/rtl/ipml_dpram_v1_8_SRAM.v(line number: 642)] Net DA_bus[8] in ipml_dpram_v1_8_SRAM(original module ipml_dpram_v1_8_SRAM) does not have a driver, tie it to 0
W: Verilog-2020: [D:/FPGA/TSP_RISC-V-2.4/FPGA/pango_cpu/ipcore/SRAM/rtl/ipml_dpram_v1_8_SRAM.v(line number: 642)] Net DA_bus[17] in ipml_dpram_v1_8_SRAM(original module ipml_dpram_v1_8_SRAM) does not have a driver, tie it to 0
W: Verilog-2020: [D:/FPGA/TSP_RISC-V-2.4/FPGA/pango_cpu/ipcore/SRAM/rtl/ipml_dpram_v1_8_SRAM.v(line number: 642)] Net DA_bus[26] in ipml_dpram_v1_8_SRAM(original module ipml_dpram_v1_8_SRAM) does not have a driver, tie it to 0
W: Verilog-2020: [D:/FPGA/TSP_RISC-V-2.4/FPGA/pango_cpu/ipcore/SRAM/rtl/ipml_dpram_v1_8_SRAM.v(line number: 642)] Net DA_bus[35] in ipml_dpram_v1_8_SRAM(original module ipml_dpram_v1_8_SRAM) does not have a driver, tie it to 0
W: Verilog-2020: [D:/FPGA/TSP_RISC-V-2.4/FPGA/pango_cpu/ipcore/SRAM/rtl/ipml_dpram_v1_8_SRAM.v(line number: 643)] Net DB_bus[8] in ipml_dpram_v1_8_SRAM(original module ipml_dpram_v1_8_SRAM) does not have a driver, tie it to 0
W: Verilog-2020: [D:/FPGA/TSP_RISC-V-2.4/FPGA/pango_cpu/ipcore/SRAM/rtl/ipml_dpram_v1_8_SRAM.v(line number: 643)] Net DB_bus[17] in ipml_dpram_v1_8_SRAM(original module ipml_dpram_v1_8_SRAM) does not have a driver, tie it to 0
W: Verilog-2020: [D:/FPGA/TSP_RISC-V-2.4/FPGA/pango_cpu/ipcore/SRAM/rtl/ipml_dpram_v1_8_SRAM.v(line number: 643)] Net DB_bus[26] in ipml_dpram_v1_8_SRAM(original module ipml_dpram_v1_8_SRAM) does not have a driver, tie it to 0
W: Verilog-2020: [D:/FPGA/TSP_RISC-V-2.4/FPGA/pango_cpu/ipcore/SRAM/rtl/ipml_dpram_v1_8_SRAM.v(line number: 643)] Net DB_bus[35] in ipml_dpram_v1_8_SRAM(original module ipml_dpram_v1_8_SRAM) does not have a driver, tie it to 0
I: Verilog-0004: [D:/FPGA/TSP_RISC-V-2.4/FPGA/pango_cpu/source/peripheral/soc_top.v(line number: 213)] Elaborating instance u_UART
I: Verilog-0003: [D:/FPGA/TSP_RISC-V-2.4/FPGA/pango_cpu/source/uart/uart_axi_lite_wrapper.v(line number: 3)] Elaborating module uart_axi_lite_wrapper
I: Module instance {SoC_Top/u_UART} parameter value:
    CLK_FREQ_p = 32'b00000010111110101111000010000000
    BAUD_RATE_p = 32'b00000000000000011100001000000000
I: Verilog-0004: [D:/FPGA/TSP_RISC-V-2.4/FPGA/pango_cpu/source/uart/uart_axi_lite_wrapper.v(line number: 57)] Elaborating instance u_uart_core
I: Verilog-0003: [D:/FPGA/TSP_RISC-V-2.4/FPGA/pango_cpu/source/uart/uart.v(line number: 32)] Elaborating module uart
I: Module instance {SoC_Top/u_UART/u_uart_core} parameter value:
    DATA_WIDTH = 32'b00000000000000000000000000001000
I: Verilog-0004: [D:/FPGA/TSP_RISC-V-2.4/FPGA/pango_cpu/source/uart/uart.v(line number: 78)] Elaborating instance uart_tx_inst
I: Verilog-0003: [D:/FPGA/TSP_RISC-V-2.4/FPGA/pango_cpu/source/uart/uart_tx.v(line number: 32)] Elaborating module uart_tx
I: Module instance {SoC_Top/u_UART/u_uart_core/uart_tx_inst} parameter value:
    DATA_WIDTH = 32'b00000000000000000000000000001000
I: Verilog-0004: [D:/FPGA/TSP_RISC-V-2.4/FPGA/pango_cpu/source/uart/uart.v(line number: 96)] Elaborating instance uart_rx_inst
I: Verilog-0003: [D:/FPGA/TSP_RISC-V-2.4/FPGA/pango_cpu/source/uart/uart_rx.v(line number: 32)] Elaborating module uart_rx
I: Module instance {SoC_Top/u_UART/u_uart_core/uart_rx_inst} parameter value:
    DATA_WIDTH = 32'b00000000000000000000000000001000
I: Verilog-0004: [D:/FPGA/TSP_RISC-V-2.4/FPGA/pango_cpu/source/peripheral/soc_top.v(line number: 228)] Elaborating instance u_Timer
I: Verilog-0003: [D:/FPGA/TSP_RISC-V-2.4/FPGA/pango_cpu/source/timer/timer.v(line number: 40)] Elaborating module timer
Executing : rtl-elaborate successfully. Time elapsed: 0.172s wall, 0.156s user + 0.000s system = 0.156s CPU (90.6%)

Start rtl-prep.
Executing : rtl-prep successfully. Time elapsed: 0.108s wall, 0.078s user + 0.016s system = 0.094s CPU (86.6%)

Start rtl-infer.
Start DFF-inference.
W: Sdm-2003: [D:/FPGA/TSP_RISC-V-2.4/FPGA/pango_cpu/source/core/regfiles.v(line number: 20)] The net 'RV32I_regs[0]' in SoC_Top.u_TSP_Core.u_TSP_Regfiles is un-driven.
Executing : DFF-inference successfully.
Executing : rtl-infer successfully. Time elapsed: 0.776s wall, 0.422s user + 0.328s system = 0.750s CPU (96.6%)

Start rtl-control-opt.
Executing : rtl-control-opt successfully. Time elapsed: 0.022s wall, 0.016s user + 0.000s system = 0.016s CPU (70.4%)

Start rtl-data-opt.
Executing : rtl-data-opt successfully. Time elapsed: 0.161s wall, 0.172s user + 0.000s system = 0.172s CPU (106.9%)

Start FSM inference.
I: FSM r_target_fsm[2:0] inferred.
FSM r_target_fsm[2:0] STG:
Number of reachable states: 6
Input nets: N206 N381 N382 N385 N386 ar_is_m1 ar_is_m3 s_axi_arvalid 
S0(000)-->S1(001): 1xxxx1x1
S0(000)-->S2(010): 1xx1xxx1
S0(000)-->S3(011): 1xxx1x11
S0(000)-->S4(100): 11xx1xx1
S0(000)-->S5(101): 1x1x1xx1
S4(100)-->S0(000): xxxxxxxx
S5(101)-->S0(000): xxxxxxxx
S2(010)-->S0(000): xxxxxxxx
S3(011)-->S0(000): xxxxxxxx
S1(001)-->S0(000): xxxxxxxx
S3(011)-->S0(000): xxxxxxxx
S5(101)-->S0(000): xxxxxxxx
S0(000)-->S0(000): 0xxxxxxx
S1(001)-->S0(000): 0xxxxxxx
S2(010)-->S0(000): 0xxxxxxx
S3(011)-->S0(000): 0xxxxxxx
S4(100)-->S0(000): 0xxxxxxx
S5(101)-->S0(000): 0xxxxxxx
S0(000)-->S0(000): xxxxxxx0
S1(001)-->S0(000): xxxxxxx0
S2(010)-->S0(000): xxxxxxx0
S3(011)-->S0(000): xxxxxxx0
S4(100)-->S0(000): xxxxxxx0
S5(101)-->S0(000): xxxxxxx0

I: FSM w_target_fsm[2:0] inferred.
FSM w_target_fsm[2:0] STG:
Number of reachable states: 6
Input nets: N154 N373 N374 N377 N378 aw_is_m1 aw_is_m3 s_axi_awvalid 
S0(000)-->S1(001): 1xxxx1x1
S0(000)-->S2(010): 1xx1xxx1
S0(000)-->S3(011): 1xxx1x11
S0(000)-->S4(100): 11xx1xx1
S0(000)-->S5(101): 1x1x1xx1
S4(100)-->S0(000): xxxxxxxx
S5(101)-->S0(000): xxxxxxxx
S2(010)-->S0(000): xxxxxxxx
S3(011)-->S0(000): xxxxxxxx
S1(001)-->S0(000): xxxxxxxx
S3(011)-->S0(000): xxxxxxxx
S5(101)-->S0(000): xxxxxxxx
S0(000)-->S0(000): 0xxxxxxx
S1(001)-->S0(000): 0xxxxxxx
S2(010)-->S0(000): 0xxxxxxx
S3(011)-->S0(000): 0xxxxxxx
S4(100)-->S0(000): 0xxxxxxx
S5(101)-->S0(000): 0xxxxxxx
S0(000)-->S0(000): xxxxxxx0
S1(001)-->S0(000): xxxxxxx0
S2(010)-->S0(000): xxxxxxx0
S3(011)-->S0(000): xxxxxxx0
S4(100)-->S0(000): xxxxxxx0
S5(101)-->S0(000): xxxxxxx0

I: FSM state_fsm[1:0] inferred.
FSM state_fsm[1:0] STG:
Number of reachable states: 4
Input nets: N5 N92 s_axi_bready s_axi_rready 
S0(00)-->S1(01): 1xxx
S0(00)-->S2(10): x1xx
S1(01)-->S0(00): xx1x
S2(10)-->S3(11): xxxx
S3(11)-->S0(00): xxx1
S1(01)-->S0(00): xx11
S3(11)-->S0(00): xx11

I: FSM w_state_fsm[1:0] inferred.
FSM w_state_fsm[1:0] STG:
Number of reachable states: 3
Input nets: N26 N72 s_axi_bready s_axi_wvalid 
S0(00)-->S1(01): 11x1
S1(01)-->S2(10): xxxx
S2(10)-->S0(00): xx1x

I: FSM r_state_fsm[1:0] inferred.
FSM r_state_fsm[1:0] STG:
Number of reachable states: 4
Input nets: N14 s_axi_arvalid s_axi_rready 
S0(00)-->S1(01): 11x
S1(01)-->S2(10): xxx
S2(10)-->S3(11): xxx
S3(11)-->S0(00): xx1

I: FSM state_fsm[2:0] inferred.
FSM state_fsm[2:0] STG:
Number of reachable states: 7
Input nets: N44 N98 hit_dtcm ls_req_i ls_we_i m_axi_arready m_axi_bvalid m_axi_rvalid wb_ls_ready_i 
S0(000)-->S1(001): 1x011xxxx
S0(000)-->S3(011): 1x010xxxx
S0(000)-->S5(101): 0x01xxxxx
S0(000)-->S5(101): xx111xxxx
S0(000)-->S6(110): xx110xxxx
S1(001)-->S2(010): x1xxxxxxx
S3(011)-->S4(100): xxxxx1xxx
S0(000)-->S5(101): 0xx11x1xx
S2(010)-->S5(101): 0xx11x1xx
S6(110)-->S5(101): xxxxxxxxx
S4(100)-->S5(101): xxxxxxx1x
S6(110)-->S5(101): xxxxxxx1x
S5(101)-->S0(000): xxxxxxxx1
S2(010)-->S5(101): xxxxxx1xx
S6(110)-->S5(101): xxxxxx1xx

I: FSM state_fsm[1:0] inferred.
FSM state_fsm[1:0] STG:
Number of reachable states: 4
Input nets: N6 N10 div_done mul_done wb_muldiv_ready_i 
S0(00)-->S1(01): 1xxxx
S0(00)-->S2(10): 01xxx
S1(01)-->S3(11): xxx1x
S2(10)-->S3(11): xx1xx
S3(11)-->S0(00): xxxx1

W: Loop was found during constant probe.
W: Loop was found during constant probe.
W: Loop was found during constant probe.
Executing : FSM inference successfully. Time elapsed: 0.096s wall, 0.078s user + 0.016s system = 0.094s CPU (97.2%)

Start sdm2adm.
W: Loop was found during constant probe.
W: Loop was found during constant probe.
W: Loop was found during constant probe.
W: Loop was found during constant probe.
W: Loop was found during constant probe.
W: Loop was found during constant probe.
W: Loop was found during constant probe.
W: Loop was found during constant probe.
I: Constant propagation done on N234 (bmsPMUX).
I: Constant propagation done on N196 (bmsPMUX).
I: Constant propagation done on N281 (bmsWIDEMUX).
I: Constant propagation done on N4 (bmsWIDEMUX).
I: Constant propagation done on N265 (bmsWIDEMUX).
W: Loop was found during constant probe.
W: Loop was found during constant probe.
W: Loop was found during constant probe.
W: Loop was found during constant probe.
I: Constant propagation done on N121 (bmsPMUX).
I: Constant propagation done on N22 (bmsWIDEMUX).
I: Constant propagation done on N112_1 (bmsWIDEMUX).
I: Constant propagation done on N155 (bmsWIDEMUX).
I: Constant propagation done on N207 (bmsWIDEMUX).
W: Loop was found during constant probe.
W: Loop was found during constant probe.
W: Loop was found during constant probe.
W: Loop was found during constant probe.
W: Loop was found during constant probe.
W: Loop was found during constant probe.
W: Loop was found during constant probe.
W: Loop was found during constant probe.
W: Loop was found during constant probe.
W: Loop was found during constant probe.
W: Loop was found during constant probe.
W: Loop was found during constant probe.
W: Loop was found during constant probe.
W: Loop was found during constant probe.
W: Loop was found during constant probe.
Executing : sdm2adm successfully. Time elapsed: 0.207s wall, 0.188s user + 0.016s system = 0.203s CPU (98.0%)

Saving design to DB.
Action compile: Real time elapsed is 0h:0m:6s
Action compile: CPU time elapsed is 0h:0m:3s
Action compile: Process CPU time elapsed is 0h:0m:3s
Current time: Fri Apr  3 00:10:47 2026
Action compile: Peak memory pool usage is 176 MB
Action from compile to compile: Total Real Time elapsed is 0h:0m:6s
Action from compile to compile: Total CPU time elapsed is 0h:0m:3s
Action from compile to compile: Total Process CPU Time elapsed is 0h:0m:3s
Process "Compile" done.


Process "Synthesize" started.
Current time: Fri Apr  3 00:10:48 2026
Compiling architecture definition.
Analyzing project file 'D:/FPGA/TSP_RISC-V-2.4/FPGA/pango_cpu/pango_cpu.pds'.
License checkout: fabric_ads from D:\pango\new_pds_60ff9e088cde.lic
Compiling verification operator library.
Compiling common defs.
Loading technology operator library.
Compiling technology operator library.
Compiling technology operator (valence) library.
Reading design from compile DB
Reading design from compile DB successfully.
NOTE: The technology fpga was specified.
NOTE: delay_model specified was generic_cmos.
NOTE: Using the fpga syntax tables...
Totals:
 Calls to malloc = 0
 Calls to calloc = 111555

Constraint check start.
Compiling prim grid devices.
Building architecture model.
Loading device packaging model.
Building architecture floorplan logic view.
Executing : get_ports sys_clk
Executing : get_ports sys_clk successfully.
Executing : create_clock -name sys_clk [get_ports sys_clk] -period 20.000 -waveform {0.000 10.000}
Executing : create_clock -name sys_clk [get_ports sys_clk] -period 20.000 -waveform {0.000 10.000} successfully.
C: ConstraintEditor-2009: p:uart_tx is lack of PAP_IO_DRIVE, OUTPUT or INOUT PORT had better set PAP_IO_DRIVE, the optional value is {8, 4, 12, 16, 24}.
C: ConstraintEditor-2009: p:uart_tx is lack of PAP_IO_SLEW, OUTPUT or INOUT PORT had better set PAP_IO_SLEW, the optional value is {SLOW, FAST}.
W: ConstraintEditor-4019: Port Bus 'ext_axi_if_araddr' unspecified I/O constraint.
W: ConstraintEditor-4019: Port Bus 'ext_axi_if_awaddr' unspecified I/O constraint.
W: ConstraintEditor-4019: Port Bus 'ext_axi_if_bresp' unspecified I/O constraint.
W: ConstraintEditor-4019: Port Bus 'ext_axi_if_rdata' unspecified I/O constraint.
W: ConstraintEditor-4019: Port Bus 'ext_axi_if_rresp' unspecified I/O constraint.
W: ConstraintEditor-4019: Port Bus 'ext_axi_if_wdata' unspecified I/O constraint.
W: ConstraintEditor-4019: Port Bus 'ext_axi_if_wstrb' unspecified I/O constraint.
W: ConstraintEditor-4019: Port 'ext_axi_if_arready' unspecified I/O constraint.
W: ConstraintEditor-4019: Port 'ext_axi_if_arvalid' unspecified I/O constraint.
W: ConstraintEditor-4019: Port 'ext_axi_if_awready' unspecified I/O constraint.
W: ConstraintEditor-4019: Port 'ext_axi_if_awvalid' unspecified I/O constraint.
W: ConstraintEditor-4019: Port 'ext_axi_if_bready' unspecified I/O constraint.
W: ConstraintEditor-4019: Port 'ext_axi_if_bvalid' unspecified I/O constraint.
W: ConstraintEditor-4019: Port 'ext_axi_if_rready' unspecified I/O constraint.
W: ConstraintEditor-4019: Port 'ext_axi_if_rvalid' unspecified I/O constraint.
W: ConstraintEditor-4019: Port 'ext_axi_if_wready' unspecified I/O constraint.
W: ConstraintEditor-4019: Port 'ext_axi_if_wvalid' unspecified I/O constraint.
Constraint check end.

C: SDC-2025: Clock source 'n:u_sys_pll/clkout0' need a clock constraint, please use 'create_clock' or 'create_generate_clock' to generate.
Executing : get_ports sys_clk
Executing : get_ports sys_clk successfully.
Executing : get_pins u_sys_pll/u_pll_e3:CLKOUT0
Executing : get_pins u_sys_pll/u_pll_e3:CLKOUT0 successfully.
Executing : create_generated_clock -name sys_clk|u_sys_pll/u_pll_e3/CLKOUT0_Inferred -source [get_ports sys_clk] [get_pins u_sys_pll/u_pll_e3:CLKOUT0] -master_clock sys_clk -edges {1 2 3} -edge_shift {0.000000 0.000000 0.000000} -add
Executing : create_generated_clock -name sys_clk|u_sys_pll/u_pll_e3/CLKOUT0_Inferred -source [get_ports sys_clk] [get_pins u_sys_pll/u_pll_e3:CLKOUT0] -master_clock sys_clk -edges {1 2 3} -edge_shift {0.000000 0.000000 0.000000} -add successfully.
Start pre-mapping.
I: Constant propagation done on u_TSP_Core/u_TSP_Disp_Exu/Exu_common_u0/N209 (bmsWIDEMUX).
I: Encoding type of FSM 'state_fsm[1:0]' is: onehot.
I: Encoding table of FSM 'state_fsm[1:0]':
I: from  u_SRAM/state[1] u_SRAM/state[0]
I: to  u_SRAM/state_reg[3] u_SRAM/state_reg[2] u_SRAM/state_reg[1] u_SRAM/state_reg[0]
I: 00 => 0001
I: 01 => 0010
I: 10 => 0100
I: 11 => 1000
I: Encoding type of FSM 'state_fsm[1:0]' is: onehot.
I: Encoding table of FSM 'state_fsm[1:0]':
I: from  u_TSP_Core/u_TSP_Disp_Exu/Exu_muldiv_u0/state[1] u_TSP_Core/u_TSP_Disp_Exu/Exu_muldiv_u0/state[0]
I: to  u_TSP_Core/u_TSP_Disp_Exu/Exu_muldiv_u0/state_reg[3] u_TSP_Core/u_TSP_Disp_Exu/Exu_muldiv_u0/state_reg[2] u_TSP_Core/u_TSP_Disp_Exu/Exu_muldiv_u0/state_reg[1] u_TSP_Core/u_TSP_Disp_Exu/Exu_muldiv_u0/state_reg[0]
I: 00 => 0001
I: 01 => 0010
I: 10 => 0100
I: 11 => 1000
I: Encoding type of FSM 'r_state_fsm[1:0]' is: onehot.
I: Encoding table of FSM 'r_state_fsm[1:0]':
I: from  u_TSP_Core/u_TSP_Ifu/r_state[1] u_TSP_Core/u_TSP_Ifu/r_state[0]
I: to  u_TSP_Core/u_TSP_Ifu/r_state_reg[3] u_TSP_Core/u_TSP_Ifu/r_state_reg[2] u_TSP_Core/u_TSP_Ifu/r_state_reg[1] u_TSP_Core/u_TSP_Ifu/r_state_reg[0]
I: 00 => 0001
I: 01 => 0010
I: 10 => 0100
I: 11 => 1000
I: Encoding type of FSM 'w_state_fsm[1:0]' is: onehot.
I: Encoding table of FSM 'w_state_fsm[1:0]':
I: from  u_TSP_Core/u_TSP_Ifu/w_state[1] u_TSP_Core/u_TSP_Ifu/w_state[0]
I: to  u_TSP_Core/u_TSP_Ifu/w_state_reg[2] u_TSP_Core/u_TSP_Ifu/w_state_reg[1] u_TSP_Core/u_TSP_Ifu/w_state_reg[0]
I: 00 => 001
I: 01 => 010
I: 10 => 100
I: Encoding type of FSM 'state_fsm[2:0]' is: onehot.
I: Encoding table of FSM 'state_fsm[2:0]':
I: from  u_TSP_Core/u_ls_ctrl/state[2] u_TSP_Core/u_ls_ctrl/state[1] u_TSP_Core/u_ls_ctrl/state[0]
I: to  u_TSP_Core/u_ls_ctrl/state_reg[6] u_TSP_Core/u_ls_ctrl/state_reg[5] u_TSP_Core/u_ls_ctrl/state_reg[4] u_TSP_Core/u_ls_ctrl/state_reg[3] u_TSP_Core/u_ls_ctrl/state_reg[2] u_TSP_Core/u_ls_ctrl/state_reg[1] u_TSP_Core/u_ls_ctrl/state_reg[0]
I: 000 => 0000001
I: 001 => 0000010
I: 010 => 0000100
I: 011 => 0001000
I: 100 => 0010000
I: 101 => 0100000
I: 110 => 1000000
I: Encoding type of FSM 'r_target_fsm[2:0]' is: onehot.
I: Encoding table of FSM 'r_target_fsm[2:0]':
I: from  u_Interconnect/r_target[2] u_Interconnect/r_target[1] u_Interconnect/r_target[0]
I: to  u_Interconnect/r_target_reg[5] u_Interconnect/r_target_reg[4] u_Interconnect/r_target_reg[3] u_Interconnect/r_target_reg[2] u_Interconnect/r_target_reg[1] u_Interconnect/r_target_reg[0]
I: 000 => 000001
I: 001 => 000010
I: 010 => 000100
I: 011 => 001000
I: 100 => 010000
I: 101 => 100000
I: Encoding type of FSM 'w_target_fsm[2:0]' is: onehot.
I: Encoding table of FSM 'w_target_fsm[2:0]':
I: from  u_Interconnect/w_target[2] u_Interconnect/w_target[1] u_Interconnect/w_target[0]
I: to  u_Interconnect/w_target_reg[5] u_Interconnect/w_target_reg[4] u_Interconnect/w_target_reg[3] u_Interconnect/w_target_reg[2] u_Interconnect/w_target_reg[1] u_Interconnect/w_target_reg[0]
I: 000 => 000001
I: 001 => 000010
I: 010 => 000100
I: 011 => 001000
I: 100 => 010000
I: 101 => 100000
I: Constant propagation done on u_SRAM/state_fsm[1:0]_3 (bmsREDOR).
I: Constant propagation done on u_TSP_Core/u_ls_ctrl/state_fsm[2:0]_12 (bmsREDOR).
I: Constant propagation done on u_TSP_Core/u_ls_ctrl/state_fsm[2:0]_15 (bmsREDOR).
I: Constant propagation done on u_TSP_Core/u_ls_ctrl/state_fsm[2:0]_17 (bmsREDOR).
I: Constant propagation done on u_UART/u_uart_core/uart_rx_inst/m_axis_tvalid_reg_e (bmsREDOR).
I: Constant propagation done on u_Interconnect/r_target_fsm[2:0]_1 (bmsREDOR).
I: Constant propagation done on u_Interconnect/r_target_fsm[2:0]_2 (bmsREDOR).
I: Constant propagation done on u_Interconnect/w_target_fsm[2:0]_1 (bmsREDOR).
I: Constant propagation done on u_Interconnect/w_target_fsm[2:0]_2 (bmsREDOR).
W: Removed bmsWIDEDFFCPE inst store_type_r[2:0] at 2 that is stuck at constant 0.
W: Removed bmsWIDEDFFCPE inst op_type_r[2:0] at 2 that is stuck at constant 0.
W: Removed bmsWIDEDFFCPE inst m_axi_araddr[31:0] at 0 that is stuck at constant 0.
W: Removed bmsWIDEDFFCPE inst m_axi_awaddr[31:0] at 0 that is stuck at constant 0.
W: Removed bmsWIDEDFFCPE inst rdata_r[31:0] at 8 that is stuck at constant 0.
Executing : pre-mapping successfully. Time elapsed: 0.282s wall, 0.297s user + 0.156s system = 0.453s CPU (160.6%)

Start mod-gen.
W: Public-4008: Instance 'u_TSP_Disp_Exu/DECODE_PC_REG1/qout[31:0]' of 'bmsWIDEDFFCPE' unit is dangling and will be cleaned.
W: Public-4008: Instance 'u_uart_core/uart_rx_inst/busy_reg' of 'bmsWIDEDFFRSE' unit is dangling and will be cleaned.
W: Public-4008: Instance 'u_uart_core/uart_rx_inst/frame_error_reg' of 'bmsWIDEDFFRSE' unit is dangling and will be cleaned.
W: Public-4008: Instance 'u_uart_core/uart_rx_inst/overrun_error_reg' of 'bmsWIDEDFFRSE' unit is dangling and will be cleaned.
W: Public-4008: Instance 'u_uart_core/uart_tx_inst/busy_reg' of 'bmsWIDEDFFRSE' unit is dangling and will be cleaned.
W: Public-4008: Instance 'u_Timer/intr_q' of 'bmsWIDEDFFCPE' unit is dangling and will be cleaned.
W: Removed bmsWIDEDFFCPE inst u_TSP_Core/u_TSP_Ifu/waddr_r[31:0] at 0 that is stuck at constant 0.
W: Removed bmsWIDEDFFCPE inst u_TSP_Core/u_TSP_Ifu/waddr_r[31:0] at 1 that is stuck at constant 0.
W: Removed bmsWIDEDFFCPE inst u_TSP_Core/u_TSP_Ifu/raddr_r[31:0] at 0 that is stuck at constant 0.
W: Removed bmsWIDEDFFCPE inst u_TSP_Core/u_TSP_Ifu/raddr_r[31:0] at 1 that is stuck at constant 0.
W: Removed bmsWIDEDFFRSE inst u_TSP_Core/u_TSP_Ifu/u_Iram/U_ipml_dpram_IRAM/a_wr_en_ff that is stuck at constant 0.
W: Removed bmsWIDEDFFCPE inst u_Timer/wr_addr_q[7:0] at 0 that is stuck at constant 0.
W: Removed bmsWIDEDFFCPE inst u_Timer/wr_addr_q[7:0] at 1 that is stuck at constant 0.
I: Removed bmsWIDEINV inst u_TSP_Core/u_TSP_Disp_Exu/Exu_muldiv_u0/u_multiplier/N4 that is redundant to u_TSP_Core/u_TSP_Disp_Exu/Exu_muldiv_u0/u_divider/N3
I: Removed bmsWIDEINV inst u_TSP_Core/u_TSP_Disp_Exu/Exu_muldiv_u0/u_multiplier/N8 that is redundant to u_TSP_Core/u_TSP_Disp_Exu/Exu_common_u0/N16
I: Removed bmsWIDEINV inst u_TSP_Core/u_TSP_Disp_Exu/Exu_muldiv_u0/u_divider/N7 that is redundant to u_TSP_Core/u_TSP_Disp_Exu/Exu_common_u0/N16
I: Removed bmsADD inst u_TSP_Core/u_TSP_Disp_Exu/Exu_muldiv_u0/u_multiplier/N10 that is redundant to u_TSP_Core/u_TSP_Disp_Exu/Exu_muldiv_u0/u_divider/N9
I: Removed bmsWIDEDFFCPE inst u_TSP_Core/u_TSP_Disp_Exu/branch_in_flight that is redundant to u_TSP_Core/u_TSP_Disp_Exu/Exu_bjp_u0/BTB_update_valid_reg/qout[0]
I: Removed bmsADD inst u_TSP_Core/u_TSP_Disp_Exu/Exu_muldiv_u0/u_multiplier/N6 that is redundant to u_TSP_Core/u_TSP_Disp_Exu/Exu_muldiv_u0/u_divider/N5
W: Public-4008: Instance 'u_TSP_Core/u_TSP_Ifu/u_Iram/U_ipml_dpram_IRAM/a_addr_bus_rd_ce_ff[3:0]' of 'bmsWIDEDFFRSE' unit is dangling and will be cleaned.
Executing : mod-gen successfully. Time elapsed: 1.096s wall, 1.188s user + 0.172s system = 1.359s CPU (124.0%)

Start logic-optimization.
Executing : logic-optimization successfully. Time elapsed: 5.271s wall, 4.859s user + 0.297s system = 5.156s CPU (97.8%)

Start tech-mapping phase 1.
W: Public-4008: Instance 'u_UART/rdata_r[8]' of 'bmsWIDEDFFCPE' unit is dangling and will be cleaned.
W: Public-4008: Instance 'u_UART/rdata_r[9]' of 'bmsWIDEDFFCPE' unit is dangling and will be cleaned.
W: Public-4008: Instance 'u_UART/rdata_r[10]' of 'bmsWIDEDFFCPE' unit is dangling and will be cleaned.
W: Public-4008: Instance 'u_UART/rdata_r[11]' of 'bmsWIDEDFFCPE' unit is dangling and will be cleaned.
W: Public-4008: Instance 'u_UART/rdata_r[12]' of 'bmsWIDEDFFCPE' unit is dangling and will be cleaned.
W: Public-4008: Instance 'u_UART/rdata_r[13]' of 'bmsWIDEDFFCPE' unit is dangling and will be cleaned.
W: Public-4008: Instance 'u_UART/rdata_r[14]' of 'bmsWIDEDFFCPE' unit is dangling and will be cleaned.
W: Public-4008: Instance 'u_UART/rdata_r[15]' of 'bmsWIDEDFFCPE' unit is dangling and will be cleaned.
W: Public-4008: Instance 'u_UART/rdata_r[16]' of 'bmsWIDEDFFCPE' unit is dangling and will be cleaned.
W: Public-4008: Instance 'u_UART/rdata_r[17]' of 'bmsWIDEDFFCPE' unit is dangling and will be cleaned.
W: Public-4008: Instance 'u_UART/rdata_r[18]' of 'bmsWIDEDFFCPE' unit is dangling and will be cleaned.
W: Public-4008: Instance 'u_UART/rdata_r[19]' of 'bmsWIDEDFFCPE' unit is dangling and will be cleaned.
W: Public-4008: Instance 'u_UART/rdata_r[20]' of 'bmsWIDEDFFCPE' unit is dangling and will be cleaned.
W: Public-4008: Instance 'u_UART/rdata_r[21]' of 'bmsWIDEDFFCPE' unit is dangling and will be cleaned.
W: Public-4008: Instance 'u_UART/rdata_r[22]' of 'bmsWIDEDFFCPE' unit is dangling and will be cleaned.
W: Public-4008: Instance 'u_UART/rdata_r[23]' of 'bmsWIDEDFFCPE' unit is dangling and will be cleaned.
W: Public-4008: Instance 'u_UART/rdata_r[24]' of 'bmsWIDEDFFCPE' unit is dangling and will be cleaned.
W: Public-4008: Instance 'u_UART/rdata_r[25]' of 'bmsWIDEDFFCPE' unit is dangling and will be cleaned.
W: Public-4008: Instance 'u_UART/rdata_r[26]' of 'bmsWIDEDFFCPE' unit is dangling and will be cleaned.
W: Public-4008: Instance 'u_UART/rdata_r[27]' of 'bmsWIDEDFFCPE' unit is dangling and will be cleaned.
W: Public-4008: Instance 'u_UART/rdata_r[28]' of 'bmsWIDEDFFCPE' unit is dangling and will be cleaned.
W: Public-4008: Instance 'u_UART/rdata_r[29]' of 'bmsWIDEDFFCPE' unit is dangling and will be cleaned.
W: Public-4008: Instance 'u_UART/rdata_r[30]' of 'bmsWIDEDFFCPE' unit is dangling and will be cleaned.
W: Public-4008: Instance 'u_TSP_Core/u_ls_ctrl/m_axi_araddr[0]' of 'bmsWIDEDFFCPE' unit is dangling and will be cleaned.
W: Public-4008: Instance 'u_TSP_Core/u_ls_ctrl/m_axi_araddr[1]' of 'bmsWIDEDFFCPE' unit is dangling and will be cleaned.
W: Public-4008: Instance 'u_TSP_Core/u_ls_ctrl/m_axi_araddr[16]' of 'bmsWIDEDFFCPE' unit is dangling and will be cleaned.
W: Public-4008: Instance 'u_TSP_Core/u_ls_ctrl/m_axi_araddr[17]' of 'bmsWIDEDFFCPE' unit is dangling and will be cleaned.
W: Public-4008: Instance 'u_TSP_Core/u_ls_ctrl/m_axi_araddr[18]' of 'bmsWIDEDFFCPE' unit is dangling and will be cleaned.
W: Public-4008: Instance 'u_TSP_Core/u_ls_ctrl/m_axi_araddr[19]' of 'bmsWIDEDFFCPE' unit is dangling and will be cleaned.
W: Public-4008: Instance 'u_TSP_Core/u_ls_ctrl/m_axi_araddr[20]' of 'bmsWIDEDFFCPE' unit is dangling and will be cleaned.
W: Public-4008: Instance 'u_TSP_Core/u_ls_ctrl/m_axi_araddr[21]' of 'bmsWIDEDFFCPE' unit is dangling and will be cleaned.
W: Public-4008: Instance 'u_TSP_Core/u_ls_ctrl/m_axi_araddr[22]' of 'bmsWIDEDFFCPE' unit is dangling and will be cleaned.
W: Public-4008: Instance 'u_TSP_Core/u_ls_ctrl/m_axi_araddr[23]' of 'bmsWIDEDFFCPE' unit is dangling and will be cleaned.
W: Public-4008: Instance 'u_TSP_Core/u_ls_ctrl/m_axi_araddr[24]' of 'bmsWIDEDFFCPE' unit is dangling and will be cleaned.
W: Public-4008: Instance 'u_TSP_Core/u_ls_ctrl/m_axi_araddr[25]' of 'bmsWIDEDFFCPE' unit is dangling and will be cleaned.
W: Public-4008: Instance 'u_TSP_Core/u_ls_ctrl/m_axi_araddr[26]' of 'bmsWIDEDFFCPE' unit is dangling and will be cleaned.
W: Public-4008: Instance 'u_TSP_Core/u_ls_ctrl/m_axi_araddr[27]' of 'bmsWIDEDFFCPE' unit is dangling and will be cleaned.
W: Public-4008: Instance 'u_TSP_Core/u_ls_ctrl/m_axi_awaddr[0]' of 'bmsWIDEDFFCPE' unit is dangling and will be cleaned.
W: Public-4008: Instance 'u_TSP_Core/u_ls_ctrl/m_axi_awaddr[1]' of 'bmsWIDEDFFCPE' unit is dangling and will be cleaned.
W: Public-4008: Instance 'u_TSP_Core/u_ls_ctrl/m_axi_awaddr[16]' of 'bmsWIDEDFFCPE' unit is dangling and will be cleaned.
W: Public-4008: Instance 'u_TSP_Core/u_ls_ctrl/m_axi_awaddr[17]' of 'bmsWIDEDFFCPE' unit is dangling and will be cleaned.
W: Public-4008: Instance 'u_TSP_Core/u_ls_ctrl/m_axi_awaddr[18]' of 'bmsWIDEDFFCPE' unit is dangling and will be cleaned.
W: Public-4008: Instance 'u_TSP_Core/u_ls_ctrl/m_axi_awaddr[19]' of 'bmsWIDEDFFCPE' unit is dangling and will be cleaned.
W: Public-4008: Instance 'u_TSP_Core/u_ls_ctrl/m_axi_awaddr[20]' of 'bmsWIDEDFFCPE' unit is dangling and will be cleaned.
W: Public-4008: Instance 'u_TSP_Core/u_ls_ctrl/m_axi_awaddr[21]' of 'bmsWIDEDFFCPE' unit is dangling and will be cleaned.
W: Public-4008: Instance 'u_TSP_Core/u_ls_ctrl/m_axi_awaddr[22]' of 'bmsWIDEDFFCPE' unit is dangling and will be cleaned.
W: Public-4008: Instance 'u_TSP_Core/u_ls_ctrl/m_axi_awaddr[23]' of 'bmsWIDEDFFCPE' unit is dangling and will be cleaned.
W: Public-4008: Instance 'u_TSP_Core/u_ls_ctrl/m_axi_awaddr[24]' of 'bmsWIDEDFFCPE' unit is dangling and will be cleaned.
W: Public-4008: Instance 'u_TSP_Core/u_ls_ctrl/m_axi_awaddr[25]' of 'bmsWIDEDFFCPE' unit is dangling and will be cleaned.
W: Public-4008: Instance 'u_TSP_Core/u_ls_ctrl/m_axi_awaddr[26]' of 'bmsWIDEDFFCPE' unit is dangling and will be cleaned.
W: Public-4008: Instance 'u_TSP_Core/u_ls_ctrl/m_axi_awaddr[27]' of 'bmsWIDEDFFCPE' unit is dangling and will be cleaned.
W: Public-4008: Instance 'u_TSP_Core/u_TSP_Disp_Exu/Exu_ls_u0/store_type_r[2]' of 'bmsWIDEDFFCPE' unit is dangling and will be cleaned.
W: Public-4008: Instance 'u_TSP_Core/u_TSP_Disp_Exu/Exu_ls_u0/ls_addr_r[16]' of 'bmsWIDEDFFCPE' unit is dangling and will be cleaned.
W: Public-4008: Instance 'u_TSP_Core/u_TSP_Disp_Exu/Exu_ls_u0/ls_addr_r[17]' of 'bmsWIDEDFFCPE' unit is dangling and will be cleaned.
W: Public-4008: Instance 'u_TSP_Core/u_TSP_Disp_Exu/Exu_ls_u0/ls_addr_r[18]' of 'bmsWIDEDFFCPE' unit is dangling and will be cleaned.
W: Public-4008: Instance 'u_TSP_Core/u_TSP_Disp_Exu/Exu_ls_u0/ls_addr_r[19]' of 'bmsWIDEDFFCPE' unit is dangling and will be cleaned.
W: Public-4008: Instance 'u_TSP_Core/u_TSP_Disp_Exu/Exu_ls_u0/ls_addr_r[20]' of 'bmsWIDEDFFCPE' unit is dangling and will be cleaned.
W: Public-4008: Instance 'u_TSP_Core/u_TSP_Disp_Exu/Exu_ls_u0/ls_addr_r[21]' of 'bmsWIDEDFFCPE' unit is dangling and will be cleaned.
W: Public-4008: Instance 'u_TSP_Core/u_TSP_Disp_Exu/Exu_ls_u0/ls_addr_r[22]' of 'bmsWIDEDFFCPE' unit is dangling and will be cleaned.
W: Public-4008: Instance 'u_TSP_Core/u_TSP_Disp_Exu/Exu_ls_u0/ls_addr_r[23]' of 'bmsWIDEDFFCPE' unit is dangling and will be cleaned.
W: Public-4008: Instance 'u_TSP_Core/u_TSP_Disp_Exu/Exu_ls_u0/ls_addr_r[24]' of 'bmsWIDEDFFCPE' unit is dangling and will be cleaned.
W: Public-4008: Instance 'u_TSP_Core/u_TSP_Disp_Exu/Exu_ls_u0/ls_addr_r[25]' of 'bmsWIDEDFFCPE' unit is dangling and will be cleaned.
W: Public-4008: Instance 'u_TSP_Core/u_TSP_Disp_Exu/Exu_ls_u0/ls_addr_r[26]' of 'bmsWIDEDFFCPE' unit is dangling and will be cleaned.
W: Public-4008: Instance 'u_TSP_Core/u_TSP_Disp_Exu/Exu_ls_u0/ls_addr_r[27]' of 'bmsWIDEDFFCPE' unit is dangling and will be cleaned.
W: Public-4008: Instance 'u_TSP_Core/u_TSP_Disp_Exu/Exu_muldiv_u0/op_type_r[2]' of 'bmsWIDEDFFCPE' unit is dangling and will be cleaned.
W: Public-4008: Instance 'u_TSP_Core/u_TSP_Ifu/waddr_r[0]' of 'bmsWIDEDFFCPE' unit is dangling and will be cleaned.
W: Public-4008: Instance 'u_TSP_Core/u_TSP_Ifu/waddr_r[1]' of 'bmsWIDEDFFCPE' unit is dangling and will be cleaned.
W: Public-4008: Instance 'u_TSP_Core/u_TSP_Ifu/waddr_r[16]' of 'bmsWIDEDFFCPE' unit is dangling and will be cleaned.
W: Public-4008: Instance 'u_TSP_Core/u_TSP_Ifu/waddr_r[17]' of 'bmsWIDEDFFCPE' unit is dangling and will be cleaned.
W: Public-4008: Instance 'u_TSP_Core/u_TSP_Ifu/waddr_r[18]' of 'bmsWIDEDFFCPE' unit is dangling and will be cleaned.
W: Public-4008: Instance 'u_TSP_Core/u_TSP_Ifu/waddr_r[19]' of 'bmsWIDEDFFCPE' unit is dangling and will be cleaned.
W: Public-4008: Instance 'u_TSP_Core/u_TSP_Ifu/waddr_r[20]' of 'bmsWIDEDFFCPE' unit is dangling and will be cleaned.
W: Public-4008: Instance 'u_TSP_Core/u_TSP_Ifu/waddr_r[21]' of 'bmsWIDEDFFCPE' unit is dangling and will be cleaned.
W: Public-4008: Instance 'u_TSP_Core/u_TSP_Ifu/waddr_r[22]' of 'bmsWIDEDFFCPE' unit is dangling and will be cleaned.
W: Public-4008: Instance 'u_TSP_Core/u_TSP_Ifu/waddr_r[23]' of 'bmsWIDEDFFCPE' unit is dangling and will be cleaned.
W: Public-4008: Instance 'u_TSP_Core/u_TSP_Ifu/waddr_r[24]' of 'bmsWIDEDFFCPE' unit is dangling and will be cleaned.
W: Public-4008: Instance 'u_TSP_Core/u_TSP_Ifu/waddr_r[25]' of 'bmsWIDEDFFCPE' unit is dangling and will be cleaned.
W: Public-4008: Instance 'u_TSP_Core/u_TSP_Ifu/waddr_r[26]' of 'bmsWIDEDFFCPE' unit is dangling and will be cleaned.
W: Public-4008: Instance 'u_TSP_Core/u_TSP_Ifu/waddr_r[27]' of 'bmsWIDEDFFCPE' unit is dangling and will be cleaned.
W: Public-4008: Instance 'u_TSP_Core/u_TSP_Ifu/waddr_r[28]' of 'bmsWIDEDFFCPE' unit is dangling and will be cleaned.
W: Public-4008: Instance 'u_TSP_Core/u_TSP_Ifu/waddr_r[29]' of 'bmsWIDEDFFCPE' unit is dangling and will be cleaned.
W: Public-4008: Instance 'u_TSP_Core/u_TSP_Ifu/waddr_r[30]' of 'bmsWIDEDFFCPE' unit is dangling and will be cleaned.
W: Public-4008: Instance 'u_TSP_Core/u_TSP_Ifu/waddr_r[31]' of 'bmsWIDEDFFCPE' unit is dangling and will be cleaned.
W: Public-4008: Instance 'u_TSP_Core/u_TSP_Ifu/raddr_r[0]' of 'bmsWIDEDFFCPE' unit is dangling and will be cleaned.
W: Public-4008: Instance 'u_TSP_Core/u_TSP_Ifu/raddr_r[1]' of 'bmsWIDEDFFCPE' unit is dangling and will be cleaned.
W: Public-4008: Instance 'u_TSP_Core/u_TSP_Ifu/raddr_r[16]' of 'bmsWIDEDFFCPE' unit is dangling and will be cleaned.
W: Public-4008: Instance 'u_TSP_Core/u_TSP_Ifu/raddr_r[17]' of 'bmsWIDEDFFCPE' unit is dangling and will be cleaned.
W: Public-4008: Instance 'u_TSP_Core/u_TSP_Ifu/raddr_r[18]' of 'bmsWIDEDFFCPE' unit is dangling and will be cleaned.
W: Public-4008: Instance 'u_TSP_Core/u_TSP_Ifu/raddr_r[19]' of 'bmsWIDEDFFCPE' unit is dangling and will be cleaned.
W: Public-4008: Instance 'u_TSP_Core/u_TSP_Ifu/raddr_r[20]' of 'bmsWIDEDFFCPE' unit is dangling and will be cleaned.
W: Public-4008: Instance 'u_TSP_Core/u_TSP_Ifu/raddr_r[21]' of 'bmsWIDEDFFCPE' unit is dangling and will be cleaned.
W: Public-4008: Instance 'u_TSP_Core/u_TSP_Ifu/raddr_r[22]' of 'bmsWIDEDFFCPE' unit is dangling and will be cleaned.
W: Public-4008: Instance 'u_TSP_Core/u_TSP_Ifu/raddr_r[23]' of 'bmsWIDEDFFCPE' unit is dangling and will be cleaned.
W: Public-4008: Instance 'u_TSP_Core/u_TSP_Ifu/raddr_r[24]' of 'bmsWIDEDFFCPE' unit is dangling and will be cleaned.
W: Public-4008: Instance 'u_TSP_Core/u_TSP_Ifu/raddr_r[25]' of 'bmsWIDEDFFCPE' unit is dangling and will be cleaned.
W: Public-4008: Instance 'u_TSP_Core/u_TSP_Ifu/raddr_r[26]' of 'bmsWIDEDFFCPE' unit is dangling and will be cleaned.
W: Public-4008: Instance 'u_TSP_Core/u_TSP_Ifu/raddr_r[27]' of 'bmsWIDEDFFCPE' unit is dangling and will be cleaned.
W: Public-4008: Instance 'u_TSP_Core/u_TSP_Ifu/raddr_r[28]' of 'bmsWIDEDFFCPE' unit is dangling and will be cleaned.
W: Public-4008: Instance 'u_TSP_Core/u_TSP_Ifu/raddr_r[29]' of 'bmsWIDEDFFCPE' unit is dangling and will be cleaned.
W: Public-4008: Instance 'u_TSP_Core/u_TSP_Ifu/raddr_r[30]' of 'bmsWIDEDFFCPE' unit is dangling and will be cleaned.
W: Public-4008: Instance 'u_TSP_Core/u_TSP_Ifu/raddr_r[31]' of 'bmsWIDEDFFCPE' unit is dangling and will be cleaned.
W: Public-4008: Instance 'u_Timer/wr_addr_q[0]' of 'bmsWIDEDFFCPE' unit is dangling and will be cleaned.
W: Public-4008: Instance 'u_Timer/wr_addr_q[1]' of 'bmsWIDEDFFCPE' unit is dangling and will be cleaned.
Executing : tech-mapping phase 1 successfully. Time elapsed: 0.319s wall, 0.297s user + 0.000s system = 0.297s CPU (93.1%)

Start tech-mapping phase 2.
Executing : tech-mapping phase 2 successfully. Time elapsed: 6.399s wall, 6.391s user + 0.297s system = 6.688s CPU (104.5%)

Start tech-optimization.
Executing : tech-optimization successfully. Time elapsed: 0.519s wall, 0.672s user + 0.125s system = 0.797s CPU (153.5%)

Start phys-optimization.
Executing : phys-optimization successfully. Time elapsed: 0.000s wall, 0.000s user + 0.000s system = 0.000s CPU (n/a%)

Start restore-hierarchy.
Executing : restore-hierarchy successfully. Time elapsed: 0.579s wall, 0.562s user + 0.000s system = 0.562s CPU (97.2%)

W: Unable to honor max fanout constraint for gtp_inv driven net u_UART/rst_1
W: Unable to honor max fanout constraint for gtp_inv driven net u_UART/rst_1
W: prevent name conflict by renaming net u_UART/rst_1 to u_UART/rst_1_rnmt

Cell Usage:
GTP_DFF                      19 uses
GTP_DFF_C                    58 uses
GTP_DFF_CE                 2836 uses
GTP_DFF_E                    19 uses
GTP_DFF_PE                   10 uses
GTP_DFF_RE                   62 uses
GTP_DFF_S                     1 use
GTP_DFF_SE                    1 use
GTP_DRM18K                   48 uses
GTP_GRS                       1 use
GTP_INV                       4 uses
GTP_LUT1                      3 uses
GTP_LUT2                    171 uses
GTP_LUT3                    476 uses
GTP_LUT4                    196 uses
GTP_LUT5                   1015 uses
GTP_LUT5CARRY               950 uses
GTP_LUT5M                  1359 uses
GTP_MUX2LUT6                529 uses
GTP_MUX2LUT7                201 uses
GTP_MUX2LUT8                 64 uses
GTP_PLL_E3                    1 use

I/O ports: 45
GTP_INBUF                   3 uses
GTP_OUTBUF                 42 uses

Mapping Summary:
Total LUTs: 4170 of 42800 (9.74%)
	LUTs as dram: 0 of 17000 (0.00%)
	LUTs as logic: 4170
Total Registers: 3006 of 64200 (4.68%)
Total Latches: 0

DRM18K:
Total DRM18K = 48.0 of 134 (35.82%)

APMs:
Total APMs = 0.00 of 84 (0.00%)

Total I/O ports = 45 of 218 (20.64%)


Overview of Control Sets:

Number of unique control sets : 106

Histogram:
**************************************************************
  Fanout      | Count    | Sync Set/Reset    Async Set/Reset
--------------------------------------------------------------
  [0, 2)      | 1        | 1                 0
  [2, 4)      | 5        | 2                 3
  [4, 6)      | 15       | 3                 12
  [6, 8)      | 5        | 0                 5
  [8, 10)     | 4        | 3                 1
  [10, 12)    | 1        | 0                 1
  [12, 14)    | 1        | 0                 1
  [14, 16)    | 1        | 0                 1
  [16, Inf)   | 73       | 3                 70
--------------------------------------------------------------
  The maximum fanout: 70
==============================================================

Flip-Flop Distribution:
************************************************************************
  Clock Enable    Sync Set/Reset    Async Set/Reset    Total Registers
------------------------------------------------------------------------
  NO              NO                NO                 19
  NO              NO                YES                58
  NO              YES               NO                 1
  YES             NO                NO                 19
  YES             NO                YES                2846
  YES             YES               NO                 63
========================================================================

Latch Distribution:
************************************************
  Gate Enable    Preset/Clear    Total Latches
************************************************
  NO             NO              0
  NO             YES             0
  YES            NO              0
  YES            YES             0
************************************************

Design 'SoC_Top' has been successfully synthesized to architecture-specific objects.
Saving design to DB.
Saving design to SoC_Top_syn.vm
Constructing timing graph ...
Timing graph has been constructed successfully
W: Timing-4087: Port 'ext_axi_if_arready' is not constrained, it is treated as combinational output.
W: Timing-4087: Port 'ext_axi_if_awready' is not constrained, it is treated as combinational output.
W: Timing-4087: Port 'ext_axi_if_bresp[0]' is not constrained, it is treated as combinational output.
W: Timing-4087: Port 'ext_axi_if_bresp[1]' is not constrained, it is treated as combinational output.
W: Timing-4087: Port 'ext_axi_if_bvalid' is not constrained, it is treated as combinational output.
W: Timing-4087: Port 'ext_axi_if_rdata[0]' is not constrained, it is treated as combinational output.
W: Timing-4087: Port 'ext_axi_if_rdata[1]' is not constrained, it is treated as combinational output.
W: Timing-4087: Port 'ext_axi_if_rdata[2]' is not constrained, it is treated as combinational output.
W: Timing-4087: Port 'ext_axi_if_rdata[3]' is not constrained, it is treated as combinational output.
W: Timing-4087: Port 'ext_axi_if_rdata[4]' is not constrained, it is treated as combinational output.
W: Timing-4087: Port 'ext_axi_if_rdata[5]' is not constrained, it is treated as combinational output.
W: Timing-4087: Port 'ext_axi_if_rdata[6]' is not constrained, it is treated as combinational output.
W: Timing-4087: Port 'ext_axi_if_rdata[7]' is not constrained, it is treated as combinational output.
W: Timing-4087: Port 'ext_axi_if_rdata[8]' is not constrained, it is treated as combinational output.
W: Timing-4087: Port 'ext_axi_if_rdata[9]' is not constrained, it is treated as combinational output.
W: Timing-4087: Port 'ext_axi_if_rdata[10]' is not constrained, it is treated as combinational output.
W: Timing-4087: Port 'ext_axi_if_rdata[11]' is not constrained, it is treated as combinational output.
W: Timing-4087: Port 'ext_axi_if_rdata[12]' is not constrained, it is treated as combinational output.
W: Timing-4087: Port 'ext_axi_if_rdata[13]' is not constrained, it is treated as combinational output.
W: Timing-4087: Port 'ext_axi_if_rdata[14]' is not constrained, it is treated as combinational output.
W: Timing-4087: Port 'ext_axi_if_rdata[15]' is not constrained, it is treated as combinational output.
W: Timing-4087: Port 'ext_axi_if_rdata[16]' is not constrained, it is treated as combinational output.
W: Timing-4087: Port 'ext_axi_if_rdata[17]' is not constrained, it is treated as combinational output.
W: Timing-4087: Port 'ext_axi_if_rdata[18]' is not constrained, it is treated as combinational output.
W: Timing-4087: Port 'ext_axi_if_rdata[19]' is not constrained, it is treated as combinational output.
W: Timing-4087: Port 'ext_axi_if_rdata[20]' is not constrained, it is treated as combinational output.
W: Timing-4087: Port 'ext_axi_if_rdata[21]' is not constrained, it is treated as combinational output.
W: Timing-4087: Port 'ext_axi_if_rdata[22]' is not constrained, it is treated as combinational output.
W: Timing-4087: Port 'ext_axi_if_rdata[23]' is not constrained, it is treated as combinational output.
W: Timing-4087: Port 'ext_axi_if_rdata[24]' is not constrained, it is treated as combinational output.
W: Timing-4087: Port 'ext_axi_if_rdata[25]' is not constrained, it is treated as combinational output.
W: Timing-4087: Port 'ext_axi_if_rdata[26]' is not constrained, it is treated as combinational output.
W: Timing-4087: Port 'ext_axi_if_rdata[27]' is not constrained, it is treated as combinational output.
W: Timing-4087: Port 'ext_axi_if_rdata[28]' is not constrained, it is treated as combinational output.
W: Timing-4087: Port 'ext_axi_if_rdata[29]' is not constrained, it is treated as combinational output.
W: Timing-4087: Port 'ext_axi_if_rdata[30]' is not constrained, it is treated as combinational output.
W: Timing-4087: Port 'ext_axi_if_rdata[31]' is not constrained, it is treated as combinational output.
W: Timing-4087: Port 'ext_axi_if_rresp[0]' is not constrained, it is treated as combinational output.
W: Timing-4087: Port 'ext_axi_if_rresp[1]' is not constrained, it is treated as combinational output.
W: Timing-4087: Port 'ext_axi_if_rvalid' is not constrained, it is treated as combinational output.
W: Timing-4087: Port 'ext_axi_if_wready' is not constrained, it is treated as combinational output.
W: Timing-4087: Port 'uart_tx' is not constrained, it is treated as combinational output.
W: Timing-4086: Port 'rst_n' is not constrained, it is treated as combinational input.
W: Timing-4086: Port 'uart_rx' is not constrained, it is treated as combinational input.
Action synthesize: Real time elapsed is 0h:0m:20s
Action synthesize: CPU time elapsed is 0h:0m:18s
Action synthesize: Process CPU time elapsed is 0h:0m:19s
Current time: Fri Apr  3 00:11:07 2026
Action synthesize: Peak memory pool usage is 417 MB
Action from compile to synthesize: Total Real Time elapsed is 0h:0m:26s
Action from compile to synthesize: Total CPU time elapsed is 0h:0m:21s
Action from compile to synthesize: Total Process CPU Time elapsed is 0h:0m:22s
Process "Synthesize" done.


Process "Device Map" started.
Current time: Fri Apr  3 00:11:07 2026
Compiling architecture definition.
Analyzing project file 'D:/FPGA/TSP_RISC-V-2.4/FPGA/pango_cpu/pango_cpu.pds'.
Compiling verification operator library.
Compiling common defs.
Loading technology operator library.
Compiling technology operator library.
Compiling technology operator (valence) library.
Compiling operator packing rules.
Compiling prim grid devices.
Compiling gate devices.
Compiling gate operators.
Compiling tech operator impls.
Building architecture model.
Loading device packaging model.
NOTE: The technology fpga was specified.
NOTE: delay_model specified was generic_cmos.
NOTE: Using the fpga syntax tables...
Totals:
 Calls to malloc = 0
 Calls to calloc = 111555

W: ConstraintEditor-4019: Port Bus 'ext_axi_if_araddr' unspecified I/O constraint.
W: ConstraintEditor-4019: Port Bus 'ext_axi_if_awaddr' unspecified I/O constraint.
W: ConstraintEditor-4019: Port Bus 'ext_axi_if_bresp' unspecified I/O constraint.
W: ConstraintEditor-4019: Port Bus 'ext_axi_if_rdata' unspecified I/O constraint.
W: ConstraintEditor-4019: Port Bus 'ext_axi_if_rresp' unspecified I/O constraint.
W: ConstraintEditor-4019: Port Bus 'ext_axi_if_wdata' unspecified I/O constraint.
W: ConstraintEditor-4019: Port Bus 'ext_axi_if_wstrb' unspecified I/O constraint.
W: ConstraintEditor-4019: Port 'ext_axi_if_arready' unspecified I/O constraint.
W: ConstraintEditor-4019: Port 'ext_axi_if_arvalid' unspecified I/O constraint.
W: ConstraintEditor-4019: Port 'ext_axi_if_awready' unspecified I/O constraint.
W: ConstraintEditor-4019: Port 'ext_axi_if_awvalid' unspecified I/O constraint.
W: ConstraintEditor-4019: Port 'ext_axi_if_bready' unspecified I/O constraint.
W: ConstraintEditor-4019: Port 'ext_axi_if_bvalid' unspecified I/O constraint.
W: ConstraintEditor-4019: Port 'ext_axi_if_rready' unspecified I/O constraint.
W: ConstraintEditor-4019: Port 'ext_axi_if_rvalid' unspecified I/O constraint.
W: ConstraintEditor-4019: Port 'ext_axi_if_wready' unspecified I/O constraint.
W: ConstraintEditor-4019: Port 'ext_axi_if_wvalid' unspecified I/O constraint.
Flattening design 'SoC_Top'
Device mapping started.
Optimizing circuit logic.
Checking design netlist.
Processing tech operator.
I: The instance clkbufg_0(GTP_CLKBUFG) has been inserted on the net clk in design, driver pin CLKOUT0(instance u_sys_pll/u_pll_e3) -> load pin CLK(instance u_Interconnect/r_target_reg[0]).
Converting tech operator to gate operator.
Processing gate operator.
I: Infer CARRY group, base inst: u_Timer/N161_1_0/gateop, insts:32.
I: Infer CARRY group, base inst: u_Timer/N170_1_0/gateop, insts:32.
I: Infer CARRY group, base inst: u_TSP_Core/u_PC_control/N3.eq_0/gateop, insts:9.
I: Infer CARRY group, base inst: u_TSP_Core/u_PC_control/N10.eq_0/gateop, insts:9.
I: Infer CARRY group, base inst: u_TSP_Core/u_PC_control/N17.eq_0/gateop, insts:9.
I: Infer CARRY group, base inst: u_TSP_Core/u_PC_control/N24.eq_0/gateop, insts:9.
I: Infer CARRY group, base inst: u_TSP_Core/u_PC_control/N31.eq_0/gateop, insts:9.
I: Infer CARRY group, base inst: u_TSP_Core/u_PC_control/N38.eq_0/gateop, insts:9.
I: Infer CARRY group, base inst: u_TSP_Core/u_PC_control/N45.eq_0/gateop, insts:9.
I: Infer CARRY group, base inst: u_TSP_Core/u_PC_control/N52.eq_0/gateop, insts:9.
I: Infer CARRY group, base inst: u_TSP_Core/u_PC_control/N59.eq_0/gateop, insts:9.
I: Infer CARRY group, base inst: u_TSP_Core/u_PC_control/N66.eq_0/gateop, insts:9.
I: Infer CARRY group, base inst: u_TSP_Core/u_PC_control/N73.eq_0/gateop, insts:9.
I: Infer CARRY group, base inst: u_TSP_Core/u_PC_control/N80.eq_0/gateop, insts:9.
I: Infer CARRY group, base inst: u_TSP_Core/u_PC_control/N87.eq_0/gateop, insts:9.
I: Infer CARRY group, base inst: u_TSP_Core/u_PC_control/N94.eq_0/gateop, insts:9.
I: Infer CARRY group, base inst: u_TSP_Core/u_PC_control/N101.eq_0/gateop, insts:9.
I: Infer CARRY group, base inst: u_TSP_Core/u_PC_control/N108.eq_0/gateop, insts:9.
I: Infer CARRY group, base inst: u_TSP_Core/u_PC_control/N119_1_0/gateop, insts:30.
I: Infer CARRY group, base inst: u_TSP_Core/u_PC_control/N126.eq_0/gateop, insts:9.
I: Infer CARRY group, base inst: u_TSP_Core/u_PC_control/N130.eq_0/gateop, insts:9.
I: Infer CARRY group, base inst: u_TSP_Core/u_PC_control/N134.eq_0/gateop, insts:9.
I: Infer CARRY group, base inst: u_TSP_Core/u_PC_control/N138.eq_0/gateop, insts:9.
I: Infer CARRY group, base inst: u_TSP_Core/u_PC_control/N142.eq_0/gateop, insts:9.
I: Infer CARRY group, base inst: u_TSP_Core/u_PC_control/N146.eq_0/gateop, insts:9.
I: Infer CARRY group, base inst: u_TSP_Core/u_PC_control/N150.eq_0/gateop, insts:9.
I: Infer CARRY group, base inst: u_TSP_Core/u_PC_control/N154.eq_0/gateop, insts:9.
I: Infer CARRY group, base inst: u_TSP_Core/u_PC_control/N158.eq_0/gateop, insts:9.
I: Infer CARRY group, base inst: u_TSP_Core/u_PC_control/N162.eq_0/gateop, insts:9.
I: Infer CARRY group, base inst: u_TSP_Core/u_PC_control/N166.eq_0/gateop, insts:9.
I: Infer CARRY group, base inst: u_TSP_Core/u_PC_control/N170.eq_0/gateop, insts:9.
I: Infer CARRY group, base inst: u_TSP_Core/u_PC_control/N174.eq_0/gateop, insts:9.
I: Infer CARRY group, base inst: u_TSP_Core/u_PC_control/N178.eq_0/gateop, insts:9.
I: Infer CARRY group, base inst: u_TSP_Core/u_PC_control/N182.eq_0/gateop, insts:9.
I: Infer CARRY group, base inst: u_TSP_Core/u_PC_control/N186.eq_0/gateop, insts:9.
I: Infer CARRY group, base inst: u_TSP_Core/u_TSP_Disp_Exu/N6.eq_0/gateop, insts:3.
I: Infer CARRY group, base inst: u_TSP_Core/u_TSP_Disp_Exu/N12.eq_0/gateop, insts:3.
I: Infer CARRY group, base inst: u_TSP_Core/u_TSP_Disp_Exu/N18.eq_0/gateop, insts:3.
I: Infer CARRY group, base inst: u_TSP_Core/u_TSP_Disp_Exu/N24.eq_0/gateop, insts:3.
I: Infer CARRY group, base inst: u_TSP_Core/u_TSP_Disp_Exu/Exu_muldiv_u0/u_multiplier/N36_3_0/gateop, insts:34.
I: Infer CARRY group, base inst: u_TSP_Core/u_TSP_Disp_Exu/Exu_muldiv_u0/u_multiplier/N39_1.fsub_1/gateop, insts:5.
I: Infer CARRY group, base inst: u_TSP_Core/u_TSP_Disp_Exu/Exu_muldiv_u0/u_multiplier/N64_1_1/gateop, insts:63.
I: Infer CARRY group, base inst: u_UART/u_uart_core/uart_tx_inst/N121_3.fsub_1/gateop, insts:19.
I: Infer CARRY group, base inst: u_TSP_Core/u_TSP_Disp_Exu/Exu_muldiv_u0/u_divider/N5_1_1/gateop, insts:31.
I: Infer CARRY group, base inst: u_TSP_Core/u_TSP_Disp_Exu/Exu_muldiv_u0/u_divider/N9_1_1/gateop, insts:31.
I: Infer CARRY group, base inst: u_TSP_Core/u_TSP_Disp_Exu/Exu_muldiv_u0/u_divider/N34.lt_0/gateop, insts:16.
I: Infer CARRY group, base inst: u_TSP_Core/u_TSP_Disp_Exu/Exu_muldiv_u0/u_divider/N41_3.fsub_0/gateop, insts:33.
I: Infer CARRY group, base inst: u_UART/u_uart_core/uart_rx_inst/N196_3.fsub_1/gateop, insts:19.
I: Infer CARRY group, base inst: u_TSP_Core/u_TSP_Disp_Exu/N81.eq_0/gateop, insts:3.
I: Infer CARRY group, base inst: u_TSP_Core/u_TSP_Disp_Exu/N87.eq_0/gateop, insts:3.
I: Infer CARRY group, base inst: u_TSP_Core/u_TSP_Disp_Exu/N93.eq_0/gateop, insts:3.
I: Infer CARRY group, base inst: u_TSP_Core/u_TSP_Disp_Exu/N103.eq_0/gateop, insts:3.
I: Infer CARRY group, base inst: u_TSP_Core/u_TSP_Disp_Exu/N109.eq_0/gateop, insts:3.
I: Infer CARRY group, base inst: u_TSP_Core/u_TSP_Disp_Exu/N115.eq_0/gateop, insts:3.
I: Infer CARRY group, base inst: u_TSP_Core/u_TSP_Disp_Exu/N125.eq_0/gateop, insts:3.
I: Infer CARRY group, base inst: u_TSP_Core/u_TSP_Disp_Exu/N131.eq_0/gateop, insts:3.
I: Infer CARRY group, base inst: u_TSP_Core/u_TSP_Disp_Exu/N137.eq_0/gateop, insts:3.
I: Infer CARRY group, base inst: u_TSP_Core/u_TSP_Disp_Exu/N147.eq_0/gateop, insts:3.
I: Infer CARRY group, base inst: u_TSP_Core/u_TSP_Disp_Exu/N153.eq_0/gateop, insts:3.
I: Infer CARRY group, base inst: u_TSP_Core/u_TSP_Disp_Exu/N159.eq_0/gateop, insts:3.
I: Infer CARRY group, base inst: u_TSP_Core/u_TSP_Disp_Exu/N169.eq_0/gateop, insts:3.
I: Infer CARRY group, base inst: u_TSP_Core/u_TSP_Disp_Exu/N175.eq_0/gateop, insts:3.
I: Infer CARRY group, base inst: u_TSP_Core/u_TSP_Disp_Exu/N181.eq_0/gateop, insts:3.
I: Infer CARRY group, base inst: u_TSP_Core/u_TSP_Disp_Exu/N191.eq_0/gateop, insts:3.
I: Infer CARRY group, base inst: u_TSP_Core/u_TSP_Disp_Exu/N197.eq_0/gateop, insts:3.
I: Infer CARRY group, base inst: u_TSP_Core/u_TSP_Disp_Exu/N203.eq_0/gateop, insts:3.
I: Infer CARRY group, base inst: u_TSP_Core/u_TSP_Disp_Exu/N213.eq_0/gateop, insts:3.
I: Infer CARRY group, base inst: u_TSP_Core/u_TSP_Disp_Exu/N219.eq_0/gateop, insts:3.
I: Infer CARRY group, base inst: u_TSP_Core/u_TSP_Disp_Exu/N225.eq_0/gateop, insts:3.
I: Infer CARRY group, base inst: u_TSP_Core/u_TSP_Disp_Exu/N235.eq_0/gateop, insts:3.
I: Infer CARRY group, base inst: u_TSP_Core/u_TSP_Disp_Exu/N241.eq_0/gateop, insts:3.
I: Infer CARRY group, base inst: u_TSP_Core/u_TSP_Disp_Exu/N247.eq_0/gateop, insts:3.
I: Infer CARRY group, base inst: u_TSP_Core/u_TSP_Disp_Exu/N288.eq_0/gateop, insts:3.
I: Infer CARRY group, base inst: u_TSP_Core/u_TSP_Disp_Exu/N293.eq_0/gateop, insts:3.
I: Infer CARRY group, base inst: u_TSP_Core/u_TSP_Disp_Exu/N298.eq_0/gateop, insts:3.
I: Infer CARRY group, base inst: u_TSP_Core/u_TSP_Disp_Exu/N303.eq_0/gateop, insts:3.
I: Infer CARRY group, base inst: u_TSP_Core/u_TSP_Disp_Exu/N308.eq_0/gateop, insts:3.
I: Infer CARRY group, base inst: u_TSP_Core/u_TSP_Disp_Exu/N313.eq_0/gateop, insts:3.
I: Infer CARRY group, base inst: u_TSP_Core/u_TSP_Disp_Exu/N318.eq_0/gateop, insts:3.
I: Infer CARRY group, base inst: u_TSP_Core/u_TSP_Disp_Exu/N323.eq_0/gateop, insts:3.
I: Infer CARRY group, base inst: u_TSP_Core/u_TSP_Disp_Exu/Exu_muldiv_u0/u_divider/N45_1.fsub_1/gateop, insts:5.
I: Infer CARRY group, base inst: u_TSP_Core/u_TSP_Disp_Exu/Exu_muldiv_u0/u_divider/N79_1_0/gateop, insts:32.
I: Infer CARRY group, base inst: u_TSP_Core/u_TSP_Disp_Exu/Exu_muldiv_u0/u_divider/N85_1_1/gateop, insts:31.
I: Infer CARRY group, base inst: u_TSP_Core/u_TSP_Disp_Exu/Exu_bjp_u0/N10_1_0/gateop, insts:30.
I: Infer CARRY group, base inst: u_TSP_Core/u_TSP_Disp_Exu/Exu_common_u0/N33_0/gateop, insts:33.
I: Infer CARRY group, base inst: u_TSP_Core/u_TSP_Disp_Exu/Exu_common_u0/N126.eq_0/gateop, insts:16.
I: Infer CARRY group, base inst: u_TSP_Core/u_TSP_Disp_Exu/Exu_common_u0/N127.slt_0/gateop, insts:16.
I: Infer CARRY group, base inst: u_TSP_Core/u_TSP_Disp_Exu/Exu_common_u0/N128.lt_0/gateop, insts:16.
I: Infer CARRY group, base inst: u_TSP_Core/u_TSP_Disp_Exu/Exu_common_u0/N134_1_0/gateop, insts:30.
Device Utilization Summary:
+------------------------------------------------------------------------+
| Logic Utilization     | Used     | Available     | Utilization(%)     
+------------------------------------------------------------------------+
| APM                   | 0        | 84            | 0                  
| IOCKDLY               | 0        | 40            | 0                  
| FF                    | 3006     | 64200         | 5                  
| LUT                   | 4170     | 42800         | 10                 
| Distributed RAM       | 0        | 17000         | 0                  
| DLL                   | 0        | 10            | 0                  
| DQSL                  | 0        | 18            | 0                  
| DRM                   | 48       | 134           | 36                 
| FUSECODE              | 0        | 1             | 0                  
| IO                    | 45       | 218           | 21                 
| IOCKDIV               | 0        | 20            | 0                  
| IOCKGATE              | 0        | 20            | 0                  
| IPAL                  | 0        | 1             | 0                  
| PLL                   | 1        | 5             | 20                 
| RCKB                  | 0        | 24            | 0                  
| SCANCHAIN             | 0        | 2             | 0                  
| START                 | 0        | 1             | 0                  
| USCM                  | 1        | 30            | 4                  
| OSC                   | 0        | 1             | 0                  
| CRYSTAL               | 0        | 2             | 0                  
| RESCAL                | 0        | 4             | 0                  
| UDID                  | 0        | 1             | 0                  
+------------------------------------------------------------------------+

Device mapping done.
Total device mapping takes 0.66 sec.

Design 'SoC_Top' has been successfully mapped to architecture-specific objects.
Saving design to DB.
W: Public-4010: Pcf file D:/FPGA/TSP_RISC-V-2.4/FPGA/pango_cpu/device_map/SoC_Top.pcf has been covered.
Action dev_map: Real time elapsed is 0h:0m:6s
Action dev_map: CPU time elapsed is 0h:0m:4s
Action dev_map: Process CPU time elapsed is 0h:0m:4s
Current time: Fri Apr  3 00:11:13 2026
Action dev_map: Peak memory pool usage is 317 MB
Action from compile to dev_map: Total Real Time elapsed is 0h:0m:32s
Action from compile to dev_map: Total CPU time elapsed is 0h:0m:25s
Action from compile to dev_map: Total Process CPU Time elapsed is 0h:0m:26s
Process "Device Map" done.


Process "Place & Route" started.
Current time: Fri Apr  3 00:11:13 2026
Compiling architecture definition.
Analyzing project file 'D:/FPGA/TSP_RISC-V-2.4/FPGA/pango_cpu/pango_cpu.pds'.
Compiling verification operator library.
Compiling common defs.
Compiling prim grid devices.
Compiling gate devices.
Compiling gate operators.
Building architecture model.
Loading device packaging model.
pnr strategy configuration : 
strategy name : 0
Building architecture floorplan logic view.
Constraint check start.
Executing : def_port {uart_tx} LOC=T11 VCCIO=3.3 IOSTANDARD=LVCMOS33 PULLUP=TRUE
C: ConstraintEditor-2009: uart_tx is lack of SLEW, OUTPUT or INOUT PORT had better set SLEW, the optional value is {SLOW, FAST}.
C: ConstraintEditor-2009: uart_tx is lack of DRIVE, OUTPUT or INOUT PORT had better set DRIVE, the optional value is {8, 4, 12, 16, 24}.
Executing : def_port {uart_tx} LOC=T11 VCCIO=3.3 IOSTANDARD=LVCMOS33 PULLUP=TRUE successfully
Executing : def_port {rst_n} LOC=C4 VCCIO=1.2 IOSTANDARD=LVCMOS12 PULLUP=TRUE
Executing : def_port {rst_n} LOC=C4 VCCIO=1.2 IOSTANDARD=LVCMOS12 PULLUP=TRUE successfully
Executing : def_port {sys_clk} LOC=V9 VCCIO=3.3 IOSTANDARD=LVCMOS33 PULLUP=TRUE
Executing : def_port {sys_clk} LOC=V9 VCCIO=3.3 IOSTANDARD=LVCMOS33 PULLUP=TRUE successfully
Executing : def_port {uart_rx} LOC=R11 VCCIO=3.3 IOSTANDARD=LVCMOS33 PULLUP=TRUE
Executing : def_port {uart_rx} LOC=R11 VCCIO=3.3 IOSTANDARD=LVCMOS33 PULLUP=TRUE successfully
W: ConstraintEditor-4019: Port Bus 'ext_axi_if_araddr' unspecified I/O constraint.
W: ConstraintEditor-4019: Port Bus 'ext_axi_if_awaddr' unspecified I/O constraint.
W: ConstraintEditor-4019: Port Bus 'ext_axi_if_bresp' unspecified I/O constraint.
W: ConstraintEditor-4019: Port Bus 'ext_axi_if_rdata' unspecified I/O constraint.
W: ConstraintEditor-4019: Port Bus 'ext_axi_if_rresp' unspecified I/O constraint.
W: ConstraintEditor-4019: Port Bus 'ext_axi_if_wdata' unspecified I/O constraint.
W: ConstraintEditor-4019: Port Bus 'ext_axi_if_wstrb' unspecified I/O constraint.
W: ConstraintEditor-4019: Port 'ext_axi_if_arready' unspecified I/O constraint.
W: ConstraintEditor-4019: Port 'ext_axi_if_arvalid' unspecified I/O constraint.
W: ConstraintEditor-4019: Port 'ext_axi_if_awready' unspecified I/O constraint.
W: ConstraintEditor-4019: Port 'ext_axi_if_awvalid' unspecified I/O constraint.
W: ConstraintEditor-4019: Port 'ext_axi_if_bready' unspecified I/O constraint.
W: ConstraintEditor-4019: Port 'ext_axi_if_bvalid' unspecified I/O constraint.
W: ConstraintEditor-4019: Port 'ext_axi_if_rready' unspecified I/O constraint.
W: ConstraintEditor-4019: Port 'ext_axi_if_rvalid' unspecified I/O constraint.
W: ConstraintEditor-4019: Port 'ext_axi_if_wready' unspecified I/O constraint.
W: ConstraintEditor-4019: Port 'ext_axi_if_wvalid' unspecified I/O constraint.
Constraint check end.
NOTE: The technology fpga was specified.
NOTE: delay_model specified was generic_cmos.
NOTE: Using the fpga syntax tables...
Totals:
 Calls to malloc = 0
 Calls to calloc = 5993935

I: Column Clock Check open.
Read Column Clock Map.

Placement started.
Phase 1 Pre global placement started.
Mapping instance u_sys_pll/u_pll_e3/goppll to PLL_158_55.
Phase 1.1 1st GP placement started.
Design Utilization : 10%.
First map gop timing takes 0.31 sec
Worst slack after clock region global placement is 2597
Wirelength after clock region global placement is 67588 and checksum is 55F7C6432E95D903.
1st GP placement takes 3.44 sec.

Phase 1.2 Clock placement started.
Mapping instance clkbufg_0/gopclkbufg to USCM_84_108.
Clock placement takes 0.16 sec.

Wirelength after Pre Global Placement is 67588 and checksum is 55F7C6432E95D903.
Pre global placement takes 3.81 sec.

Phase 2 Global placement started.
Phase 2.1 Fixed placement started.
Placed fixed group with base inst rst_n_ibuf/opit_1 on IOL_11_373.
Placed fixed group with base inst sys_clk_ibuf/opit_1 on IOL_159_5.
Placed fixed group with base inst uart_rx_ibuf/opit_1 on IOL_219_6.
Placed fixed group with base inst uart_tx_obuf/opit_1 on IOL_219_5.
Placed fixed instance clkbufg_0/gopclkbufg on USCM_84_108.
Placed fixed instance u_sys_pll/u_pll_e3/goppll on PLL_158_55.
Placed fixed instance BKCL_auto_0 on BKCL_188_376.
Placed fixed instance BKCL_auto_1 on BKCL_192_0.
Fixed placement takes 0.09 sec.

Phase 2.2 Process placement started.
Process placement takes 0.00 sec.

Phase 2.3 IO placement started.
IO placement takes 0.05 sec.

Phase 2.4 2nd GP placement started.
Run super clustering :
	Initial slack -11534.
	13 iterations finished.
	Final slack -366.
Super clustering done.
Design Utilization : 10%.
Worst slack after global placement is 839
2nd GP placement takes 2.78 sec.

Wirelength after global placement is 74332 and checksum is 238765564EAC265.
Global placement takes 2.92 sec.

Phase 3 Post global placement started.
Phase 3.1 Macro cell placement started.
I: Process macros using "Greedy".
Wirelength after macro cell placement is 90290 and checksum is E86C92B410912DF8.
Macro cell placement takes 0.00 sec.

Phase 3.2 3rd GP placement started.
Run super clustering :
	Initial slack -11534.
	13 iterations finished.
	Final slack -366.
Super clustering done.
Design Utilization : 10%.
Worst slack after post global placement is 1385
3rd GP placement takes 2.12 sec.

Wirelength after post global placement is 79592 and checksum is E7550015C070088E.
Post global placement takes 2.12 sec.

Phase 4 Legalization started.
The average distance in LP is 0.953084.
Wirelength after legalization is 93073 and checksum is C695D701F75EF5CF.
Legalization takes 0.48 sec.

Phase 5 Timing-driven detailed placement started.
Phase 5.1 Replication placement started.
Worst slack before Replication Place is -672.
Replication placement takes 0.22 sec.

Wirelength after replication placement is 93073 and checksum is C695D701F75EF5CF.
Phase 5.2 DP placement started.
Legalized cost -672.000000.
The detailed placement ends at 1th iteration.
DP placement takes 0.53 sec.

Wirelength after detailed placement is 95269 and checksum is 89FC30447427FCCA.
Timing-driven detailed placement takes 0.77 sec.

Worst slack is 3312, TNS after placement is 0.
Placement done.
Total placement takes 11.69 sec.
Finished placement.

Routing started.
Building routing graph takes 1.22 sec.
Worst slack is 3312, TNS before global route is 0.
Processing design graph takes 0.53 sec.
Total memory for routing:
	119.851213 M.
Total nets for routing : 8542.
Global Routing step 1 processed 0 nets, it takes 0.08 sec.
Rcf routing step 1 processed 0 nets, it takes 0.00 sec.
Rcf routing step 2 processed 0 nets, it takes 0.00 sec.
Rcf routing step 3 processed 0 nets, it takes 0.00 sec.
Unrouted nets 0 at the end of iteration 0.
Global Routing step 1 processed 153 nets, it takes 0.02 sec.
Unrouted nets 200 at the end of iteration 0.
Unrouted nets 156 at the end of iteration 1.
Unrouted nets 138 at the end of iteration 2.
Unrouted nets 118 at the end of iteration 3.
Unrouted nets 86 at the end of iteration 4.
Unrouted nets 51 at the end of iteration 5.
Unrouted nets 38 at the end of iteration 6.
Unrouted nets 38 at the end of iteration 7.
Unrouted nets 34 at the end of iteration 8.
Unrouted nets 30 at the end of iteration 9.
Unrouted nets 21 at the end of iteration 10.
Unrouted nets 19 at the end of iteration 11.
Unrouted nets 15 at the end of iteration 12.
Unrouted nets 14 at the end of iteration 13.
Unrouted nets 11 at the end of iteration 14.
Unrouted nets 10 at the end of iteration 15.
Unrouted nets 10 at the end of iteration 16.
Unrouted nets 7 at the end of iteration 17.
Unrouted nets 8 at the end of iteration 18.
Unrouted nets 7 at the end of iteration 19.
Unrouted nets 7 at the end of iteration 20.
Unrouted nets 8 at the end of iteration 21.
Unrouted nets 5 at the end of iteration 22.
Unrouted nets 5 at the end of iteration 23.
Unrouted nets 5 at the end of iteration 24.
Unrouted nets 3 at the end of iteration 25.
Unrouted nets 3 at the end of iteration 26.
Unrouted nets 3 at the end of iteration 27.
Unrouted nets 2 at the end of iteration 28.
Unrouted nets 3 at the end of iteration 29.
Unrouted nets 2 at the end of iteration 30.
Unrouted nets 2 at the end of iteration 31.
Unrouted nets 2 at the end of iteration 32.
Unrouted nets 2 at the end of iteration 33.
Unrouted nets 2 at the end of iteration 34.
Unrouted nets 2 at the end of iteration 35.
Unrouted nets 1 at the end of iteration 36.
Unrouted nets 1 at the end of iteration 37.
Unrouted nets 1 at the end of iteration 38.
Unrouted nets 1 at the end of iteration 39.
Unrouted nets 1 at the end of iteration 40.
Unrouted nets 1 at the end of iteration 41.
Unrouted nets 1 at the end of iteration 42.
Unrouted nets 1 at the end of iteration 43.
Unrouted nets 1 at the end of iteration 44.
Unrouted nets 1 at the end of iteration 45.
Unrouted nets 2 at the end of iteration 46.
Unrouted nets 1 at the end of iteration 47.
Unrouted nets 1 at the end of iteration 48.
Unrouted nets 1 at the end of iteration 49.
Unrouted nets 2 at the end of iteration 50.
Unrouted nets 1 at the end of iteration 51.
Unrouted nets 1 at the end of iteration 52.
Unrouted nets 1 at the end of iteration 53.
Unrouted nets 1 at the end of iteration 54.
Unrouted nets 1 at the end of iteration 55.
Unrouted nets 1 at the end of iteration 56.
Unrouted nets 1 at the end of iteration 57.
Unrouted nets 1 at the end of iteration 58.
Unrouted nets 1 at the end of iteration 59.
Unrouted nets 1 at the end of iteration 60.
Unrouted nets 1 at the end of iteration 61.
Unrouted nets 2 at the end of iteration 62.
Unrouted nets 1 at the end of iteration 63.
Unrouted nets 2 at the end of iteration 64.
Unrouted nets 1 at the end of iteration 65.
Unrouted nets 1 at the end of iteration 66.
Unrouted nets 1 at the end of iteration 67.
Unrouted nets 1 at the end of iteration 68.
Unrouted nets 1 at the end of iteration 69.
Unrouted nets 1 at the end of iteration 70.
Unrouted nets 1 at the end of iteration 71.
Unrouted nets 1 at the end of iteration 72.
Unrouted nets 2 at the end of iteration 73.
Unrouted nets 1 at the end of iteration 74.
Unrouted nets 1 at the end of iteration 75.
Unrouted nets 1 at the end of iteration 76.
Unrouted nets 1 at the end of iteration 77.
Unrouted nets 1 at the end of iteration 78.
Unrouted nets 1 at the end of iteration 79.
Unrouted nets 1 at the end of iteration 80.
Unrouted nets 1 at the end of iteration 81.
Unrouted nets 1 at the end of iteration 82.
Unrouted nets 1 at the end of iteration 83.
Unrouted nets 1 at the end of iteration 84.
Unrouted nets 1 at the end of iteration 85.
Unrouted nets 1 at the end of iteration 86.
Unrouted nets 1 at the end of iteration 87.
Unrouted nets 1 at the end of iteration 88.
Unrouted nets 1 at the end of iteration 89.
Unrouted nets 1 at the end of iteration 90.
Unrouted nets 1 at the end of iteration 91.
Unrouted nets 2 at the end of iteration 92.
Unrouted nets 1 at the end of iteration 93.
Unrouted nets 1 at the end of iteration 94.
Unrouted nets 1 at the end of iteration 95.
Unrouted nets 1 at the end of iteration 96.
Unrouted nets 2 at the end of iteration 97.
Unrouted nets 1 at the end of iteration 98.
Unrouted nets 1 at the end of iteration 99.
Unrouted nets 1 at the end of iteration 100.
Unrouted nets 1 at the end of iteration 101.
Unrouted nets 2 at the end of iteration 102.
Unrouted nets 1 at the end of iteration 103.
Unrouted nets 1 at the end of iteration 104.
Unrouted nets 1 at the end of iteration 105.
Unrouted nets 1 at the end of iteration 106.
Unrouted nets 1 at the end of iteration 107.
Unrouted nets 1 at the end of iteration 108.
Unrouted nets 1 at the end of iteration 109.
Unrouted nets 1 at the end of iteration 110.
Unrouted nets 1 at the end of iteration 111.
Unrouted nets 1 at the end of iteration 112.
Unrouted nets 1 at the end of iteration 113.
Unrouted nets 1 at the end of iteration 114.
Unrouted nets 1 at the end of iteration 115.
Unrouted nets 1 at the end of iteration 116.
Unrouted nets 1 at the end of iteration 117.
Unrouted nets 1 at the end of iteration 118.
Unrouted nets 1 at the end of iteration 119.
Unrouted nets 1 at the end of iteration 120.
Unrouted nets 1 at the end of iteration 121.
Unrouted nets 1 at the end of iteration 122.
Unrouted nets 2 at the end of iteration 123.
Unrouted nets 1 at the end of iteration 124.
Unrouted nets 1 at the end of iteration 125.
Unrouted nets 1 at the end of iteration 126.
Unrouted nets 1 at the end of iteration 127.
Unrouted nets 1 at the end of iteration 128.
Unrouted nets 1 at the end of iteration 129.
Unrouted nets 1 at the end of iteration 130.
Unrouted nets 1 at the end of iteration 131.
Unrouted nets 1 at the end of iteration 132.
Unrouted nets 1 at the end of iteration 133.
Unrouted nets 1 at the end of iteration 134.
Unrouted nets 1 at the end of iteration 135.
Unrouted nets 1 at the end of iteration 136.
Unrouted nets 1 at the end of iteration 137.
Unrouted nets 1 at the end of iteration 138.
Unrouted nets 1 at the end of iteration 139.
Unrouted nets 1 at the end of iteration 140.
Unrouted nets 1 at the end of iteration 141.
Unrouted nets 1 at the end of iteration 142.
Unrouted nets 1 at the end of iteration 143.
Unrouted nets 1 at the end of iteration 144.
Unrouted nets 1 at the end of iteration 145.
Unrouted nets 1 at the end of iteration 146.
Unrouted nets 1 at the end of iteration 147.
Unrouted nets 1 at the end of iteration 148.
Unrouted nets 1 at the end of iteration 149.
Unrouted nets 2 at the end of iteration 150.
Unrouted nets 1 at the end of iteration 151.
Unrouted nets 1 at the end of iteration 152.
Unrouted nets 1 at the end of iteration 153.
Unrouted nets 1 at the end of iteration 154.
Unrouted nets 1 at the end of iteration 155.
Unrouted nets 1 at the end of iteration 156.
Unrouted nets 1 at the end of iteration 157.
Unrouted nets 1 at the end of iteration 158.
Unrouted nets 1 at the end of iteration 159.
Unrouted nets 1 at the end of iteration 160.
Unrouted nets 1 at the end of iteration 161.
Unrouted nets 2 at the end of iteration 162.
Unrouted nets 1 at the end of iteration 163.
Unrouted nets 1 at the end of iteration 164.
Unrouted nets 1 at the end of iteration 165.
Unrouted nets 1 at the end of iteration 166.
Unrouted nets 1 at the end of iteration 167.
Unrouted nets 1 at the end of iteration 168.
Unrouted nets 1 at the end of iteration 169.
Unrouted nets 1 at the end of iteration 170.
Unrouted nets 1 at the end of iteration 171.
Unrouted nets 1 at the end of iteration 172.
Unrouted nets 1 at the end of iteration 173.
Unrouted nets 1 at the end of iteration 174.
Unrouted nets 1 at the end of iteration 175.
Unrouted nets 1 at the end of iteration 176.
Unrouted nets 1 at the end of iteration 177.
Unrouted nets 1 at the end of iteration 178.
Unrouted nets 1 at the end of iteration 179.
Unrouted nets 2 at the end of iteration 180.
Unrouted nets 1 at the end of iteration 181.
Unrouted nets 1 at the end of iteration 182.
Unrouted nets 1 at the end of iteration 183.
Unrouted nets 1 at the end of iteration 184.
Unrouted nets 1 at the end of iteration 185.
Unrouted nets 1 at the end of iteration 186.
Unrouted nets 1 at the end of iteration 187.
Unrouted nets 1 at the end of iteration 188.
Unrouted nets 1 at the end of iteration 189.
Unrouted nets 2 at the end of iteration 190.
Unrouted nets 1 at the end of iteration 191.
Unrouted nets 0 at the end of iteration 192.
Global Routing step 2 processed 428 nets, it takes 6.25 sec.
Unrouted nets 156 at the end of iteration 0.
Unrouted nets 71 at the end of iteration 1.
Unrouted nets 37 at the end of iteration 2.
Unrouted nets 18 at the end of iteration 3.
Unrouted nets 12 at the end of iteration 4.
Unrouted nets 4 at the end of iteration 5.
Unrouted nets 5 at the end of iteration 6.
Unrouted nets 3 at the end of iteration 7.
Unrouted nets 2 at the end of iteration 8.
Unrouted nets 1 at the end of iteration 9.
Unrouted nets 1 at the end of iteration 10.
Unrouted nets 1 at the end of iteration 11.
Unrouted nets 4 at the end of iteration 12.
Unrouted nets 5 at the end of iteration 13.
Unrouted nets 6 at the end of iteration 14.
Unrouted nets 3 at the end of iteration 15.
Unrouted nets 2 at the end of iteration 16.
Unrouted nets 2 at the end of iteration 17.
Unrouted nets 1 at the end of iteration 18.
Unrouted nets 1 at the end of iteration 19.
Unrouted nets 2 at the end of iteration 20.
Unrouted nets 1 at the end of iteration 21.
Unrouted nets 1 at the end of iteration 22.
Unrouted nets 1 at the end of iteration 23.
Unrouted nets 0 at the end of iteration 24.
Global Routing step 3 processed 248 nets, it takes 1.94 sec.
Global routing takes 8.23 sec.
Total 10200 subnets.
    forward max bucket size 1245 , backward 424.
        Unrouted nets 7215 at the end of iteration 0.
    route iteration 0, CPU time elapsed 1.375000 sec.
    forward max bucket size 458 , backward 372.
        Unrouted nets 6148 at the end of iteration 1.
    route iteration 1, CPU time elapsed 1.171875 sec.
    forward max bucket size 458 , backward 794.
        Unrouted nets 5315 at the end of iteration 2.
    route iteration 2, CPU time elapsed 1.203125 sec.
    forward max bucket size 536 , backward 461.
        Unrouted nets 4676 at the end of iteration 3.
    route iteration 3, CPU time elapsed 1.343750 sec.
    forward max bucket size 629 , backward 907.
        Unrouted nets 4174 at the end of iteration 4.
    route iteration 4, CPU time elapsed 1.375000 sec.
    forward max bucket size 1042 , backward 1301.
        Unrouted nets 3805 at the end of iteration 5.
    route iteration 5, CPU time elapsed 1.468750 sec.
    forward max bucket size 640 , backward 723.
        Unrouted nets 3716 at the end of iteration 6.
    route iteration 6, CPU time elapsed 1.250000 sec.
    forward max bucket size 850 , backward 595.
        Unrouted nets 3337 at the end of iteration 7.
    route iteration 7, CPU time elapsed 1.187500 sec.
    forward max bucket size 1020 , backward 1091.
        Unrouted nets 2999 at the end of iteration 8.
    route iteration 8, CPU time elapsed 1.156250 sec.
    forward max bucket size 1037 , backward 834.
        Unrouted nets 2632 at the end of iteration 9.
    route iteration 9, CPU time elapsed 0.984375 sec.
    forward max bucket size 877 , backward 964.
        Unrouted nets 2292 at the end of iteration 10.
    route iteration 10, CPU time elapsed 0.937500 sec.
    forward max bucket size 1330 , backward 683.
        Unrouted nets 2101 at the end of iteration 11.
    route iteration 11, CPU time elapsed 0.906250 sec.
    forward max bucket size 1649 , backward 894.
        Unrouted nets 1846 at the end of iteration 12.
    route iteration 12, CPU time elapsed 0.843750 sec.
    forward max bucket size 1531 , backward 759.
        Unrouted nets 1610 at the end of iteration 13.
    route iteration 13, CPU time elapsed 0.765625 sec.
    forward max bucket size 1230 , backward 649.
        Unrouted nets 1447 at the end of iteration 14.
    route iteration 14, CPU time elapsed 0.625000 sec.
    forward max bucket size 535 , backward 1113.
        Unrouted nets 1293 at the end of iteration 15.
    route iteration 15, CPU time elapsed 0.609375 sec.
    forward max bucket size 415 , backward 247.
        Unrouted nets 1152 at the end of iteration 16.
    route iteration 16, CPU time elapsed 0.562500 sec.
    forward max bucket size 602 , backward 283.
        Unrouted nets 1032 at the end of iteration 17.
    route iteration 17, CPU time elapsed 0.437500 sec.
    forward max bucket size 309 , backward 664.
        Unrouted nets 991 at the end of iteration 18.
    route iteration 18, CPU time elapsed 0.437500 sec.
    forward max bucket size 222 , backward 191.
        Unrouted nets 967 at the end of iteration 19.
    route iteration 19, CPU time elapsed 0.468750 sec.
    forward max bucket size 526 , backward 171.
        Unrouted nets 885 at the end of iteration 20.
    route iteration 20, CPU time elapsed 0.437500 sec.
    forward max bucket size 245 , backward 321.
        Unrouted nets 819 at the end of iteration 21.
    route iteration 21, CPU time elapsed 0.406250 sec.
    forward max bucket size 348 , backward 206.
        Unrouted nets 754 at the end of iteration 22.
    route iteration 22, CPU time elapsed 0.343750 sec.
    forward max bucket size 297 , backward 281.
        Unrouted nets 721 at the end of iteration 23.
    route iteration 23, CPU time elapsed 0.390625 sec.
    forward max bucket size 156 , backward 180.
        Unrouted nets 683 at the end of iteration 24.
    route iteration 24, CPU time elapsed 0.312500 sec.
    forward max bucket size 173 , backward 364.
        Unrouted nets 633 at the end of iteration 25.
    route iteration 25, CPU time elapsed 0.328125 sec.
    forward max bucket size 247 , backward 113.
        Unrouted nets 584 at the end of iteration 26.
    route iteration 26, CPU time elapsed 0.281250 sec.
    forward max bucket size 1120 , backward 578.
        Unrouted nets 563 at the end of iteration 27.
    route iteration 27, CPU time elapsed 0.281250 sec.
    forward max bucket size 197 , backward 126.
        Unrouted nets 552 at the end of iteration 28.
    route iteration 28, CPU time elapsed 0.265625 sec.
    forward max bucket size 271 , backward 262.
        Unrouted nets 538 at the end of iteration 29.
    route iteration 29, CPU time elapsed 0.250000 sec.
    forward max bucket size 580 , backward 146.
        Unrouted nets 481 at the end of iteration 30.
    route iteration 30, CPU time elapsed 0.265625 sec.
    forward max bucket size 731 , backward 171.
        Unrouted nets 450 at the end of iteration 31.
    route iteration 31, CPU time elapsed 0.218750 sec.
    forward max bucket size 253 , backward 278.
        Unrouted nets 444 at the end of iteration 32.
    route iteration 32, CPU time elapsed 0.234375 sec.
    forward max bucket size 187 , backward 375.
        Unrouted nets 404 at the end of iteration 33.
    route iteration 33, CPU time elapsed 0.218750 sec.
    forward max bucket size 550 , backward 545.
        Unrouted nets 374 at the end of iteration 34.
    route iteration 34, CPU time elapsed 0.218750 sec.
    forward max bucket size 615 , backward 672.
        Unrouted nets 366 at the end of iteration 35.
    route iteration 35, CPU time elapsed 0.187500 sec.
    forward max bucket size 157 , backward 117.
        Unrouted nets 347 at the end of iteration 36.
    route iteration 36, CPU time elapsed 0.187500 sec.
    forward max bucket size 292 , backward 562.
        Unrouted nets 314 at the end of iteration 37.
    route iteration 37, CPU time elapsed 0.140625 sec.
    forward max bucket size 527 , backward 631.
        Unrouted nets 267 at the end of iteration 38.
    route iteration 38, CPU time elapsed 0.156250 sec.
    forward max bucket size 148 , backward 125.
        Unrouted nets 282 at the end of iteration 39.
    route iteration 39, CPU time elapsed 0.156250 sec.
    forward max bucket size 320 , backward 106.
        Unrouted nets 301 at the end of iteration 40.
    route iteration 40, CPU time elapsed 0.140625 sec.
    forward max bucket size 214 , backward 136.
        Unrouted nets 244 at the end of iteration 41.
    route iteration 41, CPU time elapsed 0.156250 sec.
    forward max bucket size 177 , backward 624.
        Unrouted nets 296 at the end of iteration 42.
    route iteration 42, CPU time elapsed 0.125000 sec.
    forward max bucket size 235 , backward 568.
        Unrouted nets 287 at the end of iteration 43.
    route iteration 43, CPU time elapsed 0.125000 sec.
    forward max bucket size 517 , backward 164.
        Unrouted nets 297 at the end of iteration 44.
    route iteration 44, CPU time elapsed 0.109375 sec.
    forward max bucket size 333 , backward 173.
        Unrouted nets 251 at the end of iteration 45.
    route iteration 45, CPU time elapsed 0.125000 sec.
    forward max bucket size 180 , backward 92.
        Unrouted nets 227 at the end of iteration 46.
    route iteration 46, CPU time elapsed 0.140625 sec.
    forward max bucket size 555 , backward 147.
        Unrouted nets 204 at the end of iteration 47.
    route iteration 47, CPU time elapsed 0.125000 sec.
    forward max bucket size 1051 , backward 564.
        Unrouted nets 233 at the end of iteration 48.
    route iteration 48, CPU time elapsed 0.156250 sec.
    forward max bucket size 198 , backward 145.
        Unrouted nets 198 at the end of iteration 49.
    route iteration 49, CPU time elapsed 0.109375 sec.
    forward max bucket size 3701 , backward 1498.
        Unrouted nets 174 at the end of iteration 50.
    route iteration 50, CPU time elapsed 0.109375 sec.
    forward max bucket size 137 , backward 132.
        Unrouted nets 182 at the end of iteration 51.
    route iteration 51, CPU time elapsed 0.093750 sec.
    forward max bucket size 190 , backward 115.
        Unrouted nets 187 at the end of iteration 52.
    route iteration 52, CPU time elapsed 0.109375 sec.
    forward max bucket size 199 , backward 79.
        Unrouted nets 178 at the end of iteration 53.
    route iteration 53, CPU time elapsed 0.093750 sec.
    forward max bucket size 225 , backward 206.
        Unrouted nets 164 at the end of iteration 54.
    route iteration 54, CPU time elapsed 0.109375 sec.
    forward max bucket size 162 , backward 397.
        Unrouted nets 166 at the end of iteration 55.
    route iteration 55, CPU time elapsed 0.109375 sec.
    forward max bucket size 157 , backward 72.
        Unrouted nets 132 at the end of iteration 56.
    route iteration 56, CPU time elapsed 0.093750 sec.
    forward max bucket size 184 , backward 154.
        Unrouted nets 124 at the end of iteration 57.
    route iteration 57, CPU time elapsed 0.078125 sec.
    forward max bucket size 184 , backward 135.
        Unrouted nets 143 at the end of iteration 58.
    route iteration 58, CPU time elapsed 0.093750 sec.
    forward max bucket size 176 , backward 104.
        Unrouted nets 116 at the end of iteration 59.
    route iteration 59, CPU time elapsed 0.078125 sec.
    forward max bucket size 94 , backward 120.
        Unrouted nets 124 at the end of iteration 60.
    route iteration 60, CPU time elapsed 0.062500 sec.
    forward max bucket size 85 , backward 77.
        Unrouted nets 128 at the end of iteration 61.
    route iteration 61, CPU time elapsed 0.078125 sec.
    forward max bucket size 255 , backward 81.
        Unrouted nets 125 at the end of iteration 62.
    route iteration 62, CPU time elapsed 0.078125 sec.
    forward max bucket size 230 , backward 78.
        Unrouted nets 96 at the end of iteration 63.
    route iteration 63, CPU time elapsed 0.062500 sec.
    forward max bucket size 159 , backward 148.
        Unrouted nets 80 at the end of iteration 64.
    route iteration 64, CPU time elapsed 0.062500 sec.
    forward max bucket size 159 , backward 148.
        Unrouted nets 72 at the end of iteration 65.
    route iteration 65, CPU time elapsed 0.046875 sec.
    forward max bucket size 307 , backward 245.
        Unrouted nets 65 at the end of iteration 66.
    route iteration 66, CPU time elapsed 0.062500 sec.
    forward max bucket size 343 , backward 266.
        Unrouted nets 72 at the end of iteration 67.
    route iteration 67, CPU time elapsed 0.062500 sec.
    forward max bucket size 345 , backward 269.
        Unrouted nets 74 at the end of iteration 68.
    route iteration 68, CPU time elapsed 0.062500 sec.
    forward max bucket size 126 , backward 57.
        Unrouted nets 50 at the end of iteration 69.
    route iteration 69, CPU time elapsed 0.046875 sec.
    forward max bucket size 138 , backward 71.
        Unrouted nets 44 at the end of iteration 70.
    route iteration 70, CPU time elapsed 0.046875 sec.
    forward max bucket size 114 , backward 74.
        Unrouted nets 37 at the end of iteration 71.
    route iteration 71, CPU time elapsed 0.046875 sec.
    forward max bucket size 62 , backward 64.
        Unrouted nets 49 at the end of iteration 72.
    route iteration 72, CPU time elapsed 0.062500 sec.
    forward max bucket size 97 , backward 45.
        Unrouted nets 45 at the end of iteration 73.
    route iteration 73, CPU time elapsed 0.046875 sec.
    forward max bucket size 125 , backward 88.
        Unrouted nets 32 at the end of iteration 74.
    route iteration 74, CPU time elapsed 0.046875 sec.
    forward max bucket size 155 , backward 43.
        Unrouted nets 29 at the end of iteration 75.
    route iteration 75, CPU time elapsed 0.015625 sec.
    forward max bucket size 180 , backward 65.
        Unrouted nets 31 at the end of iteration 76.
    route iteration 76, CPU time elapsed 0.046875 sec.
    forward max bucket size 60 , backward 61.
        Unrouted nets 33 at the end of iteration 77.
    route iteration 77, CPU time elapsed 0.046875 sec.
    forward max bucket size 190 , backward 88.
        Unrouted nets 41 at the end of iteration 78.
    route iteration 78, CPU time elapsed 0.031250 sec.
    forward max bucket size 69 , backward 57.
        Unrouted nets 45 at the end of iteration 79.
    route iteration 79, CPU time elapsed 0.046875 sec.
    forward max bucket size 295 , backward 1549.
        Unrouted nets 56 at the end of iteration 80.
    route iteration 80, CPU time elapsed 0.062500 sec.
    forward max bucket size 189 , backward 99.
        Unrouted nets 72 at the end of iteration 81.
    route iteration 81, CPU time elapsed 0.062500 sec.
    forward max bucket size 121 , backward 158.
        Unrouted nets 92 at the end of iteration 82.
    route iteration 82, CPU time elapsed 0.062500 sec.
    forward max bucket size 178 , backward 185.
        Unrouted nets 82 at the end of iteration 83.
    route iteration 83, CPU time elapsed 0.078125 sec.
    forward max bucket size 300 , backward 259.
        Unrouted nets 79 at the end of iteration 84.
    route iteration 84, CPU time elapsed 0.062500 sec.
    forward max bucket size 135 , backward 136.
        Unrouted nets 63 at the end of iteration 85.
    route iteration 85, CPU time elapsed 0.062500 sec.
    forward max bucket size 164 , backward 136.
        Unrouted nets 67 at the end of iteration 86.
    route iteration 86, CPU time elapsed 0.062500 sec.
    forward max bucket size 140 , backward 185.
        Unrouted nets 69 at the end of iteration 87.
    route iteration 87, CPU time elapsed 0.062500 sec.
    forward max bucket size 151 , backward 59.
        Unrouted nets 73 at the end of iteration 88.
    route iteration 88, CPU time elapsed 0.062500 sec.
    forward max bucket size 145 , backward 85.
        Unrouted nets 62 at the end of iteration 89.
    route iteration 89, CPU time elapsed 0.046875 sec.
    forward max bucket size 177 , backward 53.
        Unrouted nets 58 at the end of iteration 90.
    route iteration 90, CPU time elapsed 0.062500 sec.
    forward max bucket size 63 , backward 55.
        Unrouted nets 52 at the end of iteration 91.
    route iteration 91, CPU time elapsed 0.031250 sec.
    forward max bucket size 63 , backward 70.
        Unrouted nets 43 at the end of iteration 92.
    route iteration 92, CPU time elapsed 0.046875 sec.
    forward max bucket size 45 , backward 48.
        Unrouted nets 39 at the end of iteration 93.
    route iteration 93, CPU time elapsed 0.031250 sec.
    forward max bucket size 57 , backward 60.
        Unrouted nets 37 at the end of iteration 94.
    route iteration 94, CPU time elapsed 0.046875 sec.
    forward max bucket size 54 , backward 45.
        Unrouted nets 30 at the end of iteration 95.
    route iteration 95, CPU time elapsed 0.046875 sec.
    forward max bucket size 72 , backward 37.
        Unrouted nets 22 at the end of iteration 96.
    route iteration 96, CPU time elapsed 0.031250 sec.
    forward max bucket size 192 , backward 291.
        Unrouted nets 30 at the end of iteration 97.
    route iteration 97, CPU time elapsed 0.031250 sec.
    forward max bucket size 104 , backward 62.
        Unrouted nets 43 at the end of iteration 98.
    route iteration 98, CPU time elapsed 0.031250 sec.
    forward max bucket size 30 , backward 29.
        Unrouted nets 41 at the end of iteration 99.
    route iteration 99, CPU time elapsed 0.046875 sec.
    forward max bucket size 42 , backward 57.
        Unrouted nets 41 at the end of iteration 100.
    route iteration 100, CPU time elapsed 0.046875 sec.
    forward max bucket size 93 , backward 88.
        Unrouted nets 39 at the end of iteration 101.
    route iteration 101, CPU time elapsed 0.046875 sec.
    forward max bucket size 31 , backward 39.
        Unrouted nets 42 at the end of iteration 102.
    route iteration 102, CPU time elapsed 0.046875 sec.
    forward max bucket size 40 , backward 55.
        Unrouted nets 46 at the end of iteration 103.
    route iteration 103, CPU time elapsed 0.046875 sec.
    forward max bucket size 52 , backward 73.
        Unrouted nets 32 at the end of iteration 104.
    route iteration 104, CPU time elapsed 0.046875 sec.
    forward max bucket size 57 , backward 76.
        Unrouted nets 26 at the end of iteration 105.
    route iteration 105, CPU time elapsed 0.046875 sec.
    forward max bucket size 155 , backward 69.
        Unrouted nets 27 at the end of iteration 106.
    route iteration 106, CPU time elapsed 0.046875 sec.
    forward max bucket size 168 , backward 67.
        Unrouted nets 24 at the end of iteration 107.
    route iteration 107, CPU time elapsed 0.031250 sec.
    forward max bucket size 34 , backward 42.
        Unrouted nets 19 at the end of iteration 108.
    route iteration 108, CPU time elapsed 0.031250 sec.
    forward max bucket size 203 , backward 66.
        Unrouted nets 11 at the end of iteration 109.
    route iteration 109, CPU time elapsed 0.015625 sec.
    forward max bucket size 26 , backward 47.
        Unrouted nets 10 at the end of iteration 110.
    route iteration 110, CPU time elapsed 0.031250 sec.
    forward max bucket size 26 , backward 22.
        Unrouted nets 9 at the end of iteration 111.
    route iteration 111, CPU time elapsed 0.031250 sec.
    forward max bucket size 24 , backward 40.
        Unrouted nets 15 at the end of iteration 112.
    route iteration 112, CPU time elapsed 0.031250 sec.
    forward max bucket size 69 , backward 79.
        Unrouted nets 11 at the end of iteration 113.
    route iteration 113, CPU time elapsed 0.031250 sec.
    forward max bucket size 36 , backward 54.
        Unrouted nets 9 at the end of iteration 114.
    route iteration 114, CPU time elapsed 0.031250 sec.
    forward max bucket size 138 , backward 68.
        Unrouted nets 9 at the end of iteration 115.
    route iteration 115, CPU time elapsed 0.046875 sec.
    forward max bucket size 145 , backward 71.
        Unrouted nets 7 at the end of iteration 116.
    route iteration 116, CPU time elapsed 0.031250 sec.
    forward max bucket size 146 , backward 27.
        Unrouted nets 8 at the end of iteration 117.
    route iteration 117, CPU time elapsed 0.031250 sec.
    forward max bucket size 153 , backward 80.
        Unrouted nets 6 at the end of iteration 118.
    route iteration 118, CPU time elapsed 0.031250 sec.
    forward max bucket size 147 , backward 23.
        Unrouted nets 8 at the end of iteration 119.
    route iteration 119, CPU time elapsed 0.031250 sec.
    forward max bucket size 26 , backward 35.
        Unrouted nets 6 at the end of iteration 120.
    route iteration 120, CPU time elapsed 0.031250 sec.
    forward max bucket size 98 , backward 26.
        Unrouted nets 8 at the end of iteration 121.
    route iteration 121, CPU time elapsed 0.046875 sec.
    forward max bucket size 23 , backward 26.
        Unrouted nets 5 at the end of iteration 122.
    route iteration 122, CPU time elapsed 0.031250 sec.
    forward max bucket size 23 , backward 23.
        Unrouted nets 5 at the end of iteration 123.
    route iteration 123, CPU time elapsed 0.031250 sec.
    forward max bucket size 23 , backward 35.
        Unrouted nets 4 at the end of iteration 124.
    route iteration 124, CPU time elapsed 0.031250 sec.
    forward max bucket size 32 , backward 23.
        Unrouted nets 4 at the end of iteration 125.
    route iteration 125, CPU time elapsed 0.031250 sec.
    forward max bucket size 32 , backward 25.
        Unrouted nets 0 at the end of iteration 126.
    route iteration 126, CPU time elapsed 0.031250 sec.
Detailed routing takes 126 iterations
Detailed routing takes 31.34 sec.
Start fix hold violation.
Build tmp routing results takes 0.08 sec.
Timing analysis takes 0.06 sec.
No hold violation.
Hold Violation Fix in router takes 0 iterations.
Fix hold violation Finished.
Hold Violation Fix in router takes 0.48 sec.

Dispose routing result:
    Collect routing result.
    Delete unused device instances.
    Annotate routing result.
    Change LUT configuration.
    Dispose misc instances.
    Annotate routing result again.
Finish routing takes 0.31 sec.
Used SRB routing arc is 103290.
Cleanup routing takes 0.02 sec.
Routing done.
Total routing takes 42.80 sec.


Device Utilization Summary :
+---------------------------------------------------------------------------+
| Logic Utilization        | Used     | Available     | Utilization(%)     
+---------------------------------------------------------------------------+
| Use of APM               | 0        | 84            | 0                  
| Use of BKCL              | 2        | 4             | 50                 
| Use of CLMA              | 836      | 6450          | 13                 
|   FF                     | 1853     | 38700         | 5                  
|   LUT                    | 2631     | 25800         | 11                 
|   LUT-FF pairs           | 595      | 25800         | 3                  
| Use of CLMS              | 519      | 4250          | 13                 
|   FF                     | 1153     | 25500         | 5                  
|   LUT                    | 1555     | 17000         | 10                 
|   LUT-FF pairs           | 344      | 17000         | 3                  
|   Distributed RAM        | 0        | 17000         | 0                  
| Use of CRYSTAL           | 0        | 2             | 0                  
| Use of DLL               | 0        | 10            | 0                  
| Use of DQSL              | 0        | 18            | 0                  
| Use of DRM               | 48       | 134           | 36                 
| Use of FUSECODE          | 0        | 1             | 0                  
| Use of HARD0N1           | 312      | 6672          | 5                  
| Use of IO                | 45       | 218           | 21                 
|   IOBD                   | 10       | 53            | 19                 
|   IOBR_LR                | 1        | 5             | 20                 
|   IOBR_TB                | 2        | 7             | 29                 
|   IOBS_LR                | 20       | 107           | 19                 
|   IOBS_TB                | 12       | 46            | 27                 
| Use of IOCKDIV           | 0        | 20            | 0                  
| Use of IOCKDLY           | 0        | 40            | 0                  
| Use of IOCKGATE          | 0        | 20            | 0                  
| Use of IOCKGMUX_TEST     | 0        | 20            | 0                  
| Use of IOL               | 45       | 400           | 12                 
| Use of IPAL              | 0        | 1             | 0                  
| Use of LDO               | 0        | 4             | 0                  
| Use of MFG_TEST          | 0        | 1             | 0                  
| Use of OSC               | 0        | 1             | 0                  
| Use of PIOMUX_TEST       | 0        | 10            | 0                  
| Use of PLL               | 1        | 5             | 20                 
| Use of PREGMUX_TEST      | 0        | 6             | 0                  
| Use of RCKB              | 0        | 24            | 0                  
|  RCKB dataused           | 0        | 24            | 0                  
| Use of RCKBMUX_TEST      | 0        | 12            | 0                  
| Use of RESCAL            | 0        | 4             | 0                  
| Use of SCANCHAIN         | 0        | 2             | 0                  
| Use of START             | 1        | 1             | 100                
| Use of UDID              | 0        | 1             | 0                  
| Use of USCM              | 1        | 30            | 4                  
|  USCM dataused           | 0        | 30            | 0                  
| Use of USCMMUX_TEST      | 0        | 30            | 0                  
| Use of VCKBMUX_TEST      | 0        | 12            | 0                  
+---------------------------------------------------------------------------+

Finished routing.
Design 'SoC_Top' has been placed and routed successfully.
Saving design to DB.
Finished placement and routing.
Action pnr: Real time elapsed is 0h:1m:15s
Action pnr: CPU time elapsed is 0h:1m:10s
Action pnr: Process CPU time elapsed is 0h:1m:16s
Current time: Fri Apr  3 00:12:27 2026
Action pnr: Peak memory pool usage is 1,027 MB
Action from compile to pnr: Total Real Time elapsed is 0h:1m:47s
Action from compile to pnr: Total CPU time elapsed is 0h:1m:35s
Action from compile to pnr: Total Process CPU Time elapsed is 0h:1m:42s
Process "Place & Route" done.


Process "Report Timing" started.
Current time: Fri Apr  3 00:12:28 2026
Compiling architecture definition.
Analyzing project file 'D:/FPGA/TSP_RISC-V-2.4/FPGA/pango_cpu/pango_cpu.pds'.
Compiling verification operator library.
Compiling common defs.
Compiling prim grid devices.
Compiling gate devices.
Compiling gate operators.
Building architecture model.
Loading device packaging model.
Reading design from pnr DB.
Start Report Post-PnR timing.
NOTE: The technology fpga was specified.
NOTE: delay_model specified was generic_cmos.
NOTE: Using the fpga syntax tables...
Totals:
 Calls to malloc = 0
 Calls to calloc = 5993935

Constructing timing graph ...
Timing graph has been constructed successfully
W: Timing-4087: Port 'ext_axi_if_arready' is not constrained, it is treated as combinational output.
W: Timing-4087: Port 'ext_axi_if_awready' is not constrained, it is treated as combinational output.
W: Timing-4087: Port 'ext_axi_if_bresp[0]' is not constrained, it is treated as combinational output.
W: Timing-4087: Port 'ext_axi_if_bresp[1]' is not constrained, it is treated as combinational output.
W: Timing-4087: Port 'ext_axi_if_bvalid' is not constrained, it is treated as combinational output.
W: Timing-4087: Port 'ext_axi_if_rdata[0]' is not constrained, it is treated as combinational output.
W: Timing-4087: Port 'ext_axi_if_rdata[1]' is not constrained, it is treated as combinational output.
W: Timing-4087: Port 'ext_axi_if_rdata[2]' is not constrained, it is treated as combinational output.
W: Timing-4087: Port 'ext_axi_if_rdata[3]' is not constrained, it is treated as combinational output.
W: Timing-4087: Port 'ext_axi_if_rdata[4]' is not constrained, it is treated as combinational output.
W: Timing-4087: Port 'ext_axi_if_rdata[5]' is not constrained, it is treated as combinational output.
W: Timing-4087: Port 'ext_axi_if_rdata[6]' is not constrained, it is treated as combinational output.
W: Timing-4087: Port 'ext_axi_if_rdata[7]' is not constrained, it is treated as combinational output.
W: Timing-4087: Port 'ext_axi_if_rdata[8]' is not constrained, it is treated as combinational output.
W: Timing-4087: Port 'ext_axi_if_rdata[9]' is not constrained, it is treated as combinational output.
W: Timing-4087: Port 'ext_axi_if_rdata[10]' is not constrained, it is treated as combinational output.
W: Timing-4087: Port 'ext_axi_if_rdata[11]' is not constrained, it is treated as combinational output.
W: Timing-4087: Port 'ext_axi_if_rdata[12]' is not constrained, it is treated as combinational output.
W: Timing-4087: Port 'ext_axi_if_rdata[13]' is not constrained, it is treated as combinational output.
W: Timing-4087: Port 'ext_axi_if_rdata[14]' is not constrained, it is treated as combinational output.
W: Timing-4087: Port 'ext_axi_if_rdata[15]' is not constrained, it is treated as combinational output.
W: Timing-4087: Port 'ext_axi_if_rdata[16]' is not constrained, it is treated as combinational output.
W: Timing-4087: Port 'ext_axi_if_rdata[17]' is not constrained, it is treated as combinational output.
W: Timing-4087: Port 'ext_axi_if_rdata[18]' is not constrained, it is treated as combinational output.
W: Timing-4087: Port 'ext_axi_if_rdata[19]' is not constrained, it is treated as combinational output.
W: Timing-4087: Port 'ext_axi_if_rdata[20]' is not constrained, it is treated as combinational output.
W: Timing-4087: Port 'ext_axi_if_rdata[21]' is not constrained, it is treated as combinational output.
W: Timing-4087: Port 'ext_axi_if_rdata[22]' is not constrained, it is treated as combinational output.
W: Timing-4087: Port 'ext_axi_if_rdata[23]' is not constrained, it is treated as combinational output.
W: Timing-4087: Port 'ext_axi_if_rdata[24]' is not constrained, it is treated as combinational output.
W: Timing-4087: Port 'ext_axi_if_rdata[25]' is not constrained, it is treated as combinational output.
W: Timing-4087: Port 'ext_axi_if_rdata[26]' is not constrained, it is treated as combinational output.
W: Timing-4087: Port 'ext_axi_if_rdata[27]' is not constrained, it is treated as combinational output.
W: Timing-4087: Port 'ext_axi_if_rdata[28]' is not constrained, it is treated as combinational output.
W: Timing-4087: Port 'ext_axi_if_rdata[29]' is not constrained, it is treated as combinational output.
W: Timing-4087: Port 'ext_axi_if_rdata[30]' is not constrained, it is treated as combinational output.
W: Timing-4087: Port 'ext_axi_if_rdata[31]' is not constrained, it is treated as combinational output.
W: Timing-4087: Port 'ext_axi_if_rresp[0]' is not constrained, it is treated as combinational output.
W: Timing-4087: Port 'ext_axi_if_rresp[1]' is not constrained, it is treated as combinational output.
W: Timing-4087: Port 'ext_axi_if_rvalid' is not constrained, it is treated as combinational output.
W: Timing-4087: Port 'ext_axi_if_wready' is not constrained, it is treated as combinational output.
W: Timing-4087: Port 'uart_tx' is not constrained, it is treated as combinational output.
W: Timing-4086: Port 'rst_n' is not constrained, it is treated as combinational input.
W: Timing-4086: Port 'uart_rx' is not constrained, it is treated as combinational input.
Report timing is finished successfully.
Action report_timing: Real time elapsed is 0h:0m:9s
Action report_timing: CPU time elapsed is 0h:0m:6s
Action report_timing: Process CPU time elapsed is 0h:0m:7s
Current time: Fri Apr  3 00:12:36 2026
Action report_timing: Peak memory pool usage is 979 MB
Action from compile to report_timing: Total Real Time elapsed is 0h:1m:56s
Action from compile to report_timing: Total CPU time elapsed is 0h:1m:41s
Action from compile to report_timing: Total Process CPU Time elapsed is 0h:1m:49s
Process "Report Timing" done.


Process "Generate Bitstream" started.
Current time: Fri Apr  3 00:12:36 2026
Compiling architecture definition.
Analyzing project file 'D:/FPGA/TSP_RISC-V-2.4/FPGA/pango_cpu/pango_cpu.pds'.
Compiling verification operator library.
Compiling common defs.
Compiling prim grid devices.
Compiling gate devices.
Compiling gate operators.
Building architecture model.
Loading device packaging model.
Reading design from DB.
Start Generating Programming File...
Reading design from DB takes 1.000000 sec.
Generating architecture configuration.
The bitstream file is "D:/FPGA/TSP_RISC-V-2.4/FPGA/pango_cpu/generate_bitstream/SoC_Top.sbit"
Generate programming file takes 10.296875 sec.
Generating Programming File done.
Action gen_bit_stream: Real time elapsed is 0h:0m:16s
Action gen_bit_stream: CPU time elapsed is 0h:0m:13s
Action gen_bit_stream: Process CPU time elapsed is 0h:0m:13s
Current time: Fri Apr  3 00:12:51 2026
Action gen_bit_stream: Peak memory pool usage is 680 MB
Action from compile to gen_bit_stream: Total Real Time elapsed is 0h:2m:12s
Action from compile to gen_bit_stream: Total CPU time elapsed is 0h:1m:54s
Action from compile to gen_bit_stream: Total Process CPU Time elapsed is 0h:2m:2s
Process "Generate Bitstream" done.
Process exit normally.
Customize IP 'D:/FPGA/TSP_RISC-V-2.4/FPGA/pango_cpu/ipcore/IRAM/IRAM.idf' ...
C: Flow-2008: IP file modified: "D:/FPGA/TSP_RISC-V-2.4/FPGA/pango_cpu/ipcore/IRAM/IRAM.idf". 
Parse module hierarchy of project 'D:/FPGA/TSP_RISC-V-2.4/FPGA/pango_cpu/temp_projects/Main_Flow/Main_Flow.pds' (ADS Parser)
Parse module hierarchy of project 'D:/FPGA/TSP_RISC-V-2.4/FPGA/pango_cpu/temp_projects/Main_Flow/Main_Flow.pds' (ADS Parser)
C: Flow-2008: IP file modified: "D:/FPGA/TSP_RISC-V-2.4/FPGA/pango_cpu/ipcore/IRAM/IRAM.idf". 
Parse module hierarchy of project 'D:/FPGA/TSP_RISC-V-2.4/FPGA/pango_cpu/temp_projects/Main_Flow/Main_Flow.pds' (ADS Parser)
IP Compiler exited.


Process "Compile" started.
Current time: Fri Apr  3 00:14:36 2026
Compiling architecture definition.
Analyzing project file 'D:/FPGA/TSP_RISC-V-2.4/FPGA/pango_cpu/pango_cpu.pds'.
License checkout: fabric_ads from D:\pango\new_pds_60ff9e088cde.lic
Compiling verification operator library.
Loading technology operator library.
Compiling technology operator library.
Compiling technology operator (valence) library.
I: Enable Verilog2k features and keywords
Start rtl-analyze.
Executing : .rtl_analyze -work work -include_path {D:/FPGA/TSP_RISC-V-2.4/FPGA/pango_cpu} D:/FPGA/TSP_RISC-V-2.4/FPGA/pango_cpu/source/core/core.v
I: Verilog-0001: Analyzing file D:/FPGA/TSP_RISC-V-2.4/FPGA/pango_cpu/source/core/core.v
I: Found Verilog include file D:/FPGA/TSP_RISC-V-2.4/FPGA/pango_cpu/source/core/defines.v
I: Verilog-0002: [D:/FPGA/TSP_RISC-V-2.4/FPGA/pango_cpu/source/core/core.v(line number: 3)] Analyzing module TSP_Core (library work)
Parsing done.
Executing : .rtl_analyze -work work -include_path {D:/FPGA/TSP_RISC-V-2.4/FPGA/pango_cpu} D:/FPGA/TSP_RISC-V-2.4/FPGA/pango_cpu/source/core/core.v successfully.
W: Public-4030: File 'D:/FPGA/TSP_RISC-V-2.4/FPGA/pango_cpu/source/core/defines.v' has been added. It is skipped.
Executing : .rtl_analyze -work work -include_path {D:/FPGA/TSP_RISC-V-2.4/FPGA/pango_cpu} D:/FPGA/TSP_RISC-V-2.4/FPGA/pango_cpu/source/core/defines.v
I: Verilog-0001: Analyzing file D:/FPGA/TSP_RISC-V-2.4/FPGA/pango_cpu/source/core/defines.v
Parsing done.
Executing : .rtl_analyze -work work -include_path {D:/FPGA/TSP_RISC-V-2.4/FPGA/pango_cpu} D:/FPGA/TSP_RISC-V-2.4/FPGA/pango_cpu/source/core/defines.v successfully.
Executing : .rtl_analyze -work work -include_path {D:/FPGA/TSP_RISC-V-2.4/FPGA/pango_cpu} D:/FPGA/TSP_RISC-V-2.4/FPGA/pango_cpu/source/core/dff.v
I: Verilog-0001: Analyzing file D:/FPGA/TSP_RISC-V-2.4/FPGA/pango_cpu/source/core/dff.v
I: Found Verilog include file D:/FPGA/TSP_RISC-V-2.4/FPGA/pango_cpu/source/core/defines.v
W: Public-4030: File 'D:/FPGA/TSP_RISC-V-2.4/FPGA/pango_cpu/source/core/defines.v' has been added. It is skipped.
I: Verilog-0002: [D:/FPGA/TSP_RISC-V-2.4/FPGA/pango_cpu/source/core/dff.v(line number: 4)] Analyzing module REGs_WLWR (library work)
I: Verilog-0002: [D:/FPGA/TSP_RISC-V-2.4/FPGA/pango_cpu/source/core/dff.v(line number: 25)] Analyzing module REGs_WLNR (library work)
I: Verilog-0002: [D:/FPGA/TSP_RISC-V-2.4/FPGA/pango_cpu/source/core/dff.v(line number: 42)] Analyzing module REGs_NLWR (library work)
I: Verilog-0002: [D:/FPGA/TSP_RISC-V-2.4/FPGA/pango_cpu/source/core/dff.v(line number: 62)] Analyzing module REGs_NLNR (library work)
Parsing done.
Executing : .rtl_analyze -work work -include_path {D:/FPGA/TSP_RISC-V-2.4/FPGA/pango_cpu} D:/FPGA/TSP_RISC-V-2.4/FPGA/pango_cpu/source/core/dff.v successfully.
Executing : .rtl_analyze -work work -include_path {D:/FPGA/TSP_RISC-V-2.4/FPGA/pango_cpu} D:/FPGA/TSP_RISC-V-2.4/FPGA/pango_cpu/source/core/disp_exu.v
I: Verilog-0001: Analyzing file D:/FPGA/TSP_RISC-V-2.4/FPGA/pango_cpu/source/core/disp_exu.v
I: Found Verilog include file D:/FPGA/TSP_RISC-V-2.4/FPGA/pango_cpu/source/core/defines.v
W: Public-4030: File 'D:/FPGA/TSP_RISC-V-2.4/FPGA/pango_cpu/source/core/defines.v' has been added. It is skipped.
I: Verilog-0002: [D:/FPGA/TSP_RISC-V-2.4/FPGA/pango_cpu/source/core/disp_exu.v(line number: 3)] Analyzing module TSP_Disp_Exu (library work)
Parsing done.
Executing : .rtl_analyze -work work -include_path {D:/FPGA/TSP_RISC-V-2.4/FPGA/pango_cpu} D:/FPGA/TSP_RISC-V-2.4/FPGA/pango_cpu/source/core/disp_exu.v successfully.
Executing : .rtl_analyze -work work -include_path {D:/FPGA/TSP_RISC-V-2.4/FPGA/pango_cpu} D:/FPGA/TSP_RISC-V-2.4/FPGA/pango_cpu/source/core/exu_bjp.v
I: Verilog-0001: Analyzing file D:/FPGA/TSP_RISC-V-2.4/FPGA/pango_cpu/source/core/exu_bjp.v
I: Found Verilog include file D:/FPGA/TSP_RISC-V-2.4/FPGA/pango_cpu/source/core/defines.v
W: Public-4030: File 'D:/FPGA/TSP_RISC-V-2.4/FPGA/pango_cpu/source/core/defines.v' has been added. It is skipped.
I: Verilog-0002: [D:/FPGA/TSP_RISC-V-2.4/FPGA/pango_cpu/source/core/exu_bjp.v(line number: 3)] Analyzing module Exu_bjp (library work)
Parsing done.
Executing : .rtl_analyze -work work -include_path {D:/FPGA/TSP_RISC-V-2.4/FPGA/pango_cpu} D:/FPGA/TSP_RISC-V-2.4/FPGA/pango_cpu/source/core/exu_bjp.v successfully.
Executing : .rtl_analyze -work work -include_path {D:/FPGA/TSP_RISC-V-2.4/FPGA/pango_cpu} D:/FPGA/TSP_RISC-V-2.4/FPGA/pango_cpu/source/core/exu_common.v
I: Verilog-0001: Analyzing file D:/FPGA/TSP_RISC-V-2.4/FPGA/pango_cpu/source/core/exu_common.v
I: Found Verilog include file D:/FPGA/TSP_RISC-V-2.4/FPGA/pango_cpu/source/core/defines.v
W: Public-4030: File 'D:/FPGA/TSP_RISC-V-2.4/FPGA/pango_cpu/source/core/defines.v' has been added. It is skipped.
I: Verilog-0002: [D:/FPGA/TSP_RISC-V-2.4/FPGA/pango_cpu/source/core/exu_common.v(line number: 3)] Analyzing module TSP_Exu_common (library work)
Parsing done.
Executing : .rtl_analyze -work work -include_path {D:/FPGA/TSP_RISC-V-2.4/FPGA/pango_cpu} D:/FPGA/TSP_RISC-V-2.4/FPGA/pango_cpu/source/core/exu_common.v successfully.
Executing : .rtl_analyze -work work -include_path {D:/FPGA/TSP_RISC-V-2.4/FPGA/pango_cpu} D:/FPGA/TSP_RISC-V-2.4/FPGA/pango_cpu/source/core/exu_ls.v
I: Verilog-0001: Analyzing file D:/FPGA/TSP_RISC-V-2.4/FPGA/pango_cpu/source/core/exu_ls.v
I: Found Verilog include file D:/FPGA/TSP_RISC-V-2.4/FPGA/pango_cpu/source/core/defines.v
W: Public-4030: File 'D:/FPGA/TSP_RISC-V-2.4/FPGA/pango_cpu/source/core/defines.v' has been added. It is skipped.
I: Verilog-0002: [D:/FPGA/TSP_RISC-V-2.4/FPGA/pango_cpu/source/core/exu_ls.v(line number: 3)] Analyzing module TSP_Exu_ls (library work)
Parsing done.
Executing : .rtl_analyze -work work -include_path {D:/FPGA/TSP_RISC-V-2.4/FPGA/pango_cpu} D:/FPGA/TSP_RISC-V-2.4/FPGA/pango_cpu/source/core/exu_ls.v successfully.
Executing : .rtl_analyze -work work -include_path {D:/FPGA/TSP_RISC-V-2.4/FPGA/pango_cpu} D:/FPGA/TSP_RISC-V-2.4/FPGA/pango_cpu/source/core/exu_muldiv.v
I: Verilog-0001: Analyzing file D:/FPGA/TSP_RISC-V-2.4/FPGA/pango_cpu/source/core/exu_muldiv.v
I: Found Verilog include file D:/FPGA/TSP_RISC-V-2.4/FPGA/pango_cpu/source/core/defines.v
W: Public-4030: File 'D:/FPGA/TSP_RISC-V-2.4/FPGA/pango_cpu/source/core/defines.v' has been added. It is skipped.
I: Verilog-0002: [D:/FPGA/TSP_RISC-V-2.4/FPGA/pango_cpu/source/core/exu_muldiv.v(line number: 3)] Analyzing module TSP_Exu_muldiv (library work)
I: Verilog-0002: [D:/FPGA/TSP_RISC-V-2.4/FPGA/pango_cpu/source/core/exu_muldiv.v(line number: 128)] Analyzing module Simple_Multiplier_32 (library work)
I: Verilog-0002: [D:/FPGA/TSP_RISC-V-2.4/FPGA/pango_cpu/source/core/exu_muldiv.v(line number: 174)] Analyzing module Simple_Divider_32 (library work)
Parsing done.
Executing : .rtl_analyze -work work -include_path {D:/FPGA/TSP_RISC-V-2.4/FPGA/pango_cpu} D:/FPGA/TSP_RISC-V-2.4/FPGA/pango_cpu/source/core/exu_muldiv.v successfully.
Executing : .rtl_analyze -work work -include_path {D:/FPGA/TSP_RISC-V-2.4/FPGA/pango_cpu} D:/FPGA/TSP_RISC-V-2.4/FPGA/pango_cpu/source/core/idec.v
I: Verilog-0001: Analyzing file D:/FPGA/TSP_RISC-V-2.4/FPGA/pango_cpu/source/core/idec.v
I: Found Verilog include file D:/FPGA/TSP_RISC-V-2.4/FPGA/pango_cpu/source/core/defines.v
W: Public-4030: File 'D:/FPGA/TSP_RISC-V-2.4/FPGA/pango_cpu/source/core/defines.v' has been added. It is skipped.
I: Verilog-0002: [D:/FPGA/TSP_RISC-V-2.4/FPGA/pango_cpu/source/core/idec.v(line number: 6)] Analyzing module TSP_Idec (library work)
Parsing done.
Executing : .rtl_analyze -work work -include_path {D:/FPGA/TSP_RISC-V-2.4/FPGA/pango_cpu} D:/FPGA/TSP_RISC-V-2.4/FPGA/pango_cpu/source/core/idec.v successfully.
Executing : .rtl_analyze -work work -include_path {D:/FPGA/TSP_RISC-V-2.4/FPGA/pango_cpu} D:/FPGA/TSP_RISC-V-2.4/FPGA/pango_cpu/source/core/Ifu.v
I: Verilog-0001: Analyzing file D:/FPGA/TSP_RISC-V-2.4/FPGA/pango_cpu/source/core/Ifu.v
I: Found Verilog include file D:/FPGA/TSP_RISC-V-2.4/FPGA/pango_cpu/source/core/defines.v
W: Public-4030: File 'D:/FPGA/TSP_RISC-V-2.4/FPGA/pango_cpu/source/core/defines.v' has been added. It is skipped.
I: Verilog-0002: [D:/FPGA/TSP_RISC-V-2.4/FPGA/pango_cpu/source/core/Ifu.v(line number: 3)] Analyzing module TSP_Ifu (library work)
Parsing done.
Executing : .rtl_analyze -work work -include_path {D:/FPGA/TSP_RISC-V-2.4/FPGA/pango_cpu} D:/FPGA/TSP_RISC-V-2.4/FPGA/pango_cpu/source/core/Ifu.v successfully.
Executing : .rtl_analyze -work work -include_path {D:/FPGA/TSP_RISC-V-2.4/FPGA/pango_cpu} D:/FPGA/TSP_RISC-V-2.4/FPGA/pango_cpu/source/core/ls_ctrl.v
I: Verilog-0001: Analyzing file D:/FPGA/TSP_RISC-V-2.4/FPGA/pango_cpu/source/core/ls_ctrl.v
I: Found Verilog include file D:/FPGA/TSP_RISC-V-2.4/FPGA/pango_cpu/source/core/defines.v
W: Public-4030: File 'D:/FPGA/TSP_RISC-V-2.4/FPGA/pango_cpu/source/core/defines.v' has been added. It is skipped.
I: Verilog-0002: [D:/FPGA/TSP_RISC-V-2.4/FPGA/pango_cpu/source/core/ls_ctrl.v(line number: 3)] Analyzing module ls_ctrl (library work)
Parsing done.
Executing : .rtl_analyze -work work -include_path {D:/FPGA/TSP_RISC-V-2.4/FPGA/pango_cpu} D:/FPGA/TSP_RISC-V-2.4/FPGA/pango_cpu/source/core/ls_ctrl.v successfully.
Executing : .rtl_analyze -work work -include_path {D:/FPGA/TSP_RISC-V-2.4/FPGA/pango_cpu} D:/FPGA/TSP_RISC-V-2.4/FPGA/pango_cpu/source/core/PC_control.v
I: Verilog-0001: Analyzing file D:/FPGA/TSP_RISC-V-2.4/FPGA/pango_cpu/source/core/PC_control.v
I: Found Verilog include file D:/FPGA/TSP_RISC-V-2.4/FPGA/pango_cpu/source/core/defines.v
W: Public-4030: File 'D:/FPGA/TSP_RISC-V-2.4/FPGA/pango_cpu/source/core/defines.v' has been added. It is skipped.
I: Verilog-0002: [D:/FPGA/TSP_RISC-V-2.4/FPGA/pango_cpu/source/core/PC_control.v(line number: 4)] Analyzing module PC_control (library work)
Parsing done.
Executing : .rtl_analyze -work work -include_path {D:/FPGA/TSP_RISC-V-2.4/FPGA/pango_cpu} D:/FPGA/TSP_RISC-V-2.4/FPGA/pango_cpu/source/core/PC_control.v successfully.
Executing : .rtl_analyze -work work -include_path {D:/FPGA/TSP_RISC-V-2.4/FPGA/pango_cpu} D:/FPGA/TSP_RISC-V-2.4/FPGA/pango_cpu/source/core/regfiles.v
I: Verilog-0001: Analyzing file D:/FPGA/TSP_RISC-V-2.4/FPGA/pango_cpu/source/core/regfiles.v
I: Found Verilog include file D:/FPGA/TSP_RISC-V-2.4/FPGA/pango_cpu/source/core/defines.v
W: Public-4030: File 'D:/FPGA/TSP_RISC-V-2.4/FPGA/pango_cpu/source/core/defines.v' has been added. It is skipped.
I: Verilog-0002: [D:/FPGA/TSP_RISC-V-2.4/FPGA/pango_cpu/source/core/regfiles.v(line number: 3)] Analyzing module TSP_Regfiles (library work)
Parsing done.
Executing : .rtl_analyze -work work -include_path {D:/FPGA/TSP_RISC-V-2.4/FPGA/pango_cpu} D:/FPGA/TSP_RISC-V-2.4/FPGA/pango_cpu/source/core/regfiles.v successfully.
Executing : .rtl_analyze -work work -include_path {D:/FPGA/TSP_RISC-V-2.4/FPGA/pango_cpu} D:/FPGA/TSP_RISC-V-2.4/FPGA/pango_cpu/source/core/wb_arbiter.v
I: Verilog-0001: Analyzing file D:/FPGA/TSP_RISC-V-2.4/FPGA/pango_cpu/source/core/wb_arbiter.v
I: Found Verilog include file D:/FPGA/TSP_RISC-V-2.4/FPGA/pango_cpu/source/core/defines.v
W: Public-4030: File 'D:/FPGA/TSP_RISC-V-2.4/FPGA/pango_cpu/source/core/defines.v' has been added. It is skipped.
I: Verilog-0002: [D:/FPGA/TSP_RISC-V-2.4/FPGA/pango_cpu/source/core/wb_arbiter.v(line number: 3)] Analyzing module TSP_Wb_arbiter (library work)
Parsing done.
Executing : .rtl_analyze -work work -include_path {D:/FPGA/TSP_RISC-V-2.4/FPGA/pango_cpu} D:/FPGA/TSP_RISC-V-2.4/FPGA/pango_cpu/source/core/wb_arbiter.v successfully.
Executing : .rtl_analyze -work work -include_path {D:/FPGA/TSP_RISC-V-2.4/FPGA/pango_cpu} D:/FPGA/TSP_RISC-V-2.4/FPGA/pango_cpu/source/peripheral/AXI_Interconnect.v
I: Verilog-0001: Analyzing file D:/FPGA/TSP_RISC-V-2.4/FPGA/pango_cpu/source/peripheral/AXI_Interconnect.v
I: Found Verilog include file D:/FPGA/TSP_RISC-V-2.4/FPGA/pango_cpu/source/core/defines.v
W: Public-4030: File 'D:/FPGA/TSP_RISC-V-2.4/FPGA/pango_cpu/source/core/defines.v' has been added. It is skipped.
I: Verilog-0002: [D:/FPGA/TSP_RISC-V-2.4/FPGA/pango_cpu/source/peripheral/AXI_Interconnect.v(line number: 3)] Analyzing module TSP_AXI_Interconnect (library work)
Parsing done.
Executing : .rtl_analyze -work work -include_path {D:/FPGA/TSP_RISC-V-2.4/FPGA/pango_cpu} D:/FPGA/TSP_RISC-V-2.4/FPGA/pango_cpu/source/peripheral/AXI_Interconnect.v successfully.
Executing : .rtl_analyze -work work -include_path {D:/FPGA/TSP_RISC-V-2.4/FPGA/pango_cpu} D:/FPGA/TSP_RISC-V-2.4/FPGA/pango_cpu/source/peripheral/soc_top.v
I: Verilog-0001: Analyzing file D:/FPGA/TSP_RISC-V-2.4/FPGA/pango_cpu/source/peripheral/soc_top.v
I: Found Verilog include file D:/FPGA/TSP_RISC-V-2.4/FPGA/pango_cpu/source/core/defines.v
W: Public-4030: File 'D:/FPGA/TSP_RISC-V-2.4/FPGA/pango_cpu/source/core/defines.v' has been added. It is skipped.
I: Verilog-0002: [D:/FPGA/TSP_RISC-V-2.4/FPGA/pango_cpu/source/peripheral/soc_top.v(line number: 3)] Analyzing module SoC_Top (library work)
Parsing done.
Executing : .rtl_analyze -work work -include_path {D:/FPGA/TSP_RISC-V-2.4/FPGA/pango_cpu} D:/FPGA/TSP_RISC-V-2.4/FPGA/pango_cpu/source/peripheral/soc_top.v successfully.
Executing : .rtl_analyze -work work -include_path {D:/FPGA/TSP_RISC-V-2.4/FPGA/pango_cpu} D:/FPGA/TSP_RISC-V-2.4/FPGA/pango_cpu/source/ram/sram.v
I: Verilog-0001: Analyzing file D:/FPGA/TSP_RISC-V-2.4/FPGA/pango_cpu/source/ram/sram.v
I: Found Verilog include file D:/FPGA/TSP_RISC-V-2.4/FPGA/pango_cpu/source/core/defines.v
W: Public-4030: File 'D:/FPGA/TSP_RISC-V-2.4/FPGA/pango_cpu/source/core/defines.v' has been added. It is skipped.
I: Verilog-0002: [D:/FPGA/TSP_RISC-V-2.4/FPGA/pango_cpu/source/ram/sram.v(line number: 4)] Analyzing module TSP_Sram (library work)
Parsing done.
Executing : .rtl_analyze -work work -include_path {D:/FPGA/TSP_RISC-V-2.4/FPGA/pango_cpu} D:/FPGA/TSP_RISC-V-2.4/FPGA/pango_cpu/source/ram/sram.v successfully.
Executing : .rtl_analyze -work work -include_path {D:/FPGA/TSP_RISC-V-2.4/FPGA/pango_cpu} D:/FPGA/TSP_RISC-V-2.4/FPGA/pango_cpu/source/uart/uart.v
I: Verilog-0001: Analyzing file D:/FPGA/TSP_RISC-V-2.4/FPGA/pango_cpu/source/uart/uart.v
I: Verilog-0002: [D:/FPGA/TSP_RISC-V-2.4/FPGA/pango_cpu/source/uart/uart.v(line number: 32)] Analyzing module uart (library work)
Parsing done.
Executing : .rtl_analyze -work work -include_path {D:/FPGA/TSP_RISC-V-2.4/FPGA/pango_cpu} D:/FPGA/TSP_RISC-V-2.4/FPGA/pango_cpu/source/uart/uart.v successfully.
Executing : .rtl_analyze -work work -include_path {D:/FPGA/TSP_RISC-V-2.4/FPGA/pango_cpu} D:/FPGA/TSP_RISC-V-2.4/FPGA/pango_cpu/source/uart/uart_axi_lite_wrapper.v
I: Verilog-0001: Analyzing file D:/FPGA/TSP_RISC-V-2.4/FPGA/pango_cpu/source/uart/uart_axi_lite_wrapper.v
I: Found Verilog include file D:/FPGA/TSP_RISC-V-2.4/FPGA/pango_cpu/source/core/defines.v
W: Public-4030: File 'D:/FPGA/TSP_RISC-V-2.4/FPGA/pango_cpu/source/core/defines.v' has been added. It is skipped.
I: Verilog-0002: [D:/FPGA/TSP_RISC-V-2.4/FPGA/pango_cpu/source/uart/uart_axi_lite_wrapper.v(line number: 3)] Analyzing module uart_axi_lite_wrapper (library work)
Parsing done.
Executing : .rtl_analyze -work work -include_path {D:/FPGA/TSP_RISC-V-2.4/FPGA/pango_cpu} D:/FPGA/TSP_RISC-V-2.4/FPGA/pango_cpu/source/uart/uart_axi_lite_wrapper.v successfully.
Executing : .rtl_analyze -work work -include_path {D:/FPGA/TSP_RISC-V-2.4/FPGA/pango_cpu} D:/FPGA/TSP_RISC-V-2.4/FPGA/pango_cpu/source/uart/uart_rx.v
I: Verilog-0001: Analyzing file D:/FPGA/TSP_RISC-V-2.4/FPGA/pango_cpu/source/uart/uart_rx.v
I: Verilog-0002: [D:/FPGA/TSP_RISC-V-2.4/FPGA/pango_cpu/source/uart/uart_rx.v(line number: 32)] Analyzing module uart_rx (library work)
Parsing done.
Executing : .rtl_analyze -work work -include_path {D:/FPGA/TSP_RISC-V-2.4/FPGA/pango_cpu} D:/FPGA/TSP_RISC-V-2.4/FPGA/pango_cpu/source/uart/uart_rx.v successfully.
Executing : .rtl_analyze -work work -include_path {D:/FPGA/TSP_RISC-V-2.4/FPGA/pango_cpu} D:/FPGA/TSP_RISC-V-2.4/FPGA/pango_cpu/source/uart/uart_tx.v
I: Verilog-0001: Analyzing file D:/FPGA/TSP_RISC-V-2.4/FPGA/pango_cpu/source/uart/uart_tx.v
I: Verilog-0002: [D:/FPGA/TSP_RISC-V-2.4/FPGA/pango_cpu/source/uart/uart_tx.v(line number: 32)] Analyzing module uart_tx (library work)
Parsing done.
Executing : .rtl_analyze -work work -include_path {D:/FPGA/TSP_RISC-V-2.4/FPGA/pango_cpu} D:/FPGA/TSP_RISC-V-2.4/FPGA/pango_cpu/source/uart/uart_tx.v successfully.
Executing : .rtl_analyze -work work -include_path {D:/FPGA/TSP_RISC-V-2.4/FPGA/pango_cpu} D:/FPGA/TSP_RISC-V-2.4/FPGA/pango_cpu/source/timer/timer.v
I: Verilog-0001: Analyzing file D:/FPGA/TSP_RISC-V-2.4/FPGA/pango_cpu/source/timer/timer.v
I: Found Verilog include file D:/FPGA/TSP_RISC-V-2.4/FPGA/pango_cpu/source/core/defines.v
W: Public-4030: File 'D:/FPGA/TSP_RISC-V-2.4/FPGA/pango_cpu/source/core/defines.v' has been added. It is skipped.
I: Verilog-0002: [D:/FPGA/TSP_RISC-V-2.4/FPGA/pango_cpu/source/timer/timer.v(line number: 40)] Analyzing module timer (library work)
Parsing done.
Executing : .rtl_analyze -work work -include_path {D:/FPGA/TSP_RISC-V-2.4/FPGA/pango_cpu} D:/FPGA/TSP_RISC-V-2.4/FPGA/pango_cpu/source/timer/timer.v successfully.
Executing : .rtl_analyze -include_path {D:/FPGA/TSP_RISC-V-2.4/FPGA/pango_cpu} D:/FPGA/TSP_RISC-V-2.4/FPGA/pango_cpu/ipcore/sys_pll/sys_pll.v
I: Verilog-0001: Analyzing file D:/FPGA/TSP_RISC-V-2.4/FPGA/pango_cpu/ipcore/sys_pll/sys_pll.v
I: Verilog-0002: [D:/FPGA/TSP_RISC-V-2.4/FPGA/pango_cpu/ipcore/sys_pll/sys_pll.v(line number: 18)] Analyzing module sys_pll (library work)
Parsing done.
Executing : .rtl_analyze -include_path {D:/FPGA/TSP_RISC-V-2.4/FPGA/pango_cpu} D:/FPGA/TSP_RISC-V-2.4/FPGA/pango_cpu/ipcore/sys_pll/sys_pll.v successfully.
Executing : .rtl_analyze -include_path {D:/FPGA/TSP_RISC-V-2.4/FPGA/pango_cpu} D:/FPGA/TSP_RISC-V-2.4/FPGA/pango_cpu/ipcore/IRAM/rtl/ipml_dpram_v1_8_IRAM.v
I: Verilog-0001: Analyzing file D:/FPGA/TSP_RISC-V-2.4/FPGA/pango_cpu/ipcore/IRAM/rtl/ipml_dpram_v1_8_IRAM.v
I: Verilog-0002: [D:/FPGA/TSP_RISC-V-2.4/FPGA/pango_cpu/ipcore/IRAM/rtl/ipml_dpram_v1_8_IRAM.v(line number: 17)] Analyzing module ipml_dpram_v1_8_IRAM (library work)
I: Found Verilog include file D:/FPGA/TSP_RISC-V-2.4/FPGA/pango_cpu/ipcore/IRAM/rtl/IRAM_init_param.v
W: Verilog-2008: [D:/FPGA/TSP_RISC-V-2.4/FPGA/pango_cpu/ipcore/IRAM/rtl/ipml_dpram_v1_8_IRAM.v(line number: 243)] Ignore 'system task' $display
W: Verilog-2008: [D:/FPGA/TSP_RISC-V-2.4/FPGA/pango_cpu/ipcore/IRAM/rtl/ipml_dpram_v1_8_IRAM.v(line number: 244)] Ignore 'system task' $finish
W: Verilog-2008: [D:/FPGA/TSP_RISC-V-2.4/FPGA/pango_cpu/ipcore/IRAM/rtl/ipml_dpram_v1_8_IRAM.v(line number: 247)] Ignore 'system task' $display
W: Verilog-2008: [D:/FPGA/TSP_RISC-V-2.4/FPGA/pango_cpu/ipcore/IRAM/rtl/ipml_dpram_v1_8_IRAM.v(line number: 251)] Ignore 'system task' $display
W: Verilog-2008: [D:/FPGA/TSP_RISC-V-2.4/FPGA/pango_cpu/ipcore/IRAM/rtl/ipml_dpram_v1_8_IRAM.v(line number: 255)] Ignore 'system task' $display
W: Verilog-2008: [D:/FPGA/TSP_RISC-V-2.4/FPGA/pango_cpu/ipcore/IRAM/rtl/ipml_dpram_v1_8_IRAM.v(line number: 259)] Ignore 'system task' $display
W: Verilog-2008: [D:/FPGA/TSP_RISC-V-2.4/FPGA/pango_cpu/ipcore/IRAM/rtl/ipml_dpram_v1_8_IRAM.v(line number: 263)] Ignore 'system task' $display
W: Verilog-2008: [D:/FPGA/TSP_RISC-V-2.4/FPGA/pango_cpu/ipcore/IRAM/rtl/ipml_dpram_v1_8_IRAM.v(line number: 264)] Ignore 'system task' $finish
W: Verilog-2008: [D:/FPGA/TSP_RISC-V-2.4/FPGA/pango_cpu/ipcore/IRAM/rtl/ipml_dpram_v1_8_IRAM.v(line number: 267)] Ignore 'system task' $display
W: Verilog-2008: [D:/FPGA/TSP_RISC-V-2.4/FPGA/pango_cpu/ipcore/IRAM/rtl/ipml_dpram_v1_8_IRAM.v(line number: 268)] Ignore 'system task' $finish
W: Verilog-2008: [D:/FPGA/TSP_RISC-V-2.4/FPGA/pango_cpu/ipcore/IRAM/rtl/ipml_dpram_v1_8_IRAM.v(line number: 271)] Ignore 'system task' $display
W: Verilog-2008: [D:/FPGA/TSP_RISC-V-2.4/FPGA/pango_cpu/ipcore/IRAM/rtl/ipml_dpram_v1_8_IRAM.v(line number: 272)] Ignore 'system task' $finish
W: Verilog-2008: [D:/FPGA/TSP_RISC-V-2.4/FPGA/pango_cpu/ipcore/IRAM/rtl/ipml_dpram_v1_8_IRAM.v(line number: 275)] Ignore 'system task' $display
W: Verilog-2008: [D:/FPGA/TSP_RISC-V-2.4/FPGA/pango_cpu/ipcore/IRAM/rtl/ipml_dpram_v1_8_IRAM.v(line number: 276)] Ignore 'system task' $finish
W: Verilog-2008: [D:/FPGA/TSP_RISC-V-2.4/FPGA/pango_cpu/ipcore/IRAM/rtl/ipml_dpram_v1_8_IRAM.v(line number: 279)] Ignore 'system task' $display
W: Verilog-2008: [D:/FPGA/TSP_RISC-V-2.4/FPGA/pango_cpu/ipcore/IRAM/rtl/ipml_dpram_v1_8_IRAM.v(line number: 280)] Ignore 'system task' $finish
W: Verilog-2008: [D:/FPGA/TSP_RISC-V-2.4/FPGA/pango_cpu/ipcore/IRAM/rtl/ipml_dpram_v1_8_IRAM.v(line number: 283)] Ignore 'system task' $display
W: Verilog-2008: [D:/FPGA/TSP_RISC-V-2.4/FPGA/pango_cpu/ipcore/IRAM/rtl/ipml_dpram_v1_8_IRAM.v(line number: 284)] Ignore 'system task' $finish
W: Verilog-2008: [D:/FPGA/TSP_RISC-V-2.4/FPGA/pango_cpu/ipcore/IRAM/rtl/ipml_dpram_v1_8_IRAM.v(line number: 287)] Ignore 'system task' $display
W: Verilog-2008: [D:/FPGA/TSP_RISC-V-2.4/FPGA/pango_cpu/ipcore/IRAM/rtl/ipml_dpram_v1_8_IRAM.v(line number: 288)] Ignore 'system task' $finish
W: Verilog-2008: [D:/FPGA/TSP_RISC-V-2.4/FPGA/pango_cpu/ipcore/IRAM/rtl/ipml_dpram_v1_8_IRAM.v(line number: 291)] Ignore 'system task' $display
W: Verilog-2008: [D:/FPGA/TSP_RISC-V-2.4/FPGA/pango_cpu/ipcore/IRAM/rtl/ipml_dpram_v1_8_IRAM.v(line number: 292)] Ignore 'system task' $finish
W: Verilog-2008: [D:/FPGA/TSP_RISC-V-2.4/FPGA/pango_cpu/ipcore/IRAM/rtl/ipml_dpram_v1_8_IRAM.v(line number: 295)] Ignore 'system task' $display
W: Verilog-2008: [D:/FPGA/TSP_RISC-V-2.4/FPGA/pango_cpu/ipcore/IRAM/rtl/ipml_dpram_v1_8_IRAM.v(line number: 296)] Ignore 'system task' $finish
W: Verilog-2008: [D:/FPGA/TSP_RISC-V-2.4/FPGA/pango_cpu/ipcore/IRAM/rtl/ipml_dpram_v1_8_IRAM.v(line number: 299)] Ignore 'system task' $display
W: Verilog-2008: [D:/FPGA/TSP_RISC-V-2.4/FPGA/pango_cpu/ipcore/IRAM/rtl/ipml_dpram_v1_8_IRAM.v(line number: 300)] Ignore 'system task' $finish
W: Verilog-2008: [D:/FPGA/TSP_RISC-V-2.4/FPGA/pango_cpu/ipcore/IRAM/rtl/ipml_dpram_v1_8_IRAM.v(line number: 303)] Ignore 'system task' $display
W: Verilog-2008: [D:/FPGA/TSP_RISC-V-2.4/FPGA/pango_cpu/ipcore/IRAM/rtl/ipml_dpram_v1_8_IRAM.v(line number: 304)] Ignore 'system task' $finish
W: Verilog-2008: [D:/FPGA/TSP_RISC-V-2.4/FPGA/pango_cpu/ipcore/IRAM/rtl/ipml_dpram_v1_8_IRAM.v(line number: 307)] Ignore 'system task' $display
W: Verilog-2008: [D:/FPGA/TSP_RISC-V-2.4/FPGA/pango_cpu/ipcore/IRAM/rtl/ipml_dpram_v1_8_IRAM.v(line number: 308)] Ignore 'system task' $finish
W: Verilog-2008: [D:/FPGA/TSP_RISC-V-2.4/FPGA/pango_cpu/ipcore/IRAM/rtl/ipml_dpram_v1_8_IRAM.v(line number: 312)] Ignore 'system task' $display
W: Verilog-2008: [D:/FPGA/TSP_RISC-V-2.4/FPGA/pango_cpu/ipcore/IRAM/rtl/ipml_dpram_v1_8_IRAM.v(line number: 313)] Ignore 'system task' $finish
W: Verilog-2008: [D:/FPGA/TSP_RISC-V-2.4/FPGA/pango_cpu/ipcore/IRAM/rtl/ipml_dpram_v1_8_IRAM.v(line number: 316)] Ignore 'system task' $display
W: Verilog-2008: [D:/FPGA/TSP_RISC-V-2.4/FPGA/pango_cpu/ipcore/IRAM/rtl/ipml_dpram_v1_8_IRAM.v(line number: 317)] Ignore 'system task' $finish
W: Verilog-2008: [D:/FPGA/TSP_RISC-V-2.4/FPGA/pango_cpu/ipcore/IRAM/rtl/ipml_dpram_v1_8_IRAM.v(line number: 321)] Ignore 'system task' $display
W: Verilog-2008: [D:/FPGA/TSP_RISC-V-2.4/FPGA/pango_cpu/ipcore/IRAM/rtl/ipml_dpram_v1_8_IRAM.v(line number: 322)] Ignore 'system task' $finish
W: Verilog-2008: [D:/FPGA/TSP_RISC-V-2.4/FPGA/pango_cpu/ipcore/IRAM/rtl/ipml_dpram_v1_8_IRAM.v(line number: 325)] Ignore 'system task' $display
W: Verilog-2008: [D:/FPGA/TSP_RISC-V-2.4/FPGA/pango_cpu/ipcore/IRAM/rtl/ipml_dpram_v1_8_IRAM.v(line number: 326)] Ignore 'system task' $finish
W: Verilog-2008: [D:/FPGA/TSP_RISC-V-2.4/FPGA/pango_cpu/ipcore/IRAM/rtl/ipml_dpram_v1_8_IRAM.v(line number: 329)] Ignore 'system task' $display
W: Verilog-2008: [D:/FPGA/TSP_RISC-V-2.4/FPGA/pango_cpu/ipcore/IRAM/rtl/ipml_dpram_v1_8_IRAM.v(line number: 333)] Ignore 'system task' $display
W: Verilog-2008: [D:/FPGA/TSP_RISC-V-2.4/FPGA/pango_cpu/ipcore/IRAM/rtl/ipml_dpram_v1_8_IRAM.v(line number: 334)] Ignore 'system task' $finish
W: Verilog-2008: [D:/FPGA/TSP_RISC-V-2.4/FPGA/pango_cpu/ipcore/IRAM/rtl/ipml_dpram_v1_8_IRAM.v(line number: 337)] Ignore 'system task' $display
W: Verilog-2008: [D:/FPGA/TSP_RISC-V-2.4/FPGA/pango_cpu/ipcore/IRAM/rtl/ipml_dpram_v1_8_IRAM.v(line number: 338)] Ignore 'system task' $finish
W: Verilog-2008: [D:/FPGA/TSP_RISC-V-2.4/FPGA/pango_cpu/ipcore/IRAM/rtl/ipml_dpram_v1_8_IRAM.v(line number: 341)] Ignore 'system task' $display
W: Verilog-2008: [D:/FPGA/TSP_RISC-V-2.4/FPGA/pango_cpu/ipcore/IRAM/rtl/ipml_dpram_v1_8_IRAM.v(line number: 342)] Ignore 'system task' $finish
W: Verilog-2008: [D:/FPGA/TSP_RISC-V-2.4/FPGA/pango_cpu/ipcore/IRAM/rtl/ipml_dpram_v1_8_IRAM.v(line number: 345)] Ignore 'system task' $display
W: Verilog-2008: [D:/FPGA/TSP_RISC-V-2.4/FPGA/pango_cpu/ipcore/IRAM/rtl/ipml_dpram_v1_8_IRAM.v(line number: 346)] Ignore 'system task' $finish
W: Verilog-2008: [D:/FPGA/TSP_RISC-V-2.4/FPGA/pango_cpu/ipcore/IRAM/rtl/ipml_dpram_v1_8_IRAM.v(line number: 349)] Ignore 'system task' $display
W: Verilog-2008: [D:/FPGA/TSP_RISC-V-2.4/FPGA/pango_cpu/ipcore/IRAM/rtl/ipml_dpram_v1_8_IRAM.v(line number: 350)] Ignore 'system task' $finish
W: Verilog-2008: [D:/FPGA/TSP_RISC-V-2.4/FPGA/pango_cpu/ipcore/IRAM/rtl/ipml_dpram_v1_8_IRAM.v(line number: 355)] Ignore 'system task' $display
W: Verilog-2008: [D:/FPGA/TSP_RISC-V-2.4/FPGA/pango_cpu/ipcore/IRAM/rtl/ipml_dpram_v1_8_IRAM.v(line number: 356)] Ignore 'system task' $finish
W: Verilog-2008: [D:/FPGA/TSP_RISC-V-2.4/FPGA/pango_cpu/ipcore/IRAM/rtl/ipml_dpram_v1_8_IRAM.v(line number: 359)] Ignore 'system task' $display
W: Verilog-2008: [D:/FPGA/TSP_RISC-V-2.4/FPGA/pango_cpu/ipcore/IRAM/rtl/ipml_dpram_v1_8_IRAM.v(line number: 360)] Ignore 'system task' $finish
W: Verilog-2008: [D:/FPGA/TSP_RISC-V-2.4/FPGA/pango_cpu/ipcore/IRAM/rtl/ipml_dpram_v1_8_IRAM.v(line number: 365)] Ignore 'system task' $display
W: Verilog-2008: [D:/FPGA/TSP_RISC-V-2.4/FPGA/pango_cpu/ipcore/IRAM/rtl/ipml_dpram_v1_8_IRAM.v(line number: 366)] Ignore 'system task' $finish
Parsing done.
Executing : .rtl_analyze -include_path {D:/FPGA/TSP_RISC-V-2.4/FPGA/pango_cpu} D:/FPGA/TSP_RISC-V-2.4/FPGA/pango_cpu/ipcore/IRAM/rtl/ipml_dpram_v1_8_IRAM.v successfully.
Executing : .rtl_analyze -include_path {D:/FPGA/TSP_RISC-V-2.4/FPGA/pango_cpu} D:/FPGA/TSP_RISC-V-2.4/FPGA/pango_cpu/ipcore/IRAM/IRAM.v
I: Verilog-0001: Analyzing file D:/FPGA/TSP_RISC-V-2.4/FPGA/pango_cpu/ipcore/IRAM/IRAM.v
I: Verilog-0002: [D:/FPGA/TSP_RISC-V-2.4/FPGA/pango_cpu/ipcore/IRAM/IRAM.v(line number: 16)] Analyzing module IRAM (library work)
Parsing done.
Executing : .rtl_analyze -include_path {D:/FPGA/TSP_RISC-V-2.4/FPGA/pango_cpu} D:/FPGA/TSP_RISC-V-2.4/FPGA/pango_cpu/ipcore/IRAM/IRAM.v successfully.
Executing : .rtl_analyze -include_path {D:/FPGA/TSP_RISC-V-2.4/FPGA/pango_cpu} D:/FPGA/TSP_RISC-V-2.4/FPGA/pango_cpu/ipcore/SRAM/rtl/ipml_dpram_v1_8_SRAM.v
I: Verilog-0001: Analyzing file D:/FPGA/TSP_RISC-V-2.4/FPGA/pango_cpu/ipcore/SRAM/rtl/ipml_dpram_v1_8_SRAM.v
I: Verilog-0002: [D:/FPGA/TSP_RISC-V-2.4/FPGA/pango_cpu/ipcore/SRAM/rtl/ipml_dpram_v1_8_SRAM.v(line number: 17)] Analyzing module ipml_dpram_v1_8_SRAM (library work)
W: Verilog-2008: [D:/FPGA/TSP_RISC-V-2.4/FPGA/pango_cpu/ipcore/SRAM/rtl/ipml_dpram_v1_8_SRAM.v(line number: 241)] Ignore 'system task' $display
W: Verilog-2008: [D:/FPGA/TSP_RISC-V-2.4/FPGA/pango_cpu/ipcore/SRAM/rtl/ipml_dpram_v1_8_SRAM.v(line number: 242)] Ignore 'system task' $finish
W: Verilog-2008: [D:/FPGA/TSP_RISC-V-2.4/FPGA/pango_cpu/ipcore/SRAM/rtl/ipml_dpram_v1_8_SRAM.v(line number: 245)] Ignore 'system task' $display
W: Verilog-2008: [D:/FPGA/TSP_RISC-V-2.4/FPGA/pango_cpu/ipcore/SRAM/rtl/ipml_dpram_v1_8_SRAM.v(line number: 249)] Ignore 'system task' $display
W: Verilog-2008: [D:/FPGA/TSP_RISC-V-2.4/FPGA/pango_cpu/ipcore/SRAM/rtl/ipml_dpram_v1_8_SRAM.v(line number: 253)] Ignore 'system task' $display
W: Verilog-2008: [D:/FPGA/TSP_RISC-V-2.4/FPGA/pango_cpu/ipcore/SRAM/rtl/ipml_dpram_v1_8_SRAM.v(line number: 257)] Ignore 'system task' $display
W: Verilog-2008: [D:/FPGA/TSP_RISC-V-2.4/FPGA/pango_cpu/ipcore/SRAM/rtl/ipml_dpram_v1_8_SRAM.v(line number: 261)] Ignore 'system task' $display
W: Verilog-2008: [D:/FPGA/TSP_RISC-V-2.4/FPGA/pango_cpu/ipcore/SRAM/rtl/ipml_dpram_v1_8_SRAM.v(line number: 262)] Ignore 'system task' $finish
W: Verilog-2008: [D:/FPGA/TSP_RISC-V-2.4/FPGA/pango_cpu/ipcore/SRAM/rtl/ipml_dpram_v1_8_SRAM.v(line number: 265)] Ignore 'system task' $display
W: Verilog-2008: [D:/FPGA/TSP_RISC-V-2.4/FPGA/pango_cpu/ipcore/SRAM/rtl/ipml_dpram_v1_8_SRAM.v(line number: 266)] Ignore 'system task' $finish
W: Verilog-2008: [D:/FPGA/TSP_RISC-V-2.4/FPGA/pango_cpu/ipcore/SRAM/rtl/ipml_dpram_v1_8_SRAM.v(line number: 269)] Ignore 'system task' $display
W: Verilog-2008: [D:/FPGA/TSP_RISC-V-2.4/FPGA/pango_cpu/ipcore/SRAM/rtl/ipml_dpram_v1_8_SRAM.v(line number: 270)] Ignore 'system task' $finish
W: Verilog-2008: [D:/FPGA/TSP_RISC-V-2.4/FPGA/pango_cpu/ipcore/SRAM/rtl/ipml_dpram_v1_8_SRAM.v(line number: 273)] Ignore 'system task' $display
W: Verilog-2008: [D:/FPGA/TSP_RISC-V-2.4/FPGA/pango_cpu/ipcore/SRAM/rtl/ipml_dpram_v1_8_SRAM.v(line number: 274)] Ignore 'system task' $finish
W: Verilog-2008: [D:/FPGA/TSP_RISC-V-2.4/FPGA/pango_cpu/ipcore/SRAM/rtl/ipml_dpram_v1_8_SRAM.v(line number: 277)] Ignore 'system task' $display
W: Verilog-2008: [D:/FPGA/TSP_RISC-V-2.4/FPGA/pango_cpu/ipcore/SRAM/rtl/ipml_dpram_v1_8_SRAM.v(line number: 278)] Ignore 'system task' $finish
W: Verilog-2008: [D:/FPGA/TSP_RISC-V-2.4/FPGA/pango_cpu/ipcore/SRAM/rtl/ipml_dpram_v1_8_SRAM.v(line number: 281)] Ignore 'system task' $display
W: Verilog-2008: [D:/FPGA/TSP_RISC-V-2.4/FPGA/pango_cpu/ipcore/SRAM/rtl/ipml_dpram_v1_8_SRAM.v(line number: 282)] Ignore 'system task' $finish
W: Verilog-2008: [D:/FPGA/TSP_RISC-V-2.4/FPGA/pango_cpu/ipcore/SRAM/rtl/ipml_dpram_v1_8_SRAM.v(line number: 285)] Ignore 'system task' $display
W: Verilog-2008: [D:/FPGA/TSP_RISC-V-2.4/FPGA/pango_cpu/ipcore/SRAM/rtl/ipml_dpram_v1_8_SRAM.v(line number: 286)] Ignore 'system task' $finish
W: Verilog-2008: [D:/FPGA/TSP_RISC-V-2.4/FPGA/pango_cpu/ipcore/SRAM/rtl/ipml_dpram_v1_8_SRAM.v(line number: 289)] Ignore 'system task' $display
W: Verilog-2008: [D:/FPGA/TSP_RISC-V-2.4/FPGA/pango_cpu/ipcore/SRAM/rtl/ipml_dpram_v1_8_SRAM.v(line number: 290)] Ignore 'system task' $finish
W: Verilog-2008: [D:/FPGA/TSP_RISC-V-2.4/FPGA/pango_cpu/ipcore/SRAM/rtl/ipml_dpram_v1_8_SRAM.v(line number: 293)] Ignore 'system task' $display
W: Verilog-2008: [D:/FPGA/TSP_RISC-V-2.4/FPGA/pango_cpu/ipcore/SRAM/rtl/ipml_dpram_v1_8_SRAM.v(line number: 294)] Ignore 'system task' $finish
W: Verilog-2008: [D:/FPGA/TSP_RISC-V-2.4/FPGA/pango_cpu/ipcore/SRAM/rtl/ipml_dpram_v1_8_SRAM.v(line number: 297)] Ignore 'system task' $display
W: Verilog-2008: [D:/FPGA/TSP_RISC-V-2.4/FPGA/pango_cpu/ipcore/SRAM/rtl/ipml_dpram_v1_8_SRAM.v(line number: 298)] Ignore 'system task' $finish
W: Verilog-2008: [D:/FPGA/TSP_RISC-V-2.4/FPGA/pango_cpu/ipcore/SRAM/rtl/ipml_dpram_v1_8_SRAM.v(line number: 301)] Ignore 'system task' $display
W: Verilog-2008: [D:/FPGA/TSP_RISC-V-2.4/FPGA/pango_cpu/ipcore/SRAM/rtl/ipml_dpram_v1_8_SRAM.v(line number: 302)] Ignore 'system task' $finish
W: Verilog-2008: [D:/FPGA/TSP_RISC-V-2.4/FPGA/pango_cpu/ipcore/SRAM/rtl/ipml_dpram_v1_8_SRAM.v(line number: 305)] Ignore 'system task' $display
W: Verilog-2008: [D:/FPGA/TSP_RISC-V-2.4/FPGA/pango_cpu/ipcore/SRAM/rtl/ipml_dpram_v1_8_SRAM.v(line number: 306)] Ignore 'system task' $finish
W: Verilog-2008: [D:/FPGA/TSP_RISC-V-2.4/FPGA/pango_cpu/ipcore/SRAM/rtl/ipml_dpram_v1_8_SRAM.v(line number: 310)] Ignore 'system task' $display
W: Verilog-2008: [D:/FPGA/TSP_RISC-V-2.4/FPGA/pango_cpu/ipcore/SRAM/rtl/ipml_dpram_v1_8_SRAM.v(line number: 311)] Ignore 'system task' $finish
W: Verilog-2008: [D:/FPGA/TSP_RISC-V-2.4/FPGA/pango_cpu/ipcore/SRAM/rtl/ipml_dpram_v1_8_SRAM.v(line number: 314)] Ignore 'system task' $display
W: Verilog-2008: [D:/FPGA/TSP_RISC-V-2.4/FPGA/pango_cpu/ipcore/SRAM/rtl/ipml_dpram_v1_8_SRAM.v(line number: 315)] Ignore 'system task' $finish
W: Verilog-2008: [D:/FPGA/TSP_RISC-V-2.4/FPGA/pango_cpu/ipcore/SRAM/rtl/ipml_dpram_v1_8_SRAM.v(line number: 319)] Ignore 'system task' $display
W: Verilog-2008: [D:/FPGA/TSP_RISC-V-2.4/FPGA/pango_cpu/ipcore/SRAM/rtl/ipml_dpram_v1_8_SRAM.v(line number: 320)] Ignore 'system task' $finish
W: Verilog-2008: [D:/FPGA/TSP_RISC-V-2.4/FPGA/pango_cpu/ipcore/SRAM/rtl/ipml_dpram_v1_8_SRAM.v(line number: 323)] Ignore 'system task' $display
W: Verilog-2008: [D:/FPGA/TSP_RISC-V-2.4/FPGA/pango_cpu/ipcore/SRAM/rtl/ipml_dpram_v1_8_SRAM.v(line number: 324)] Ignore 'system task' $finish
W: Verilog-2008: [D:/FPGA/TSP_RISC-V-2.4/FPGA/pango_cpu/ipcore/SRAM/rtl/ipml_dpram_v1_8_SRAM.v(line number: 327)] Ignore 'system task' $display
W: Verilog-2008: [D:/FPGA/TSP_RISC-V-2.4/FPGA/pango_cpu/ipcore/SRAM/rtl/ipml_dpram_v1_8_SRAM.v(line number: 331)] Ignore 'system task' $display
W: Verilog-2008: [D:/FPGA/TSP_RISC-V-2.4/FPGA/pango_cpu/ipcore/SRAM/rtl/ipml_dpram_v1_8_SRAM.v(line number: 332)] Ignore 'system task' $finish
W: Verilog-2008: [D:/FPGA/TSP_RISC-V-2.4/FPGA/pango_cpu/ipcore/SRAM/rtl/ipml_dpram_v1_8_SRAM.v(line number: 335)] Ignore 'system task' $display
W: Verilog-2008: [D:/FPGA/TSP_RISC-V-2.4/FPGA/pango_cpu/ipcore/SRAM/rtl/ipml_dpram_v1_8_SRAM.v(line number: 336)] Ignore 'system task' $finish
W: Verilog-2008: [D:/FPGA/TSP_RISC-V-2.4/FPGA/pango_cpu/ipcore/SRAM/rtl/ipml_dpram_v1_8_SRAM.v(line number: 339)] Ignore 'system task' $display
W: Verilog-2008: [D:/FPGA/TSP_RISC-V-2.4/FPGA/pango_cpu/ipcore/SRAM/rtl/ipml_dpram_v1_8_SRAM.v(line number: 340)] Ignore 'system task' $finish
W: Verilog-2008: [D:/FPGA/TSP_RISC-V-2.4/FPGA/pango_cpu/ipcore/SRAM/rtl/ipml_dpram_v1_8_SRAM.v(line number: 343)] Ignore 'system task' $display
W: Verilog-2008: [D:/FPGA/TSP_RISC-V-2.4/FPGA/pango_cpu/ipcore/SRAM/rtl/ipml_dpram_v1_8_SRAM.v(line number: 344)] Ignore 'system task' $finish
W: Verilog-2008: [D:/FPGA/TSP_RISC-V-2.4/FPGA/pango_cpu/ipcore/SRAM/rtl/ipml_dpram_v1_8_SRAM.v(line number: 347)] Ignore 'system task' $display
W: Verilog-2008: [D:/FPGA/TSP_RISC-V-2.4/FPGA/pango_cpu/ipcore/SRAM/rtl/ipml_dpram_v1_8_SRAM.v(line number: 348)] Ignore 'system task' $finish
W: Verilog-2008: [D:/FPGA/TSP_RISC-V-2.4/FPGA/pango_cpu/ipcore/SRAM/rtl/ipml_dpram_v1_8_SRAM.v(line number: 353)] Ignore 'system task' $display
W: Verilog-2008: [D:/FPGA/TSP_RISC-V-2.4/FPGA/pango_cpu/ipcore/SRAM/rtl/ipml_dpram_v1_8_SRAM.v(line number: 354)] Ignore 'system task' $finish
W: Verilog-2008: [D:/FPGA/TSP_RISC-V-2.4/FPGA/pango_cpu/ipcore/SRAM/rtl/ipml_dpram_v1_8_SRAM.v(line number: 357)] Ignore 'system task' $display
W: Verilog-2008: [D:/FPGA/TSP_RISC-V-2.4/FPGA/pango_cpu/ipcore/SRAM/rtl/ipml_dpram_v1_8_SRAM.v(line number: 358)] Ignore 'system task' $finish
W: Verilog-2008: [D:/FPGA/TSP_RISC-V-2.4/FPGA/pango_cpu/ipcore/SRAM/rtl/ipml_dpram_v1_8_SRAM.v(line number: 363)] Ignore 'system task' $display
W: Verilog-2008: [D:/FPGA/TSP_RISC-V-2.4/FPGA/pango_cpu/ipcore/SRAM/rtl/ipml_dpram_v1_8_SRAM.v(line number: 364)] Ignore 'system task' $finish
Parsing done.
Executing : .rtl_analyze -include_path {D:/FPGA/TSP_RISC-V-2.4/FPGA/pango_cpu} D:/FPGA/TSP_RISC-V-2.4/FPGA/pango_cpu/ipcore/SRAM/rtl/ipml_dpram_v1_8_SRAM.v successfully.
Executing : .rtl_analyze -include_path {D:/FPGA/TSP_RISC-V-2.4/FPGA/pango_cpu} D:/FPGA/TSP_RISC-V-2.4/FPGA/pango_cpu/ipcore/SRAM/SRAM.v
I: Verilog-0001: Analyzing file D:/FPGA/TSP_RISC-V-2.4/FPGA/pango_cpu/ipcore/SRAM/SRAM.v
I: Verilog-0002: [D:/FPGA/TSP_RISC-V-2.4/FPGA/pango_cpu/ipcore/SRAM/SRAM.v(line number: 16)] Analyzing module SRAM (library work)
Parsing done.
Executing : .rtl_analyze -include_path {D:/FPGA/TSP_RISC-V-2.4/FPGA/pango_cpu} D:/FPGA/TSP_RISC-V-2.4/FPGA/pango_cpu/ipcore/SRAM/SRAM.v successfully.
I: Module "SoC_Top" is set as top module.
Executing : rtl-analyze successfully. Time elapsed: 1.515s wall, 0.047s user + 0.000s system = 0.047s CPU (3.1%)

Start rtl-elaborate.
I: Verilog-0003: [D:/FPGA/TSP_RISC-V-2.4/FPGA/pango_cpu/source/peripheral/soc_top.v(line number: 3)] Elaborating module SoC_Top
I: Verilog-0004: [D:/FPGA/TSP_RISC-V-2.4/FPGA/pango_cpu/source/peripheral/soc_top.v(line number: 19)] Elaborating instance u_sys_pll
I: Verilog-0003: [D:/FPGA/TSP_RISC-V-2.4/FPGA/pango_cpu/ipcore/sys_pll/sys_pll.v(line number: 18)] Elaborating module sys_pll
I: Verilog-0004: [D:/FPGA/TSP_RISC-V-2.4/FPGA/pango_cpu/ipcore/sys_pll/sys_pll.v(line number: 228)] Elaborating instance u_pll_e3
W: Verilog-2021: [D:/FPGA/TSP_RISC-V-2.4/FPGA/pango_cpu/ipcore/sys_pll/sys_pll.v(line number: 115)] Net clkfb in sys_pll(original module sys_pll) does not have a driver, tie it to 0
W: Verilog-2021: [D:/FPGA/TSP_RISC-V-2.4/FPGA/pango_cpu/ipcore/sys_pll/sys_pll.v(line number: 118)] Net pfden in sys_pll(original module sys_pll) does not have a driver, tie it to 0
W: Verilog-2021: [D:/FPGA/TSP_RISC-V-2.4/FPGA/pango_cpu/ipcore/sys_pll/sys_pll.v(line number: 119)] Net clkout0_gate in sys_pll(original module sys_pll) does not have a driver, tie it to 0
W: Verilog-2021: [D:/FPGA/TSP_RISC-V-2.4/FPGA/pango_cpu/ipcore/sys_pll/sys_pll.v(line number: 120)] Net clkout0_2pad_gate in sys_pll(original module sys_pll) does not have a driver, tie it to 0
W: Verilog-2021: [D:/FPGA/TSP_RISC-V-2.4/FPGA/pango_cpu/ipcore/sys_pll/sys_pll.v(line number: 121)] Net clkout1_gate in sys_pll(original module sys_pll) does not have a driver, tie it to 0
W: Verilog-2021: [D:/FPGA/TSP_RISC-V-2.4/FPGA/pango_cpu/ipcore/sys_pll/sys_pll.v(line number: 122)] Net clkout2_gate in sys_pll(original module sys_pll) does not have a driver, tie it to 0
W: Verilog-2021: [D:/FPGA/TSP_RISC-V-2.4/FPGA/pango_cpu/ipcore/sys_pll/sys_pll.v(line number: 123)] Net clkout3_gate in sys_pll(original module sys_pll) does not have a driver, tie it to 0
W: Verilog-2021: [D:/FPGA/TSP_RISC-V-2.4/FPGA/pango_cpu/ipcore/sys_pll/sys_pll.v(line number: 124)] Net clkout4_gate in sys_pll(original module sys_pll) does not have a driver, tie it to 0
W: Verilog-2021: [D:/FPGA/TSP_RISC-V-2.4/FPGA/pango_cpu/ipcore/sys_pll/sys_pll.v(line number: 125)] Net clkout5_gate in sys_pll(original module sys_pll) does not have a driver, tie it to 0
W: Verilog-2021: [D:/FPGA/TSP_RISC-V-2.4/FPGA/pango_cpu/ipcore/sys_pll/sys_pll.v(line number: 126)] Net dyn_idiv in sys_pll(original module sys_pll) does not have a driver, tie it to 0
W: Verilog-2021: [D:/FPGA/TSP_RISC-V-2.4/FPGA/pango_cpu/ipcore/sys_pll/sys_pll.v(line number: 127)] Net dyn_odiv0 in sys_pll(original module sys_pll) does not have a driver, tie it to 0
W: Verilog-2021: [D:/FPGA/TSP_RISC-V-2.4/FPGA/pango_cpu/ipcore/sys_pll/sys_pll.v(line number: 128)] Net dyn_odiv1 in sys_pll(original module sys_pll) does not have a driver, tie it to 0
W: Verilog-2021: [D:/FPGA/TSP_RISC-V-2.4/FPGA/pango_cpu/ipcore/sys_pll/sys_pll.v(line number: 129)] Net dyn_odiv2 in sys_pll(original module sys_pll) does not have a driver, tie it to 0
W: Verilog-2021: [D:/FPGA/TSP_RISC-V-2.4/FPGA/pango_cpu/ipcore/sys_pll/sys_pll.v(line number: 130)] Net dyn_odiv3 in sys_pll(original module sys_pll) does not have a driver, tie it to 0
W: Verilog-2021: [D:/FPGA/TSP_RISC-V-2.4/FPGA/pango_cpu/ipcore/sys_pll/sys_pll.v(line number: 131)] Net dyn_odiv4 in sys_pll(original module sys_pll) does not have a driver, tie it to 0
W: Verilog-2021: [D:/FPGA/TSP_RISC-V-2.4/FPGA/pango_cpu/ipcore/sys_pll/sys_pll.v(line number: 132)] Net dyn_fdiv in sys_pll(original module sys_pll) does not have a driver, tie it to 0
W: Verilog-2021: [D:/FPGA/TSP_RISC-V-2.4/FPGA/pango_cpu/ipcore/sys_pll/sys_pll.v(line number: 133)] Net dyn_duty0 in sys_pll(original module sys_pll) does not have a driver, tie it to 0
W: Verilog-2021: [D:/FPGA/TSP_RISC-V-2.4/FPGA/pango_cpu/ipcore/sys_pll/sys_pll.v(line number: 134)] Net dyn_duty1 in sys_pll(original module sys_pll) does not have a driver, tie it to 0
W: Verilog-2021: [D:/FPGA/TSP_RISC-V-2.4/FPGA/pango_cpu/ipcore/sys_pll/sys_pll.v(line number: 135)] Net dyn_duty2 in sys_pll(original module sys_pll) does not have a driver, tie it to 0
W: Verilog-2021: [D:/FPGA/TSP_RISC-V-2.4/FPGA/pango_cpu/ipcore/sys_pll/sys_pll.v(line number: 136)] Net dyn_duty3 in sys_pll(original module sys_pll) does not have a driver, tie it to 0
W: Verilog-2021: [D:/FPGA/TSP_RISC-V-2.4/FPGA/pango_cpu/ipcore/sys_pll/sys_pll.v(line number: 137)] Net dyn_duty4 in sys_pll(original module sys_pll) does not have a driver, tie it to 0
I: Verilog-0004: [D:/FPGA/TSP_RISC-V-2.4/FPGA/pango_cpu/source/peripheral/soc_top.v(line number: 120)] Elaborating instance u_TSP_Core
I: Verilog-0003: [D:/FPGA/TSP_RISC-V-2.4/FPGA/pango_cpu/source/core/core.v(line number: 3)] Elaborating module TSP_Core
I: Verilog-0004: [D:/FPGA/TSP_RISC-V-2.4/FPGA/pango_cpu/source/core/core.v(line number: 46)] Elaborating instance u_PC_control
I: Verilog-0003: [D:/FPGA/TSP_RISC-V-2.4/FPGA/pango_cpu/source/core/PC_control.v(line number: 4)] Elaborating module PC_control
I: Verilog-0004: [D:/FPGA/TSP_RISC-V-2.4/FPGA/pango_cpu/source/core/core.v(line number: 69)] Elaborating instance u_TSP_Ifu
I: Verilog-0003: [D:/FPGA/TSP_RISC-V-2.4/FPGA/pango_cpu/source/core/Ifu.v(line number: 3)] Elaborating module TSP_Ifu
I: Verilog-0004: [D:/FPGA/TSP_RISC-V-2.4/FPGA/pango_cpu/source/core/Ifu.v(line number: 116)] Elaborating instance u_Iram
I: Verilog-0003: [D:/FPGA/TSP_RISC-V-2.4/FPGA/pango_cpu/ipcore/IRAM/IRAM.v(line number: 16)] Elaborating module IRAM
I: Verilog-0004: [D:/FPGA/TSP_RISC-V-2.4/FPGA/pango_cpu/ipcore/IRAM/IRAM.v(line number: 206)] Elaborating instance U_ipml_dpram_IRAM
I: Verilog-0003: [D:/FPGA/TSP_RISC-V-2.4/FPGA/pango_cpu/ipcore/IRAM/rtl/ipml_dpram_v1_8_IRAM.v(line number: 17)] Elaborating module ipml_dpram_v1_8_IRAM
I: Module instance {SoC_Top/u_TSP_Core/u_TSP_Ifu/u_Iram/U_ipml_dpram_IRAM} parameter value:
    c_SIM_DEVICE = LOGOS
    c_A_ADDR_WIDTH = 32'b00000000000000000000000000001110
    c_A_DATA_WIDTH = 32'b00000000000000000000000000100000
    c_B_ADDR_WIDTH = 32'b00000000000000000000000000001110
    c_B_DATA_WIDTH = 32'b00000000000000000000000000100000
    c_A_OUTPUT_REG = 32'b00000000000000000000000000000000
    c_A_RD_OCE_EN = 32'b00000000000000000000000000000000
    c_A_ADDR_STROBE_EN = 32'b00000000000000000000000000000000
    c_A_CLK_EN = 32'b00000000000000000000000000000000
    c_B_OUTPUT_REG = 32'b00000000000000000000000000000000
    c_B_RD_OCE_EN = 32'b00000000000000000000000000000000
    c_B_ADDR_STROBE_EN = 32'b00000000000000000000000000000000
    c_B_CLK_EN = 32'b00000000000000000000000000000000
    c_RESET_TYPE = ASYNC_RESET
    c_A_CLK_OR_POL_INV = 32'b00000000000000000000000000000000
    c_B_CLK_OR_POL_INV = 32'b00000000000000000000000000000000
    c_POWER_OPT = 32'b00000000000000000000000000000000
    c_INIT_FILE = NONE
    c_INIT_FORMAT = HEX
    c_WR_BYTE_EN = 32'b00000000000000000000000000000001
    c_A_BE_WIDTH = 32'b00000000000000000000000000000100
    c_B_BE_WIDTH = 32'b00000000000000000000000000000100
    c_A_WRITE_MODE = NORMAL_WRITE
    c_B_WRITE_MODE = NORMAL_WRITE
W: Verilog-2039: [D:/FPGA/TSP_RISC-V-2.4/FPGA/pango_cpu/ipcore/IRAM/rtl/ipml_dpram_v1_8_IRAM.v(line number: 419)] Repeat multiplier in concatenation evaluates to 0
W: Verilog-2039: [D:/FPGA/TSP_RISC-V-2.4/FPGA/pango_cpu/ipcore/IRAM/rtl/ipml_dpram_v1_8_IRAM.v(line number: 421)] Repeat multiplier in concatenation evaluates to 0
W: Verilog-2039: [D:/FPGA/TSP_RISC-V-2.4/FPGA/pango_cpu/ipcore/IRAM/rtl/ipml_dpram_v1_8_IRAM.v(line number: 423)] Repeat multiplier in concatenation evaluates to 0
W: Verilog-2039: [D:/FPGA/TSP_RISC-V-2.4/FPGA/pango_cpu/ipcore/IRAM/rtl/ipml_dpram_v1_8_IRAM.v(line number: 425)] Repeat multiplier in concatenation evaluates to 0
W: Verilog-2039: [D:/FPGA/TSP_RISC-V-2.4/FPGA/pango_cpu/ipcore/IRAM/rtl/ipml_dpram_v1_8_IRAM.v(line number: 428)] Repeat multiplier in concatenation evaluates to 0
W: Verilog-2039: [D:/FPGA/TSP_RISC-V-2.4/FPGA/pango_cpu/ipcore/IRAM/rtl/ipml_dpram_v1_8_IRAM.v(line number: 429)] Repeat multiplier in concatenation evaluates to 0
W: Verilog-2038: [D:/FPGA/TSP_RISC-V-2.4/FPGA/pango_cpu/ipcore/IRAM/rtl/ipml_dpram_v1_8_IRAM.v(line number: 438)] Case condition never applies
W: Verilog-2038: [D:/FPGA/TSP_RISC-V-2.4/FPGA/pango_cpu/ipcore/IRAM/rtl/ipml_dpram_v1_8_IRAM.v(line number: 439)] Case condition never applies
W: Verilog-2038: [D:/FPGA/TSP_RISC-V-2.4/FPGA/pango_cpu/ipcore/IRAM/rtl/ipml_dpram_v1_8_IRAM.v(line number: 440)] Case condition never applies
W: Verilog-2038: [D:/FPGA/TSP_RISC-V-2.4/FPGA/pango_cpu/ipcore/IRAM/rtl/ipml_dpram_v1_8_IRAM.v(line number: 441)] Case condition never applies
W: Verilog-2038: [D:/FPGA/TSP_RISC-V-2.4/FPGA/pango_cpu/ipcore/IRAM/rtl/ipml_dpram_v1_8_IRAM.v(line number: 441)] Case condition never applies
W: Verilog-2038: [D:/FPGA/TSP_RISC-V-2.4/FPGA/pango_cpu/ipcore/IRAM/rtl/ipml_dpram_v1_8_IRAM.v(line number: 438)] Case condition never applies
W: Verilog-2038: [D:/FPGA/TSP_RISC-V-2.4/FPGA/pango_cpu/ipcore/IRAM/rtl/ipml_dpram_v1_8_IRAM.v(line number: 439)] Case condition never applies
W: Verilog-2038: [D:/FPGA/TSP_RISC-V-2.4/FPGA/pango_cpu/ipcore/IRAM/rtl/ipml_dpram_v1_8_IRAM.v(line number: 440)] Case condition never applies
W: Verilog-2038: [D:/FPGA/TSP_RISC-V-2.4/FPGA/pango_cpu/ipcore/IRAM/rtl/ipml_dpram_v1_8_IRAM.v(line number: 441)] Case condition never applies
W: Verilog-2038: [D:/FPGA/TSP_RISC-V-2.4/FPGA/pango_cpu/ipcore/IRAM/rtl/ipml_dpram_v1_8_IRAM.v(line number: 441)] Case condition never applies
W: Verilog-2038: [D:/FPGA/TSP_RISC-V-2.4/FPGA/pango_cpu/ipcore/IRAM/rtl/ipml_dpram_v1_8_IRAM.v(line number: 489)] Case condition never applies
W: Verilog-2038: [D:/FPGA/TSP_RISC-V-2.4/FPGA/pango_cpu/ipcore/IRAM/rtl/ipml_dpram_v1_8_IRAM.v(line number: 490)] Case condition never applies
W: Verilog-2038: [D:/FPGA/TSP_RISC-V-2.4/FPGA/pango_cpu/ipcore/IRAM/rtl/ipml_dpram_v1_8_IRAM.v(line number: 491)] Case condition never applies
W: Verilog-2038: [D:/FPGA/TSP_RISC-V-2.4/FPGA/pango_cpu/ipcore/IRAM/rtl/ipml_dpram_v1_8_IRAM.v(line number: 492)] Case condition never applies
W: Verilog-2038: [D:/FPGA/TSP_RISC-V-2.4/FPGA/pango_cpu/ipcore/IRAM/rtl/ipml_dpram_v1_8_IRAM.v(line number: 492)] Case condition never applies
W: Verilog-2038: [D:/FPGA/TSP_RISC-V-2.4/FPGA/pango_cpu/ipcore/IRAM/rtl/ipml_dpram_v1_8_IRAM.v(line number: 489)] Case condition never applies
W: Verilog-2038: [D:/FPGA/TSP_RISC-V-2.4/FPGA/pango_cpu/ipcore/IRAM/rtl/ipml_dpram_v1_8_IRAM.v(line number: 490)] Case condition never applies
W: Verilog-2038: [D:/FPGA/TSP_RISC-V-2.4/FPGA/pango_cpu/ipcore/IRAM/rtl/ipml_dpram_v1_8_IRAM.v(line number: 491)] Case condition never applies
W: Verilog-2038: [D:/FPGA/TSP_RISC-V-2.4/FPGA/pango_cpu/ipcore/IRAM/rtl/ipml_dpram_v1_8_IRAM.v(line number: 492)] Case condition never applies
W: Verilog-2038: [D:/FPGA/TSP_RISC-V-2.4/FPGA/pango_cpu/ipcore/IRAM/rtl/ipml_dpram_v1_8_IRAM.v(line number: 492)] Case condition never applies
I: Verilog-0004: [D:/FPGA/TSP_RISC-V-2.4/FPGA/pango_cpu/ipcore/IRAM/rtl/ipml_dpram_v1_8_IRAM.v(line number: 760)] Elaborating instance U_GTP_DRM18K
I: Verilog-0004: [D:/FPGA/TSP_RISC-V-2.4/FPGA/pango_cpu/ipcore/IRAM/rtl/ipml_dpram_v1_8_IRAM.v(line number: 760)] Elaborating instance U_GTP_DRM18K
I: Verilog-0004: [D:/FPGA/TSP_RISC-V-2.4/FPGA/pango_cpu/ipcore/IRAM/rtl/ipml_dpram_v1_8_IRAM.v(line number: 760)] Elaborating instance U_GTP_DRM18K
I: Verilog-0004: [D:/FPGA/TSP_RISC-V-2.4/FPGA/pango_cpu/ipcore/IRAM/rtl/ipml_dpram_v1_8_IRAM.v(line number: 760)] Elaborating instance U_GTP_DRM18K
I: Verilog-0004: [D:/FPGA/TSP_RISC-V-2.4/FPGA/pango_cpu/ipcore/IRAM/rtl/ipml_dpram_v1_8_IRAM.v(line number: 760)] Elaborating instance U_GTP_DRM18K
I: Verilog-0004: [D:/FPGA/TSP_RISC-V-2.4/FPGA/pango_cpu/ipcore/IRAM/rtl/ipml_dpram_v1_8_IRAM.v(line number: 760)] Elaborating instance U_GTP_DRM18K
I: Verilog-0004: [D:/FPGA/TSP_RISC-V-2.4/FPGA/pango_cpu/ipcore/IRAM/rtl/ipml_dpram_v1_8_IRAM.v(line number: 760)] Elaborating instance U_GTP_DRM18K
I: Verilog-0004: [D:/FPGA/TSP_RISC-V-2.4/FPGA/pango_cpu/ipcore/IRAM/rtl/ipml_dpram_v1_8_IRAM.v(line number: 760)] Elaborating instance U_GTP_DRM18K
I: Verilog-0004: [D:/FPGA/TSP_RISC-V-2.4/FPGA/pango_cpu/ipcore/IRAM/rtl/ipml_dpram_v1_8_IRAM.v(line number: 760)] Elaborating instance U_GTP_DRM18K
I: Verilog-0004: [D:/FPGA/TSP_RISC-V-2.4/FPGA/pango_cpu/ipcore/IRAM/rtl/ipml_dpram_v1_8_IRAM.v(line number: 760)] Elaborating instance U_GTP_DRM18K
I: Verilog-0004: [D:/FPGA/TSP_RISC-V-2.4/FPGA/pango_cpu/ipcore/IRAM/rtl/ipml_dpram_v1_8_IRAM.v(line number: 760)] Elaborating instance U_GTP_DRM18K
I: Verilog-0004: [D:/FPGA/TSP_RISC-V-2.4/FPGA/pango_cpu/ipcore/IRAM/rtl/ipml_dpram_v1_8_IRAM.v(line number: 760)] Elaborating instance U_GTP_DRM18K
I: Verilog-0004: [D:/FPGA/TSP_RISC-V-2.4/FPGA/pango_cpu/ipcore/IRAM/rtl/ipml_dpram_v1_8_IRAM.v(line number: 760)] Elaborating instance U_GTP_DRM18K
I: Verilog-0004: [D:/FPGA/TSP_RISC-V-2.4/FPGA/pango_cpu/ipcore/IRAM/rtl/ipml_dpram_v1_8_IRAM.v(line number: 760)] Elaborating instance U_GTP_DRM18K
I: Verilog-0004: [D:/FPGA/TSP_RISC-V-2.4/FPGA/pango_cpu/ipcore/IRAM/rtl/ipml_dpram_v1_8_IRAM.v(line number: 760)] Elaborating instance U_GTP_DRM18K
I: Verilog-0004: [D:/FPGA/TSP_RISC-V-2.4/FPGA/pango_cpu/ipcore/IRAM/rtl/ipml_dpram_v1_8_IRAM.v(line number: 760)] Elaborating instance U_GTP_DRM18K
I: Verilog-0004: [D:/FPGA/TSP_RISC-V-2.4/FPGA/pango_cpu/ipcore/IRAM/rtl/ipml_dpram_v1_8_IRAM.v(line number: 760)] Elaborating instance U_GTP_DRM18K
I: Verilog-0004: [D:/FPGA/TSP_RISC-V-2.4/FPGA/pango_cpu/ipcore/IRAM/rtl/ipml_dpram_v1_8_IRAM.v(line number: 760)] Elaborating instance U_GTP_DRM18K
I: Verilog-0004: [D:/FPGA/TSP_RISC-V-2.4/FPGA/pango_cpu/ipcore/IRAM/rtl/ipml_dpram_v1_8_IRAM.v(line number: 760)] Elaborating instance U_GTP_DRM18K
I: Verilog-0004: [D:/FPGA/TSP_RISC-V-2.4/FPGA/pango_cpu/ipcore/IRAM/rtl/ipml_dpram_v1_8_IRAM.v(line number: 760)] Elaborating instance U_GTP_DRM18K
I: Verilog-0004: [D:/FPGA/TSP_RISC-V-2.4/FPGA/pango_cpu/ipcore/IRAM/rtl/ipml_dpram_v1_8_IRAM.v(line number: 760)] Elaborating instance U_GTP_DRM18K
I: Verilog-0004: [D:/FPGA/TSP_RISC-V-2.4/FPGA/pango_cpu/ipcore/IRAM/rtl/ipml_dpram_v1_8_IRAM.v(line number: 760)] Elaborating instance U_GTP_DRM18K
I: Verilog-0004: [D:/FPGA/TSP_RISC-V-2.4/FPGA/pango_cpu/ipcore/IRAM/rtl/ipml_dpram_v1_8_IRAM.v(line number: 760)] Elaborating instance U_GTP_DRM18K
I: Verilog-0004: [D:/FPGA/TSP_RISC-V-2.4/FPGA/pango_cpu/ipcore/IRAM/rtl/ipml_dpram_v1_8_IRAM.v(line number: 760)] Elaborating instance U_GTP_DRM18K
I: Verilog-0004: [D:/FPGA/TSP_RISC-V-2.4/FPGA/pango_cpu/ipcore/IRAM/rtl/ipml_dpram_v1_8_IRAM.v(line number: 760)] Elaborating instance U_GTP_DRM18K
I: Verilog-0004: [D:/FPGA/TSP_RISC-V-2.4/FPGA/pango_cpu/ipcore/IRAM/rtl/ipml_dpram_v1_8_IRAM.v(line number: 760)] Elaborating instance U_GTP_DRM18K
I: Verilog-0004: [D:/FPGA/TSP_RISC-V-2.4/FPGA/pango_cpu/ipcore/IRAM/rtl/ipml_dpram_v1_8_IRAM.v(line number: 760)] Elaborating instance U_GTP_DRM18K
I: Verilog-0004: [D:/FPGA/TSP_RISC-V-2.4/FPGA/pango_cpu/ipcore/IRAM/rtl/ipml_dpram_v1_8_IRAM.v(line number: 760)] Elaborating instance U_GTP_DRM18K
I: Verilog-0004: [D:/FPGA/TSP_RISC-V-2.4/FPGA/pango_cpu/ipcore/IRAM/rtl/ipml_dpram_v1_8_IRAM.v(line number: 760)] Elaborating instance U_GTP_DRM18K
I: Verilog-0004: [D:/FPGA/TSP_RISC-V-2.4/FPGA/pango_cpu/ipcore/IRAM/rtl/ipml_dpram_v1_8_IRAM.v(line number: 760)] Elaborating instance U_GTP_DRM18K
I: Verilog-0004: [D:/FPGA/TSP_RISC-V-2.4/FPGA/pango_cpu/ipcore/IRAM/rtl/ipml_dpram_v1_8_IRAM.v(line number: 760)] Elaborating instance U_GTP_DRM18K
I: Verilog-0004: [D:/FPGA/TSP_RISC-V-2.4/FPGA/pango_cpu/ipcore/IRAM/rtl/ipml_dpram_v1_8_IRAM.v(line number: 760)] Elaborating instance U_GTP_DRM18K
W: Verilog-2020: [D:/FPGA/TSP_RISC-V-2.4/FPGA/pango_cpu/ipcore/IRAM/rtl/ipml_dpram_v1_8_IRAM.v(line number: 644)] Net DA_bus[8] in ipml_dpram_v1_8_IRAM(original module ipml_dpram_v1_8_IRAM) does not have a driver, tie it to 0
W: Verilog-2020: [D:/FPGA/TSP_RISC-V-2.4/FPGA/pango_cpu/ipcore/IRAM/rtl/ipml_dpram_v1_8_IRAM.v(line number: 644)] Net DA_bus[17] in ipml_dpram_v1_8_IRAM(original module ipml_dpram_v1_8_IRAM) does not have a driver, tie it to 0
W: Verilog-2020: [D:/FPGA/TSP_RISC-V-2.4/FPGA/pango_cpu/ipcore/IRAM/rtl/ipml_dpram_v1_8_IRAM.v(line number: 644)] Net DA_bus[26] in ipml_dpram_v1_8_IRAM(original module ipml_dpram_v1_8_IRAM) does not have a driver, tie it to 0
W: Verilog-2020: [D:/FPGA/TSP_RISC-V-2.4/FPGA/pango_cpu/ipcore/IRAM/rtl/ipml_dpram_v1_8_IRAM.v(line number: 644)] Net DA_bus[35] in ipml_dpram_v1_8_IRAM(original module ipml_dpram_v1_8_IRAM) does not have a driver, tie it to 0
W: Verilog-2020: [D:/FPGA/TSP_RISC-V-2.4/FPGA/pango_cpu/ipcore/IRAM/rtl/ipml_dpram_v1_8_IRAM.v(line number: 645)] Net DB_bus[8] in ipml_dpram_v1_8_IRAM(original module ipml_dpram_v1_8_IRAM) does not have a driver, tie it to 0
W: Verilog-2020: [D:/FPGA/TSP_RISC-V-2.4/FPGA/pango_cpu/ipcore/IRAM/rtl/ipml_dpram_v1_8_IRAM.v(line number: 645)] Net DB_bus[17] in ipml_dpram_v1_8_IRAM(original module ipml_dpram_v1_8_IRAM) does not have a driver, tie it to 0
W: Verilog-2020: [D:/FPGA/TSP_RISC-V-2.4/FPGA/pango_cpu/ipcore/IRAM/rtl/ipml_dpram_v1_8_IRAM.v(line number: 645)] Net DB_bus[26] in ipml_dpram_v1_8_IRAM(original module ipml_dpram_v1_8_IRAM) does not have a driver, tie it to 0
W: Verilog-2020: [D:/FPGA/TSP_RISC-V-2.4/FPGA/pango_cpu/ipcore/IRAM/rtl/ipml_dpram_v1_8_IRAM.v(line number: 645)] Net DB_bus[35] in ipml_dpram_v1_8_IRAM(original module ipml_dpram_v1_8_IRAM) does not have a driver, tie it to 0
I: Verilog-0004: [D:/FPGA/TSP_RISC-V-2.4/FPGA/pango_cpu/source/core/core.v(line number: 130)] Elaborating instance u_TSP_Idec
I: Verilog-0003: [D:/FPGA/TSP_RISC-V-2.4/FPGA/pango_cpu/source/core/idec.v(line number: 6)] Elaborating module TSP_Idec
I: Verilog-0004: [D:/FPGA/TSP_RISC-V-2.4/FPGA/pango_cpu/source/core/core.v(line number: 178)] Elaborating instance u_TSP_Regfiles
I: Verilog-0003: [D:/FPGA/TSP_RISC-V-2.4/FPGA/pango_cpu/source/core/regfiles.v(line number: 3)] Elaborating module TSP_Regfiles
I: Verilog-0004: [D:/FPGA/TSP_RISC-V-2.4/FPGA/pango_cpu/source/core/regfiles.v(line number: 26)] Elaborating instance RV32I_reg_i
I: Verilog-0003: [D:/FPGA/TSP_RISC-V-2.4/FPGA/pango_cpu/source/core/dff.v(line number: 4)] Elaborating module REGs_WLWR
I: Module instance {SoC_Top/u_TSP_Core/u_TSP_Regfiles/x1_31[1].RV32I_reg_i} parameter value:
    RW = 32'b00000000000000000000000000100000
    RST_VAL = 32'b00000000000000000000000000000000
I: Verilog-0004: [D:/FPGA/TSP_RISC-V-2.4/FPGA/pango_cpu/source/core/regfiles.v(line number: 26)] Elaborating instance RV32I_reg_i
I: Verilog-0003: [D:/FPGA/TSP_RISC-V-2.4/FPGA/pango_cpu/source/core/dff.v(line number: 4)] Elaborating module REGs_WLWR
I: Module instance {SoC_Top/u_TSP_Core/u_TSP_Regfiles/x1_31[2].RV32I_reg_i} parameter value:
    RW = 32'b00000000000000000000000000100000
    RST_VAL = 32'b00000000000000000000000000000000
I: Verilog-0004: [D:/FPGA/TSP_RISC-V-2.4/FPGA/pango_cpu/source/core/regfiles.v(line number: 26)] Elaborating instance RV32I_reg_i
I: Verilog-0003: [D:/FPGA/TSP_RISC-V-2.4/FPGA/pango_cpu/source/core/dff.v(line number: 4)] Elaborating module REGs_WLWR
I: Module instance {SoC_Top/u_TSP_Core/u_TSP_Regfiles/x1_31[3].RV32I_reg_i} parameter value:
    RW = 32'b00000000000000000000000000100000
    RST_VAL = 32'b00000000000000000000000000000000
I: Verilog-0004: [D:/FPGA/TSP_RISC-V-2.4/FPGA/pango_cpu/source/core/regfiles.v(line number: 26)] Elaborating instance RV32I_reg_i
I: Verilog-0003: [D:/FPGA/TSP_RISC-V-2.4/FPGA/pango_cpu/source/core/dff.v(line number: 4)] Elaborating module REGs_WLWR
I: Module instance {SoC_Top/u_TSP_Core/u_TSP_Regfiles/x1_31[4].RV32I_reg_i} parameter value:
    RW = 32'b00000000000000000000000000100000
    RST_VAL = 32'b00000000000000000000000000000000
I: Verilog-0004: [D:/FPGA/TSP_RISC-V-2.4/FPGA/pango_cpu/source/core/regfiles.v(line number: 26)] Elaborating instance RV32I_reg_i
I: Verilog-0003: [D:/FPGA/TSP_RISC-V-2.4/FPGA/pango_cpu/source/core/dff.v(line number: 4)] Elaborating module REGs_WLWR
I: Module instance {SoC_Top/u_TSP_Core/u_TSP_Regfiles/x1_31[5].RV32I_reg_i} parameter value:
    RW = 32'b00000000000000000000000000100000
    RST_VAL = 32'b00000000000000000000000000000000
I: Verilog-0004: [D:/FPGA/TSP_RISC-V-2.4/FPGA/pango_cpu/source/core/regfiles.v(line number: 26)] Elaborating instance RV32I_reg_i
I: Verilog-0003: [D:/FPGA/TSP_RISC-V-2.4/FPGA/pango_cpu/source/core/dff.v(line number: 4)] Elaborating module REGs_WLWR
I: Module instance {SoC_Top/u_TSP_Core/u_TSP_Regfiles/x1_31[6].RV32I_reg_i} parameter value:
    RW = 32'b00000000000000000000000000100000
    RST_VAL = 32'b00000000000000000000000000000000
I: Verilog-0004: [D:/FPGA/TSP_RISC-V-2.4/FPGA/pango_cpu/source/core/regfiles.v(line number: 26)] Elaborating instance RV32I_reg_i
I: Verilog-0003: [D:/FPGA/TSP_RISC-V-2.4/FPGA/pango_cpu/source/core/dff.v(line number: 4)] Elaborating module REGs_WLWR
I: Module instance {SoC_Top/u_TSP_Core/u_TSP_Regfiles/x1_31[7].RV32I_reg_i} parameter value:
    RW = 32'b00000000000000000000000000100000
    RST_VAL = 32'b00000000000000000000000000000000
I: Verilog-0004: [D:/FPGA/TSP_RISC-V-2.4/FPGA/pango_cpu/source/core/regfiles.v(line number: 26)] Elaborating instance RV32I_reg_i
I: Verilog-0003: [D:/FPGA/TSP_RISC-V-2.4/FPGA/pango_cpu/source/core/dff.v(line number: 4)] Elaborating module REGs_WLWR
I: Module instance {SoC_Top/u_TSP_Core/u_TSP_Regfiles/x1_31[8].RV32I_reg_i} parameter value:
    RW = 32'b00000000000000000000000000100000
    RST_VAL = 32'b00000000000000000000000000000000
I: Verilog-0004: [D:/FPGA/TSP_RISC-V-2.4/FPGA/pango_cpu/source/core/regfiles.v(line number: 26)] Elaborating instance RV32I_reg_i
I: Verilog-0003: [D:/FPGA/TSP_RISC-V-2.4/FPGA/pango_cpu/source/core/dff.v(line number: 4)] Elaborating module REGs_WLWR
I: Module instance {SoC_Top/u_TSP_Core/u_TSP_Regfiles/x1_31[9].RV32I_reg_i} parameter value:
    RW = 32'b00000000000000000000000000100000
    RST_VAL = 32'b00000000000000000000000000000000
I: Verilog-0004: [D:/FPGA/TSP_RISC-V-2.4/FPGA/pango_cpu/source/core/regfiles.v(line number: 26)] Elaborating instance RV32I_reg_i
I: Verilog-0003: [D:/FPGA/TSP_RISC-V-2.4/FPGA/pango_cpu/source/core/dff.v(line number: 4)] Elaborating module REGs_WLWR
I: Module instance {SoC_Top/u_TSP_Core/u_TSP_Regfiles/x1_31[10].RV32I_reg_i} parameter value:
    RW = 32'b00000000000000000000000000100000
    RST_VAL = 32'b00000000000000000000000000000000
I: Verilog-0004: [D:/FPGA/TSP_RISC-V-2.4/FPGA/pango_cpu/source/core/regfiles.v(line number: 26)] Elaborating instance RV32I_reg_i
I: Verilog-0003: [D:/FPGA/TSP_RISC-V-2.4/FPGA/pango_cpu/source/core/dff.v(line number: 4)] Elaborating module REGs_WLWR
I: Module instance {SoC_Top/u_TSP_Core/u_TSP_Regfiles/x1_31[11].RV32I_reg_i} parameter value:
    RW = 32'b00000000000000000000000000100000
    RST_VAL = 32'b00000000000000000000000000000000
I: Verilog-0004: [D:/FPGA/TSP_RISC-V-2.4/FPGA/pango_cpu/source/core/regfiles.v(line number: 26)] Elaborating instance RV32I_reg_i
I: Verilog-0003: [D:/FPGA/TSP_RISC-V-2.4/FPGA/pango_cpu/source/core/dff.v(line number: 4)] Elaborating module REGs_WLWR
I: Module instance {SoC_Top/u_TSP_Core/u_TSP_Regfiles/x1_31[12].RV32I_reg_i} parameter value:
    RW = 32'b00000000000000000000000000100000
    RST_VAL = 32'b00000000000000000000000000000000
I: Verilog-0004: [D:/FPGA/TSP_RISC-V-2.4/FPGA/pango_cpu/source/core/regfiles.v(line number: 26)] Elaborating instance RV32I_reg_i
I: Verilog-0003: [D:/FPGA/TSP_RISC-V-2.4/FPGA/pango_cpu/source/core/dff.v(line number: 4)] Elaborating module REGs_WLWR
I: Module instance {SoC_Top/u_TSP_Core/u_TSP_Regfiles/x1_31[13].RV32I_reg_i} parameter value:
    RW = 32'b00000000000000000000000000100000
    RST_VAL = 32'b00000000000000000000000000000000
I: Verilog-0004: [D:/FPGA/TSP_RISC-V-2.4/FPGA/pango_cpu/source/core/regfiles.v(line number: 26)] Elaborating instance RV32I_reg_i
I: Verilog-0003: [D:/FPGA/TSP_RISC-V-2.4/FPGA/pango_cpu/source/core/dff.v(line number: 4)] Elaborating module REGs_WLWR
I: Module instance {SoC_Top/u_TSP_Core/u_TSP_Regfiles/x1_31[14].RV32I_reg_i} parameter value:
    RW = 32'b00000000000000000000000000100000
    RST_VAL = 32'b00000000000000000000000000000000
I: Verilog-0004: [D:/FPGA/TSP_RISC-V-2.4/FPGA/pango_cpu/source/core/regfiles.v(line number: 26)] Elaborating instance RV32I_reg_i
I: Verilog-0003: [D:/FPGA/TSP_RISC-V-2.4/FPGA/pango_cpu/source/core/dff.v(line number: 4)] Elaborating module REGs_WLWR
I: Module instance {SoC_Top/u_TSP_Core/u_TSP_Regfiles/x1_31[15].RV32I_reg_i} parameter value:
    RW = 32'b00000000000000000000000000100000
    RST_VAL = 32'b00000000000000000000000000000000
I: Verilog-0004: [D:/FPGA/TSP_RISC-V-2.4/FPGA/pango_cpu/source/core/regfiles.v(line number: 26)] Elaborating instance RV32I_reg_i
I: Verilog-0003: [D:/FPGA/TSP_RISC-V-2.4/FPGA/pango_cpu/source/core/dff.v(line number: 4)] Elaborating module REGs_WLWR
I: Module instance {SoC_Top/u_TSP_Core/u_TSP_Regfiles/x1_31[16].RV32I_reg_i} parameter value:
    RW = 32'b00000000000000000000000000100000
    RST_VAL = 32'b00000000000000000000000000000000
I: Verilog-0004: [D:/FPGA/TSP_RISC-V-2.4/FPGA/pango_cpu/source/core/regfiles.v(line number: 26)] Elaborating instance RV32I_reg_i
I: Verilog-0003: [D:/FPGA/TSP_RISC-V-2.4/FPGA/pango_cpu/source/core/dff.v(line number: 4)] Elaborating module REGs_WLWR
I: Module instance {SoC_Top/u_TSP_Core/u_TSP_Regfiles/x1_31[17].RV32I_reg_i} parameter value:
    RW = 32'b00000000000000000000000000100000
    RST_VAL = 32'b00000000000000000000000000000000
I: Verilog-0004: [D:/FPGA/TSP_RISC-V-2.4/FPGA/pango_cpu/source/core/regfiles.v(line number: 26)] Elaborating instance RV32I_reg_i
I: Verilog-0003: [D:/FPGA/TSP_RISC-V-2.4/FPGA/pango_cpu/source/core/dff.v(line number: 4)] Elaborating module REGs_WLWR
I: Module instance {SoC_Top/u_TSP_Core/u_TSP_Regfiles/x1_31[18].RV32I_reg_i} parameter value:
    RW = 32'b00000000000000000000000000100000
    RST_VAL = 32'b00000000000000000000000000000000
I: Verilog-0004: [D:/FPGA/TSP_RISC-V-2.4/FPGA/pango_cpu/source/core/regfiles.v(line number: 26)] Elaborating instance RV32I_reg_i
I: Verilog-0003: [D:/FPGA/TSP_RISC-V-2.4/FPGA/pango_cpu/source/core/dff.v(line number: 4)] Elaborating module REGs_WLWR
I: Module instance {SoC_Top/u_TSP_Core/u_TSP_Regfiles/x1_31[19].RV32I_reg_i} parameter value:
    RW = 32'b00000000000000000000000000100000
    RST_VAL = 32'b00000000000000000000000000000000
I: Verilog-0004: [D:/FPGA/TSP_RISC-V-2.4/FPGA/pango_cpu/source/core/regfiles.v(line number: 26)] Elaborating instance RV32I_reg_i
I: Verilog-0003: [D:/FPGA/TSP_RISC-V-2.4/FPGA/pango_cpu/source/core/dff.v(line number: 4)] Elaborating module REGs_WLWR
I: Module instance {SoC_Top/u_TSP_Core/u_TSP_Regfiles/x1_31[20].RV32I_reg_i} parameter value:
    RW = 32'b00000000000000000000000000100000
    RST_VAL = 32'b00000000000000000000000000000000
I: Verilog-0004: [D:/FPGA/TSP_RISC-V-2.4/FPGA/pango_cpu/source/core/regfiles.v(line number: 26)] Elaborating instance RV32I_reg_i
I: Verilog-0003: [D:/FPGA/TSP_RISC-V-2.4/FPGA/pango_cpu/source/core/dff.v(line number: 4)] Elaborating module REGs_WLWR
I: Module instance {SoC_Top/u_TSP_Core/u_TSP_Regfiles/x1_31[21].RV32I_reg_i} parameter value:
    RW = 32'b00000000000000000000000000100000
    RST_VAL = 32'b00000000000000000000000000000000
I: Verilog-0004: [D:/FPGA/TSP_RISC-V-2.4/FPGA/pango_cpu/source/core/regfiles.v(line number: 26)] Elaborating instance RV32I_reg_i
I: Verilog-0003: [D:/FPGA/TSP_RISC-V-2.4/FPGA/pango_cpu/source/core/dff.v(line number: 4)] Elaborating module REGs_WLWR
I: Module instance {SoC_Top/u_TSP_Core/u_TSP_Regfiles/x1_31[22].RV32I_reg_i} parameter value:
    RW = 32'b00000000000000000000000000100000
    RST_VAL = 32'b00000000000000000000000000000000
I: Verilog-0004: [D:/FPGA/TSP_RISC-V-2.4/FPGA/pango_cpu/source/core/regfiles.v(line number: 26)] Elaborating instance RV32I_reg_i
I: Verilog-0003: [D:/FPGA/TSP_RISC-V-2.4/FPGA/pango_cpu/source/core/dff.v(line number: 4)] Elaborating module REGs_WLWR
I: Module instance {SoC_Top/u_TSP_Core/u_TSP_Regfiles/x1_31[23].RV32I_reg_i} parameter value:
    RW = 32'b00000000000000000000000000100000
    RST_VAL = 32'b00000000000000000000000000000000
I: Verilog-0004: [D:/FPGA/TSP_RISC-V-2.4/FPGA/pango_cpu/source/core/regfiles.v(line number: 26)] Elaborating instance RV32I_reg_i
I: Verilog-0003: [D:/FPGA/TSP_RISC-V-2.4/FPGA/pango_cpu/source/core/dff.v(line number: 4)] Elaborating module REGs_WLWR
I: Module instance {SoC_Top/u_TSP_Core/u_TSP_Regfiles/x1_31[24].RV32I_reg_i} parameter value:
    RW = 32'b00000000000000000000000000100000
    RST_VAL = 32'b00000000000000000000000000000000
I: Verilog-0004: [D:/FPGA/TSP_RISC-V-2.4/FPGA/pango_cpu/source/core/regfiles.v(line number: 26)] Elaborating instance RV32I_reg_i
I: Verilog-0003: [D:/FPGA/TSP_RISC-V-2.4/FPGA/pango_cpu/source/core/dff.v(line number: 4)] Elaborating module REGs_WLWR
I: Module instance {SoC_Top/u_TSP_Core/u_TSP_Regfiles/x1_31[25].RV32I_reg_i} parameter value:
    RW = 32'b00000000000000000000000000100000
    RST_VAL = 32'b00000000000000000000000000000000
I: Verilog-0004: [D:/FPGA/TSP_RISC-V-2.4/FPGA/pango_cpu/source/core/regfiles.v(line number: 26)] Elaborating instance RV32I_reg_i
I: Verilog-0003: [D:/FPGA/TSP_RISC-V-2.4/FPGA/pango_cpu/source/core/dff.v(line number: 4)] Elaborating module REGs_WLWR
I: Module instance {SoC_Top/u_TSP_Core/u_TSP_Regfiles/x1_31[26].RV32I_reg_i} parameter value:
    RW = 32'b00000000000000000000000000100000
    RST_VAL = 32'b00000000000000000000000000000000
I: Verilog-0004: [D:/FPGA/TSP_RISC-V-2.4/FPGA/pango_cpu/source/core/regfiles.v(line number: 26)] Elaborating instance RV32I_reg_i
I: Verilog-0003: [D:/FPGA/TSP_RISC-V-2.4/FPGA/pango_cpu/source/core/dff.v(line number: 4)] Elaborating module REGs_WLWR
I: Module instance {SoC_Top/u_TSP_Core/u_TSP_Regfiles/x1_31[27].RV32I_reg_i} parameter value:
    RW = 32'b00000000000000000000000000100000
    RST_VAL = 32'b00000000000000000000000000000000
I: Verilog-0004: [D:/FPGA/TSP_RISC-V-2.4/FPGA/pango_cpu/source/core/regfiles.v(line number: 26)] Elaborating instance RV32I_reg_i
I: Verilog-0003: [D:/FPGA/TSP_RISC-V-2.4/FPGA/pango_cpu/source/core/dff.v(line number: 4)] Elaborating module REGs_WLWR
I: Module instance {SoC_Top/u_TSP_Core/u_TSP_Regfiles/x1_31[28].RV32I_reg_i} parameter value:
    RW = 32'b00000000000000000000000000100000
    RST_VAL = 32'b00000000000000000000000000000000
I: Verilog-0004: [D:/FPGA/TSP_RISC-V-2.4/FPGA/pango_cpu/source/core/regfiles.v(line number: 26)] Elaborating instance RV32I_reg_i
I: Verilog-0003: [D:/FPGA/TSP_RISC-V-2.4/FPGA/pango_cpu/source/core/dff.v(line number: 4)] Elaborating module REGs_WLWR
I: Module instance {SoC_Top/u_TSP_Core/u_TSP_Regfiles/x1_31[29].RV32I_reg_i} parameter value:
    RW = 32'b00000000000000000000000000100000
    RST_VAL = 32'b00000000000000000000000000000000
I: Verilog-0004: [D:/FPGA/TSP_RISC-V-2.4/FPGA/pango_cpu/source/core/regfiles.v(line number: 26)] Elaborating instance RV32I_reg_i
I: Verilog-0003: [D:/FPGA/TSP_RISC-V-2.4/FPGA/pango_cpu/source/core/dff.v(line number: 4)] Elaborating module REGs_WLWR
I: Module instance {SoC_Top/u_TSP_Core/u_TSP_Regfiles/x1_31[30].RV32I_reg_i} parameter value:
    RW = 32'b00000000000000000000000000100000
    RST_VAL = 32'b00000000000000000000000000000000
I: Verilog-0004: [D:/FPGA/TSP_RISC-V-2.4/FPGA/pango_cpu/source/core/regfiles.v(line number: 26)] Elaborating instance RV32I_reg_i
I: Verilog-0003: [D:/FPGA/TSP_RISC-V-2.4/FPGA/pango_cpu/source/core/dff.v(line number: 4)] Elaborating module REGs_WLWR
I: Module instance {SoC_Top/u_TSP_Core/u_TSP_Regfiles/x1_31[31].RV32I_reg_i} parameter value:
    RW = 32'b00000000000000000000000000100000
    RST_VAL = 32'b00000000000000000000000000000000
I: Verilog-0004: [D:/FPGA/TSP_RISC-V-2.4/FPGA/pango_cpu/source/core/core.v(line number: 223)] Elaborating instance u_TSP_Disp_Exu
I: Verilog-0003: [D:/FPGA/TSP_RISC-V-2.4/FPGA/pango_cpu/source/core/disp_exu.v(line number: 3)] Elaborating module TSP_Disp_Exu
I: Verilog-0004: [D:/FPGA/TSP_RISC-V-2.4/FPGA/pango_cpu/source/core/disp_exu.v(line number: 95)] Elaborating instance DECODE_PC_REG1
I: Verilog-0003: [D:/FPGA/TSP_RISC-V-2.4/FPGA/pango_cpu/source/core/dff.v(line number: 4)] Elaborating module REGs_WLWR
I: Module instance {SoC_Top/u_TSP_Core/u_TSP_Disp_Exu/DECODE_PC_REG1} parameter value:
    RW = 32'b00000000000000000000000000100000
    RST_VAL = 32'b00000000000000000000000000000000
I: Verilog-0004: [D:/FPGA/TSP_RISC-V-2.4/FPGA/pango_cpu/source/core/disp_exu.v(line number: 124)] Elaborating instance Exu_common_u0
I: Verilog-0003: [D:/FPGA/TSP_RISC-V-2.4/FPGA/pango_cpu/source/core/exu_common.v(line number: 3)] Elaborating module TSP_Exu_common
I: Verilog-0004: [D:/FPGA/TSP_RISC-V-2.4/FPGA/pango_cpu/source/core/disp_exu.v(line number: 161)] Elaborating instance Exu_bjp_u0
I: Verilog-0003: [D:/FPGA/TSP_RISC-V-2.4/FPGA/pango_cpu/source/core/exu_bjp.v(line number: 3)] Elaborating module Exu_bjp
I: Verilog-0004: [D:/FPGA/TSP_RISC-V-2.4/FPGA/pango_cpu/source/core/exu_bjp.v(line number: 41)] Elaborating instance BTB_update_valid_reg
I: Verilog-0003: [D:/FPGA/TSP_RISC-V-2.4/FPGA/pango_cpu/source/core/dff.v(line number: 42)] Elaborating module REGs_NLWR
I: Module instance {SoC_Top/u_TSP_Core/u_TSP_Disp_Exu/Exu_bjp_u0/BTB_update_valid_reg} parameter value:
    RW = 32'b00000000000000000000000000000001
    RST_VAL = 32'b00000000000000000000000000000000
I: Verilog-0004: [D:/FPGA/TSP_RISC-V-2.4/FPGA/pango_cpu/source/core/disp_exu.v(line number: 186)] Elaborating instance Exu_muldiv_u0
I: Verilog-0003: [D:/FPGA/TSP_RISC-V-2.4/FPGA/pango_cpu/source/core/exu_muldiv.v(line number: 3)] Elaborating module TSP_Exu_muldiv
I: Verilog-0004: [D:/FPGA/TSP_RISC-V-2.4/FPGA/pango_cpu/source/core/exu_muldiv.v(line number: 90)] Elaborating instance u_multiplier
I: Verilog-0003: [D:/FPGA/TSP_RISC-V-2.4/FPGA/pango_cpu/source/core/exu_muldiv.v(line number: 128)] Elaborating module Simple_Multiplier_32
I: Module instance {SoC_Top/u_TSP_Core/u_TSP_Disp_Exu/Exu_muldiv_u0/u_multiplier} parameter value:
    N = 32'b00000000000000000000000000100000
I: Verilog-0004: [D:/FPGA/TSP_RISC-V-2.4/FPGA/pango_cpu/source/core/exu_muldiv.v(line number: 101)] Elaborating instance u_divider
I: Verilog-0003: [D:/FPGA/TSP_RISC-V-2.4/FPGA/pango_cpu/source/core/exu_muldiv.v(line number: 174)] Elaborating module Simple_Divider_32
I: Module instance {SoC_Top/u_TSP_Core/u_TSP_Disp_Exu/Exu_muldiv_u0/u_divider} parameter value:
    XLEN = 32'b00000000000000000000000000100000
I: Verilog-0004: [D:/FPGA/TSP_RISC-V-2.4/FPGA/pango_cpu/source/core/disp_exu.v(line number: 213)] Elaborating instance Exu_ls_u0
I: Verilog-0003: [D:/FPGA/TSP_RISC-V-2.4/FPGA/pango_cpu/source/core/exu_ls.v(line number: 3)] Elaborating module TSP_Exu_ls
I: Verilog-0004: [D:/FPGA/TSP_RISC-V-2.4/FPGA/pango_cpu/source/core/core.v(line number: 299)] Elaborating instance u_ls_ctrl
I: Verilog-0003: [D:/FPGA/TSP_RISC-V-2.4/FPGA/pango_cpu/source/core/ls_ctrl.v(line number: 3)] Elaborating module ls_ctrl
I: Verilog-0004: [D:/FPGA/TSP_RISC-V-2.4/FPGA/pango_cpu/source/core/core.v(line number: 335)] Elaborating instance u_TSP_Wb_arbiter
I: Verilog-0003: [D:/FPGA/TSP_RISC-V-2.4/FPGA/pango_cpu/source/core/wb_arbiter.v(line number: 3)] Elaborating module TSP_Wb_arbiter
I: Verilog-0004: [D:/FPGA/TSP_RISC-V-2.4/FPGA/pango_cpu/source/peripheral/soc_top.v(line number: 149)] Elaborating instance u_Interconnect
I: Verilog-0003: [D:/FPGA/TSP_RISC-V-2.4/FPGA/pango_cpu/source/peripheral/AXI_Interconnect.v(line number: 3)] Elaborating module TSP_AXI_Interconnect
I: Verilog-0004: [D:/FPGA/TSP_RISC-V-2.4/FPGA/pango_cpu/source/peripheral/soc_top.v(line number: 189)] Elaborating instance u_SRAM
I: Verilog-0003: [D:/FPGA/TSP_RISC-V-2.4/FPGA/pango_cpu/source/ram/sram.v(line number: 4)] Elaborating module TSP_Sram
I: Verilog-0004: [D:/FPGA/TSP_RISC-V-2.4/FPGA/pango_cpu/source/ram/sram.v(line number: 125)] Elaborating instance u_SRAM_IP
I: Verilog-0003: [D:/FPGA/TSP_RISC-V-2.4/FPGA/pango_cpu/ipcore/SRAM/SRAM.v(line number: 16)] Elaborating module SRAM
I: Verilog-0004: [D:/FPGA/TSP_RISC-V-2.4/FPGA/pango_cpu/ipcore/SRAM/SRAM.v(line number: 206)] Elaborating instance U_ipml_dpram_SRAM
I: Verilog-0003: [D:/FPGA/TSP_RISC-V-2.4/FPGA/pango_cpu/ipcore/SRAM/rtl/ipml_dpram_v1_8_SRAM.v(line number: 17)] Elaborating module ipml_dpram_v1_8_SRAM
I: Module instance {SoC_Top/u_SRAM/u_SRAM_IP/U_ipml_dpram_SRAM} parameter value:
    c_SIM_DEVICE = LOGOS
    c_A_ADDR_WIDTH = 32'b00000000000000000000000000001101
    c_A_DATA_WIDTH = 32'b00000000000000000000000000100000
    c_B_ADDR_WIDTH = 32'b00000000000000000000000000001101
    c_B_DATA_WIDTH = 32'b00000000000000000000000000100000
    c_A_OUTPUT_REG = 32'b00000000000000000000000000000000
    c_A_RD_OCE_EN = 32'b00000000000000000000000000000000
    c_A_ADDR_STROBE_EN = 32'b00000000000000000000000000000000
    c_A_CLK_EN = 32'b00000000000000000000000000000000
    c_B_OUTPUT_REG = 32'b00000000000000000000000000000000
    c_B_RD_OCE_EN = 32'b00000000000000000000000000000000
    c_B_ADDR_STROBE_EN = 32'b00000000000000000000000000000000
    c_B_CLK_EN = 32'b00000000000000000000000000000000
    c_RESET_TYPE = ASYNC_RESET
    c_A_CLK_OR_POL_INV = 32'b00000000000000000000000000000000
    c_B_CLK_OR_POL_INV = 32'b00000000000000000000000000000000
    c_POWER_OPT = 32'b00000000000000000000000000000000
    c_INIT_FILE = NONE
    c_INIT_FORMAT = BIN
    c_WR_BYTE_EN = 32'b00000000000000000000000000000001
    c_A_BE_WIDTH = 32'b00000000000000000000000000000100
    c_B_BE_WIDTH = 32'b00000000000000000000000000000100
    c_A_WRITE_MODE = NORMAL_WRITE
    c_B_WRITE_MODE = NORMAL_WRITE
W: Verilog-2039: [D:/FPGA/TSP_RISC-V-2.4/FPGA/pango_cpu/ipcore/SRAM/rtl/ipml_dpram_v1_8_SRAM.v(line number: 417)] Repeat multiplier in concatenation evaluates to 0
W: Verilog-2039: [D:/FPGA/TSP_RISC-V-2.4/FPGA/pango_cpu/ipcore/SRAM/rtl/ipml_dpram_v1_8_SRAM.v(line number: 419)] Repeat multiplier in concatenation evaluates to 0
W: Verilog-2039: [D:/FPGA/TSP_RISC-V-2.4/FPGA/pango_cpu/ipcore/SRAM/rtl/ipml_dpram_v1_8_SRAM.v(line number: 421)] Repeat multiplier in concatenation evaluates to 0
W: Verilog-2039: [D:/FPGA/TSP_RISC-V-2.4/FPGA/pango_cpu/ipcore/SRAM/rtl/ipml_dpram_v1_8_SRAM.v(line number: 423)] Repeat multiplier in concatenation evaluates to 0
W: Verilog-2039: [D:/FPGA/TSP_RISC-V-2.4/FPGA/pango_cpu/ipcore/SRAM/rtl/ipml_dpram_v1_8_SRAM.v(line number: 426)] Repeat multiplier in concatenation evaluates to 0
W: Verilog-2039: [D:/FPGA/TSP_RISC-V-2.4/FPGA/pango_cpu/ipcore/SRAM/rtl/ipml_dpram_v1_8_SRAM.v(line number: 427)] Repeat multiplier in concatenation evaluates to 0
W: Verilog-2038: [D:/FPGA/TSP_RISC-V-2.4/FPGA/pango_cpu/ipcore/SRAM/rtl/ipml_dpram_v1_8_SRAM.v(line number: 436)] Case condition never applies
W: Verilog-2038: [D:/FPGA/TSP_RISC-V-2.4/FPGA/pango_cpu/ipcore/SRAM/rtl/ipml_dpram_v1_8_SRAM.v(line number: 437)] Case condition never applies
W: Verilog-2038: [D:/FPGA/TSP_RISC-V-2.4/FPGA/pango_cpu/ipcore/SRAM/rtl/ipml_dpram_v1_8_SRAM.v(line number: 438)] Case condition never applies
W: Verilog-2038: [D:/FPGA/TSP_RISC-V-2.4/FPGA/pango_cpu/ipcore/SRAM/rtl/ipml_dpram_v1_8_SRAM.v(line number: 439)] Case condition never applies
W: Verilog-2038: [D:/FPGA/TSP_RISC-V-2.4/FPGA/pango_cpu/ipcore/SRAM/rtl/ipml_dpram_v1_8_SRAM.v(line number: 439)] Case condition never applies
W: Verilog-2038: [D:/FPGA/TSP_RISC-V-2.4/FPGA/pango_cpu/ipcore/SRAM/rtl/ipml_dpram_v1_8_SRAM.v(line number: 436)] Case condition never applies
W: Verilog-2038: [D:/FPGA/TSP_RISC-V-2.4/FPGA/pango_cpu/ipcore/SRAM/rtl/ipml_dpram_v1_8_SRAM.v(line number: 437)] Case condition never applies
W: Verilog-2038: [D:/FPGA/TSP_RISC-V-2.4/FPGA/pango_cpu/ipcore/SRAM/rtl/ipml_dpram_v1_8_SRAM.v(line number: 438)] Case condition never applies
W: Verilog-2038: [D:/FPGA/TSP_RISC-V-2.4/FPGA/pango_cpu/ipcore/SRAM/rtl/ipml_dpram_v1_8_SRAM.v(line number: 439)] Case condition never applies
W: Verilog-2038: [D:/FPGA/TSP_RISC-V-2.4/FPGA/pango_cpu/ipcore/SRAM/rtl/ipml_dpram_v1_8_SRAM.v(line number: 439)] Case condition never applies
W: Verilog-2038: [D:/FPGA/TSP_RISC-V-2.4/FPGA/pango_cpu/ipcore/SRAM/rtl/ipml_dpram_v1_8_SRAM.v(line number: 487)] Case condition never applies
W: Verilog-2038: [D:/FPGA/TSP_RISC-V-2.4/FPGA/pango_cpu/ipcore/SRAM/rtl/ipml_dpram_v1_8_SRAM.v(line number: 488)] Case condition never applies
W: Verilog-2038: [D:/FPGA/TSP_RISC-V-2.4/FPGA/pango_cpu/ipcore/SRAM/rtl/ipml_dpram_v1_8_SRAM.v(line number: 489)] Case condition never applies
W: Verilog-2038: [D:/FPGA/TSP_RISC-V-2.4/FPGA/pango_cpu/ipcore/SRAM/rtl/ipml_dpram_v1_8_SRAM.v(line number: 490)] Case condition never applies
W: Verilog-2038: [D:/FPGA/TSP_RISC-V-2.4/FPGA/pango_cpu/ipcore/SRAM/rtl/ipml_dpram_v1_8_SRAM.v(line number: 490)] Case condition never applies
W: Verilog-2038: [D:/FPGA/TSP_RISC-V-2.4/FPGA/pango_cpu/ipcore/SRAM/rtl/ipml_dpram_v1_8_SRAM.v(line number: 487)] Case condition never applies
W: Verilog-2038: [D:/FPGA/TSP_RISC-V-2.4/FPGA/pango_cpu/ipcore/SRAM/rtl/ipml_dpram_v1_8_SRAM.v(line number: 488)] Case condition never applies
W: Verilog-2038: [D:/FPGA/TSP_RISC-V-2.4/FPGA/pango_cpu/ipcore/SRAM/rtl/ipml_dpram_v1_8_SRAM.v(line number: 489)] Case condition never applies
W: Verilog-2038: [D:/FPGA/TSP_RISC-V-2.4/FPGA/pango_cpu/ipcore/SRAM/rtl/ipml_dpram_v1_8_SRAM.v(line number: 490)] Case condition never applies
W: Verilog-2038: [D:/FPGA/TSP_RISC-V-2.4/FPGA/pango_cpu/ipcore/SRAM/rtl/ipml_dpram_v1_8_SRAM.v(line number: 490)] Case condition never applies
I: Verilog-0004: [D:/FPGA/TSP_RISC-V-2.4/FPGA/pango_cpu/ipcore/SRAM/rtl/ipml_dpram_v1_8_SRAM.v(line number: 693)] Elaborating instance U_GTP_DRM18K
I: Verilog-0004: [D:/FPGA/TSP_RISC-V-2.4/FPGA/pango_cpu/ipcore/SRAM/rtl/ipml_dpram_v1_8_SRAM.v(line number: 693)] Elaborating instance U_GTP_DRM18K
I: Verilog-0004: [D:/FPGA/TSP_RISC-V-2.4/FPGA/pango_cpu/ipcore/SRAM/rtl/ipml_dpram_v1_8_SRAM.v(line number: 693)] Elaborating instance U_GTP_DRM18K
I: Verilog-0004: [D:/FPGA/TSP_RISC-V-2.4/FPGA/pango_cpu/ipcore/SRAM/rtl/ipml_dpram_v1_8_SRAM.v(line number: 693)] Elaborating instance U_GTP_DRM18K
I: Verilog-0004: [D:/FPGA/TSP_RISC-V-2.4/FPGA/pango_cpu/ipcore/SRAM/rtl/ipml_dpram_v1_8_SRAM.v(line number: 693)] Elaborating instance U_GTP_DRM18K
I: Verilog-0004: [D:/FPGA/TSP_RISC-V-2.4/FPGA/pango_cpu/ipcore/SRAM/rtl/ipml_dpram_v1_8_SRAM.v(line number: 693)] Elaborating instance U_GTP_DRM18K
I: Verilog-0004: [D:/FPGA/TSP_RISC-V-2.4/FPGA/pango_cpu/ipcore/SRAM/rtl/ipml_dpram_v1_8_SRAM.v(line number: 693)] Elaborating instance U_GTP_DRM18K
I: Verilog-0004: [D:/FPGA/TSP_RISC-V-2.4/FPGA/pango_cpu/ipcore/SRAM/rtl/ipml_dpram_v1_8_SRAM.v(line number: 693)] Elaborating instance U_GTP_DRM18K
I: Verilog-0004: [D:/FPGA/TSP_RISC-V-2.4/FPGA/pango_cpu/ipcore/SRAM/rtl/ipml_dpram_v1_8_SRAM.v(line number: 693)] Elaborating instance U_GTP_DRM18K
I: Verilog-0004: [D:/FPGA/TSP_RISC-V-2.4/FPGA/pango_cpu/ipcore/SRAM/rtl/ipml_dpram_v1_8_SRAM.v(line number: 693)] Elaborating instance U_GTP_DRM18K
I: Verilog-0004: [D:/FPGA/TSP_RISC-V-2.4/FPGA/pango_cpu/ipcore/SRAM/rtl/ipml_dpram_v1_8_SRAM.v(line number: 693)] Elaborating instance U_GTP_DRM18K
I: Verilog-0004: [D:/FPGA/TSP_RISC-V-2.4/FPGA/pango_cpu/ipcore/SRAM/rtl/ipml_dpram_v1_8_SRAM.v(line number: 693)] Elaborating instance U_GTP_DRM18K
I: Verilog-0004: [D:/FPGA/TSP_RISC-V-2.4/FPGA/pango_cpu/ipcore/SRAM/rtl/ipml_dpram_v1_8_SRAM.v(line number: 693)] Elaborating instance U_GTP_DRM18K
I: Verilog-0004: [D:/FPGA/TSP_RISC-V-2.4/FPGA/pango_cpu/ipcore/SRAM/rtl/ipml_dpram_v1_8_SRAM.v(line number: 693)] Elaborating instance U_GTP_DRM18K
I: Verilog-0004: [D:/FPGA/TSP_RISC-V-2.4/FPGA/pango_cpu/ipcore/SRAM/rtl/ipml_dpram_v1_8_SRAM.v(line number: 693)] Elaborating instance U_GTP_DRM18K
I: Verilog-0004: [D:/FPGA/TSP_RISC-V-2.4/FPGA/pango_cpu/ipcore/SRAM/rtl/ipml_dpram_v1_8_SRAM.v(line number: 693)] Elaborating instance U_GTP_DRM18K
W: Verilog-2020: [D:/FPGA/TSP_RISC-V-2.4/FPGA/pango_cpu/ipcore/SRAM/rtl/ipml_dpram_v1_8_SRAM.v(line number: 642)] Net DA_bus[8] in ipml_dpram_v1_8_SRAM(original module ipml_dpram_v1_8_SRAM) does not have a driver, tie it to 0
W: Verilog-2020: [D:/FPGA/TSP_RISC-V-2.4/FPGA/pango_cpu/ipcore/SRAM/rtl/ipml_dpram_v1_8_SRAM.v(line number: 642)] Net DA_bus[17] in ipml_dpram_v1_8_SRAM(original module ipml_dpram_v1_8_SRAM) does not have a driver, tie it to 0
W: Verilog-2020: [D:/FPGA/TSP_RISC-V-2.4/FPGA/pango_cpu/ipcore/SRAM/rtl/ipml_dpram_v1_8_SRAM.v(line number: 642)] Net DA_bus[26] in ipml_dpram_v1_8_SRAM(original module ipml_dpram_v1_8_SRAM) does not have a driver, tie it to 0
W: Verilog-2020: [D:/FPGA/TSP_RISC-V-2.4/FPGA/pango_cpu/ipcore/SRAM/rtl/ipml_dpram_v1_8_SRAM.v(line number: 642)] Net DA_bus[35] in ipml_dpram_v1_8_SRAM(original module ipml_dpram_v1_8_SRAM) does not have a driver, tie it to 0
W: Verilog-2020: [D:/FPGA/TSP_RISC-V-2.4/FPGA/pango_cpu/ipcore/SRAM/rtl/ipml_dpram_v1_8_SRAM.v(line number: 643)] Net DB_bus[8] in ipml_dpram_v1_8_SRAM(original module ipml_dpram_v1_8_SRAM) does not have a driver, tie it to 0
W: Verilog-2020: [D:/FPGA/TSP_RISC-V-2.4/FPGA/pango_cpu/ipcore/SRAM/rtl/ipml_dpram_v1_8_SRAM.v(line number: 643)] Net DB_bus[17] in ipml_dpram_v1_8_SRAM(original module ipml_dpram_v1_8_SRAM) does not have a driver, tie it to 0
W: Verilog-2020: [D:/FPGA/TSP_RISC-V-2.4/FPGA/pango_cpu/ipcore/SRAM/rtl/ipml_dpram_v1_8_SRAM.v(line number: 643)] Net DB_bus[26] in ipml_dpram_v1_8_SRAM(original module ipml_dpram_v1_8_SRAM) does not have a driver, tie it to 0
W: Verilog-2020: [D:/FPGA/TSP_RISC-V-2.4/FPGA/pango_cpu/ipcore/SRAM/rtl/ipml_dpram_v1_8_SRAM.v(line number: 643)] Net DB_bus[35] in ipml_dpram_v1_8_SRAM(original module ipml_dpram_v1_8_SRAM) does not have a driver, tie it to 0
I: Verilog-0004: [D:/FPGA/TSP_RISC-V-2.4/FPGA/pango_cpu/source/peripheral/soc_top.v(line number: 213)] Elaborating instance u_UART
I: Verilog-0003: [D:/FPGA/TSP_RISC-V-2.4/FPGA/pango_cpu/source/uart/uart_axi_lite_wrapper.v(line number: 3)] Elaborating module uart_axi_lite_wrapper
I: Module instance {SoC_Top/u_UART} parameter value:
    CLK_FREQ_p = 32'b00000010111110101111000010000000
    BAUD_RATE_p = 32'b00000000000000011100001000000000
I: Verilog-0004: [D:/FPGA/TSP_RISC-V-2.4/FPGA/pango_cpu/source/uart/uart_axi_lite_wrapper.v(line number: 57)] Elaborating instance u_uart_core
I: Verilog-0003: [D:/FPGA/TSP_RISC-V-2.4/FPGA/pango_cpu/source/uart/uart.v(line number: 32)] Elaborating module uart
I: Module instance {SoC_Top/u_UART/u_uart_core} parameter value:
    DATA_WIDTH = 32'b00000000000000000000000000001000
I: Verilog-0004: [D:/FPGA/TSP_RISC-V-2.4/FPGA/pango_cpu/source/uart/uart.v(line number: 78)] Elaborating instance uart_tx_inst
I: Verilog-0003: [D:/FPGA/TSP_RISC-V-2.4/FPGA/pango_cpu/source/uart/uart_tx.v(line number: 32)] Elaborating module uart_tx
I: Module instance {SoC_Top/u_UART/u_uart_core/uart_tx_inst} parameter value:
    DATA_WIDTH = 32'b00000000000000000000000000001000
I: Verilog-0004: [D:/FPGA/TSP_RISC-V-2.4/FPGA/pango_cpu/source/uart/uart.v(line number: 96)] Elaborating instance uart_rx_inst
I: Verilog-0003: [D:/FPGA/TSP_RISC-V-2.4/FPGA/pango_cpu/source/uart/uart_rx.v(line number: 32)] Elaborating module uart_rx
I: Module instance {SoC_Top/u_UART/u_uart_core/uart_rx_inst} parameter value:
    DATA_WIDTH = 32'b00000000000000000000000000001000
I: Verilog-0004: [D:/FPGA/TSP_RISC-V-2.4/FPGA/pango_cpu/source/peripheral/soc_top.v(line number: 228)] Elaborating instance u_Timer
I: Verilog-0003: [D:/FPGA/TSP_RISC-V-2.4/FPGA/pango_cpu/source/timer/timer.v(line number: 40)] Elaborating module timer
Executing : rtl-elaborate successfully. Time elapsed: 0.201s wall, 0.156s user + 0.031s system = 0.188s CPU (93.3%)

Start rtl-prep.
Executing : rtl-prep successfully. Time elapsed: 0.126s wall, 0.125s user + 0.000s system = 0.125s CPU (99.4%)

Start rtl-infer.
Start DFF-inference.
W: Sdm-2003: [D:/FPGA/TSP_RISC-V-2.4/FPGA/pango_cpu/source/core/regfiles.v(line number: 20)] The net 'RV32I_regs[0]' in SoC_Top.u_TSP_Core.u_TSP_Regfiles is un-driven.
Executing : DFF-inference successfully.
Executing : rtl-infer successfully. Time elapsed: 0.876s wall, 0.594s user + 0.281s system = 0.875s CPU (99.9%)

Start rtl-control-opt.
Executing : rtl-control-opt successfully. Time elapsed: 0.019s wall, 0.016s user + 0.000s system = 0.016s CPU (80.5%)

Start rtl-data-opt.
Executing : rtl-data-opt successfully. Time elapsed: 0.157s wall, 0.141s user + 0.000s system = 0.141s CPU (89.5%)

Start FSM inference.
I: FSM r_target_fsm[2:0] inferred.
FSM r_target_fsm[2:0] STG:
Number of reachable states: 6
Input nets: N206 N381 N382 N385 N386 ar_is_m1 ar_is_m3 s_axi_arvalid 
S0(000)-->S1(001): 1xxxx1x1
S0(000)-->S2(010): 1xx1xxx1
S0(000)-->S3(011): 1xxx1x11
S0(000)-->S4(100): 11xx1xx1
S0(000)-->S5(101): 1x1x1xx1
S4(100)-->S0(000): xxxxxxxx
S5(101)-->S0(000): xxxxxxxx
S2(010)-->S0(000): xxxxxxxx
S3(011)-->S0(000): xxxxxxxx
S1(001)-->S0(000): xxxxxxxx
S3(011)-->S0(000): xxxxxxxx
S5(101)-->S0(000): xxxxxxxx
S0(000)-->S0(000): 0xxxxxxx
S1(001)-->S0(000): 0xxxxxxx
S2(010)-->S0(000): 0xxxxxxx
S3(011)-->S0(000): 0xxxxxxx
S4(100)-->S0(000): 0xxxxxxx
S5(101)-->S0(000): 0xxxxxxx
S0(000)-->S0(000): xxxxxxx0
S1(001)-->S0(000): xxxxxxx0
S2(010)-->S0(000): xxxxxxx0
S3(011)-->S0(000): xxxxxxx0
S4(100)-->S0(000): xxxxxxx0
S5(101)-->S0(000): xxxxxxx0

I: FSM w_target_fsm[2:0] inferred.
FSM w_target_fsm[2:0] STG:
Number of reachable states: 6
Input nets: N154 N373 N374 N377 N378 aw_is_m1 aw_is_m3 s_axi_awvalid 
S0(000)-->S1(001): 1xxxx1x1
S0(000)-->S2(010): 1xx1xxx1
S0(000)-->S3(011): 1xxx1x11
S0(000)-->S4(100): 11xx1xx1
S0(000)-->S5(101): 1x1x1xx1
S4(100)-->S0(000): xxxxxxxx
S5(101)-->S0(000): xxxxxxxx
S2(010)-->S0(000): xxxxxxxx
S3(011)-->S0(000): xxxxxxxx
S1(001)-->S0(000): xxxxxxxx
S3(011)-->S0(000): xxxxxxxx
S5(101)-->S0(000): xxxxxxxx
S0(000)-->S0(000): 0xxxxxxx
S1(001)-->S0(000): 0xxxxxxx
S2(010)-->S0(000): 0xxxxxxx
S3(011)-->S0(000): 0xxxxxxx
S4(100)-->S0(000): 0xxxxxxx
S5(101)-->S0(000): 0xxxxxxx
S0(000)-->S0(000): xxxxxxx0
S1(001)-->S0(000): xxxxxxx0
S2(010)-->S0(000): xxxxxxx0
S3(011)-->S0(000): xxxxxxx0
S4(100)-->S0(000): xxxxxxx0
S5(101)-->S0(000): xxxxxxx0

I: FSM state_fsm[1:0] inferred.
FSM state_fsm[1:0] STG:
Number of reachable states: 4
Input nets: N5 N92 s_axi_bready s_axi_rready 
S0(00)-->S1(01): 1xxx
S0(00)-->S2(10): x1xx
S1(01)-->S0(00): xx1x
S2(10)-->S3(11): xxxx
S3(11)-->S0(00): xxx1
S1(01)-->S0(00): xx11
S3(11)-->S0(00): xx11

I: FSM w_state_fsm[1:0] inferred.
FSM w_state_fsm[1:0] STG:
Number of reachable states: 3
Input nets: N26 N72 s_axi_bready s_axi_wvalid 
S0(00)-->S1(01): 11x1
S1(01)-->S2(10): xxxx
S2(10)-->S0(00): xx1x

I: FSM r_state_fsm[1:0] inferred.
FSM r_state_fsm[1:0] STG:
Number of reachable states: 4
Input nets: N14 s_axi_arvalid s_axi_rready 
S0(00)-->S1(01): 11x
S1(01)-->S2(10): xxx
S2(10)-->S3(11): xxx
S3(11)-->S0(00): xx1

I: FSM state_fsm[2:0] inferred.
FSM state_fsm[2:0] STG:
Number of reachable states: 7
Input nets: N44 N98 hit_dtcm ls_req_i ls_we_i m_axi_arready m_axi_bvalid m_axi_rvalid wb_ls_ready_i 
S0(000)-->S1(001): 1x011xxxx
S0(000)-->S3(011): 1x010xxxx
S0(000)-->S5(101): 0x01xxxxx
S0(000)-->S5(101): xx111xxxx
S0(000)-->S6(110): xx110xxxx
S1(001)-->S2(010): x1xxxxxxx
S3(011)-->S4(100): xxxxx1xxx
S0(000)-->S5(101): 0xx11x1xx
S2(010)-->S5(101): 0xx11x1xx
S6(110)-->S5(101): xxxxxxxxx
S4(100)-->S5(101): xxxxxxx1x
S6(110)-->S5(101): xxxxxxx1x
S5(101)-->S0(000): xxxxxxxx1
S2(010)-->S5(101): xxxxxx1xx
S6(110)-->S5(101): xxxxxx1xx

I: FSM state_fsm[1:0] inferred.
FSM state_fsm[1:0] STG:
Number of reachable states: 4
Input nets: N6 N10 div_done mul_done wb_muldiv_ready_i 
S0(00)-->S1(01): 1xxxx
S0(00)-->S2(10): 01xxx
S1(01)-->S3(11): xxx1x
S2(10)-->S3(11): xx1xx
S3(11)-->S0(00): xxxx1

W: Loop was found during constant probe.
W: Loop was found during constant probe.
W: Loop was found during constant probe.
Executing : FSM inference successfully. Time elapsed: 0.088s wall, 0.047s user + 0.031s system = 0.078s CPU (89.2%)

Start sdm2adm.
W: Loop was found during constant probe.
W: Loop was found during constant probe.
W: Loop was found during constant probe.
W: Loop was found during constant probe.
W: Loop was found during constant probe.
W: Loop was found during constant probe.
W: Loop was found during constant probe.
W: Loop was found during constant probe.
I: Constant propagation done on N234 (bmsPMUX).
I: Constant propagation done on N196 (bmsPMUX).
I: Constant propagation done on N281 (bmsWIDEMUX).
I: Constant propagation done on N4 (bmsWIDEMUX).
I: Constant propagation done on N265 (bmsWIDEMUX).
W: Loop was found during constant probe.
W: Loop was found during constant probe.
W: Loop was found during constant probe.
W: Loop was found during constant probe.
I: Constant propagation done on N121 (bmsPMUX).
I: Constant propagation done on N22 (bmsWIDEMUX).
I: Constant propagation done on N112_1 (bmsWIDEMUX).
I: Constant propagation done on N155 (bmsWIDEMUX).
I: Constant propagation done on N207 (bmsWIDEMUX).
W: Loop was found during constant probe.
W: Loop was found during constant probe.
W: Loop was found during constant probe.
W: Loop was found during constant probe.
W: Loop was found during constant probe.
W: Loop was found during constant probe.
W: Loop was found during constant probe.
W: Loop was found during constant probe.
W: Loop was found during constant probe.
W: Loop was found during constant probe.
W: Loop was found during constant probe.
W: Loop was found during constant probe.
W: Loop was found during constant probe.
W: Loop was found during constant probe.
W: Loop was found during constant probe.
Executing : sdm2adm successfully. Time elapsed: 0.208s wall, 0.188s user + 0.031s system = 0.219s CPU (105.1%)

Saving design to DB.
Action compile: Real time elapsed is 0h:0m:6s
Action compile: CPU time elapsed is 0h:0m:3s
Action compile: Process CPU time elapsed is 0h:0m:3s
Current time: Fri Apr  3 00:14:41 2026
Action compile: Peak memory pool usage is 176 MB
Action from compile to compile: Total Real Time elapsed is 0h:0m:6s
Action from compile to compile: Total CPU time elapsed is 0h:0m:3s
Action from compile to compile: Total Process CPU Time elapsed is 0h:0m:3s
Process "Compile" done.


Process "Synthesize" started.
Current time: Fri Apr  3 00:14:41 2026
Compiling architecture definition.
Analyzing project file 'D:/FPGA/TSP_RISC-V-2.4/FPGA/pango_cpu/pango_cpu.pds'.
License checkout: fabric_ads from D:\pango\new_pds_60ff9e088cde.lic
Compiling verification operator library.
Compiling common defs.
Loading technology operator library.
Compiling technology operator library.
Compiling technology operator (valence) library.
Reading design from compile DB
Reading design from compile DB successfully.
NOTE: The technology fpga was specified.
NOTE: delay_model specified was generic_cmos.
NOTE: Using the fpga syntax tables...
Totals:
 Calls to malloc = 0
 Calls to calloc = 111555

Constraint check start.
Compiling prim grid devices.
Building architecture model.
Loading device packaging model.
Building architecture floorplan logic view.
Executing : get_ports sys_clk
Executing : get_ports sys_clk successfully.
Executing : create_clock -name sys_clk [get_ports sys_clk] -period 20.000 -waveform {0.000 10.000}
Executing : create_clock -name sys_clk [get_ports sys_clk] -period 20.000 -waveform {0.000 10.000} successfully.
C: ConstraintEditor-2009: p:uart_tx is lack of PAP_IO_DRIVE, OUTPUT or INOUT PORT had better set PAP_IO_DRIVE, the optional value is {8, 4, 12, 16, 24}.
C: ConstraintEditor-2009: p:uart_tx is lack of PAP_IO_SLEW, OUTPUT or INOUT PORT had better set PAP_IO_SLEW, the optional value is {SLOW, FAST}.
W: ConstraintEditor-4019: Port Bus 'ext_axi_if_araddr' unspecified I/O constraint.
W: ConstraintEditor-4019: Port Bus 'ext_axi_if_awaddr' unspecified I/O constraint.
W: ConstraintEditor-4019: Port Bus 'ext_axi_if_bresp' unspecified I/O constraint.
W: ConstraintEditor-4019: Port Bus 'ext_axi_if_rdata' unspecified I/O constraint.
W: ConstraintEditor-4019: Port Bus 'ext_axi_if_rresp' unspecified I/O constraint.
W: ConstraintEditor-4019: Port Bus 'ext_axi_if_wdata' unspecified I/O constraint.
W: ConstraintEditor-4019: Port Bus 'ext_axi_if_wstrb' unspecified I/O constraint.
W: ConstraintEditor-4019: Port 'ext_axi_if_arready' unspecified I/O constraint.
W: ConstraintEditor-4019: Port 'ext_axi_if_arvalid' unspecified I/O constraint.
W: ConstraintEditor-4019: Port 'ext_axi_if_awready' unspecified I/O constraint.
W: ConstraintEditor-4019: Port 'ext_axi_if_awvalid' unspecified I/O constraint.
W: ConstraintEditor-4019: Port 'ext_axi_if_bready' unspecified I/O constraint.
W: ConstraintEditor-4019: Port 'ext_axi_if_bvalid' unspecified I/O constraint.
W: ConstraintEditor-4019: Port 'ext_axi_if_rready' unspecified I/O constraint.
W: ConstraintEditor-4019: Port 'ext_axi_if_rvalid' unspecified I/O constraint.
W: ConstraintEditor-4019: Port 'ext_axi_if_wready' unspecified I/O constraint.
W: ConstraintEditor-4019: Port 'ext_axi_if_wvalid' unspecified I/O constraint.
Constraint check end.

C: SDC-2025: Clock source 'n:u_sys_pll/clkout0' need a clock constraint, please use 'create_clock' or 'create_generate_clock' to generate.
Executing : get_ports sys_clk
Executing : get_ports sys_clk successfully.
Executing : get_pins u_sys_pll/u_pll_e3:CLKOUT0
Executing : get_pins u_sys_pll/u_pll_e3:CLKOUT0 successfully.
Executing : create_generated_clock -name sys_clk|u_sys_pll/u_pll_e3/CLKOUT0_Inferred -source [get_ports sys_clk] [get_pins u_sys_pll/u_pll_e3:CLKOUT0] -master_clock sys_clk -edges {1 2 3} -edge_shift {0.000000 0.000000 0.000000} -add
Executing : create_generated_clock -name sys_clk|u_sys_pll/u_pll_e3/CLKOUT0_Inferred -source [get_ports sys_clk] [get_pins u_sys_pll/u_pll_e3:CLKOUT0] -master_clock sys_clk -edges {1 2 3} -edge_shift {0.000000 0.000000 0.000000} -add successfully.
Start pre-mapping.
I: Constant propagation done on u_TSP_Core/u_TSP_Disp_Exu/Exu_common_u0/N209 (bmsWIDEMUX).
I: Encoding type of FSM 'state_fsm[1:0]' is: onehot.
I: Encoding table of FSM 'state_fsm[1:0]':
I: from  u_SRAM/state[1] u_SRAM/state[0]
I: to  u_SRAM/state_reg[3] u_SRAM/state_reg[2] u_SRAM/state_reg[1] u_SRAM/state_reg[0]
I: 00 => 0001
I: 01 => 0010
I: 10 => 0100
I: 11 => 1000
I: Encoding type of FSM 'state_fsm[1:0]' is: onehot.
I: Encoding table of FSM 'state_fsm[1:0]':
I: from  u_TSP_Core/u_TSP_Disp_Exu/Exu_muldiv_u0/state[1] u_TSP_Core/u_TSP_Disp_Exu/Exu_muldiv_u0/state[0]
I: to  u_TSP_Core/u_TSP_Disp_Exu/Exu_muldiv_u0/state_reg[3] u_TSP_Core/u_TSP_Disp_Exu/Exu_muldiv_u0/state_reg[2] u_TSP_Core/u_TSP_Disp_Exu/Exu_muldiv_u0/state_reg[1] u_TSP_Core/u_TSP_Disp_Exu/Exu_muldiv_u0/state_reg[0]
I: 00 => 0001
I: 01 => 0010
I: 10 => 0100
I: 11 => 1000
I: Encoding type of FSM 'r_state_fsm[1:0]' is: onehot.
I: Encoding table of FSM 'r_state_fsm[1:0]':
I: from  u_TSP_Core/u_TSP_Ifu/r_state[1] u_TSP_Core/u_TSP_Ifu/r_state[0]
I: to  u_TSP_Core/u_TSP_Ifu/r_state_reg[3] u_TSP_Core/u_TSP_Ifu/r_state_reg[2] u_TSP_Core/u_TSP_Ifu/r_state_reg[1] u_TSP_Core/u_TSP_Ifu/r_state_reg[0]
I: 00 => 0001
I: 01 => 0010
I: 10 => 0100
I: 11 => 1000
I: Encoding type of FSM 'w_state_fsm[1:0]' is: onehot.
I: Encoding table of FSM 'w_state_fsm[1:0]':
I: from  u_TSP_Core/u_TSP_Ifu/w_state[1] u_TSP_Core/u_TSP_Ifu/w_state[0]
I: to  u_TSP_Core/u_TSP_Ifu/w_state_reg[2] u_TSP_Core/u_TSP_Ifu/w_state_reg[1] u_TSP_Core/u_TSP_Ifu/w_state_reg[0]
I: 00 => 001
I: 01 => 010
I: 10 => 100
I: Encoding type of FSM 'state_fsm[2:0]' is: onehot.
I: Encoding table of FSM 'state_fsm[2:0]':
I: from  u_TSP_Core/u_ls_ctrl/state[2] u_TSP_Core/u_ls_ctrl/state[1] u_TSP_Core/u_ls_ctrl/state[0]
I: to  u_TSP_Core/u_ls_ctrl/state_reg[6] u_TSP_Core/u_ls_ctrl/state_reg[5] u_TSP_Core/u_ls_ctrl/state_reg[4] u_TSP_Core/u_ls_ctrl/state_reg[3] u_TSP_Core/u_ls_ctrl/state_reg[2] u_TSP_Core/u_ls_ctrl/state_reg[1] u_TSP_Core/u_ls_ctrl/state_reg[0]
I: 000 => 0000001
I: 001 => 0000010
I: 010 => 0000100
I: 011 => 0001000
I: 100 => 0010000
I: 101 => 0100000
I: 110 => 1000000
I: Encoding type of FSM 'r_target_fsm[2:0]' is: onehot.
I: Encoding table of FSM 'r_target_fsm[2:0]':
I: from  u_Interconnect/r_target[2] u_Interconnect/r_target[1] u_Interconnect/r_target[0]
I: to  u_Interconnect/r_target_reg[5] u_Interconnect/r_target_reg[4] u_Interconnect/r_target_reg[3] u_Interconnect/r_target_reg[2] u_Interconnect/r_target_reg[1] u_Interconnect/r_target_reg[0]
I: 000 => 000001
I: 001 => 000010
I: 010 => 000100
I: 011 => 001000
I: 100 => 010000
I: 101 => 100000
I: Encoding type of FSM 'w_target_fsm[2:0]' is: onehot.
I: Encoding table of FSM 'w_target_fsm[2:0]':
I: from  u_Interconnect/w_target[2] u_Interconnect/w_target[1] u_Interconnect/w_target[0]
I: to  u_Interconnect/w_target_reg[5] u_Interconnect/w_target_reg[4] u_Interconnect/w_target_reg[3] u_Interconnect/w_target_reg[2] u_Interconnect/w_target_reg[1] u_Interconnect/w_target_reg[0]
I: 000 => 000001
I: 001 => 000010
I: 010 => 000100
I: 011 => 001000
I: 100 => 010000
I: 101 => 100000
I: Constant propagation done on u_SRAM/state_fsm[1:0]_3 (bmsREDOR).
I: Constant propagation done on u_TSP_Core/u_ls_ctrl/state_fsm[2:0]_12 (bmsREDOR).
I: Constant propagation done on u_TSP_Core/u_ls_ctrl/state_fsm[2:0]_15 (bmsREDOR).
I: Constant propagation done on u_TSP_Core/u_ls_ctrl/state_fsm[2:0]_17 (bmsREDOR).
I: Constant propagation done on u_UART/u_uart_core/uart_rx_inst/m_axis_tvalid_reg_e (bmsREDOR).
I: Constant propagation done on u_Interconnect/r_target_fsm[2:0]_1 (bmsREDOR).
I: Constant propagation done on u_Interconnect/r_target_fsm[2:0]_2 (bmsREDOR).
I: Constant propagation done on u_Interconnect/w_target_fsm[2:0]_1 (bmsREDOR).
I: Constant propagation done on u_Interconnect/w_target_fsm[2:0]_2 (bmsREDOR).
W: Removed bmsWIDEDFFCPE inst store_type_r[2:0] at 2 that is stuck at constant 0.
W: Removed bmsWIDEDFFCPE inst op_type_r[2:0] at 2 that is stuck at constant 0.
W: Removed bmsWIDEDFFCPE inst m_axi_araddr[31:0] at 0 that is stuck at constant 0.
W: Removed bmsWIDEDFFCPE inst m_axi_awaddr[31:0] at 0 that is stuck at constant 0.
W: Removed bmsWIDEDFFCPE inst rdata_r[31:0] at 8 that is stuck at constant 0.
Executing : pre-mapping successfully. Time elapsed: 0.314s wall, 0.328s user + 0.109s system = 0.438s CPU (139.5%)

Start mod-gen.
W: Public-4008: Instance 'u_TSP_Disp_Exu/DECODE_PC_REG1/qout[31:0]' of 'bmsWIDEDFFCPE' unit is dangling and will be cleaned.
W: Public-4008: Instance 'u_uart_core/uart_rx_inst/busy_reg' of 'bmsWIDEDFFRSE' unit is dangling and will be cleaned.
W: Public-4008: Instance 'u_uart_core/uart_rx_inst/frame_error_reg' of 'bmsWIDEDFFRSE' unit is dangling and will be cleaned.
W: Public-4008: Instance 'u_uart_core/uart_rx_inst/overrun_error_reg' of 'bmsWIDEDFFRSE' unit is dangling and will be cleaned.
W: Public-4008: Instance 'u_uart_core/uart_tx_inst/busy_reg' of 'bmsWIDEDFFRSE' unit is dangling and will be cleaned.
W: Public-4008: Instance 'u_Timer/intr_q' of 'bmsWIDEDFFCPE' unit is dangling and will be cleaned.
W: Removed bmsWIDEDFFCPE inst u_TSP_Core/u_TSP_Ifu/waddr_r[31:0] at 0 that is stuck at constant 0.
W: Removed bmsWIDEDFFCPE inst u_TSP_Core/u_TSP_Ifu/waddr_r[31:0] at 1 that is stuck at constant 0.
W: Removed bmsWIDEDFFCPE inst u_TSP_Core/u_TSP_Ifu/raddr_r[31:0] at 0 that is stuck at constant 0.
W: Removed bmsWIDEDFFCPE inst u_TSP_Core/u_TSP_Ifu/raddr_r[31:0] at 1 that is stuck at constant 0.
W: Removed bmsWIDEDFFRSE inst u_TSP_Core/u_TSP_Ifu/u_Iram/U_ipml_dpram_IRAM/a_wr_en_ff that is stuck at constant 0.
W: Removed bmsWIDEDFFCPE inst u_Timer/wr_addr_q[7:0] at 0 that is stuck at constant 0.
W: Removed bmsWIDEDFFCPE inst u_Timer/wr_addr_q[7:0] at 1 that is stuck at constant 0.
I: Removed bmsWIDEINV inst u_TSP_Core/u_TSP_Disp_Exu/Exu_muldiv_u0/u_multiplier/N4 that is redundant to u_TSP_Core/u_TSP_Disp_Exu/Exu_muldiv_u0/u_divider/N3
I: Removed bmsWIDEINV inst u_TSP_Core/u_TSP_Disp_Exu/Exu_muldiv_u0/u_multiplier/N8 that is redundant to u_TSP_Core/u_TSP_Disp_Exu/Exu_common_u0/N16
I: Removed bmsWIDEINV inst u_TSP_Core/u_TSP_Disp_Exu/Exu_muldiv_u0/u_divider/N7 that is redundant to u_TSP_Core/u_TSP_Disp_Exu/Exu_common_u0/N16
I: Removed bmsADD inst u_TSP_Core/u_TSP_Disp_Exu/Exu_muldiv_u0/u_multiplier/N10 that is redundant to u_TSP_Core/u_TSP_Disp_Exu/Exu_muldiv_u0/u_divider/N9
I: Removed bmsWIDEDFFCPE inst u_TSP_Core/u_TSP_Disp_Exu/branch_in_flight that is redundant to u_TSP_Core/u_TSP_Disp_Exu/Exu_bjp_u0/BTB_update_valid_reg/qout[0]
I: Removed bmsADD inst u_TSP_Core/u_TSP_Disp_Exu/Exu_muldiv_u0/u_multiplier/N6 that is redundant to u_TSP_Core/u_TSP_Disp_Exu/Exu_muldiv_u0/u_divider/N5
W: Public-4008: Instance 'u_TSP_Core/u_TSP_Ifu/u_Iram/U_ipml_dpram_IRAM/a_addr_bus_rd_ce_ff[3:0]' of 'bmsWIDEDFFRSE' unit is dangling and will be cleaned.
Executing : mod-gen successfully. Time elapsed: 1.242s wall, 1.344s user + 0.250s system = 1.594s CPU (128.3%)

Start logic-optimization.
Executing : logic-optimization successfully. Time elapsed: 5.819s wall, 5.328s user + 0.422s system = 5.750s CPU (98.8%)

Start tech-mapping phase 1.
W: Public-4008: Instance 'u_UART/rdata_r[8]' of 'bmsWIDEDFFCPE' unit is dangling and will be cleaned.
W: Public-4008: Instance 'u_UART/rdata_r[9]' of 'bmsWIDEDFFCPE' unit is dangling and will be cleaned.
W: Public-4008: Instance 'u_UART/rdata_r[10]' of 'bmsWIDEDFFCPE' unit is dangling and will be cleaned.
W: Public-4008: Instance 'u_UART/rdata_r[11]' of 'bmsWIDEDFFCPE' unit is dangling and will be cleaned.
W: Public-4008: Instance 'u_UART/rdata_r[12]' of 'bmsWIDEDFFCPE' unit is dangling and will be cleaned.
W: Public-4008: Instance 'u_UART/rdata_r[13]' of 'bmsWIDEDFFCPE' unit is dangling and will be cleaned.
W: Public-4008: Instance 'u_UART/rdata_r[14]' of 'bmsWIDEDFFCPE' unit is dangling and will be cleaned.
W: Public-4008: Instance 'u_UART/rdata_r[15]' of 'bmsWIDEDFFCPE' unit is dangling and will be cleaned.
W: Public-4008: Instance 'u_UART/rdata_r[16]' of 'bmsWIDEDFFCPE' unit is dangling and will be cleaned.
W: Public-4008: Instance 'u_UART/rdata_r[17]' of 'bmsWIDEDFFCPE' unit is dangling and will be cleaned.
W: Public-4008: Instance 'u_UART/rdata_r[18]' of 'bmsWIDEDFFCPE' unit is dangling and will be cleaned.
W: Public-4008: Instance 'u_UART/rdata_r[19]' of 'bmsWIDEDFFCPE' unit is dangling and will be cleaned.
W: Public-4008: Instance 'u_UART/rdata_r[20]' of 'bmsWIDEDFFCPE' unit is dangling and will be cleaned.
W: Public-4008: Instance 'u_UART/rdata_r[21]' of 'bmsWIDEDFFCPE' unit is dangling and will be cleaned.
W: Public-4008: Instance 'u_UART/rdata_r[22]' of 'bmsWIDEDFFCPE' unit is dangling and will be cleaned.
W: Public-4008: Instance 'u_UART/rdata_r[23]' of 'bmsWIDEDFFCPE' unit is dangling and will be cleaned.
W: Public-4008: Instance 'u_UART/rdata_r[24]' of 'bmsWIDEDFFCPE' unit is dangling and will be cleaned.
W: Public-4008: Instance 'u_UART/rdata_r[25]' of 'bmsWIDEDFFCPE' unit is dangling and will be cleaned.
W: Public-4008: Instance 'u_UART/rdata_r[26]' of 'bmsWIDEDFFCPE' unit is dangling and will be cleaned.
W: Public-4008: Instance 'u_UART/rdata_r[27]' of 'bmsWIDEDFFCPE' unit is dangling and will be cleaned.
W: Public-4008: Instance 'u_UART/rdata_r[28]' of 'bmsWIDEDFFCPE' unit is dangling and will be cleaned.
W: Public-4008: Instance 'u_UART/rdata_r[29]' of 'bmsWIDEDFFCPE' unit is dangling and will be cleaned.
W: Public-4008: Instance 'u_UART/rdata_r[30]' of 'bmsWIDEDFFCPE' unit is dangling and will be cleaned.
W: Public-4008: Instance 'u_TSP_Core/u_ls_ctrl/m_axi_araddr[0]' of 'bmsWIDEDFFCPE' unit is dangling and will be cleaned.
W: Public-4008: Instance 'u_TSP_Core/u_ls_ctrl/m_axi_araddr[1]' of 'bmsWIDEDFFCPE' unit is dangling and will be cleaned.
W: Public-4008: Instance 'u_TSP_Core/u_ls_ctrl/m_axi_araddr[16]' of 'bmsWIDEDFFCPE' unit is dangling and will be cleaned.
W: Public-4008: Instance 'u_TSP_Core/u_ls_ctrl/m_axi_araddr[17]' of 'bmsWIDEDFFCPE' unit is dangling and will be cleaned.
W: Public-4008: Instance 'u_TSP_Core/u_ls_ctrl/m_axi_araddr[18]' of 'bmsWIDEDFFCPE' unit is dangling and will be cleaned.
W: Public-4008: Instance 'u_TSP_Core/u_ls_ctrl/m_axi_araddr[19]' of 'bmsWIDEDFFCPE' unit is dangling and will be cleaned.
W: Public-4008: Instance 'u_TSP_Core/u_ls_ctrl/m_axi_araddr[20]' of 'bmsWIDEDFFCPE' unit is dangling and will be cleaned.
W: Public-4008: Instance 'u_TSP_Core/u_ls_ctrl/m_axi_araddr[21]' of 'bmsWIDEDFFCPE' unit is dangling and will be cleaned.
W: Public-4008: Instance 'u_TSP_Core/u_ls_ctrl/m_axi_araddr[22]' of 'bmsWIDEDFFCPE' unit is dangling and will be cleaned.
W: Public-4008: Instance 'u_TSP_Core/u_ls_ctrl/m_axi_araddr[23]' of 'bmsWIDEDFFCPE' unit is dangling and will be cleaned.
W: Public-4008: Instance 'u_TSP_Core/u_ls_ctrl/m_axi_araddr[24]' of 'bmsWIDEDFFCPE' unit is dangling and will be cleaned.
W: Public-4008: Instance 'u_TSP_Core/u_ls_ctrl/m_axi_araddr[25]' of 'bmsWIDEDFFCPE' unit is dangling and will be cleaned.
W: Public-4008: Instance 'u_TSP_Core/u_ls_ctrl/m_axi_araddr[26]' of 'bmsWIDEDFFCPE' unit is dangling and will be cleaned.
W: Public-4008: Instance 'u_TSP_Core/u_ls_ctrl/m_axi_araddr[27]' of 'bmsWIDEDFFCPE' unit is dangling and will be cleaned.
W: Public-4008: Instance 'u_TSP_Core/u_ls_ctrl/m_axi_awaddr[0]' of 'bmsWIDEDFFCPE' unit is dangling and will be cleaned.
W: Public-4008: Instance 'u_TSP_Core/u_ls_ctrl/m_axi_awaddr[1]' of 'bmsWIDEDFFCPE' unit is dangling and will be cleaned.
W: Public-4008: Instance 'u_TSP_Core/u_ls_ctrl/m_axi_awaddr[16]' of 'bmsWIDEDFFCPE' unit is dangling and will be cleaned.
W: Public-4008: Instance 'u_TSP_Core/u_ls_ctrl/m_axi_awaddr[17]' of 'bmsWIDEDFFCPE' unit is dangling and will be cleaned.
W: Public-4008: Instance 'u_TSP_Core/u_ls_ctrl/m_axi_awaddr[18]' of 'bmsWIDEDFFCPE' unit is dangling and will be cleaned.
W: Public-4008: Instance 'u_TSP_Core/u_ls_ctrl/m_axi_awaddr[19]' of 'bmsWIDEDFFCPE' unit is dangling and will be cleaned.
W: Public-4008: Instance 'u_TSP_Core/u_ls_ctrl/m_axi_awaddr[20]' of 'bmsWIDEDFFCPE' unit is dangling and will be cleaned.
W: Public-4008: Instance 'u_TSP_Core/u_ls_ctrl/m_axi_awaddr[21]' of 'bmsWIDEDFFCPE' unit is dangling and will be cleaned.
W: Public-4008: Instance 'u_TSP_Core/u_ls_ctrl/m_axi_awaddr[22]' of 'bmsWIDEDFFCPE' unit is dangling and will be cleaned.
W: Public-4008: Instance 'u_TSP_Core/u_ls_ctrl/m_axi_awaddr[23]' of 'bmsWIDEDFFCPE' unit is dangling and will be cleaned.
W: Public-4008: Instance 'u_TSP_Core/u_ls_ctrl/m_axi_awaddr[24]' of 'bmsWIDEDFFCPE' unit is dangling and will be cleaned.
W: Public-4008: Instance 'u_TSP_Core/u_ls_ctrl/m_axi_awaddr[25]' of 'bmsWIDEDFFCPE' unit is dangling and will be cleaned.
W: Public-4008: Instance 'u_TSP_Core/u_ls_ctrl/m_axi_awaddr[26]' of 'bmsWIDEDFFCPE' unit is dangling and will be cleaned.
W: Public-4008: Instance 'u_TSP_Core/u_ls_ctrl/m_axi_awaddr[27]' of 'bmsWIDEDFFCPE' unit is dangling and will be cleaned.
W: Public-4008: Instance 'u_TSP_Core/u_TSP_Disp_Exu/Exu_ls_u0/store_type_r[2]' of 'bmsWIDEDFFCPE' unit is dangling and will be cleaned.
W: Public-4008: Instance 'u_TSP_Core/u_TSP_Disp_Exu/Exu_ls_u0/ls_addr_r[16]' of 'bmsWIDEDFFCPE' unit is dangling and will be cleaned.
W: Public-4008: Instance 'u_TSP_Core/u_TSP_Disp_Exu/Exu_ls_u0/ls_addr_r[17]' of 'bmsWIDEDFFCPE' unit is dangling and will be cleaned.
W: Public-4008: Instance 'u_TSP_Core/u_TSP_Disp_Exu/Exu_ls_u0/ls_addr_r[18]' of 'bmsWIDEDFFCPE' unit is dangling and will be cleaned.
W: Public-4008: Instance 'u_TSP_Core/u_TSP_Disp_Exu/Exu_ls_u0/ls_addr_r[19]' of 'bmsWIDEDFFCPE' unit is dangling and will be cleaned.
W: Public-4008: Instance 'u_TSP_Core/u_TSP_Disp_Exu/Exu_ls_u0/ls_addr_r[20]' of 'bmsWIDEDFFCPE' unit is dangling and will be cleaned.
W: Public-4008: Instance 'u_TSP_Core/u_TSP_Disp_Exu/Exu_ls_u0/ls_addr_r[21]' of 'bmsWIDEDFFCPE' unit is dangling and will be cleaned.
W: Public-4008: Instance 'u_TSP_Core/u_TSP_Disp_Exu/Exu_ls_u0/ls_addr_r[22]' of 'bmsWIDEDFFCPE' unit is dangling and will be cleaned.
W: Public-4008: Instance 'u_TSP_Core/u_TSP_Disp_Exu/Exu_ls_u0/ls_addr_r[23]' of 'bmsWIDEDFFCPE' unit is dangling and will be cleaned.
W: Public-4008: Instance 'u_TSP_Core/u_TSP_Disp_Exu/Exu_ls_u0/ls_addr_r[24]' of 'bmsWIDEDFFCPE' unit is dangling and will be cleaned.
W: Public-4008: Instance 'u_TSP_Core/u_TSP_Disp_Exu/Exu_ls_u0/ls_addr_r[25]' of 'bmsWIDEDFFCPE' unit is dangling and will be cleaned.
W: Public-4008: Instance 'u_TSP_Core/u_TSP_Disp_Exu/Exu_ls_u0/ls_addr_r[26]' of 'bmsWIDEDFFCPE' unit is dangling and will be cleaned.
W: Public-4008: Instance 'u_TSP_Core/u_TSP_Disp_Exu/Exu_ls_u0/ls_addr_r[27]' of 'bmsWIDEDFFCPE' unit is dangling and will be cleaned.
W: Public-4008: Instance 'u_TSP_Core/u_TSP_Disp_Exu/Exu_muldiv_u0/op_type_r[2]' of 'bmsWIDEDFFCPE' unit is dangling and will be cleaned.
W: Public-4008: Instance 'u_TSP_Core/u_TSP_Ifu/waddr_r[0]' of 'bmsWIDEDFFCPE' unit is dangling and will be cleaned.
W: Public-4008: Instance 'u_TSP_Core/u_TSP_Ifu/waddr_r[1]' of 'bmsWIDEDFFCPE' unit is dangling and will be cleaned.
W: Public-4008: Instance 'u_TSP_Core/u_TSP_Ifu/waddr_r[16]' of 'bmsWIDEDFFCPE' unit is dangling and will be cleaned.
W: Public-4008: Instance 'u_TSP_Core/u_TSP_Ifu/waddr_r[17]' of 'bmsWIDEDFFCPE' unit is dangling and will be cleaned.
W: Public-4008: Instance 'u_TSP_Core/u_TSP_Ifu/waddr_r[18]' of 'bmsWIDEDFFCPE' unit is dangling and will be cleaned.
W: Public-4008: Instance 'u_TSP_Core/u_TSP_Ifu/waddr_r[19]' of 'bmsWIDEDFFCPE' unit is dangling and will be cleaned.
W: Public-4008: Instance 'u_TSP_Core/u_TSP_Ifu/waddr_r[20]' of 'bmsWIDEDFFCPE' unit is dangling and will be cleaned.
W: Public-4008: Instance 'u_TSP_Core/u_TSP_Ifu/waddr_r[21]' of 'bmsWIDEDFFCPE' unit is dangling and will be cleaned.
W: Public-4008: Instance 'u_TSP_Core/u_TSP_Ifu/waddr_r[22]' of 'bmsWIDEDFFCPE' unit is dangling and will be cleaned.
W: Public-4008: Instance 'u_TSP_Core/u_TSP_Ifu/waddr_r[23]' of 'bmsWIDEDFFCPE' unit is dangling and will be cleaned.
W: Public-4008: Instance 'u_TSP_Core/u_TSP_Ifu/waddr_r[24]' of 'bmsWIDEDFFCPE' unit is dangling and will be cleaned.
W: Public-4008: Instance 'u_TSP_Core/u_TSP_Ifu/waddr_r[25]' of 'bmsWIDEDFFCPE' unit is dangling and will be cleaned.
W: Public-4008: Instance 'u_TSP_Core/u_TSP_Ifu/waddr_r[26]' of 'bmsWIDEDFFCPE' unit is dangling and will be cleaned.
W: Public-4008: Instance 'u_TSP_Core/u_TSP_Ifu/waddr_r[27]' of 'bmsWIDEDFFCPE' unit is dangling and will be cleaned.
W: Public-4008: Instance 'u_TSP_Core/u_TSP_Ifu/waddr_r[28]' of 'bmsWIDEDFFCPE' unit is dangling and will be cleaned.
W: Public-4008: Instance 'u_TSP_Core/u_TSP_Ifu/waddr_r[29]' of 'bmsWIDEDFFCPE' unit is dangling and will be cleaned.
W: Public-4008: Instance 'u_TSP_Core/u_TSP_Ifu/waddr_r[30]' of 'bmsWIDEDFFCPE' unit is dangling and will be cleaned.
W: Public-4008: Instance 'u_TSP_Core/u_TSP_Ifu/waddr_r[31]' of 'bmsWIDEDFFCPE' unit is dangling and will be cleaned.
W: Public-4008: Instance 'u_TSP_Core/u_TSP_Ifu/raddr_r[0]' of 'bmsWIDEDFFCPE' unit is dangling and will be cleaned.
W: Public-4008: Instance 'u_TSP_Core/u_TSP_Ifu/raddr_r[1]' of 'bmsWIDEDFFCPE' unit is dangling and will be cleaned.
W: Public-4008: Instance 'u_TSP_Core/u_TSP_Ifu/raddr_r[16]' of 'bmsWIDEDFFCPE' unit is dangling and will be cleaned.
W: Public-4008: Instance 'u_TSP_Core/u_TSP_Ifu/raddr_r[17]' of 'bmsWIDEDFFCPE' unit is dangling and will be cleaned.
W: Public-4008: Instance 'u_TSP_Core/u_TSP_Ifu/raddr_r[18]' of 'bmsWIDEDFFCPE' unit is dangling and will be cleaned.
W: Public-4008: Instance 'u_TSP_Core/u_TSP_Ifu/raddr_r[19]' of 'bmsWIDEDFFCPE' unit is dangling and will be cleaned.
W: Public-4008: Instance 'u_TSP_Core/u_TSP_Ifu/raddr_r[20]' of 'bmsWIDEDFFCPE' unit is dangling and will be cleaned.
W: Public-4008: Instance 'u_TSP_Core/u_TSP_Ifu/raddr_r[21]' of 'bmsWIDEDFFCPE' unit is dangling and will be cleaned.
W: Public-4008: Instance 'u_TSP_Core/u_TSP_Ifu/raddr_r[22]' of 'bmsWIDEDFFCPE' unit is dangling and will be cleaned.
W: Public-4008: Instance 'u_TSP_Core/u_TSP_Ifu/raddr_r[23]' of 'bmsWIDEDFFCPE' unit is dangling and will be cleaned.
W: Public-4008: Instance 'u_TSP_Core/u_TSP_Ifu/raddr_r[24]' of 'bmsWIDEDFFCPE' unit is dangling and will be cleaned.
W: Public-4008: Instance 'u_TSP_Core/u_TSP_Ifu/raddr_r[25]' of 'bmsWIDEDFFCPE' unit is dangling and will be cleaned.
W: Public-4008: Instance 'u_TSP_Core/u_TSP_Ifu/raddr_r[26]' of 'bmsWIDEDFFCPE' unit is dangling and will be cleaned.
W: Public-4008: Instance 'u_TSP_Core/u_TSP_Ifu/raddr_r[27]' of 'bmsWIDEDFFCPE' unit is dangling and will be cleaned.
W: Public-4008: Instance 'u_TSP_Core/u_TSP_Ifu/raddr_r[28]' of 'bmsWIDEDFFCPE' unit is dangling and will be cleaned.
W: Public-4008: Instance 'u_TSP_Core/u_TSP_Ifu/raddr_r[29]' of 'bmsWIDEDFFCPE' unit is dangling and will be cleaned.
W: Public-4008: Instance 'u_TSP_Core/u_TSP_Ifu/raddr_r[30]' of 'bmsWIDEDFFCPE' unit is dangling and will be cleaned.
W: Public-4008: Instance 'u_TSP_Core/u_TSP_Ifu/raddr_r[31]' of 'bmsWIDEDFFCPE' unit is dangling and will be cleaned.
W: Public-4008: Instance 'u_Timer/wr_addr_q[0]' of 'bmsWIDEDFFCPE' unit is dangling and will be cleaned.
W: Public-4008: Instance 'u_Timer/wr_addr_q[1]' of 'bmsWIDEDFFCPE' unit is dangling and will be cleaned.
Executing : tech-mapping phase 1 successfully. Time elapsed: 0.376s wall, 0.375s user + 0.000s system = 0.375s CPU (99.7%)

Start tech-mapping phase 2.
Executing : tech-mapping phase 2 successfully. Time elapsed: 7.070s wall, 7.031s user + 0.500s system = 7.531s CPU (106.5%)

Start tech-optimization.
Executing : tech-optimization successfully. Time elapsed: 0.607s wall, 0.578s user + 0.125s system = 0.703s CPU (115.9%)

Start phys-optimization.
Executing : phys-optimization successfully. Time elapsed: 0.000s wall, 0.000s user + 0.000s system = 0.000s CPU (n/a%)

Start restore-hierarchy.
Executing : restore-hierarchy successfully. Time elapsed: 0.617s wall, 0.594s user + 0.016s system = 0.609s CPU (98.7%)

W: Unable to honor max fanout constraint for gtp_inv driven net u_UART/rst_1
W: Unable to honor max fanout constraint for gtp_inv driven net u_UART/rst_1
W: prevent name conflict by renaming net u_UART/rst_1 to u_UART/rst_1_rnmt

Cell Usage:
GTP_DFF                      19 uses
GTP_DFF_C                    58 uses
GTP_DFF_CE                 2836 uses
GTP_DFF_E                    19 uses
GTP_DFF_PE                   10 uses
GTP_DFF_RE                   62 uses
GTP_DFF_S                     1 use
GTP_DFF_SE                    1 use
GTP_DRM18K                   48 uses
GTP_GRS                       1 use
GTP_INV                       4 uses
GTP_LUT1                      3 uses
GTP_LUT2                    171 uses
GTP_LUT3                    476 uses
GTP_LUT4                    196 uses
GTP_LUT5                   1015 uses
GTP_LUT5CARRY               950 uses
GTP_LUT5M                  1359 uses
GTP_MUX2LUT6                529 uses
GTP_MUX2LUT7                201 uses
GTP_MUX2LUT8                 64 uses
GTP_PLL_E3                    1 use

I/O ports: 45
GTP_INBUF                   3 uses
GTP_OUTBUF                 42 uses

Mapping Summary:
Total LUTs: 4170 of 42800 (9.74%)
	LUTs as dram: 0 of 17000 (0.00%)
	LUTs as logic: 4170
Total Registers: 3006 of 64200 (4.68%)
Total Latches: 0

DRM18K:
Total DRM18K = 48.0 of 134 (35.82%)

APMs:
Total APMs = 0.00 of 84 (0.00%)

Total I/O ports = 45 of 218 (20.64%)


Overview of Control Sets:

Number of unique control sets : 106

Histogram:
**************************************************************
  Fanout      | Count    | Sync Set/Reset    Async Set/Reset
--------------------------------------------------------------
  [0, 2)      | 1        | 1                 0
  [2, 4)      | 5        | 2                 3
  [4, 6)      | 15       | 3                 12
  [6, 8)      | 5        | 0                 5
  [8, 10)     | 4        | 3                 1
  [10, 12)    | 1        | 0                 1
  [12, 14)    | 1        | 0                 1
  [14, 16)    | 1        | 0                 1
  [16, Inf)   | 73       | 3                 70
--------------------------------------------------------------
  The maximum fanout: 70
==============================================================

Flip-Flop Distribution:
************************************************************************
  Clock Enable    Sync Set/Reset    Async Set/Reset    Total Registers
------------------------------------------------------------------------
  NO              NO                NO                 19
  NO              NO                YES                58
  NO              YES               NO                 1
  YES             NO                NO                 19
  YES             NO                YES                2846
  YES             YES               NO                 63
========================================================================

Latch Distribution:
************************************************
  Gate Enable    Preset/Clear    Total Latches
************************************************
  NO             NO              0
  NO             YES             0
  YES            NO              0
  YES            YES             0
************************************************

Design 'SoC_Top' has been successfully synthesized to architecture-specific objects.
Saving design to DB.
Saving design to SoC_Top_syn.vm
Constructing timing graph ...
Timing graph has been constructed successfully
W: Timing-4087: Port 'ext_axi_if_arready' is not constrained, it is treated as combinational output.
W: Timing-4087: Port 'ext_axi_if_awready' is not constrained, it is treated as combinational output.
W: Timing-4087: Port 'ext_axi_if_bresp[0]' is not constrained, it is treated as combinational output.
W: Timing-4087: Port 'ext_axi_if_bresp[1]' is not constrained, it is treated as combinational output.
W: Timing-4087: Port 'ext_axi_if_bvalid' is not constrained, it is treated as combinational output.
W: Timing-4087: Port 'ext_axi_if_rdata[0]' is not constrained, it is treated as combinational output.
W: Timing-4087: Port 'ext_axi_if_rdata[1]' is not constrained, it is treated as combinational output.
W: Timing-4087: Port 'ext_axi_if_rdata[2]' is not constrained, it is treated as combinational output.
W: Timing-4087: Port 'ext_axi_if_rdata[3]' is not constrained, it is treated as combinational output.
W: Timing-4087: Port 'ext_axi_if_rdata[4]' is not constrained, it is treated as combinational output.
W: Timing-4087: Port 'ext_axi_if_rdata[5]' is not constrained, it is treated as combinational output.
W: Timing-4087: Port 'ext_axi_if_rdata[6]' is not constrained, it is treated as combinational output.
W: Timing-4087: Port 'ext_axi_if_rdata[7]' is not constrained, it is treated as combinational output.
W: Timing-4087: Port 'ext_axi_if_rdata[8]' is not constrained, it is treated as combinational output.
W: Timing-4087: Port 'ext_axi_if_rdata[9]' is not constrained, it is treated as combinational output.
W: Timing-4087: Port 'ext_axi_if_rdata[10]' is not constrained, it is treated as combinational output.
W: Timing-4087: Port 'ext_axi_if_rdata[11]' is not constrained, it is treated as combinational output.
W: Timing-4087: Port 'ext_axi_if_rdata[12]' is not constrained, it is treated as combinational output.
W: Timing-4087: Port 'ext_axi_if_rdata[13]' is not constrained, it is treated as combinational output.
W: Timing-4087: Port 'ext_axi_if_rdata[14]' is not constrained, it is treated as combinational output.
W: Timing-4087: Port 'ext_axi_if_rdata[15]' is not constrained, it is treated as combinational output.
W: Timing-4087: Port 'ext_axi_if_rdata[16]' is not constrained, it is treated as combinational output.
W: Timing-4087: Port 'ext_axi_if_rdata[17]' is not constrained, it is treated as combinational output.
W: Timing-4087: Port 'ext_axi_if_rdata[18]' is not constrained, it is treated as combinational output.
W: Timing-4087: Port 'ext_axi_if_rdata[19]' is not constrained, it is treated as combinational output.
W: Timing-4087: Port 'ext_axi_if_rdata[20]' is not constrained, it is treated as combinational output.
W: Timing-4087: Port 'ext_axi_if_rdata[21]' is not constrained, it is treated as combinational output.
W: Timing-4087: Port 'ext_axi_if_rdata[22]' is not constrained, it is treated as combinational output.
W: Timing-4087: Port 'ext_axi_if_rdata[23]' is not constrained, it is treated as combinational output.
W: Timing-4087: Port 'ext_axi_if_rdata[24]' is not constrained, it is treated as combinational output.
W: Timing-4087: Port 'ext_axi_if_rdata[25]' is not constrained, it is treated as combinational output.
W: Timing-4087: Port 'ext_axi_if_rdata[26]' is not constrained, it is treated as combinational output.
W: Timing-4087: Port 'ext_axi_if_rdata[27]' is not constrained, it is treated as combinational output.
W: Timing-4087: Port 'ext_axi_if_rdata[28]' is not constrained, it is treated as combinational output.
W: Timing-4087: Port 'ext_axi_if_rdata[29]' is not constrained, it is treated as combinational output.
W: Timing-4087: Port 'ext_axi_if_rdata[30]' is not constrained, it is treated as combinational output.
W: Timing-4087: Port 'ext_axi_if_rdata[31]' is not constrained, it is treated as combinational output.
W: Timing-4087: Port 'ext_axi_if_rresp[0]' is not constrained, it is treated as combinational output.
W: Timing-4087: Port 'ext_axi_if_rresp[1]' is not constrained, it is treated as combinational output.
W: Timing-4087: Port 'ext_axi_if_rvalid' is not constrained, it is treated as combinational output.
W: Timing-4087: Port 'ext_axi_if_wready' is not constrained, it is treated as combinational output.
W: Timing-4087: Port 'uart_tx' is not constrained, it is treated as combinational output.
W: Timing-4086: Port 'rst_n' is not constrained, it is treated as combinational input.
W: Timing-4086: Port 'uart_rx' is not constrained, it is treated as combinational input.
Action synthesize: Real time elapsed is 0h:0m:23s
Action synthesize: CPU time elapsed is 0h:0m:19s
Action synthesize: Process CPU time elapsed is 0h:0m:20s
Current time: Fri Apr  3 00:15:03 2026
Action synthesize: Peak memory pool usage is 415 MB
Action from compile to synthesize: Total Real Time elapsed is 0h:0m:29s
Action from compile to synthesize: Total CPU time elapsed is 0h:0m:22s
Action from compile to synthesize: Total Process CPU Time elapsed is 0h:0m:23s
Process "Synthesize" done.


Process "Device Map" started.
Current time: Fri Apr  3 00:15:03 2026
Compiling architecture definition.
Analyzing project file 'D:/FPGA/TSP_RISC-V-2.4/FPGA/pango_cpu/pango_cpu.pds'.
Compiling verification operator library.
Compiling common defs.
Loading technology operator library.
Compiling technology operator library.
Compiling technology operator (valence) library.
Compiling operator packing rules.
Compiling prim grid devices.
Compiling gate devices.
Compiling gate operators.
Compiling tech operator impls.
Building architecture model.
Loading device packaging model.
NOTE: The technology fpga was specified.
NOTE: delay_model specified was generic_cmos.
NOTE: Using the fpga syntax tables...
Totals:
 Calls to malloc = 0
 Calls to calloc = 111555

W: ConstraintEditor-4019: Port Bus 'ext_axi_if_araddr' unspecified I/O constraint.
W: ConstraintEditor-4019: Port Bus 'ext_axi_if_awaddr' unspecified I/O constraint.
W: ConstraintEditor-4019: Port Bus 'ext_axi_if_bresp' unspecified I/O constraint.
W: ConstraintEditor-4019: Port Bus 'ext_axi_if_rdata' unspecified I/O constraint.
W: ConstraintEditor-4019: Port Bus 'ext_axi_if_rresp' unspecified I/O constraint.
W: ConstraintEditor-4019: Port Bus 'ext_axi_if_wdata' unspecified I/O constraint.
W: ConstraintEditor-4019: Port Bus 'ext_axi_if_wstrb' unspecified I/O constraint.
W: ConstraintEditor-4019: Port 'ext_axi_if_arready' unspecified I/O constraint.
W: ConstraintEditor-4019: Port 'ext_axi_if_arvalid' unspecified I/O constraint.
W: ConstraintEditor-4019: Port 'ext_axi_if_awready' unspecified I/O constraint.
W: ConstraintEditor-4019: Port 'ext_axi_if_awvalid' unspecified I/O constraint.
W: ConstraintEditor-4019: Port 'ext_axi_if_bready' unspecified I/O constraint.
W: ConstraintEditor-4019: Port 'ext_axi_if_bvalid' unspecified I/O constraint.
W: ConstraintEditor-4019: Port 'ext_axi_if_rready' unspecified I/O constraint.
W: ConstraintEditor-4019: Port 'ext_axi_if_rvalid' unspecified I/O constraint.
W: ConstraintEditor-4019: Port 'ext_axi_if_wready' unspecified I/O constraint.
W: ConstraintEditor-4019: Port 'ext_axi_if_wvalid' unspecified I/O constraint.
Flattening design 'SoC_Top'
Device mapping started.
Optimizing circuit logic.
Checking design netlist.
Processing tech operator.
I: The instance clkbufg_0(GTP_CLKBUFG) has been inserted on the net clk in design, driver pin CLKOUT0(instance u_sys_pll/u_pll_e3) -> load pin CLK(instance u_Interconnect/r_target_reg[0]).
Converting tech operator to gate operator.
Processing gate operator.
I: Infer CARRY group, base inst: u_Timer/N161_1_0/gateop, insts:32.
I: Infer CARRY group, base inst: u_Timer/N170_1_0/gateop, insts:32.
I: Infer CARRY group, base inst: u_TSP_Core/u_PC_control/N3.eq_0/gateop, insts:9.
I: Infer CARRY group, base inst: u_TSP_Core/u_PC_control/N10.eq_0/gateop, insts:9.
I: Infer CARRY group, base inst: u_TSP_Core/u_PC_control/N17.eq_0/gateop, insts:9.
I: Infer CARRY group, base inst: u_TSP_Core/u_PC_control/N24.eq_0/gateop, insts:9.
I: Infer CARRY group, base inst: u_TSP_Core/u_PC_control/N31.eq_0/gateop, insts:9.
I: Infer CARRY group, base inst: u_TSP_Core/u_PC_control/N38.eq_0/gateop, insts:9.
I: Infer CARRY group, base inst: u_TSP_Core/u_PC_control/N45.eq_0/gateop, insts:9.
I: Infer CARRY group, base inst: u_TSP_Core/u_PC_control/N52.eq_0/gateop, insts:9.
I: Infer CARRY group, base inst: u_TSP_Core/u_PC_control/N59.eq_0/gateop, insts:9.
I: Infer CARRY group, base inst: u_TSP_Core/u_PC_control/N66.eq_0/gateop, insts:9.
I: Infer CARRY group, base inst: u_TSP_Core/u_PC_control/N73.eq_0/gateop, insts:9.
I: Infer CARRY group, base inst: u_TSP_Core/u_PC_control/N80.eq_0/gateop, insts:9.
I: Infer CARRY group, base inst: u_TSP_Core/u_PC_control/N87.eq_0/gateop, insts:9.
I: Infer CARRY group, base inst: u_TSP_Core/u_PC_control/N94.eq_0/gateop, insts:9.
I: Infer CARRY group, base inst: u_TSP_Core/u_PC_control/N101.eq_0/gateop, insts:9.
I: Infer CARRY group, base inst: u_TSP_Core/u_PC_control/N108.eq_0/gateop, insts:9.
I: Infer CARRY group, base inst: u_TSP_Core/u_PC_control/N119_1_0/gateop, insts:30.
I: Infer CARRY group, base inst: u_TSP_Core/u_PC_control/N126.eq_0/gateop, insts:9.
I: Infer CARRY group, base inst: u_TSP_Core/u_PC_control/N130.eq_0/gateop, insts:9.
I: Infer CARRY group, base inst: u_TSP_Core/u_PC_control/N134.eq_0/gateop, insts:9.
I: Infer CARRY group, base inst: u_TSP_Core/u_PC_control/N138.eq_0/gateop, insts:9.
I: Infer CARRY group, base inst: u_TSP_Core/u_PC_control/N142.eq_0/gateop, insts:9.
I: Infer CARRY group, base inst: u_TSP_Core/u_PC_control/N146.eq_0/gateop, insts:9.
I: Infer CARRY group, base inst: u_TSP_Core/u_PC_control/N150.eq_0/gateop, insts:9.
I: Infer CARRY group, base inst: u_TSP_Core/u_PC_control/N154.eq_0/gateop, insts:9.
I: Infer CARRY group, base inst: u_TSP_Core/u_PC_control/N158.eq_0/gateop, insts:9.
I: Infer CARRY group, base inst: u_TSP_Core/u_PC_control/N162.eq_0/gateop, insts:9.
I: Infer CARRY group, base inst: u_TSP_Core/u_PC_control/N166.eq_0/gateop, insts:9.
I: Infer CARRY group, base inst: u_TSP_Core/u_PC_control/N170.eq_0/gateop, insts:9.
I: Infer CARRY group, base inst: u_TSP_Core/u_PC_control/N174.eq_0/gateop, insts:9.
I: Infer CARRY group, base inst: u_TSP_Core/u_PC_control/N178.eq_0/gateop, insts:9.
I: Infer CARRY group, base inst: u_TSP_Core/u_PC_control/N182.eq_0/gateop, insts:9.
I: Infer CARRY group, base inst: u_TSP_Core/u_PC_control/N186.eq_0/gateop, insts:9.
I: Infer CARRY group, base inst: u_TSP_Core/u_TSP_Disp_Exu/N6.eq_0/gateop, insts:3.
I: Infer CARRY group, base inst: u_TSP_Core/u_TSP_Disp_Exu/N12.eq_0/gateop, insts:3.
I: Infer CARRY group, base inst: u_TSP_Core/u_TSP_Disp_Exu/N18.eq_0/gateop, insts:3.
I: Infer CARRY group, base inst: u_TSP_Core/u_TSP_Disp_Exu/N24.eq_0/gateop, insts:3.
I: Infer CARRY group, base inst: u_TSP_Core/u_TSP_Disp_Exu/Exu_muldiv_u0/u_multiplier/N36_3_0/gateop, insts:34.
I: Infer CARRY group, base inst: u_TSP_Core/u_TSP_Disp_Exu/Exu_muldiv_u0/u_multiplier/N39_1.fsub_1/gateop, insts:5.
I: Infer CARRY group, base inst: u_TSP_Core/u_TSP_Disp_Exu/Exu_muldiv_u0/u_multiplier/N64_1_1/gateop, insts:63.
I: Infer CARRY group, base inst: u_UART/u_uart_core/uart_tx_inst/N121_3.fsub_1/gateop, insts:19.
I: Infer CARRY group, base inst: u_TSP_Core/u_TSP_Disp_Exu/Exu_muldiv_u0/u_divider/N5_1_1/gateop, insts:31.
I: Infer CARRY group, base inst: u_TSP_Core/u_TSP_Disp_Exu/Exu_muldiv_u0/u_divider/N9_1_1/gateop, insts:31.
I: Infer CARRY group, base inst: u_TSP_Core/u_TSP_Disp_Exu/Exu_muldiv_u0/u_divider/N34.lt_0/gateop, insts:16.
I: Infer CARRY group, base inst: u_TSP_Core/u_TSP_Disp_Exu/Exu_muldiv_u0/u_divider/N41_3.fsub_0/gateop, insts:33.
I: Infer CARRY group, base inst: u_UART/u_uart_core/uart_rx_inst/N196_3.fsub_1/gateop, insts:19.
I: Infer CARRY group, base inst: u_TSP_Core/u_TSP_Disp_Exu/N81.eq_0/gateop, insts:3.
I: Infer CARRY group, base inst: u_TSP_Core/u_TSP_Disp_Exu/N87.eq_0/gateop, insts:3.
I: Infer CARRY group, base inst: u_TSP_Core/u_TSP_Disp_Exu/N93.eq_0/gateop, insts:3.
I: Infer CARRY group, base inst: u_TSP_Core/u_TSP_Disp_Exu/N103.eq_0/gateop, insts:3.
I: Infer CARRY group, base inst: u_TSP_Core/u_TSP_Disp_Exu/N109.eq_0/gateop, insts:3.
I: Infer CARRY group, base inst: u_TSP_Core/u_TSP_Disp_Exu/N115.eq_0/gateop, insts:3.
I: Infer CARRY group, base inst: u_TSP_Core/u_TSP_Disp_Exu/N125.eq_0/gateop, insts:3.
I: Infer CARRY group, base inst: u_TSP_Core/u_TSP_Disp_Exu/N131.eq_0/gateop, insts:3.
I: Infer CARRY group, base inst: u_TSP_Core/u_TSP_Disp_Exu/N137.eq_0/gateop, insts:3.
I: Infer CARRY group, base inst: u_TSP_Core/u_TSP_Disp_Exu/N147.eq_0/gateop, insts:3.
I: Infer CARRY group, base inst: u_TSP_Core/u_TSP_Disp_Exu/N153.eq_0/gateop, insts:3.
I: Infer CARRY group, base inst: u_TSP_Core/u_TSP_Disp_Exu/N159.eq_0/gateop, insts:3.
I: Infer CARRY group, base inst: u_TSP_Core/u_TSP_Disp_Exu/N169.eq_0/gateop, insts:3.
I: Infer CARRY group, base inst: u_TSP_Core/u_TSP_Disp_Exu/N175.eq_0/gateop, insts:3.
I: Infer CARRY group, base inst: u_TSP_Core/u_TSP_Disp_Exu/N181.eq_0/gateop, insts:3.
I: Infer CARRY group, base inst: u_TSP_Core/u_TSP_Disp_Exu/N191.eq_0/gateop, insts:3.
I: Infer CARRY group, base inst: u_TSP_Core/u_TSP_Disp_Exu/N197.eq_0/gateop, insts:3.
I: Infer CARRY group, base inst: u_TSP_Core/u_TSP_Disp_Exu/N203.eq_0/gateop, insts:3.
I: Infer CARRY group, base inst: u_TSP_Core/u_TSP_Disp_Exu/N213.eq_0/gateop, insts:3.
I: Infer CARRY group, base inst: u_TSP_Core/u_TSP_Disp_Exu/N219.eq_0/gateop, insts:3.
I: Infer CARRY group, base inst: u_TSP_Core/u_TSP_Disp_Exu/N225.eq_0/gateop, insts:3.
I: Infer CARRY group, base inst: u_TSP_Core/u_TSP_Disp_Exu/N235.eq_0/gateop, insts:3.
I: Infer CARRY group, base inst: u_TSP_Core/u_TSP_Disp_Exu/N241.eq_0/gateop, insts:3.
I: Infer CARRY group, base inst: u_TSP_Core/u_TSP_Disp_Exu/N247.eq_0/gateop, insts:3.
I: Infer CARRY group, base inst: u_TSP_Core/u_TSP_Disp_Exu/N288.eq_0/gateop, insts:3.
I: Infer CARRY group, base inst: u_TSP_Core/u_TSP_Disp_Exu/N293.eq_0/gateop, insts:3.
I: Infer CARRY group, base inst: u_TSP_Core/u_TSP_Disp_Exu/N298.eq_0/gateop, insts:3.
I: Infer CARRY group, base inst: u_TSP_Core/u_TSP_Disp_Exu/N303.eq_0/gateop, insts:3.
I: Infer CARRY group, base inst: u_TSP_Core/u_TSP_Disp_Exu/N308.eq_0/gateop, insts:3.
I: Infer CARRY group, base inst: u_TSP_Core/u_TSP_Disp_Exu/N313.eq_0/gateop, insts:3.
I: Infer CARRY group, base inst: u_TSP_Core/u_TSP_Disp_Exu/N318.eq_0/gateop, insts:3.
I: Infer CARRY group, base inst: u_TSP_Core/u_TSP_Disp_Exu/N323.eq_0/gateop, insts:3.
I: Infer CARRY group, base inst: u_TSP_Core/u_TSP_Disp_Exu/Exu_muldiv_u0/u_divider/N45_1.fsub_1/gateop, insts:5.
I: Infer CARRY group, base inst: u_TSP_Core/u_TSP_Disp_Exu/Exu_muldiv_u0/u_divider/N79_1_0/gateop, insts:32.
I: Infer CARRY group, base inst: u_TSP_Core/u_TSP_Disp_Exu/Exu_muldiv_u0/u_divider/N85_1_1/gateop, insts:31.
I: Infer CARRY group, base inst: u_TSP_Core/u_TSP_Disp_Exu/Exu_bjp_u0/N10_1_0/gateop, insts:30.
I: Infer CARRY group, base inst: u_TSP_Core/u_TSP_Disp_Exu/Exu_common_u0/N33_0/gateop, insts:33.
I: Infer CARRY group, base inst: u_TSP_Core/u_TSP_Disp_Exu/Exu_common_u0/N126.eq_0/gateop, insts:16.
I: Infer CARRY group, base inst: u_TSP_Core/u_TSP_Disp_Exu/Exu_common_u0/N127.slt_0/gateop, insts:16.
I: Infer CARRY group, base inst: u_TSP_Core/u_TSP_Disp_Exu/Exu_common_u0/N128.lt_0/gateop, insts:16.
I: Infer CARRY group, base inst: u_TSP_Core/u_TSP_Disp_Exu/Exu_common_u0/N134_1_0/gateop, insts:30.
Device Utilization Summary:
+------------------------------------------------------------------------+
| Logic Utilization     | Used     | Available     | Utilization(%)     
+------------------------------------------------------------------------+
| APM                   | 0        | 84            | 0                  
| IOCKDLY               | 0        | 40            | 0                  
| FF                    | 3006     | 64200         | 5                  
| LUT                   | 4170     | 42800         | 10                 
| Distributed RAM       | 0        | 17000         | 0                  
| DLL                   | 0        | 10            | 0                  
| DQSL                  | 0        | 18            | 0                  
| DRM                   | 48       | 134           | 36                 
| FUSECODE              | 0        | 1             | 0                  
| IO                    | 45       | 218           | 21                 
| IOCKDIV               | 0        | 20            | 0                  
| IOCKGATE              | 0        | 20            | 0                  
| IPAL                  | 0        | 1             | 0                  
| PLL                   | 1        | 5             | 20                 
| RCKB                  | 0        | 24            | 0                  
| SCANCHAIN             | 0        | 2             | 0                  
| START                 | 0        | 1             | 0                  
| USCM                  | 1        | 30            | 4                  
| OSC                   | 0        | 1             | 0                  
| CRYSTAL               | 0        | 2             | 0                  
| RESCAL                | 0        | 4             | 0                  
| UDID                  | 0        | 1             | 0                  
+------------------------------------------------------------------------+

Device mapping done.
Total device mapping takes 0.67 sec.

Design 'SoC_Top' has been successfully mapped to architecture-specific objects.
Saving design to DB.
W: Public-4010: Pcf file D:/FPGA/TSP_RISC-V-2.4/FPGA/pango_cpu/device_map/SoC_Top.pcf has been covered.
Action dev_map: Real time elapsed is 0h:0m:6s
Action dev_map: CPU time elapsed is 0h:0m:5s
Action dev_map: Process CPU time elapsed is 0h:0m:5s
Current time: Fri Apr  3 00:15:08 2026
Action dev_map: Peak memory pool usage is 315 MB
Action from compile to dev_map: Total Real Time elapsed is 0h:0m:35s
Action from compile to dev_map: Total CPU time elapsed is 0h:0m:27s
Action from compile to dev_map: Total Process CPU Time elapsed is 0h:0m:28s
Process "Device Map" done.


Process "Place & Route" started.
Current time: Fri Apr  3 00:15:09 2026
Compiling architecture definition.
Analyzing project file 'D:/FPGA/TSP_RISC-V-2.4/FPGA/pango_cpu/pango_cpu.pds'.
Compiling verification operator library.
Compiling common defs.
Compiling prim grid devices.
Compiling gate devices.
Compiling gate operators.
Building architecture model.
Loading device packaging model.
pnr strategy configuration : 
strategy name : 0
Building architecture floorplan logic view.
Constraint check start.
Executing : def_port {uart_tx} LOC=T11 VCCIO=3.3 IOSTANDARD=LVCMOS33 PULLUP=TRUE
C: ConstraintEditor-2009: uart_tx is lack of SLEW, OUTPUT or INOUT PORT had better set SLEW, the optional value is {SLOW, FAST}.
C: ConstraintEditor-2009: uart_tx is lack of DRIVE, OUTPUT or INOUT PORT had better set DRIVE, the optional value is {8, 4, 12, 16, 24}.
Executing : def_port {uart_tx} LOC=T11 VCCIO=3.3 IOSTANDARD=LVCMOS33 PULLUP=TRUE successfully
Executing : def_port {rst_n} LOC=C4 VCCIO=1.2 IOSTANDARD=LVCMOS12 PULLUP=TRUE
Executing : def_port {rst_n} LOC=C4 VCCIO=1.2 IOSTANDARD=LVCMOS12 PULLUP=TRUE successfully
Executing : def_port {sys_clk} LOC=V9 VCCIO=3.3 IOSTANDARD=LVCMOS33 PULLUP=TRUE
Executing : def_port {sys_clk} LOC=V9 VCCIO=3.3 IOSTANDARD=LVCMOS33 PULLUP=TRUE successfully
Executing : def_port {uart_rx} LOC=R11 VCCIO=3.3 IOSTANDARD=LVCMOS33 PULLUP=TRUE
Executing : def_port {uart_rx} LOC=R11 VCCIO=3.3 IOSTANDARD=LVCMOS33 PULLUP=TRUE successfully
W: ConstraintEditor-4019: Port Bus 'ext_axi_if_araddr' unspecified I/O constraint.
W: ConstraintEditor-4019: Port Bus 'ext_axi_if_awaddr' unspecified I/O constraint.
W: ConstraintEditor-4019: Port Bus 'ext_axi_if_bresp' unspecified I/O constraint.
W: ConstraintEditor-4019: Port Bus 'ext_axi_if_rdata' unspecified I/O constraint.
W: ConstraintEditor-4019: Port Bus 'ext_axi_if_rresp' unspecified I/O constraint.
W: ConstraintEditor-4019: Port Bus 'ext_axi_if_wdata' unspecified I/O constraint.
W: ConstraintEditor-4019: Port Bus 'ext_axi_if_wstrb' unspecified I/O constraint.
W: ConstraintEditor-4019: Port 'ext_axi_if_arready' unspecified I/O constraint.
W: ConstraintEditor-4019: Port 'ext_axi_if_arvalid' unspecified I/O constraint.
W: ConstraintEditor-4019: Port 'ext_axi_if_awready' unspecified I/O constraint.
W: ConstraintEditor-4019: Port 'ext_axi_if_awvalid' unspecified I/O constraint.
W: ConstraintEditor-4019: Port 'ext_axi_if_bready' unspecified I/O constraint.
W: ConstraintEditor-4019: Port 'ext_axi_if_bvalid' unspecified I/O constraint.
W: ConstraintEditor-4019: Port 'ext_axi_if_rready' unspecified I/O constraint.
W: ConstraintEditor-4019: Port 'ext_axi_if_rvalid' unspecified I/O constraint.
W: ConstraintEditor-4019: Port 'ext_axi_if_wready' unspecified I/O constraint.
W: ConstraintEditor-4019: Port 'ext_axi_if_wvalid' unspecified I/O constraint.
Constraint check end.
NOTE: The technology fpga was specified.
NOTE: delay_model specified was generic_cmos.
NOTE: Using the fpga syntax tables...
Totals:
 Calls to malloc = 0
 Calls to calloc = 5993935

I: Column Clock Check open.
Read Column Clock Map.

Placement started.
Phase 1 Pre global placement started.
Mapping instance u_sys_pll/u_pll_e3/goppll to PLL_158_55.
Phase 1.1 1st GP placement started.
Design Utilization : 10%.
First map gop timing takes 0.33 sec
Worst slack after clock region global placement is 2597
Wirelength after clock region global placement is 67588 and checksum is 55F7C6432E95D903.
1st GP placement takes 3.45 sec.

Phase 1.2 Clock placement started.
Mapping instance clkbufg_0/gopclkbufg to USCM_84_108.
Clock placement takes 0.12 sec.

Wirelength after Pre Global Placement is 67588 and checksum is 55F7C6432E95D903.
Pre global placement takes 3.75 sec.

Phase 2 Global placement started.
Phase 2.1 Fixed placement started.
Placed fixed group with base inst rst_n_ibuf/opit_1 on IOL_11_373.
Placed fixed group with base inst sys_clk_ibuf/opit_1 on IOL_159_5.
Placed fixed group with base inst uart_rx_ibuf/opit_1 on IOL_219_6.
Placed fixed group with base inst uart_tx_obuf/opit_1 on IOL_219_5.
Placed fixed instance clkbufg_0/gopclkbufg on USCM_84_108.
Placed fixed instance u_sys_pll/u_pll_e3/goppll on PLL_158_55.
Placed fixed instance BKCL_auto_0 on BKCL_188_376.
Placed fixed instance BKCL_auto_1 on BKCL_192_0.
Fixed placement takes 0.11 sec.

Phase 2.2 Process placement started.
Process placement takes 0.00 sec.

Phase 2.3 IO placement started.
IO placement takes 0.05 sec.

Phase 2.4 2nd GP placement started.
Run super clustering :
	Initial slack -11534.
	13 iterations finished.
	Final slack -366.
Super clustering done.
Design Utilization : 10%.
Worst slack after global placement is 839
2nd GP placement takes 2.69 sec.

Wirelength after global placement is 74332 and checksum is 238765564EAC265.
Global placement takes 2.84 sec.

Phase 3 Post global placement started.
Phase 3.1 Macro cell placement started.
I: Process macros using "Greedy".
Wirelength after macro cell placement is 90290 and checksum is E86C92B410912DF8.
Macro cell placement takes 0.00 sec.

Phase 3.2 3rd GP placement started.
Run super clustering :
	Initial slack -11534.
	13 iterations finished.
	Final slack -366.
Super clustering done.
Design Utilization : 10%.
Worst slack after post global placement is 1385
3rd GP placement takes 2.20 sec.

Wirelength after post global placement is 79592 and checksum is E7550015C070088E.
Post global placement takes 2.22 sec.

Phase 4 Legalization started.
The average distance in LP is 0.953084.
Wirelength after legalization is 93073 and checksum is C695D701F75EF5CF.
Legalization takes 0.47 sec.

Phase 5 Timing-driven detailed placement started.
Phase 5.1 Replication placement started.
Worst slack before Replication Place is -672.
Replication placement takes 0.20 sec.

Wirelength after replication placement is 93073 and checksum is C695D701F75EF5CF.
Phase 5.2 DP placement started.
Legalized cost -672.000000.
The detailed placement ends at 1th iteration.
DP placement takes 0.53 sec.

Wirelength after detailed placement is 95269 and checksum is 89FC30447427FCCA.
Timing-driven detailed placement takes 0.75 sec.

Worst slack is 3312, TNS after placement is 0.
Placement done.
Total placement takes 11.67 sec.
Finished placement.

Routing started.
Building routing graph takes 1.25 sec.
Worst slack is 3312, TNS before global route is 0.
Processing design graph takes 0.59 sec.
Total memory for routing:
	119.851213 M.
Total nets for routing : 8542.
Global Routing step 1 processed 0 nets, it takes 0.11 sec.
Rcf routing step 1 processed 0 nets, it takes 0.00 sec.
Rcf routing step 2 processed 0 nets, it takes 0.00 sec.
Rcf routing step 3 processed 0 nets, it takes 0.00 sec.
Unrouted nets 0 at the end of iteration 0.
Global Routing step 1 processed 153 nets, it takes 0.02 sec.
Unrouted nets 200 at the end of iteration 0.
Unrouted nets 156 at the end of iteration 1.
Unrouted nets 138 at the end of iteration 2.
Unrouted nets 118 at the end of iteration 3.
Unrouted nets 86 at the end of iteration 4.
Unrouted nets 51 at the end of iteration 5.
Unrouted nets 38 at the end of iteration 6.
Unrouted nets 38 at the end of iteration 7.
Unrouted nets 34 at the end of iteration 8.
Unrouted nets 30 at the end of iteration 9.
Unrouted nets 21 at the end of iteration 10.
Unrouted nets 19 at the end of iteration 11.
Unrouted nets 15 at the end of iteration 12.
Unrouted nets 14 at the end of iteration 13.
Unrouted nets 11 at the end of iteration 14.
Unrouted nets 10 at the end of iteration 15.
Unrouted nets 10 at the end of iteration 16.
Unrouted nets 7 at the end of iteration 17.
Unrouted nets 8 at the end of iteration 18.
Unrouted nets 7 at the end of iteration 19.
Unrouted nets 7 at the end of iteration 20.
Unrouted nets 8 at the end of iteration 21.
Unrouted nets 5 at the end of iteration 22.
Unrouted nets 5 at the end of iteration 23.
Unrouted nets 5 at the end of iteration 24.
Unrouted nets 3 at the end of iteration 25.
Unrouted nets 3 at the end of iteration 26.
Unrouted nets 3 at the end of iteration 27.
Unrouted nets 2 at the end of iteration 28.
Unrouted nets 3 at the end of iteration 29.
Unrouted nets 2 at the end of iteration 30.
Unrouted nets 2 at the end of iteration 31.
Unrouted nets 2 at the end of iteration 32.
Unrouted nets 2 at the end of iteration 33.
Unrouted nets 2 at the end of iteration 34.
Unrouted nets 2 at the end of iteration 35.
Unrouted nets 1 at the end of iteration 36.
Unrouted nets 1 at the end of iteration 37.
Unrouted nets 1 at the end of iteration 38.
Unrouted nets 1 at the end of iteration 39.
Unrouted nets 1 at the end of iteration 40.
Unrouted nets 1 at the end of iteration 41.
Unrouted nets 1 at the end of iteration 42.
Unrouted nets 1 at the end of iteration 43.
Unrouted nets 1 at the end of iteration 44.
Unrouted nets 1 at the end of iteration 45.
Unrouted nets 2 at the end of iteration 46.
Unrouted nets 1 at the end of iteration 47.
Unrouted nets 1 at the end of iteration 48.
Unrouted nets 1 at the end of iteration 49.
Unrouted nets 2 at the end of iteration 50.
Unrouted nets 1 at the end of iteration 51.
Unrouted nets 1 at the end of iteration 52.
Unrouted nets 1 at the end of iteration 53.
Unrouted nets 1 at the end of iteration 54.
Unrouted nets 1 at the end of iteration 55.
Unrouted nets 1 at the end of iteration 56.
Unrouted nets 1 at the end of iteration 57.
Unrouted nets 1 at the end of iteration 58.
Unrouted nets 1 at the end of iteration 59.
Unrouted nets 1 at the end of iteration 60.
Unrouted nets 1 at the end of iteration 61.
Unrouted nets 2 at the end of iteration 62.
Unrouted nets 1 at the end of iteration 63.
Unrouted nets 2 at the end of iteration 64.
Unrouted nets 1 at the end of iteration 65.
Unrouted nets 1 at the end of iteration 66.
Unrouted nets 1 at the end of iteration 67.
Unrouted nets 1 at the end of iteration 68.
Unrouted nets 1 at the end of iteration 69.
Unrouted nets 1 at the end of iteration 70.
Unrouted nets 1 at the end of iteration 71.
Unrouted nets 1 at the end of iteration 72.
Unrouted nets 2 at the end of iteration 73.
Unrouted nets 1 at the end of iteration 74.
Unrouted nets 1 at the end of iteration 75.
Unrouted nets 1 at the end of iteration 76.
Unrouted nets 1 at the end of iteration 77.
Unrouted nets 1 at the end of iteration 78.
Unrouted nets 1 at the end of iteration 79.
Unrouted nets 1 at the end of iteration 80.
Unrouted nets 1 at the end of iteration 81.
Unrouted nets 1 at the end of iteration 82.
Unrouted nets 1 at the end of iteration 83.
Unrouted nets 1 at the end of iteration 84.
Unrouted nets 1 at the end of iteration 85.
Unrouted nets 1 at the end of iteration 86.
Unrouted nets 1 at the end of iteration 87.
Unrouted nets 1 at the end of iteration 88.
Unrouted nets 1 at the end of iteration 89.
Unrouted nets 1 at the end of iteration 90.
Unrouted nets 1 at the end of iteration 91.
Unrouted nets 2 at the end of iteration 92.
Unrouted nets 1 at the end of iteration 93.
Unrouted nets 1 at the end of iteration 94.
Unrouted nets 1 at the end of iteration 95.
Unrouted nets 1 at the end of iteration 96.
Unrouted nets 2 at the end of iteration 97.
Unrouted nets 1 at the end of iteration 98.
Unrouted nets 1 at the end of iteration 99.
Unrouted nets 1 at the end of iteration 100.
Unrouted nets 1 at the end of iteration 101.
Unrouted nets 2 at the end of iteration 102.
Unrouted nets 1 at the end of iteration 103.
Unrouted nets 1 at the end of iteration 104.
Unrouted nets 1 at the end of iteration 105.
Unrouted nets 1 at the end of iteration 106.
Unrouted nets 1 at the end of iteration 107.
Unrouted nets 1 at the end of iteration 108.
Unrouted nets 1 at the end of iteration 109.
Unrouted nets 1 at the end of iteration 110.
Unrouted nets 1 at the end of iteration 111.
Unrouted nets 1 at the end of iteration 112.
Unrouted nets 1 at the end of iteration 113.
Unrouted nets 1 at the end of iteration 114.
Unrouted nets 1 at the end of iteration 115.
Unrouted nets 1 at the end of iteration 116.
Unrouted nets 1 at the end of iteration 117.
Unrouted nets 1 at the end of iteration 118.
Unrouted nets 1 at the end of iteration 119.
Unrouted nets 1 at the end of iteration 120.
Unrouted nets 1 at the end of iteration 121.
Unrouted nets 1 at the end of iteration 122.
Unrouted nets 2 at the end of iteration 123.
Unrouted nets 1 at the end of iteration 124.
Unrouted nets 1 at the end of iteration 125.
Unrouted nets 1 at the end of iteration 126.
Unrouted nets 1 at the end of iteration 127.
Unrouted nets 1 at the end of iteration 128.
Unrouted nets 1 at the end of iteration 129.
Unrouted nets 1 at the end of iteration 130.
Unrouted nets 1 at the end of iteration 131.
Unrouted nets 1 at the end of iteration 132.
Unrouted nets 1 at the end of iteration 133.
Unrouted nets 1 at the end of iteration 134.
Unrouted nets 1 at the end of iteration 135.
Unrouted nets 1 at the end of iteration 136.
Unrouted nets 1 at the end of iteration 137.
Unrouted nets 1 at the end of iteration 138.
Unrouted nets 1 at the end of iteration 139.
Unrouted nets 1 at the end of iteration 140.
Unrouted nets 1 at the end of iteration 141.
Unrouted nets 1 at the end of iteration 142.
Unrouted nets 1 at the end of iteration 143.
Unrouted nets 1 at the end of iteration 144.
Unrouted nets 1 at the end of iteration 145.
Unrouted nets 1 at the end of iteration 146.
Unrouted nets 1 at the end of iteration 147.
Unrouted nets 1 at the end of iteration 148.
Unrouted nets 1 at the end of iteration 149.
Unrouted nets 2 at the end of iteration 150.
Unrouted nets 1 at the end of iteration 151.
Unrouted nets 1 at the end of iteration 152.
Unrouted nets 1 at the end of iteration 153.
Unrouted nets 1 at the end of iteration 154.
Unrouted nets 1 at the end of iteration 155.
Unrouted nets 1 at the end of iteration 156.
Unrouted nets 1 at the end of iteration 157.
Unrouted nets 1 at the end of iteration 158.
Unrouted nets 1 at the end of iteration 159.
Unrouted nets 1 at the end of iteration 160.
Unrouted nets 1 at the end of iteration 161.
Unrouted nets 2 at the end of iteration 162.
Unrouted nets 1 at the end of iteration 163.
Unrouted nets 1 at the end of iteration 164.
Unrouted nets 1 at the end of iteration 165.
Unrouted nets 1 at the end of iteration 166.
Unrouted nets 1 at the end of iteration 167.
Unrouted nets 1 at the end of iteration 168.
Unrouted nets 1 at the end of iteration 169.
Unrouted nets 1 at the end of iteration 170.
Unrouted nets 1 at the end of iteration 171.
Unrouted nets 1 at the end of iteration 172.
Unrouted nets 1 at the end of iteration 173.
Unrouted nets 1 at the end of iteration 174.
Unrouted nets 1 at the end of iteration 175.
Unrouted nets 1 at the end of iteration 176.
Unrouted nets 1 at the end of iteration 177.
Unrouted nets 1 at the end of iteration 178.
Unrouted nets 1 at the end of iteration 179.
Unrouted nets 2 at the end of iteration 180.
Unrouted nets 1 at the end of iteration 181.
Unrouted nets 1 at the end of iteration 182.
Unrouted nets 1 at the end of iteration 183.
Unrouted nets 1 at the end of iteration 184.
Unrouted nets 1 at the end of iteration 185.
Unrouted nets 1 at the end of iteration 186.
Unrouted nets 1 at the end of iteration 187.
Unrouted nets 1 at the end of iteration 188.
Unrouted nets 1 at the end of iteration 189.
Unrouted nets 2 at the end of iteration 190.
Unrouted nets 1 at the end of iteration 191.
Unrouted nets 0 at the end of iteration 192.
Global Routing step 2 processed 428 nets, it takes 6.14 sec.
Unrouted nets 156 at the end of iteration 0.
Unrouted nets 71 at the end of iteration 1.
Unrouted nets 37 at the end of iteration 2.
Unrouted nets 18 at the end of iteration 3.
Unrouted nets 12 at the end of iteration 4.
Unrouted nets 4 at the end of iteration 5.
Unrouted nets 5 at the end of iteration 6.
Unrouted nets 3 at the end of iteration 7.
Unrouted nets 2 at the end of iteration 8.
Unrouted nets 1 at the end of iteration 9.
Unrouted nets 1 at the end of iteration 10.
Unrouted nets 1 at the end of iteration 11.
Unrouted nets 4 at the end of iteration 12.
Unrouted nets 5 at the end of iteration 13.
Unrouted nets 6 at the end of iteration 14.
Unrouted nets 3 at the end of iteration 15.
Unrouted nets 2 at the end of iteration 16.
Unrouted nets 2 at the end of iteration 17.
Unrouted nets 1 at the end of iteration 18.
Unrouted nets 1 at the end of iteration 19.
Unrouted nets 2 at the end of iteration 20.
Unrouted nets 1 at the end of iteration 21.
Unrouted nets 1 at the end of iteration 22.
Unrouted nets 1 at the end of iteration 23.
Unrouted nets 0 at the end of iteration 24.
Global Routing step 3 processed 248 nets, it takes 2.00 sec.
Global routing takes 8.19 sec.
Total 10200 subnets.
    forward max bucket size 1245 , backward 424.
        Unrouted nets 7215 at the end of iteration 0.
    route iteration 0, CPU time elapsed 1.390625 sec.
    forward max bucket size 458 , backward 372.
        Unrouted nets 6148 at the end of iteration 1.
    route iteration 1, CPU time elapsed 1.171875 sec.
    forward max bucket size 458 , backward 794.
        Unrouted nets 5315 at the end of iteration 2.
    route iteration 2, CPU time elapsed 1.218750 sec.
    forward max bucket size 536 , backward 461.
        Unrouted nets 4676 at the end of iteration 3.
    route iteration 3, CPU time elapsed 1.343750 sec.
    forward max bucket size 629 , backward 907.
        Unrouted nets 4174 at the end of iteration 4.
    route iteration 4, CPU time elapsed 1.390625 sec.
    forward max bucket size 1042 , backward 1301.
        Unrouted nets 3805 at the end of iteration 5.
    route iteration 5, CPU time elapsed 1.359375 sec.
    forward max bucket size 640 , backward 723.
        Unrouted nets 3716 at the end of iteration 6.
    route iteration 6, CPU time elapsed 1.265625 sec.
    forward max bucket size 850 , backward 595.
        Unrouted nets 3337 at the end of iteration 7.
    route iteration 7, CPU time elapsed 1.140625 sec.
    forward max bucket size 1020 , backward 1091.
        Unrouted nets 2999 at the end of iteration 8.
    route iteration 8, CPU time elapsed 1.109375 sec.
    forward max bucket size 1037 , backward 834.
        Unrouted nets 2632 at the end of iteration 9.
    route iteration 9, CPU time elapsed 1.046875 sec.
    forward max bucket size 877 , backward 964.
        Unrouted nets 2292 at the end of iteration 10.
    route iteration 10, CPU time elapsed 0.921875 sec.
    forward max bucket size 1330 , backward 683.
        Unrouted nets 2101 at the end of iteration 11.
    route iteration 11, CPU time elapsed 0.812500 sec.
    forward max bucket size 1649 , backward 894.
        Unrouted nets 1846 at the end of iteration 12.
    route iteration 12, CPU time elapsed 0.843750 sec.
    forward max bucket size 1531 , backward 759.
        Unrouted nets 1610 at the end of iteration 13.
    route iteration 13, CPU time elapsed 0.687500 sec.
    forward max bucket size 1230 , backward 649.
        Unrouted nets 1447 at the end of iteration 14.
    route iteration 14, CPU time elapsed 0.640625 sec.
    forward max bucket size 535 , backward 1113.
        Unrouted nets 1293 at the end of iteration 15.
    route iteration 15, CPU time elapsed 0.625000 sec.
    forward max bucket size 415 , backward 247.
        Unrouted nets 1152 at the end of iteration 16.
    route iteration 16, CPU time elapsed 0.531250 sec.
    forward max bucket size 602 , backward 283.
        Unrouted nets 1032 at the end of iteration 17.
    route iteration 17, CPU time elapsed 0.500000 sec.
    forward max bucket size 309 , backward 664.
        Unrouted nets 991 at the end of iteration 18.
    route iteration 18, CPU time elapsed 0.453125 sec.
    forward max bucket size 222 , backward 191.
        Unrouted nets 967 at the end of iteration 19.
    route iteration 19, CPU time elapsed 0.421875 sec.
    forward max bucket size 526 , backward 171.
        Unrouted nets 885 at the end of iteration 20.
    route iteration 20, CPU time elapsed 0.453125 sec.
    forward max bucket size 245 , backward 321.
        Unrouted nets 819 at the end of iteration 21.
    route iteration 21, CPU time elapsed 0.406250 sec.
    forward max bucket size 348 , backward 206.
        Unrouted nets 754 at the end of iteration 22.
    route iteration 22, CPU time elapsed 0.375000 sec.
    forward max bucket size 297 , backward 281.
        Unrouted nets 721 at the end of iteration 23.
    route iteration 23, CPU time elapsed 0.390625 sec.
    forward max bucket size 156 , backward 180.
        Unrouted nets 683 at the end of iteration 24.
    route iteration 24, CPU time elapsed 0.312500 sec.
    forward max bucket size 173 , backward 364.
        Unrouted nets 633 at the end of iteration 25.
    route iteration 25, CPU time elapsed 0.328125 sec.
    forward max bucket size 247 , backward 113.
        Unrouted nets 584 at the end of iteration 26.
    route iteration 26, CPU time elapsed 0.296875 sec.
    forward max bucket size 1120 , backward 578.
        Unrouted nets 563 at the end of iteration 27.
    route iteration 27, CPU time elapsed 0.296875 sec.
    forward max bucket size 197 , backward 126.
        Unrouted nets 552 at the end of iteration 28.
    route iteration 28, CPU time elapsed 0.281250 sec.
    forward max bucket size 271 , backward 262.
        Unrouted nets 538 at the end of iteration 29.
    route iteration 29, CPU time elapsed 0.265625 sec.
    forward max bucket size 580 , backward 146.
        Unrouted nets 481 at the end of iteration 30.
    route iteration 30, CPU time elapsed 0.265625 sec.
    forward max bucket size 731 , backward 171.
        Unrouted nets 450 at the end of iteration 31.
    route iteration 31, CPU time elapsed 0.218750 sec.
    forward max bucket size 253 , backward 278.
        Unrouted nets 444 at the end of iteration 32.
    route iteration 32, CPU time elapsed 0.234375 sec.
    forward max bucket size 187 , backward 375.
        Unrouted nets 404 at the end of iteration 33.
    route iteration 33, CPU time elapsed 0.203125 sec.
    forward max bucket size 550 , backward 545.
        Unrouted nets 374 at the end of iteration 34.
    route iteration 34, CPU time elapsed 0.234375 sec.
    forward max bucket size 615 , backward 672.
        Unrouted nets 366 at the end of iteration 35.
    route iteration 35, CPU time elapsed 0.203125 sec.
    forward max bucket size 157 , backward 117.
        Unrouted nets 347 at the end of iteration 36.
    route iteration 36, CPU time elapsed 0.187500 sec.
    forward max bucket size 292 , backward 562.
        Unrouted nets 314 at the end of iteration 37.
    route iteration 37, CPU time elapsed 0.156250 sec.
    forward max bucket size 527 , backward 631.
        Unrouted nets 267 at the end of iteration 38.
    route iteration 38, CPU time elapsed 0.156250 sec.
    forward max bucket size 148 , backward 125.
        Unrouted nets 282 at the end of iteration 39.
    route iteration 39, CPU time elapsed 0.140625 sec.
    forward max bucket size 320 , backward 106.
        Unrouted nets 301 at the end of iteration 40.
    route iteration 40, CPU time elapsed 0.156250 sec.
    forward max bucket size 214 , backward 136.
        Unrouted nets 244 at the end of iteration 41.
    route iteration 41, CPU time elapsed 0.140625 sec.
    forward max bucket size 177 , backward 624.
        Unrouted nets 296 at the end of iteration 42.
    route iteration 42, CPU time elapsed 0.156250 sec.
    forward max bucket size 235 , backward 568.
        Unrouted nets 287 at the end of iteration 43.
    route iteration 43, CPU time elapsed 0.125000 sec.
    forward max bucket size 517 , backward 164.
        Unrouted nets 297 at the end of iteration 44.
    route iteration 44, CPU time elapsed 0.125000 sec.
    forward max bucket size 333 , backward 173.
        Unrouted nets 251 at the end of iteration 45.
    route iteration 45, CPU time elapsed 0.125000 sec.
    forward max bucket size 180 , backward 92.
        Unrouted nets 227 at the end of iteration 46.
    route iteration 46, CPU time elapsed 0.109375 sec.
    forward max bucket size 555 , backward 147.
        Unrouted nets 204 at the end of iteration 47.
    route iteration 47, CPU time elapsed 0.093750 sec.
    forward max bucket size 1051 , backward 564.
        Unrouted nets 233 at the end of iteration 48.
    route iteration 48, CPU time elapsed 0.156250 sec.
    forward max bucket size 198 , backward 145.
        Unrouted nets 198 at the end of iteration 49.
    route iteration 49, CPU time elapsed 0.125000 sec.
    forward max bucket size 3701 , backward 1498.
        Unrouted nets 174 at the end of iteration 50.
    route iteration 50, CPU time elapsed 0.125000 sec.
    forward max bucket size 137 , backward 132.
        Unrouted nets 182 at the end of iteration 51.
    route iteration 51, CPU time elapsed 0.093750 sec.
    forward max bucket size 190 , backward 115.
        Unrouted nets 187 at the end of iteration 52.
    route iteration 52, CPU time elapsed 0.109375 sec.
    forward max bucket size 199 , backward 79.
        Unrouted nets 178 at the end of iteration 53.
    route iteration 53, CPU time elapsed 0.093750 sec.
    forward max bucket size 225 , backward 206.
        Unrouted nets 164 at the end of iteration 54.
    route iteration 54, CPU time elapsed 0.093750 sec.
    forward max bucket size 162 , backward 397.
        Unrouted nets 166 at the end of iteration 55.
    route iteration 55, CPU time elapsed 0.109375 sec.
    forward max bucket size 157 , backward 72.
        Unrouted nets 132 at the end of iteration 56.
    route iteration 56, CPU time elapsed 0.093750 sec.
    forward max bucket size 184 , backward 154.
        Unrouted nets 124 at the end of iteration 57.
    route iteration 57, CPU time elapsed 0.093750 sec.
    forward max bucket size 184 , backward 135.
        Unrouted nets 143 at the end of iteration 58.
    route iteration 58, CPU time elapsed 0.125000 sec.
    forward max bucket size 176 , backward 104.
        Unrouted nets 116 at the end of iteration 59.
    route iteration 59, CPU time elapsed 0.093750 sec.
    forward max bucket size 94 , backward 120.
        Unrouted nets 124 at the end of iteration 60.
    route iteration 60, CPU time elapsed 0.062500 sec.
    forward max bucket size 85 , backward 77.
        Unrouted nets 128 at the end of iteration 61.
    route iteration 61, CPU time elapsed 0.093750 sec.
    forward max bucket size 255 , backward 81.
        Unrouted nets 125 at the end of iteration 62.
    route iteration 62, CPU time elapsed 0.078125 sec.
    forward max bucket size 230 , backward 78.
        Unrouted nets 96 at the end of iteration 63.
    route iteration 63, CPU time elapsed 0.062500 sec.
    forward max bucket size 159 , backward 148.
        Unrouted nets 80 at the end of iteration 64.
    route iteration 64, CPU time elapsed 0.078125 sec.
    forward max bucket size 159 , backward 148.
        Unrouted nets 72 at the end of iteration 65.
    route iteration 65, CPU time elapsed 0.046875 sec.
    forward max bucket size 307 , backward 245.
        Unrouted nets 65 at the end of iteration 66.
    route iteration 66, CPU time elapsed 0.046875 sec.
    forward max bucket size 343 , backward 266.
        Unrouted nets 72 at the end of iteration 67.
    route iteration 67, CPU time elapsed 0.062500 sec.
    forward max bucket size 345 , backward 269.
        Unrouted nets 74 at the end of iteration 68.
    route iteration 68, CPU time elapsed 0.078125 sec.
    forward max bucket size 126 , backward 57.
        Unrouted nets 50 at the end of iteration 69.
    route iteration 69, CPU time elapsed 0.046875 sec.
    forward max bucket size 138 , backward 71.
        Unrouted nets 44 at the end of iteration 70.
    route iteration 70, CPU time elapsed 0.046875 sec.
    forward max bucket size 114 , backward 74.
        Unrouted nets 37 at the end of iteration 71.
    route iteration 71, CPU time elapsed 0.046875 sec.
    forward max bucket size 62 , backward 64.
        Unrouted nets 49 at the end of iteration 72.
    route iteration 72, CPU time elapsed 0.062500 sec.
    forward max bucket size 97 , backward 45.
        Unrouted nets 45 at the end of iteration 73.
    route iteration 73, CPU time elapsed 0.046875 sec.
    forward max bucket size 125 , backward 88.
        Unrouted nets 32 at the end of iteration 74.
    route iteration 74, CPU time elapsed 0.031250 sec.
    forward max bucket size 155 , backward 43.
        Unrouted nets 29 at the end of iteration 75.
    route iteration 75, CPU time elapsed 0.031250 sec.
    forward max bucket size 180 , backward 65.
        Unrouted nets 31 at the end of iteration 76.
    route iteration 76, CPU time elapsed 0.046875 sec.
    forward max bucket size 60 , backward 61.
        Unrouted nets 33 at the end of iteration 77.
    route iteration 77, CPU time elapsed 0.031250 sec.
    forward max bucket size 190 , backward 88.
        Unrouted nets 41 at the end of iteration 78.
    route iteration 78, CPU time elapsed 0.031250 sec.
    forward max bucket size 69 , backward 57.
        Unrouted nets 45 at the end of iteration 79.
    route iteration 79, CPU time elapsed 0.046875 sec.
    forward max bucket size 295 , backward 1549.
        Unrouted nets 56 at the end of iteration 80.
    route iteration 80, CPU time elapsed 0.062500 sec.
    forward max bucket size 189 , backward 99.
        Unrouted nets 72 at the end of iteration 81.
    route iteration 81, CPU time elapsed 0.062500 sec.
    forward max bucket size 121 , backward 158.
        Unrouted nets 92 at the end of iteration 82.
    route iteration 82, CPU time elapsed 0.078125 sec.
    forward max bucket size 178 , backward 185.
        Unrouted nets 82 at the end of iteration 83.
    route iteration 83, CPU time elapsed 0.078125 sec.
    forward max bucket size 300 , backward 259.
        Unrouted nets 79 at the end of iteration 84.
    route iteration 84, CPU time elapsed 0.062500 sec.
    forward max bucket size 135 , backward 136.
        Unrouted nets 63 at the end of iteration 85.
    route iteration 85, CPU time elapsed 0.046875 sec.
    forward max bucket size 164 , backward 136.
        Unrouted nets 67 at the end of iteration 86.
    route iteration 86, CPU time elapsed 0.062500 sec.
    forward max bucket size 140 , backward 185.
        Unrouted nets 69 at the end of iteration 87.
    route iteration 87, CPU time elapsed 0.062500 sec.
    forward max bucket size 151 , backward 59.
        Unrouted nets 73 at the end of iteration 88.
    route iteration 88, CPU time elapsed 0.062500 sec.
    forward max bucket size 145 , backward 85.
        Unrouted nets 62 at the end of iteration 89.
    route iteration 89, CPU time elapsed 0.062500 sec.
    forward max bucket size 177 , backward 53.
        Unrouted nets 58 at the end of iteration 90.
    route iteration 90, CPU time elapsed 0.046875 sec.
    forward max bucket size 63 , backward 55.
        Unrouted nets 52 at the end of iteration 91.
    route iteration 91, CPU time elapsed 0.062500 sec.
    forward max bucket size 63 , backward 70.
        Unrouted nets 43 at the end of iteration 92.
    route iteration 92, CPU time elapsed 0.046875 sec.
    forward max bucket size 45 , backward 48.
        Unrouted nets 39 at the end of iteration 93.
    route iteration 93, CPU time elapsed 0.046875 sec.
    forward max bucket size 57 , backward 60.
        Unrouted nets 37 at the end of iteration 94.
    route iteration 94, CPU time elapsed 0.062500 sec.
    forward max bucket size 54 , backward 45.
        Unrouted nets 30 at the end of iteration 95.
    route iteration 95, CPU time elapsed 0.046875 sec.
    forward max bucket size 72 , backward 37.
        Unrouted nets 22 at the end of iteration 96.
    route iteration 96, CPU time elapsed 0.031250 sec.
    forward max bucket size 192 , backward 291.
        Unrouted nets 30 at the end of iteration 97.
    route iteration 97, CPU time elapsed 0.046875 sec.
    forward max bucket size 104 , backward 62.
        Unrouted nets 43 at the end of iteration 98.
    route iteration 98, CPU time elapsed 0.046875 sec.
    forward max bucket size 30 , backward 29.
        Unrouted nets 41 at the end of iteration 99.
    route iteration 99, CPU time elapsed 0.046875 sec.
    forward max bucket size 42 , backward 57.
        Unrouted nets 41 at the end of iteration 100.
    route iteration 100, CPU time elapsed 0.046875 sec.
    forward max bucket size 93 , backward 88.
        Unrouted nets 39 at the end of iteration 101.
    route iteration 101, CPU time elapsed 0.031250 sec.
    forward max bucket size 31 , backward 39.
        Unrouted nets 42 at the end of iteration 102.
    route iteration 102, CPU time elapsed 0.046875 sec.
    forward max bucket size 40 , backward 55.
        Unrouted nets 46 at the end of iteration 103.
    route iteration 103, CPU time elapsed 0.046875 sec.
    forward max bucket size 52 , backward 73.
        Unrouted nets 32 at the end of iteration 104.
    route iteration 104, CPU time elapsed 0.046875 sec.
    forward max bucket size 57 , backward 76.
        Unrouted nets 26 at the end of iteration 105.
    route iteration 105, CPU time elapsed 0.046875 sec.
    forward max bucket size 155 , backward 69.
        Unrouted nets 27 at the end of iteration 106.
    route iteration 106, CPU time elapsed 0.046875 sec.
    forward max bucket size 168 , backward 67.
        Unrouted nets 24 at the end of iteration 107.
    route iteration 107, CPU time elapsed 0.031250 sec.
    forward max bucket size 34 , backward 42.
        Unrouted nets 19 at the end of iteration 108.
    route iteration 108, CPU time elapsed 0.031250 sec.
    forward max bucket size 203 , backward 66.
        Unrouted nets 11 at the end of iteration 109.
    route iteration 109, CPU time elapsed 0.031250 sec.
    forward max bucket size 26 , backward 47.
        Unrouted nets 10 at the end of iteration 110.
    route iteration 110, CPU time elapsed 0.015625 sec.
    forward max bucket size 26 , backward 22.
        Unrouted nets 9 at the end of iteration 111.
    route iteration 111, CPU time elapsed 0.031250 sec.
    forward max bucket size 24 , backward 40.
        Unrouted nets 15 at the end of iteration 112.
    route iteration 112, CPU time elapsed 0.031250 sec.
    forward max bucket size 69 , backward 79.
        Unrouted nets 11 at the end of iteration 113.
    route iteration 113, CPU time elapsed 0.031250 sec.
    forward max bucket size 36 , backward 54.
        Unrouted nets 9 at the end of iteration 114.
    route iteration 114, CPU time elapsed 0.015625 sec.
    forward max bucket size 138 , backward 68.
        Unrouted nets 9 at the end of iteration 115.
    route iteration 115, CPU time elapsed 0.031250 sec.
    forward max bucket size 145 , backward 71.
        Unrouted nets 7 at the end of iteration 116.
    route iteration 116, CPU time elapsed 0.046875 sec.
    forward max bucket size 146 , backward 27.
        Unrouted nets 8 at the end of iteration 117.
    route iteration 117, CPU time elapsed 0.031250 sec.
    forward max bucket size 153 , backward 80.
        Unrouted nets 6 at the end of iteration 118.
    route iteration 118, CPU time elapsed 0.031250 sec.
    forward max bucket size 147 , backward 23.
        Unrouted nets 8 at the end of iteration 119.
    route iteration 119, CPU time elapsed 0.031250 sec.
    forward max bucket size 26 , backward 35.
        Unrouted nets 6 at the end of iteration 120.
    route iteration 120, CPU time elapsed 0.015625 sec.
    forward max bucket size 98 , backward 26.
        Unrouted nets 8 at the end of iteration 121.
    route iteration 121, CPU time elapsed 0.046875 sec.
    forward max bucket size 23 , backward 26.
        Unrouted nets 5 at the end of iteration 122.
    route iteration 122, CPU time elapsed 0.031250 sec.
    forward max bucket size 23 , backward 23.
        Unrouted nets 5 at the end of iteration 123.
    route iteration 123, CPU time elapsed 0.031250 sec.
    forward max bucket size 23 , backward 35.
        Unrouted nets 4 at the end of iteration 124.
    route iteration 124, CPU time elapsed 0.031250 sec.
    forward max bucket size 32 , backward 23.
        Unrouted nets 4 at the end of iteration 125.
    route iteration 125, CPU time elapsed 0.015625 sec.
    forward max bucket size 32 , backward 25.
        Unrouted nets 0 at the end of iteration 126.
    route iteration 126, CPU time elapsed 0.031250 sec.
Detailed routing takes 126 iterations
Detailed routing takes 31.30 sec.
Start fix hold violation.
Build tmp routing results takes 0.09 sec.
Timing analysis takes 0.05 sec.
No hold violation.
Hold Violation Fix in router takes 0 iterations.
Fix hold violation Finished.
Hold Violation Fix in router takes 0.50 sec.

Dispose routing result:
    Collect routing result.
    Delete unused device instances.
    Annotate routing result.
    Change LUT configuration.
    Dispose misc instances.
    Annotate routing result again.
Finish routing takes 0.30 sec.
Used SRB routing arc is 103290.
Cleanup routing takes 0.02 sec.
Routing done.
Total routing takes 42.81 sec.


Device Utilization Summary :
+---------------------------------------------------------------------------+
| Logic Utilization        | Used     | Available     | Utilization(%)     
+---------------------------------------------------------------------------+
| Use of APM               | 0        | 84            | 0                  
| Use of BKCL              | 2        | 4             | 50                 
| Use of CLMA              | 836      | 6450          | 13                 
|   FF                     | 1853     | 38700         | 5                  
|   LUT                    | 2631     | 25800         | 11                 
|   LUT-FF pairs           | 595      | 25800         | 3                  
| Use of CLMS              | 519      | 4250          | 13                 
|   FF                     | 1153     | 25500         | 5                  
|   LUT                    | 1555     | 17000         | 10                 
|   LUT-FF pairs           | 344      | 17000         | 3                  
|   Distributed RAM        | 0        | 17000         | 0                  
| Use of CRYSTAL           | 0        | 2             | 0                  
| Use of DLL               | 0        | 10            | 0                  
| Use of DQSL              | 0        | 18            | 0                  
| Use of DRM               | 48       | 134           | 36                 
| Use of FUSECODE          | 0        | 1             | 0                  
| Use of HARD0N1           | 312      | 6672          | 5                  
| Use of IO                | 45       | 218           | 21                 
|   IOBD                   | 10       | 53            | 19                 
|   IOBR_LR                | 1        | 5             | 20                 
|   IOBR_TB                | 2        | 7             | 29                 
|   IOBS_LR                | 20       | 107           | 19                 
|   IOBS_TB                | 12       | 46            | 27                 
| Use of IOCKDIV           | 0        | 20            | 0                  
| Use of IOCKDLY           | 0        | 40            | 0                  
| Use of IOCKGATE          | 0        | 20            | 0                  
| Use of IOCKGMUX_TEST     | 0        | 20            | 0                  
| Use of IOL               | 45       | 400           | 12                 
| Use of IPAL              | 0        | 1             | 0                  
| Use of LDO               | 0        | 4             | 0                  
| Use of MFG_TEST          | 0        | 1             | 0                  
| Use of OSC               | 0        | 1             | 0                  
| Use of PIOMUX_TEST       | 0        | 10            | 0                  
| Use of PLL               | 1        | 5             | 20                 
| Use of PREGMUX_TEST      | 0        | 6             | 0                  
| Use of RCKB              | 0        | 24            | 0                  
|  RCKB dataused           | 0        | 24            | 0                  
| Use of RCKBMUX_TEST      | 0        | 12            | 0                  
| Use of RESCAL            | 0        | 4             | 0                  
| Use of SCANCHAIN         | 0        | 2             | 0                  
| Use of START             | 1        | 1             | 100                
| Use of UDID              | 0        | 1             | 0                  
| Use of USCM              | 1        | 30            | 4                  
|  USCM dataused           | 0        | 30            | 0                  
| Use of USCMMUX_TEST      | 0        | 30            | 0                  
| Use of VCKBMUX_TEST      | 0        | 12            | 0                  
+---------------------------------------------------------------------------+

Finished routing.
Design 'SoC_Top' has been placed and routed successfully.
Saving design to DB.
Finished placement and routing.
Action pnr: Real time elapsed is 0h:1m:15s
Action pnr: CPU time elapsed is 0h:1m:10s
Action pnr: Process CPU time elapsed is 0h:1m:16s
Current time: Fri Apr  3 00:16:23 2026
Action pnr: Peak memory pool usage is 1,028 MB
Action from compile to pnr: Total Real Time elapsed is 0h:1m:50s
Action from compile to pnr: Total CPU time elapsed is 0h:1m:37s
Action from compile to pnr: Total Process CPU Time elapsed is 0h:1m:44s
Process "Place & Route" done.


Process "Report Timing" started.
Current time: Fri Apr  3 00:16:24 2026
Compiling architecture definition.
Analyzing project file 'D:/FPGA/TSP_RISC-V-2.4/FPGA/pango_cpu/pango_cpu.pds'.
Compiling verification operator library.
Compiling common defs.
Compiling prim grid devices.
Compiling gate devices.
Compiling gate operators.
Building architecture model.
Loading device packaging model.
Reading design from pnr DB.
Start Report Post-PnR timing.
NOTE: The technology fpga was specified.
NOTE: delay_model specified was generic_cmos.
NOTE: Using the fpga syntax tables...
Totals:
 Calls to malloc = 0
 Calls to calloc = 5993935

Constructing timing graph ...
Timing graph has been constructed successfully
W: Timing-4087: Port 'ext_axi_if_arready' is not constrained, it is treated as combinational output.
W: Timing-4087: Port 'ext_axi_if_awready' is not constrained, it is treated as combinational output.
W: Timing-4087: Port 'ext_axi_if_bresp[0]' is not constrained, it is treated as combinational output.
W: Timing-4087: Port 'ext_axi_if_bresp[1]' is not constrained, it is treated as combinational output.
W: Timing-4087: Port 'ext_axi_if_bvalid' is not constrained, it is treated as combinational output.
W: Timing-4087: Port 'ext_axi_if_rdata[0]' is not constrained, it is treated as combinational output.
W: Timing-4087: Port 'ext_axi_if_rdata[1]' is not constrained, it is treated as combinational output.
W: Timing-4087: Port 'ext_axi_if_rdata[2]' is not constrained, it is treated as combinational output.
W: Timing-4087: Port 'ext_axi_if_rdata[3]' is not constrained, it is treated as combinational output.
W: Timing-4087: Port 'ext_axi_if_rdata[4]' is not constrained, it is treated as combinational output.
W: Timing-4087: Port 'ext_axi_if_rdata[5]' is not constrained, it is treated as combinational output.
W: Timing-4087: Port 'ext_axi_if_rdata[6]' is not constrained, it is treated as combinational output.
W: Timing-4087: Port 'ext_axi_if_rdata[7]' is not constrained, it is treated as combinational output.
W: Timing-4087: Port 'ext_axi_if_rdata[8]' is not constrained, it is treated as combinational output.
W: Timing-4087: Port 'ext_axi_if_rdata[9]' is not constrained, it is treated as combinational output.
W: Timing-4087: Port 'ext_axi_if_rdata[10]' is not constrained, it is treated as combinational output.
W: Timing-4087: Port 'ext_axi_if_rdata[11]' is not constrained, it is treated as combinational output.
W: Timing-4087: Port 'ext_axi_if_rdata[12]' is not constrained, it is treated as combinational output.
W: Timing-4087: Port 'ext_axi_if_rdata[13]' is not constrained, it is treated as combinational output.
W: Timing-4087: Port 'ext_axi_if_rdata[14]' is not constrained, it is treated as combinational output.
W: Timing-4087: Port 'ext_axi_if_rdata[15]' is not constrained, it is treated as combinational output.
W: Timing-4087: Port 'ext_axi_if_rdata[16]' is not constrained, it is treated as combinational output.
W: Timing-4087: Port 'ext_axi_if_rdata[17]' is not constrained, it is treated as combinational output.
W: Timing-4087: Port 'ext_axi_if_rdata[18]' is not constrained, it is treated as combinational output.
W: Timing-4087: Port 'ext_axi_if_rdata[19]' is not constrained, it is treated as combinational output.
W: Timing-4087: Port 'ext_axi_if_rdata[20]' is not constrained, it is treated as combinational output.
W: Timing-4087: Port 'ext_axi_if_rdata[21]' is not constrained, it is treated as combinational output.
W: Timing-4087: Port 'ext_axi_if_rdata[22]' is not constrained, it is treated as combinational output.
W: Timing-4087: Port 'ext_axi_if_rdata[23]' is not constrained, it is treated as combinational output.
W: Timing-4087: Port 'ext_axi_if_rdata[24]' is not constrained, it is treated as combinational output.
W: Timing-4087: Port 'ext_axi_if_rdata[25]' is not constrained, it is treated as combinational output.
W: Timing-4087: Port 'ext_axi_if_rdata[26]' is not constrained, it is treated as combinational output.
W: Timing-4087: Port 'ext_axi_if_rdata[27]' is not constrained, it is treated as combinational output.
W: Timing-4087: Port 'ext_axi_if_rdata[28]' is not constrained, it is treated as combinational output.
W: Timing-4087: Port 'ext_axi_if_rdata[29]' is not constrained, it is treated as combinational output.
W: Timing-4087: Port 'ext_axi_if_rdata[30]' is not constrained, it is treated as combinational output.
W: Timing-4087: Port 'ext_axi_if_rdata[31]' is not constrained, it is treated as combinational output.
W: Timing-4087: Port 'ext_axi_if_rresp[0]' is not constrained, it is treated as combinational output.
W: Timing-4087: Port 'ext_axi_if_rresp[1]' is not constrained, it is treated as combinational output.
W: Timing-4087: Port 'ext_axi_if_rvalid' is not constrained, it is treated as combinational output.
W: Timing-4087: Port 'ext_axi_if_wready' is not constrained, it is treated as combinational output.
W: Timing-4087: Port 'uart_tx' is not constrained, it is treated as combinational output.
W: Timing-4086: Port 'rst_n' is not constrained, it is treated as combinational input.
W: Timing-4086: Port 'uart_rx' is not constrained, it is treated as combinational input.
Report timing is finished successfully.
Action report_timing: Real time elapsed is 0h:0m:8s
Action report_timing: CPU time elapsed is 0h:0m:6s
Action report_timing: Process CPU time elapsed is 0h:0m:7s
Current time: Fri Apr  3 00:16:31 2026
Action report_timing: Peak memory pool usage is 978 MB
Action from compile to report_timing: Total Real Time elapsed is 0h:1m:58s
Action from compile to report_timing: Total CPU time elapsed is 0h:1m:43s
Action from compile to report_timing: Total Process CPU Time elapsed is 0h:1m:51s
Process "Report Timing" done.


Process "Generate Bitstream" started.
Current time: Fri Apr  3 00:16:32 2026
Compiling architecture definition.
Analyzing project file 'D:/FPGA/TSP_RISC-V-2.4/FPGA/pango_cpu/pango_cpu.pds'.
Compiling verification operator library.
Compiling common defs.
Compiling prim grid devices.
Compiling gate devices.
Compiling gate operators.
Building architecture model.
Loading device packaging model.
Reading design from DB.
Start Generating Programming File...
Reading design from DB takes 0.984375 sec.
Generating architecture configuration.
The bitstream file is "D:/FPGA/TSP_RISC-V-2.4/FPGA/pango_cpu/generate_bitstream/SoC_Top.sbit"
Generate programming file takes 10.203125 sec.
Generating Programming File done.
Action gen_bit_stream: Real time elapsed is 0h:0m:16s
Action gen_bit_stream: CPU time elapsed is 0h:0m:13s
Action gen_bit_stream: Process CPU time elapsed is 0h:0m:13s
Current time: Fri Apr  3 00:16:47 2026
Action gen_bit_stream: Peak memory pool usage is 680 MB
Action from compile to gen_bit_stream: Total Real Time elapsed is 0h:2m:14s
Action from compile to gen_bit_stream: Total CPU time elapsed is 0h:1m:56s
Action from compile to gen_bit_stream: Total Process CPU Time elapsed is 0h:2m:4s
Process "Generate Bitstream" done.
Process exit normally.
Customize IP 'D:/FPGA/TSP_RISC-V-2.4/FPGA/pango_cpu/ipcore/IRAM/IRAM.idf' ...
Parse module hierarchy of project 'D:/FPGA/TSP_RISC-V-2.4/FPGA/pango_cpu/temp_projects/Main_Flow/Main_Flow.pds' (ADS Parser)
C: Flow-2008: IP file modified: "D:/FPGA/TSP_RISC-V-2.4/FPGA/pango_cpu/ipcore/IRAM/IRAM.idf". 
Parse module hierarchy of project 'D:/FPGA/TSP_RISC-V-2.4/FPGA/pango_cpu/temp_projects/Main_Flow/Main_Flow.pds' (ADS Parser)
Parse module hierarchy of project 'D:/FPGA/TSP_RISC-V-2.4/FPGA/pango_cpu/temp_projects/Main_Flow/Main_Flow.pds' (ADS Parser)
IP Compiler exited.


Process "Compile" started.
Current time: Fri Apr  3 00:27:34 2026
Compiling architecture definition.
Analyzing project file 'D:/FPGA/TSP_RISC-V-2.4/FPGA/pango_cpu/pango_cpu.pds'.
License checkout: fabric_ads from D:\pango\new_pds_60ff9e088cde.lic
Compiling verification operator library.
Loading technology operator library.
Compiling technology operator library.
Compiling technology operator (valence) library.
I: Enable Verilog2k features and keywords
Start rtl-analyze.
Executing : .rtl_analyze -work work -include_path {D:/FPGA/TSP_RISC-V-2.4/FPGA/pango_cpu} D:/FPGA/TSP_RISC-V-2.4/FPGA/pango_cpu/source/core/core.v
I: Verilog-0001: Analyzing file D:/FPGA/TSP_RISC-V-2.4/FPGA/pango_cpu/source/core/core.v
I: Found Verilog include file D:/FPGA/TSP_RISC-V-2.4/FPGA/pango_cpu/source/core/defines.v
I: Verilog-0002: [D:/FPGA/TSP_RISC-V-2.4/FPGA/pango_cpu/source/core/core.v(line number: 3)] Analyzing module TSP_Core (library work)
Parsing done.
Executing : .rtl_analyze -work work -include_path {D:/FPGA/TSP_RISC-V-2.4/FPGA/pango_cpu} D:/FPGA/TSP_RISC-V-2.4/FPGA/pango_cpu/source/core/core.v successfully.
W: Public-4030: File 'D:/FPGA/TSP_RISC-V-2.4/FPGA/pango_cpu/source/core/defines.v' has been added. It is skipped.
Executing : .rtl_analyze -work work -include_path {D:/FPGA/TSP_RISC-V-2.4/FPGA/pango_cpu} D:/FPGA/TSP_RISC-V-2.4/FPGA/pango_cpu/source/core/defines.v
I: Verilog-0001: Analyzing file D:/FPGA/TSP_RISC-V-2.4/FPGA/pango_cpu/source/core/defines.v
Parsing done.
Executing : .rtl_analyze -work work -include_path {D:/FPGA/TSP_RISC-V-2.4/FPGA/pango_cpu} D:/FPGA/TSP_RISC-V-2.4/FPGA/pango_cpu/source/core/defines.v successfully.
Executing : .rtl_analyze -work work -include_path {D:/FPGA/TSP_RISC-V-2.4/FPGA/pango_cpu} D:/FPGA/TSP_RISC-V-2.4/FPGA/pango_cpu/source/core/dff.v
I: Verilog-0001: Analyzing file D:/FPGA/TSP_RISC-V-2.4/FPGA/pango_cpu/source/core/dff.v
I: Found Verilog include file D:/FPGA/TSP_RISC-V-2.4/FPGA/pango_cpu/source/core/defines.v
W: Public-4030: File 'D:/FPGA/TSP_RISC-V-2.4/FPGA/pango_cpu/source/core/defines.v' has been added. It is skipped.
I: Verilog-0002: [D:/FPGA/TSP_RISC-V-2.4/FPGA/pango_cpu/source/core/dff.v(line number: 4)] Analyzing module REGs_WLWR (library work)
I: Verilog-0002: [D:/FPGA/TSP_RISC-V-2.4/FPGA/pango_cpu/source/core/dff.v(line number: 25)] Analyzing module REGs_WLNR (library work)
I: Verilog-0002: [D:/FPGA/TSP_RISC-V-2.4/FPGA/pango_cpu/source/core/dff.v(line number: 42)] Analyzing module REGs_NLWR (library work)
I: Verilog-0002: [D:/FPGA/TSP_RISC-V-2.4/FPGA/pango_cpu/source/core/dff.v(line number: 62)] Analyzing module REGs_NLNR (library work)
Parsing done.
Executing : .rtl_analyze -work work -include_path {D:/FPGA/TSP_RISC-V-2.4/FPGA/pango_cpu} D:/FPGA/TSP_RISC-V-2.4/FPGA/pango_cpu/source/core/dff.v successfully.
Executing : .rtl_analyze -work work -include_path {D:/FPGA/TSP_RISC-V-2.4/FPGA/pango_cpu} D:/FPGA/TSP_RISC-V-2.4/FPGA/pango_cpu/source/core/disp_exu.v
I: Verilog-0001: Analyzing file D:/FPGA/TSP_RISC-V-2.4/FPGA/pango_cpu/source/core/disp_exu.v
I: Found Verilog include file D:/FPGA/TSP_RISC-V-2.4/FPGA/pango_cpu/source/core/defines.v
W: Public-4030: File 'D:/FPGA/TSP_RISC-V-2.4/FPGA/pango_cpu/source/core/defines.v' has been added. It is skipped.
I: Verilog-0002: [D:/FPGA/TSP_RISC-V-2.4/FPGA/pango_cpu/source/core/disp_exu.v(line number: 3)] Analyzing module TSP_Disp_Exu (library work)
Parsing done.
Executing : .rtl_analyze -work work -include_path {D:/FPGA/TSP_RISC-V-2.4/FPGA/pango_cpu} D:/FPGA/TSP_RISC-V-2.4/FPGA/pango_cpu/source/core/disp_exu.v successfully.
Executing : .rtl_analyze -work work -include_path {D:/FPGA/TSP_RISC-V-2.4/FPGA/pango_cpu} D:/FPGA/TSP_RISC-V-2.4/FPGA/pango_cpu/source/core/exu_bjp.v
I: Verilog-0001: Analyzing file D:/FPGA/TSP_RISC-V-2.4/FPGA/pango_cpu/source/core/exu_bjp.v
I: Found Verilog include file D:/FPGA/TSP_RISC-V-2.4/FPGA/pango_cpu/source/core/defines.v
W: Public-4030: File 'D:/FPGA/TSP_RISC-V-2.4/FPGA/pango_cpu/source/core/defines.v' has been added. It is skipped.
I: Verilog-0002: [D:/FPGA/TSP_RISC-V-2.4/FPGA/pango_cpu/source/core/exu_bjp.v(line number: 3)] Analyzing module Exu_bjp (library work)
Parsing done.
Executing : .rtl_analyze -work work -include_path {D:/FPGA/TSP_RISC-V-2.4/FPGA/pango_cpu} D:/FPGA/TSP_RISC-V-2.4/FPGA/pango_cpu/source/core/exu_bjp.v successfully.
Executing : .rtl_analyze -work work -include_path {D:/FPGA/TSP_RISC-V-2.4/FPGA/pango_cpu} D:/FPGA/TSP_RISC-V-2.4/FPGA/pango_cpu/source/core/exu_common.v
I: Verilog-0001: Analyzing file D:/FPGA/TSP_RISC-V-2.4/FPGA/pango_cpu/source/core/exu_common.v
I: Found Verilog include file D:/FPGA/TSP_RISC-V-2.4/FPGA/pango_cpu/source/core/defines.v
W: Public-4030: File 'D:/FPGA/TSP_RISC-V-2.4/FPGA/pango_cpu/source/core/defines.v' has been added. It is skipped.
I: Verilog-0002: [D:/FPGA/TSP_RISC-V-2.4/FPGA/pango_cpu/source/core/exu_common.v(line number: 3)] Analyzing module TSP_Exu_common (library work)
Parsing done.
Executing : .rtl_analyze -work work -include_path {D:/FPGA/TSP_RISC-V-2.4/FPGA/pango_cpu} D:/FPGA/TSP_RISC-V-2.4/FPGA/pango_cpu/source/core/exu_common.v successfully.
Executing : .rtl_analyze -work work -include_path {D:/FPGA/TSP_RISC-V-2.4/FPGA/pango_cpu} D:/FPGA/TSP_RISC-V-2.4/FPGA/pango_cpu/source/core/exu_ls.v
I: Verilog-0001: Analyzing file D:/FPGA/TSP_RISC-V-2.4/FPGA/pango_cpu/source/core/exu_ls.v
I: Found Verilog include file D:/FPGA/TSP_RISC-V-2.4/FPGA/pango_cpu/source/core/defines.v
W: Public-4030: File 'D:/FPGA/TSP_RISC-V-2.4/FPGA/pango_cpu/source/core/defines.v' has been added. It is skipped.
I: Verilog-0002: [D:/FPGA/TSP_RISC-V-2.4/FPGA/pango_cpu/source/core/exu_ls.v(line number: 3)] Analyzing module TSP_Exu_ls (library work)
Parsing done.
Executing : .rtl_analyze -work work -include_path {D:/FPGA/TSP_RISC-V-2.4/FPGA/pango_cpu} D:/FPGA/TSP_RISC-V-2.4/FPGA/pango_cpu/source/core/exu_ls.v successfully.
Executing : .rtl_analyze -work work -include_path {D:/FPGA/TSP_RISC-V-2.4/FPGA/pango_cpu} D:/FPGA/TSP_RISC-V-2.4/FPGA/pango_cpu/source/core/exu_muldiv.v
I: Verilog-0001: Analyzing file D:/FPGA/TSP_RISC-V-2.4/FPGA/pango_cpu/source/core/exu_muldiv.v
I: Found Verilog include file D:/FPGA/TSP_RISC-V-2.4/FPGA/pango_cpu/source/core/defines.v
W: Public-4030: File 'D:/FPGA/TSP_RISC-V-2.4/FPGA/pango_cpu/source/core/defines.v' has been added. It is skipped.
I: Verilog-0002: [D:/FPGA/TSP_RISC-V-2.4/FPGA/pango_cpu/source/core/exu_muldiv.v(line number: 3)] Analyzing module TSP_Exu_muldiv (library work)
I: Verilog-0002: [D:/FPGA/TSP_RISC-V-2.4/FPGA/pango_cpu/source/core/exu_muldiv.v(line number: 128)] Analyzing module Simple_Multiplier_32 (library work)
I: Verilog-0002: [D:/FPGA/TSP_RISC-V-2.4/FPGA/pango_cpu/source/core/exu_muldiv.v(line number: 174)] Analyzing module Simple_Divider_32 (library work)
Parsing done.
Executing : .rtl_analyze -work work -include_path {D:/FPGA/TSP_RISC-V-2.4/FPGA/pango_cpu} D:/FPGA/TSP_RISC-V-2.4/FPGA/pango_cpu/source/core/exu_muldiv.v successfully.
Executing : .rtl_analyze -work work -include_path {D:/FPGA/TSP_RISC-V-2.4/FPGA/pango_cpu} D:/FPGA/TSP_RISC-V-2.4/FPGA/pango_cpu/source/core/idec.v
I: Verilog-0001: Analyzing file D:/FPGA/TSP_RISC-V-2.4/FPGA/pango_cpu/source/core/idec.v
I: Found Verilog include file D:/FPGA/TSP_RISC-V-2.4/FPGA/pango_cpu/source/core/defines.v
W: Public-4030: File 'D:/FPGA/TSP_RISC-V-2.4/FPGA/pango_cpu/source/core/defines.v' has been added. It is skipped.
I: Verilog-0002: [D:/FPGA/TSP_RISC-V-2.4/FPGA/pango_cpu/source/core/idec.v(line number: 6)] Analyzing module TSP_Idec (library work)
Parsing done.
Executing : .rtl_analyze -work work -include_path {D:/FPGA/TSP_RISC-V-2.4/FPGA/pango_cpu} D:/FPGA/TSP_RISC-V-2.4/FPGA/pango_cpu/source/core/idec.v successfully.
Executing : .rtl_analyze -work work -include_path {D:/FPGA/TSP_RISC-V-2.4/FPGA/pango_cpu} D:/FPGA/TSP_RISC-V-2.4/FPGA/pango_cpu/source/core/Ifu.v
I: Verilog-0001: Analyzing file D:/FPGA/TSP_RISC-V-2.4/FPGA/pango_cpu/source/core/Ifu.v
I: Found Verilog include file D:/FPGA/TSP_RISC-V-2.4/FPGA/pango_cpu/source/core/defines.v
W: Public-4030: File 'D:/FPGA/TSP_RISC-V-2.4/FPGA/pango_cpu/source/core/defines.v' has been added. It is skipped.
I: Verilog-0002: [D:/FPGA/TSP_RISC-V-2.4/FPGA/pango_cpu/source/core/Ifu.v(line number: 3)] Analyzing module TSP_Ifu (library work)
Parsing done.
Executing : .rtl_analyze -work work -include_path {D:/FPGA/TSP_RISC-V-2.4/FPGA/pango_cpu} D:/FPGA/TSP_RISC-V-2.4/FPGA/pango_cpu/source/core/Ifu.v successfully.
Executing : .rtl_analyze -work work -include_path {D:/FPGA/TSP_RISC-V-2.4/FPGA/pango_cpu} D:/FPGA/TSP_RISC-V-2.4/FPGA/pango_cpu/source/core/ls_ctrl.v
I: Verilog-0001: Analyzing file D:/FPGA/TSP_RISC-V-2.4/FPGA/pango_cpu/source/core/ls_ctrl.v
I: Found Verilog include file D:/FPGA/TSP_RISC-V-2.4/FPGA/pango_cpu/source/core/defines.v
W: Public-4030: File 'D:/FPGA/TSP_RISC-V-2.4/FPGA/pango_cpu/source/core/defines.v' has been added. It is skipped.
I: Verilog-0002: [D:/FPGA/TSP_RISC-V-2.4/FPGA/pango_cpu/source/core/ls_ctrl.v(line number: 3)] Analyzing module ls_ctrl (library work)
Parsing done.
Executing : .rtl_analyze -work work -include_path {D:/FPGA/TSP_RISC-V-2.4/FPGA/pango_cpu} D:/FPGA/TSP_RISC-V-2.4/FPGA/pango_cpu/source/core/ls_ctrl.v successfully.
Executing : .rtl_analyze -work work -include_path {D:/FPGA/TSP_RISC-V-2.4/FPGA/pango_cpu} D:/FPGA/TSP_RISC-V-2.4/FPGA/pango_cpu/source/core/PC_control.v
I: Verilog-0001: Analyzing file D:/FPGA/TSP_RISC-V-2.4/FPGA/pango_cpu/source/core/PC_control.v
I: Found Verilog include file D:/FPGA/TSP_RISC-V-2.4/FPGA/pango_cpu/source/core/defines.v
W: Public-4030: File 'D:/FPGA/TSP_RISC-V-2.4/FPGA/pango_cpu/source/core/defines.v' has been added. It is skipped.
I: Verilog-0002: [D:/FPGA/TSP_RISC-V-2.4/FPGA/pango_cpu/source/core/PC_control.v(line number: 4)] Analyzing module PC_control (library work)
Parsing done.
Executing : .rtl_analyze -work work -include_path {D:/FPGA/TSP_RISC-V-2.4/FPGA/pango_cpu} D:/FPGA/TSP_RISC-V-2.4/FPGA/pango_cpu/source/core/PC_control.v successfully.
Executing : .rtl_analyze -work work -include_path {D:/FPGA/TSP_RISC-V-2.4/FPGA/pango_cpu} D:/FPGA/TSP_RISC-V-2.4/FPGA/pango_cpu/source/core/regfiles.v
I: Verilog-0001: Analyzing file D:/FPGA/TSP_RISC-V-2.4/FPGA/pango_cpu/source/core/regfiles.v
I: Found Verilog include file D:/FPGA/TSP_RISC-V-2.4/FPGA/pango_cpu/source/core/defines.v
W: Public-4030: File 'D:/FPGA/TSP_RISC-V-2.4/FPGA/pango_cpu/source/core/defines.v' has been added. It is skipped.
I: Verilog-0002: [D:/FPGA/TSP_RISC-V-2.4/FPGA/pango_cpu/source/core/regfiles.v(line number: 3)] Analyzing module TSP_Regfiles (library work)
Parsing done.
Executing : .rtl_analyze -work work -include_path {D:/FPGA/TSP_RISC-V-2.4/FPGA/pango_cpu} D:/FPGA/TSP_RISC-V-2.4/FPGA/pango_cpu/source/core/regfiles.v successfully.
Executing : .rtl_analyze -work work -include_path {D:/FPGA/TSP_RISC-V-2.4/FPGA/pango_cpu} D:/FPGA/TSP_RISC-V-2.4/FPGA/pango_cpu/source/core/wb_arbiter.v
I: Verilog-0001: Analyzing file D:/FPGA/TSP_RISC-V-2.4/FPGA/pango_cpu/source/core/wb_arbiter.v
I: Found Verilog include file D:/FPGA/TSP_RISC-V-2.4/FPGA/pango_cpu/source/core/defines.v
W: Public-4030: File 'D:/FPGA/TSP_RISC-V-2.4/FPGA/pango_cpu/source/core/defines.v' has been added. It is skipped.
I: Verilog-0002: [D:/FPGA/TSP_RISC-V-2.4/FPGA/pango_cpu/source/core/wb_arbiter.v(line number: 3)] Analyzing module TSP_Wb_arbiter (library work)
Parsing done.
Executing : .rtl_analyze -work work -include_path {D:/FPGA/TSP_RISC-V-2.4/FPGA/pango_cpu} D:/FPGA/TSP_RISC-V-2.4/FPGA/pango_cpu/source/core/wb_arbiter.v successfully.
Executing : .rtl_analyze -work work -include_path {D:/FPGA/TSP_RISC-V-2.4/FPGA/pango_cpu} D:/FPGA/TSP_RISC-V-2.4/FPGA/pango_cpu/source/peripheral/AXI_Interconnect.v
I: Verilog-0001: Analyzing file D:/FPGA/TSP_RISC-V-2.4/FPGA/pango_cpu/source/peripheral/AXI_Interconnect.v
I: Found Verilog include file D:/FPGA/TSP_RISC-V-2.4/FPGA/pango_cpu/source/core/defines.v
W: Public-4030: File 'D:/FPGA/TSP_RISC-V-2.4/FPGA/pango_cpu/source/core/defines.v' has been added. It is skipped.
I: Verilog-0002: [D:/FPGA/TSP_RISC-V-2.4/FPGA/pango_cpu/source/peripheral/AXI_Interconnect.v(line number: 3)] Analyzing module TSP_AXI_Interconnect (library work)
Parsing done.
Executing : .rtl_analyze -work work -include_path {D:/FPGA/TSP_RISC-V-2.4/FPGA/pango_cpu} D:/FPGA/TSP_RISC-V-2.4/FPGA/pango_cpu/source/peripheral/AXI_Interconnect.v successfully.
Executing : .rtl_analyze -work work -include_path {D:/FPGA/TSP_RISC-V-2.4/FPGA/pango_cpu} D:/FPGA/TSP_RISC-V-2.4/FPGA/pango_cpu/source/peripheral/soc_top.v
I: Verilog-0001: Analyzing file D:/FPGA/TSP_RISC-V-2.4/FPGA/pango_cpu/source/peripheral/soc_top.v
I: Found Verilog include file D:/FPGA/TSP_RISC-V-2.4/FPGA/pango_cpu/source/core/defines.v
W: Public-4030: File 'D:/FPGA/TSP_RISC-V-2.4/FPGA/pango_cpu/source/core/defines.v' has been added. It is skipped.
I: Verilog-0002: [D:/FPGA/TSP_RISC-V-2.4/FPGA/pango_cpu/source/peripheral/soc_top.v(line number: 3)] Analyzing module SoC_Top (library work)
Parsing done.
Executing : .rtl_analyze -work work -include_path {D:/FPGA/TSP_RISC-V-2.4/FPGA/pango_cpu} D:/FPGA/TSP_RISC-V-2.4/FPGA/pango_cpu/source/peripheral/soc_top.v successfully.
Executing : .rtl_analyze -work work -include_path {D:/FPGA/TSP_RISC-V-2.4/FPGA/pango_cpu} D:/FPGA/TSP_RISC-V-2.4/FPGA/pango_cpu/source/ram/sram.v
I: Verilog-0001: Analyzing file D:/FPGA/TSP_RISC-V-2.4/FPGA/pango_cpu/source/ram/sram.v
I: Found Verilog include file D:/FPGA/TSP_RISC-V-2.4/FPGA/pango_cpu/source/core/defines.v
W: Public-4030: File 'D:/FPGA/TSP_RISC-V-2.4/FPGA/pango_cpu/source/core/defines.v' has been added. It is skipped.
I: Verilog-0002: [D:/FPGA/TSP_RISC-V-2.4/FPGA/pango_cpu/source/ram/sram.v(line number: 4)] Analyzing module TSP_Sram (library work)
Parsing done.
Executing : .rtl_analyze -work work -include_path {D:/FPGA/TSP_RISC-V-2.4/FPGA/pango_cpu} D:/FPGA/TSP_RISC-V-2.4/FPGA/pango_cpu/source/ram/sram.v successfully.
Executing : .rtl_analyze -work work -include_path {D:/FPGA/TSP_RISC-V-2.4/FPGA/pango_cpu} D:/FPGA/TSP_RISC-V-2.4/FPGA/pango_cpu/source/uart/uart.v
I: Verilog-0001: Analyzing file D:/FPGA/TSP_RISC-V-2.4/FPGA/pango_cpu/source/uart/uart.v
I: Verilog-0002: [D:/FPGA/TSP_RISC-V-2.4/FPGA/pango_cpu/source/uart/uart.v(line number: 32)] Analyzing module uart (library work)
Parsing done.
Executing : .rtl_analyze -work work -include_path {D:/FPGA/TSP_RISC-V-2.4/FPGA/pango_cpu} D:/FPGA/TSP_RISC-V-2.4/FPGA/pango_cpu/source/uart/uart.v successfully.
Executing : .rtl_analyze -work work -include_path {D:/FPGA/TSP_RISC-V-2.4/FPGA/pango_cpu} D:/FPGA/TSP_RISC-V-2.4/FPGA/pango_cpu/source/uart/uart_axi_lite_wrapper.v
I: Verilog-0001: Analyzing file D:/FPGA/TSP_RISC-V-2.4/FPGA/pango_cpu/source/uart/uart_axi_lite_wrapper.v
I: Found Verilog include file D:/FPGA/TSP_RISC-V-2.4/FPGA/pango_cpu/source/core/defines.v
W: Public-4030: File 'D:/FPGA/TSP_RISC-V-2.4/FPGA/pango_cpu/source/core/defines.v' has been added. It is skipped.
I: Verilog-0002: [D:/FPGA/TSP_RISC-V-2.4/FPGA/pango_cpu/source/uart/uart_axi_lite_wrapper.v(line number: 3)] Analyzing module uart_axi_lite_wrapper (library work)
Parsing done.
Executing : .rtl_analyze -work work -include_path {D:/FPGA/TSP_RISC-V-2.4/FPGA/pango_cpu} D:/FPGA/TSP_RISC-V-2.4/FPGA/pango_cpu/source/uart/uart_axi_lite_wrapper.v successfully.
Executing : .rtl_analyze -work work -include_path {D:/FPGA/TSP_RISC-V-2.4/FPGA/pango_cpu} D:/FPGA/TSP_RISC-V-2.4/FPGA/pango_cpu/source/uart/uart_rx.v
I: Verilog-0001: Analyzing file D:/FPGA/TSP_RISC-V-2.4/FPGA/pango_cpu/source/uart/uart_rx.v
I: Verilog-0002: [D:/FPGA/TSP_RISC-V-2.4/FPGA/pango_cpu/source/uart/uart_rx.v(line number: 32)] Analyzing module uart_rx (library work)
Parsing done.
Executing : .rtl_analyze -work work -include_path {D:/FPGA/TSP_RISC-V-2.4/FPGA/pango_cpu} D:/FPGA/TSP_RISC-V-2.4/FPGA/pango_cpu/source/uart/uart_rx.v successfully.
Executing : .rtl_analyze -work work -include_path {D:/FPGA/TSP_RISC-V-2.4/FPGA/pango_cpu} D:/FPGA/TSP_RISC-V-2.4/FPGA/pango_cpu/source/uart/uart_tx.v
I: Verilog-0001: Analyzing file D:/FPGA/TSP_RISC-V-2.4/FPGA/pango_cpu/source/uart/uart_tx.v
I: Verilog-0002: [D:/FPGA/TSP_RISC-V-2.4/FPGA/pango_cpu/source/uart/uart_tx.v(line number: 32)] Analyzing module uart_tx (library work)
Parsing done.
Executing : .rtl_analyze -work work -include_path {D:/FPGA/TSP_RISC-V-2.4/FPGA/pango_cpu} D:/FPGA/TSP_RISC-V-2.4/FPGA/pango_cpu/source/uart/uart_tx.v successfully.
Executing : .rtl_analyze -work work -include_path {D:/FPGA/TSP_RISC-V-2.4/FPGA/pango_cpu} D:/FPGA/TSP_RISC-V-2.4/FPGA/pango_cpu/source/timer/timer.v
I: Verilog-0001: Analyzing file D:/FPGA/TSP_RISC-V-2.4/FPGA/pango_cpu/source/timer/timer.v
I: Found Verilog include file D:/FPGA/TSP_RISC-V-2.4/FPGA/pango_cpu/source/core/defines.v
W: Public-4030: File 'D:/FPGA/TSP_RISC-V-2.4/FPGA/pango_cpu/source/core/defines.v' has been added. It is skipped.
I: Verilog-0002: [D:/FPGA/TSP_RISC-V-2.4/FPGA/pango_cpu/source/timer/timer.v(line number: 40)] Analyzing module timer (library work)
Parsing done.
Executing : .rtl_analyze -work work -include_path {D:/FPGA/TSP_RISC-V-2.4/FPGA/pango_cpu} D:/FPGA/TSP_RISC-V-2.4/FPGA/pango_cpu/source/timer/timer.v successfully.
Executing : .rtl_analyze -include_path {D:/FPGA/TSP_RISC-V-2.4/FPGA/pango_cpu} D:/FPGA/TSP_RISC-V-2.4/FPGA/pango_cpu/ipcore/sys_pll/sys_pll.v
I: Verilog-0001: Analyzing file D:/FPGA/TSP_RISC-V-2.4/FPGA/pango_cpu/ipcore/sys_pll/sys_pll.v
I: Verilog-0002: [D:/FPGA/TSP_RISC-V-2.4/FPGA/pango_cpu/ipcore/sys_pll/sys_pll.v(line number: 18)] Analyzing module sys_pll (library work)
Parsing done.
Executing : .rtl_analyze -include_path {D:/FPGA/TSP_RISC-V-2.4/FPGA/pango_cpu} D:/FPGA/TSP_RISC-V-2.4/FPGA/pango_cpu/ipcore/sys_pll/sys_pll.v successfully.
Executing : .rtl_analyze -include_path {D:/FPGA/TSP_RISC-V-2.4/FPGA/pango_cpu} D:/FPGA/TSP_RISC-V-2.4/FPGA/pango_cpu/ipcore/IRAM/rtl/ipml_dpram_v1_8_IRAM.v
I: Verilog-0001: Analyzing file D:/FPGA/TSP_RISC-V-2.4/FPGA/pango_cpu/ipcore/IRAM/rtl/ipml_dpram_v1_8_IRAM.v
I: Verilog-0002: [D:/FPGA/TSP_RISC-V-2.4/FPGA/pango_cpu/ipcore/IRAM/rtl/ipml_dpram_v1_8_IRAM.v(line number: 17)] Analyzing module ipml_dpram_v1_8_IRAM (library work)
I: Found Verilog include file D:/FPGA/TSP_RISC-V-2.4/FPGA/pango_cpu/ipcore/IRAM/rtl/IRAM_init_param.v
W: Verilog-2008: [D:/FPGA/TSP_RISC-V-2.4/FPGA/pango_cpu/ipcore/IRAM/rtl/ipml_dpram_v1_8_IRAM.v(line number: 243)] Ignore 'system task' $display
W: Verilog-2008: [D:/FPGA/TSP_RISC-V-2.4/FPGA/pango_cpu/ipcore/IRAM/rtl/ipml_dpram_v1_8_IRAM.v(line number: 244)] Ignore 'system task' $finish
W: Verilog-2008: [D:/FPGA/TSP_RISC-V-2.4/FPGA/pango_cpu/ipcore/IRAM/rtl/ipml_dpram_v1_8_IRAM.v(line number: 247)] Ignore 'system task' $display
W: Verilog-2008: [D:/FPGA/TSP_RISC-V-2.4/FPGA/pango_cpu/ipcore/IRAM/rtl/ipml_dpram_v1_8_IRAM.v(line number: 251)] Ignore 'system task' $display
W: Verilog-2008: [D:/FPGA/TSP_RISC-V-2.4/FPGA/pango_cpu/ipcore/IRAM/rtl/ipml_dpram_v1_8_IRAM.v(line number: 255)] Ignore 'system task' $display
W: Verilog-2008: [D:/FPGA/TSP_RISC-V-2.4/FPGA/pango_cpu/ipcore/IRAM/rtl/ipml_dpram_v1_8_IRAM.v(line number: 259)] Ignore 'system task' $display
W: Verilog-2008: [D:/FPGA/TSP_RISC-V-2.4/FPGA/pango_cpu/ipcore/IRAM/rtl/ipml_dpram_v1_8_IRAM.v(line number: 263)] Ignore 'system task' $display
W: Verilog-2008: [D:/FPGA/TSP_RISC-V-2.4/FPGA/pango_cpu/ipcore/IRAM/rtl/ipml_dpram_v1_8_IRAM.v(line number: 264)] Ignore 'system task' $finish
W: Verilog-2008: [D:/FPGA/TSP_RISC-V-2.4/FPGA/pango_cpu/ipcore/IRAM/rtl/ipml_dpram_v1_8_IRAM.v(line number: 267)] Ignore 'system task' $display
W: Verilog-2008: [D:/FPGA/TSP_RISC-V-2.4/FPGA/pango_cpu/ipcore/IRAM/rtl/ipml_dpram_v1_8_IRAM.v(line number: 268)] Ignore 'system task' $finish
W: Verilog-2008: [D:/FPGA/TSP_RISC-V-2.4/FPGA/pango_cpu/ipcore/IRAM/rtl/ipml_dpram_v1_8_IRAM.v(line number: 271)] Ignore 'system task' $display
W: Verilog-2008: [D:/FPGA/TSP_RISC-V-2.4/FPGA/pango_cpu/ipcore/IRAM/rtl/ipml_dpram_v1_8_IRAM.v(line number: 272)] Ignore 'system task' $finish
W: Verilog-2008: [D:/FPGA/TSP_RISC-V-2.4/FPGA/pango_cpu/ipcore/IRAM/rtl/ipml_dpram_v1_8_IRAM.v(line number: 275)] Ignore 'system task' $display
W: Verilog-2008: [D:/FPGA/TSP_RISC-V-2.4/FPGA/pango_cpu/ipcore/IRAM/rtl/ipml_dpram_v1_8_IRAM.v(line number: 276)] Ignore 'system task' $finish
W: Verilog-2008: [D:/FPGA/TSP_RISC-V-2.4/FPGA/pango_cpu/ipcore/IRAM/rtl/ipml_dpram_v1_8_IRAM.v(line number: 279)] Ignore 'system task' $display
W: Verilog-2008: [D:/FPGA/TSP_RISC-V-2.4/FPGA/pango_cpu/ipcore/IRAM/rtl/ipml_dpram_v1_8_IRAM.v(line number: 280)] Ignore 'system task' $finish
W: Verilog-2008: [D:/FPGA/TSP_RISC-V-2.4/FPGA/pango_cpu/ipcore/IRAM/rtl/ipml_dpram_v1_8_IRAM.v(line number: 283)] Ignore 'system task' $display
W: Verilog-2008: [D:/FPGA/TSP_RISC-V-2.4/FPGA/pango_cpu/ipcore/IRAM/rtl/ipml_dpram_v1_8_IRAM.v(line number: 284)] Ignore 'system task' $finish
W: Verilog-2008: [D:/FPGA/TSP_RISC-V-2.4/FPGA/pango_cpu/ipcore/IRAM/rtl/ipml_dpram_v1_8_IRAM.v(line number: 287)] Ignore 'system task' $display
W: Verilog-2008: [D:/FPGA/TSP_RISC-V-2.4/FPGA/pango_cpu/ipcore/IRAM/rtl/ipml_dpram_v1_8_IRAM.v(line number: 288)] Ignore 'system task' $finish
W: Verilog-2008: [D:/FPGA/TSP_RISC-V-2.4/FPGA/pango_cpu/ipcore/IRAM/rtl/ipml_dpram_v1_8_IRAM.v(line number: 291)] Ignore 'system task' $display
W: Verilog-2008: [D:/FPGA/TSP_RISC-V-2.4/FPGA/pango_cpu/ipcore/IRAM/rtl/ipml_dpram_v1_8_IRAM.v(line number: 292)] Ignore 'system task' $finish
W: Verilog-2008: [D:/FPGA/TSP_RISC-V-2.4/FPGA/pango_cpu/ipcore/IRAM/rtl/ipml_dpram_v1_8_IRAM.v(line number: 295)] Ignore 'system task' $display
W: Verilog-2008: [D:/FPGA/TSP_RISC-V-2.4/FPGA/pango_cpu/ipcore/IRAM/rtl/ipml_dpram_v1_8_IRAM.v(line number: 296)] Ignore 'system task' $finish
W: Verilog-2008: [D:/FPGA/TSP_RISC-V-2.4/FPGA/pango_cpu/ipcore/IRAM/rtl/ipml_dpram_v1_8_IRAM.v(line number: 299)] Ignore 'system task' $display
W: Verilog-2008: [D:/FPGA/TSP_RISC-V-2.4/FPGA/pango_cpu/ipcore/IRAM/rtl/ipml_dpram_v1_8_IRAM.v(line number: 300)] Ignore 'system task' $finish
W: Verilog-2008: [D:/FPGA/TSP_RISC-V-2.4/FPGA/pango_cpu/ipcore/IRAM/rtl/ipml_dpram_v1_8_IRAM.v(line number: 303)] Ignore 'system task' $display
W: Verilog-2008: [D:/FPGA/TSP_RISC-V-2.4/FPGA/pango_cpu/ipcore/IRAM/rtl/ipml_dpram_v1_8_IRAM.v(line number: 304)] Ignore 'system task' $finish
W: Verilog-2008: [D:/FPGA/TSP_RISC-V-2.4/FPGA/pango_cpu/ipcore/IRAM/rtl/ipml_dpram_v1_8_IRAM.v(line number: 307)] Ignore 'system task' $display
W: Verilog-2008: [D:/FPGA/TSP_RISC-V-2.4/FPGA/pango_cpu/ipcore/IRAM/rtl/ipml_dpram_v1_8_IRAM.v(line number: 308)] Ignore 'system task' $finish
W: Verilog-2008: [D:/FPGA/TSP_RISC-V-2.4/FPGA/pango_cpu/ipcore/IRAM/rtl/ipml_dpram_v1_8_IRAM.v(line number: 312)] Ignore 'system task' $display
W: Verilog-2008: [D:/FPGA/TSP_RISC-V-2.4/FPGA/pango_cpu/ipcore/IRAM/rtl/ipml_dpram_v1_8_IRAM.v(line number: 313)] Ignore 'system task' $finish
W: Verilog-2008: [D:/FPGA/TSP_RISC-V-2.4/FPGA/pango_cpu/ipcore/IRAM/rtl/ipml_dpram_v1_8_IRAM.v(line number: 316)] Ignore 'system task' $display
W: Verilog-2008: [D:/FPGA/TSP_RISC-V-2.4/FPGA/pango_cpu/ipcore/IRAM/rtl/ipml_dpram_v1_8_IRAM.v(line number: 317)] Ignore 'system task' $finish
W: Verilog-2008: [D:/FPGA/TSP_RISC-V-2.4/FPGA/pango_cpu/ipcore/IRAM/rtl/ipml_dpram_v1_8_IRAM.v(line number: 321)] Ignore 'system task' $display
W: Verilog-2008: [D:/FPGA/TSP_RISC-V-2.4/FPGA/pango_cpu/ipcore/IRAM/rtl/ipml_dpram_v1_8_IRAM.v(line number: 322)] Ignore 'system task' $finish
W: Verilog-2008: [D:/FPGA/TSP_RISC-V-2.4/FPGA/pango_cpu/ipcore/IRAM/rtl/ipml_dpram_v1_8_IRAM.v(line number: 325)] Ignore 'system task' $display
W: Verilog-2008: [D:/FPGA/TSP_RISC-V-2.4/FPGA/pango_cpu/ipcore/IRAM/rtl/ipml_dpram_v1_8_IRAM.v(line number: 326)] Ignore 'system task' $finish
W: Verilog-2008: [D:/FPGA/TSP_RISC-V-2.4/FPGA/pango_cpu/ipcore/IRAM/rtl/ipml_dpram_v1_8_IRAM.v(line number: 329)] Ignore 'system task' $display
W: Verilog-2008: [D:/FPGA/TSP_RISC-V-2.4/FPGA/pango_cpu/ipcore/IRAM/rtl/ipml_dpram_v1_8_IRAM.v(line number: 333)] Ignore 'system task' $display
W: Verilog-2008: [D:/FPGA/TSP_RISC-V-2.4/FPGA/pango_cpu/ipcore/IRAM/rtl/ipml_dpram_v1_8_IRAM.v(line number: 334)] Ignore 'system task' $finish
W: Verilog-2008: [D:/FPGA/TSP_RISC-V-2.4/FPGA/pango_cpu/ipcore/IRAM/rtl/ipml_dpram_v1_8_IRAM.v(line number: 337)] Ignore 'system task' $display
W: Verilog-2008: [D:/FPGA/TSP_RISC-V-2.4/FPGA/pango_cpu/ipcore/IRAM/rtl/ipml_dpram_v1_8_IRAM.v(line number: 338)] Ignore 'system task' $finish
W: Verilog-2008: [D:/FPGA/TSP_RISC-V-2.4/FPGA/pango_cpu/ipcore/IRAM/rtl/ipml_dpram_v1_8_IRAM.v(line number: 341)] Ignore 'system task' $display
W: Verilog-2008: [D:/FPGA/TSP_RISC-V-2.4/FPGA/pango_cpu/ipcore/IRAM/rtl/ipml_dpram_v1_8_IRAM.v(line number: 342)] Ignore 'system task' $finish
W: Verilog-2008: [D:/FPGA/TSP_RISC-V-2.4/FPGA/pango_cpu/ipcore/IRAM/rtl/ipml_dpram_v1_8_IRAM.v(line number: 345)] Ignore 'system task' $display
W: Verilog-2008: [D:/FPGA/TSP_RISC-V-2.4/FPGA/pango_cpu/ipcore/IRAM/rtl/ipml_dpram_v1_8_IRAM.v(line number: 346)] Ignore 'system task' $finish
W: Verilog-2008: [D:/FPGA/TSP_RISC-V-2.4/FPGA/pango_cpu/ipcore/IRAM/rtl/ipml_dpram_v1_8_IRAM.v(line number: 349)] Ignore 'system task' $display
W: Verilog-2008: [D:/FPGA/TSP_RISC-V-2.4/FPGA/pango_cpu/ipcore/IRAM/rtl/ipml_dpram_v1_8_IRAM.v(line number: 350)] Ignore 'system task' $finish
W: Verilog-2008: [D:/FPGA/TSP_RISC-V-2.4/FPGA/pango_cpu/ipcore/IRAM/rtl/ipml_dpram_v1_8_IRAM.v(line number: 355)] Ignore 'system task' $display
W: Verilog-2008: [D:/FPGA/TSP_RISC-V-2.4/FPGA/pango_cpu/ipcore/IRAM/rtl/ipml_dpram_v1_8_IRAM.v(line number: 356)] Ignore 'system task' $finish
W: Verilog-2008: [D:/FPGA/TSP_RISC-V-2.4/FPGA/pango_cpu/ipcore/IRAM/rtl/ipml_dpram_v1_8_IRAM.v(line number: 359)] Ignore 'system task' $display
W: Verilog-2008: [D:/FPGA/TSP_RISC-V-2.4/FPGA/pango_cpu/ipcore/IRAM/rtl/ipml_dpram_v1_8_IRAM.v(line number: 360)] Ignore 'system task' $finish
W: Verilog-2008: [D:/FPGA/TSP_RISC-V-2.4/FPGA/pango_cpu/ipcore/IRAM/rtl/ipml_dpram_v1_8_IRAM.v(line number: 365)] Ignore 'system task' $display
W: Verilog-2008: [D:/FPGA/TSP_RISC-V-2.4/FPGA/pango_cpu/ipcore/IRAM/rtl/ipml_dpram_v1_8_IRAM.v(line number: 366)] Ignore 'system task' $finish
Parsing done.
Executing : .rtl_analyze -include_path {D:/FPGA/TSP_RISC-V-2.4/FPGA/pango_cpu} D:/FPGA/TSP_RISC-V-2.4/FPGA/pango_cpu/ipcore/IRAM/rtl/ipml_dpram_v1_8_IRAM.v successfully.
Executing : .rtl_analyze -include_path {D:/FPGA/TSP_RISC-V-2.4/FPGA/pango_cpu} D:/FPGA/TSP_RISC-V-2.4/FPGA/pango_cpu/ipcore/IRAM/IRAM.v
I: Verilog-0001: Analyzing file D:/FPGA/TSP_RISC-V-2.4/FPGA/pango_cpu/ipcore/IRAM/IRAM.v
I: Verilog-0002: [D:/FPGA/TSP_RISC-V-2.4/FPGA/pango_cpu/ipcore/IRAM/IRAM.v(line number: 16)] Analyzing module IRAM (library work)
Parsing done.
Executing : .rtl_analyze -include_path {D:/FPGA/TSP_RISC-V-2.4/FPGA/pango_cpu} D:/FPGA/TSP_RISC-V-2.4/FPGA/pango_cpu/ipcore/IRAM/IRAM.v successfully.
Executing : .rtl_analyze -include_path {D:/FPGA/TSP_RISC-V-2.4/FPGA/pango_cpu} D:/FPGA/TSP_RISC-V-2.4/FPGA/pango_cpu/ipcore/SRAM/rtl/ipml_dpram_v1_8_SRAM.v
I: Verilog-0001: Analyzing file D:/FPGA/TSP_RISC-V-2.4/FPGA/pango_cpu/ipcore/SRAM/rtl/ipml_dpram_v1_8_SRAM.v
I: Verilog-0002: [D:/FPGA/TSP_RISC-V-2.4/FPGA/pango_cpu/ipcore/SRAM/rtl/ipml_dpram_v1_8_SRAM.v(line number: 17)] Analyzing module ipml_dpram_v1_8_SRAM (library work)
W: Verilog-2008: [D:/FPGA/TSP_RISC-V-2.4/FPGA/pango_cpu/ipcore/SRAM/rtl/ipml_dpram_v1_8_SRAM.v(line number: 241)] Ignore 'system task' $display
W: Verilog-2008: [D:/FPGA/TSP_RISC-V-2.4/FPGA/pango_cpu/ipcore/SRAM/rtl/ipml_dpram_v1_8_SRAM.v(line number: 242)] Ignore 'system task' $finish
W: Verilog-2008: [D:/FPGA/TSP_RISC-V-2.4/FPGA/pango_cpu/ipcore/SRAM/rtl/ipml_dpram_v1_8_SRAM.v(line number: 245)] Ignore 'system task' $display
W: Verilog-2008: [D:/FPGA/TSP_RISC-V-2.4/FPGA/pango_cpu/ipcore/SRAM/rtl/ipml_dpram_v1_8_SRAM.v(line number: 249)] Ignore 'system task' $display
W: Verilog-2008: [D:/FPGA/TSP_RISC-V-2.4/FPGA/pango_cpu/ipcore/SRAM/rtl/ipml_dpram_v1_8_SRAM.v(line number: 253)] Ignore 'system task' $display
W: Verilog-2008: [D:/FPGA/TSP_RISC-V-2.4/FPGA/pango_cpu/ipcore/SRAM/rtl/ipml_dpram_v1_8_SRAM.v(line number: 257)] Ignore 'system task' $display
W: Verilog-2008: [D:/FPGA/TSP_RISC-V-2.4/FPGA/pango_cpu/ipcore/SRAM/rtl/ipml_dpram_v1_8_SRAM.v(line number: 261)] Ignore 'system task' $display
W: Verilog-2008: [D:/FPGA/TSP_RISC-V-2.4/FPGA/pango_cpu/ipcore/SRAM/rtl/ipml_dpram_v1_8_SRAM.v(line number: 262)] Ignore 'system task' $finish
W: Verilog-2008: [D:/FPGA/TSP_RISC-V-2.4/FPGA/pango_cpu/ipcore/SRAM/rtl/ipml_dpram_v1_8_SRAM.v(line number: 265)] Ignore 'system task' $display
W: Verilog-2008: [D:/FPGA/TSP_RISC-V-2.4/FPGA/pango_cpu/ipcore/SRAM/rtl/ipml_dpram_v1_8_SRAM.v(line number: 266)] Ignore 'system task' $finish
W: Verilog-2008: [D:/FPGA/TSP_RISC-V-2.4/FPGA/pango_cpu/ipcore/SRAM/rtl/ipml_dpram_v1_8_SRAM.v(line number: 269)] Ignore 'system task' $display
W: Verilog-2008: [D:/FPGA/TSP_RISC-V-2.4/FPGA/pango_cpu/ipcore/SRAM/rtl/ipml_dpram_v1_8_SRAM.v(line number: 270)] Ignore 'system task' $finish
W: Verilog-2008: [D:/FPGA/TSP_RISC-V-2.4/FPGA/pango_cpu/ipcore/SRAM/rtl/ipml_dpram_v1_8_SRAM.v(line number: 273)] Ignore 'system task' $display
W: Verilog-2008: [D:/FPGA/TSP_RISC-V-2.4/FPGA/pango_cpu/ipcore/SRAM/rtl/ipml_dpram_v1_8_SRAM.v(line number: 274)] Ignore 'system task' $finish
W: Verilog-2008: [D:/FPGA/TSP_RISC-V-2.4/FPGA/pango_cpu/ipcore/SRAM/rtl/ipml_dpram_v1_8_SRAM.v(line number: 277)] Ignore 'system task' $display
W: Verilog-2008: [D:/FPGA/TSP_RISC-V-2.4/FPGA/pango_cpu/ipcore/SRAM/rtl/ipml_dpram_v1_8_SRAM.v(line number: 278)] Ignore 'system task' $finish
W: Verilog-2008: [D:/FPGA/TSP_RISC-V-2.4/FPGA/pango_cpu/ipcore/SRAM/rtl/ipml_dpram_v1_8_SRAM.v(line number: 281)] Ignore 'system task' $display
W: Verilog-2008: [D:/FPGA/TSP_RISC-V-2.4/FPGA/pango_cpu/ipcore/SRAM/rtl/ipml_dpram_v1_8_SRAM.v(line number: 282)] Ignore 'system task' $finish
W: Verilog-2008: [D:/FPGA/TSP_RISC-V-2.4/FPGA/pango_cpu/ipcore/SRAM/rtl/ipml_dpram_v1_8_SRAM.v(line number: 285)] Ignore 'system task' $display
W: Verilog-2008: [D:/FPGA/TSP_RISC-V-2.4/FPGA/pango_cpu/ipcore/SRAM/rtl/ipml_dpram_v1_8_SRAM.v(line number: 286)] Ignore 'system task' $finish
W: Verilog-2008: [D:/FPGA/TSP_RISC-V-2.4/FPGA/pango_cpu/ipcore/SRAM/rtl/ipml_dpram_v1_8_SRAM.v(line number: 289)] Ignore 'system task' $display
W: Verilog-2008: [D:/FPGA/TSP_RISC-V-2.4/FPGA/pango_cpu/ipcore/SRAM/rtl/ipml_dpram_v1_8_SRAM.v(line number: 290)] Ignore 'system task' $finish
W: Verilog-2008: [D:/FPGA/TSP_RISC-V-2.4/FPGA/pango_cpu/ipcore/SRAM/rtl/ipml_dpram_v1_8_SRAM.v(line number: 293)] Ignore 'system task' $display
W: Verilog-2008: [D:/FPGA/TSP_RISC-V-2.4/FPGA/pango_cpu/ipcore/SRAM/rtl/ipml_dpram_v1_8_SRAM.v(line number: 294)] Ignore 'system task' $finish
W: Verilog-2008: [D:/FPGA/TSP_RISC-V-2.4/FPGA/pango_cpu/ipcore/SRAM/rtl/ipml_dpram_v1_8_SRAM.v(line number: 297)] Ignore 'system task' $display
W: Verilog-2008: [D:/FPGA/TSP_RISC-V-2.4/FPGA/pango_cpu/ipcore/SRAM/rtl/ipml_dpram_v1_8_SRAM.v(line number: 298)] Ignore 'system task' $finish
W: Verilog-2008: [D:/FPGA/TSP_RISC-V-2.4/FPGA/pango_cpu/ipcore/SRAM/rtl/ipml_dpram_v1_8_SRAM.v(line number: 301)] Ignore 'system task' $display
W: Verilog-2008: [D:/FPGA/TSP_RISC-V-2.4/FPGA/pango_cpu/ipcore/SRAM/rtl/ipml_dpram_v1_8_SRAM.v(line number: 302)] Ignore 'system task' $finish
W: Verilog-2008: [D:/FPGA/TSP_RISC-V-2.4/FPGA/pango_cpu/ipcore/SRAM/rtl/ipml_dpram_v1_8_SRAM.v(line number: 305)] Ignore 'system task' $display
W: Verilog-2008: [D:/FPGA/TSP_RISC-V-2.4/FPGA/pango_cpu/ipcore/SRAM/rtl/ipml_dpram_v1_8_SRAM.v(line number: 306)] Ignore 'system task' $finish
W: Verilog-2008: [D:/FPGA/TSP_RISC-V-2.4/FPGA/pango_cpu/ipcore/SRAM/rtl/ipml_dpram_v1_8_SRAM.v(line number: 310)] Ignore 'system task' $display
W: Verilog-2008: [D:/FPGA/TSP_RISC-V-2.4/FPGA/pango_cpu/ipcore/SRAM/rtl/ipml_dpram_v1_8_SRAM.v(line number: 311)] Ignore 'system task' $finish
W: Verilog-2008: [D:/FPGA/TSP_RISC-V-2.4/FPGA/pango_cpu/ipcore/SRAM/rtl/ipml_dpram_v1_8_SRAM.v(line number: 314)] Ignore 'system task' $display
W: Verilog-2008: [D:/FPGA/TSP_RISC-V-2.4/FPGA/pango_cpu/ipcore/SRAM/rtl/ipml_dpram_v1_8_SRAM.v(line number: 315)] Ignore 'system task' $finish
W: Verilog-2008: [D:/FPGA/TSP_RISC-V-2.4/FPGA/pango_cpu/ipcore/SRAM/rtl/ipml_dpram_v1_8_SRAM.v(line number: 319)] Ignore 'system task' $display
W: Verilog-2008: [D:/FPGA/TSP_RISC-V-2.4/FPGA/pango_cpu/ipcore/SRAM/rtl/ipml_dpram_v1_8_SRAM.v(line number: 320)] Ignore 'system task' $finish
W: Verilog-2008: [D:/FPGA/TSP_RISC-V-2.4/FPGA/pango_cpu/ipcore/SRAM/rtl/ipml_dpram_v1_8_SRAM.v(line number: 323)] Ignore 'system task' $display
W: Verilog-2008: [D:/FPGA/TSP_RISC-V-2.4/FPGA/pango_cpu/ipcore/SRAM/rtl/ipml_dpram_v1_8_SRAM.v(line number: 324)] Ignore 'system task' $finish
W: Verilog-2008: [D:/FPGA/TSP_RISC-V-2.4/FPGA/pango_cpu/ipcore/SRAM/rtl/ipml_dpram_v1_8_SRAM.v(line number: 327)] Ignore 'system task' $display
W: Verilog-2008: [D:/FPGA/TSP_RISC-V-2.4/FPGA/pango_cpu/ipcore/SRAM/rtl/ipml_dpram_v1_8_SRAM.v(line number: 331)] Ignore 'system task' $display
W: Verilog-2008: [D:/FPGA/TSP_RISC-V-2.4/FPGA/pango_cpu/ipcore/SRAM/rtl/ipml_dpram_v1_8_SRAM.v(line number: 332)] Ignore 'system task' $finish
W: Verilog-2008: [D:/FPGA/TSP_RISC-V-2.4/FPGA/pango_cpu/ipcore/SRAM/rtl/ipml_dpram_v1_8_SRAM.v(line number: 335)] Ignore 'system task' $display
W: Verilog-2008: [D:/FPGA/TSP_RISC-V-2.4/FPGA/pango_cpu/ipcore/SRAM/rtl/ipml_dpram_v1_8_SRAM.v(line number: 336)] Ignore 'system task' $finish
W: Verilog-2008: [D:/FPGA/TSP_RISC-V-2.4/FPGA/pango_cpu/ipcore/SRAM/rtl/ipml_dpram_v1_8_SRAM.v(line number: 339)] Ignore 'system task' $display
W: Verilog-2008: [D:/FPGA/TSP_RISC-V-2.4/FPGA/pango_cpu/ipcore/SRAM/rtl/ipml_dpram_v1_8_SRAM.v(line number: 340)] Ignore 'system task' $finish
W: Verilog-2008: [D:/FPGA/TSP_RISC-V-2.4/FPGA/pango_cpu/ipcore/SRAM/rtl/ipml_dpram_v1_8_SRAM.v(line number: 343)] Ignore 'system task' $display
W: Verilog-2008: [D:/FPGA/TSP_RISC-V-2.4/FPGA/pango_cpu/ipcore/SRAM/rtl/ipml_dpram_v1_8_SRAM.v(line number: 344)] Ignore 'system task' $finish
W: Verilog-2008: [D:/FPGA/TSP_RISC-V-2.4/FPGA/pango_cpu/ipcore/SRAM/rtl/ipml_dpram_v1_8_SRAM.v(line number: 347)] Ignore 'system task' $display
W: Verilog-2008: [D:/FPGA/TSP_RISC-V-2.4/FPGA/pango_cpu/ipcore/SRAM/rtl/ipml_dpram_v1_8_SRAM.v(line number: 348)] Ignore 'system task' $finish
W: Verilog-2008: [D:/FPGA/TSP_RISC-V-2.4/FPGA/pango_cpu/ipcore/SRAM/rtl/ipml_dpram_v1_8_SRAM.v(line number: 353)] Ignore 'system task' $display
W: Verilog-2008: [D:/FPGA/TSP_RISC-V-2.4/FPGA/pango_cpu/ipcore/SRAM/rtl/ipml_dpram_v1_8_SRAM.v(line number: 354)] Ignore 'system task' $finish
W: Verilog-2008: [D:/FPGA/TSP_RISC-V-2.4/FPGA/pango_cpu/ipcore/SRAM/rtl/ipml_dpram_v1_8_SRAM.v(line number: 357)] Ignore 'system task' $display
W: Verilog-2008: [D:/FPGA/TSP_RISC-V-2.4/FPGA/pango_cpu/ipcore/SRAM/rtl/ipml_dpram_v1_8_SRAM.v(line number: 358)] Ignore 'system task' $finish
W: Verilog-2008: [D:/FPGA/TSP_RISC-V-2.4/FPGA/pango_cpu/ipcore/SRAM/rtl/ipml_dpram_v1_8_SRAM.v(line number: 363)] Ignore 'system task' $display
W: Verilog-2008: [D:/FPGA/TSP_RISC-V-2.4/FPGA/pango_cpu/ipcore/SRAM/rtl/ipml_dpram_v1_8_SRAM.v(line number: 364)] Ignore 'system task' $finish
Parsing done.
Executing : .rtl_analyze -include_path {D:/FPGA/TSP_RISC-V-2.4/FPGA/pango_cpu} D:/FPGA/TSP_RISC-V-2.4/FPGA/pango_cpu/ipcore/SRAM/rtl/ipml_dpram_v1_8_SRAM.v successfully.
Executing : .rtl_analyze -include_path {D:/FPGA/TSP_RISC-V-2.4/FPGA/pango_cpu} D:/FPGA/TSP_RISC-V-2.4/FPGA/pango_cpu/ipcore/SRAM/SRAM.v
I: Verilog-0001: Analyzing file D:/FPGA/TSP_RISC-V-2.4/FPGA/pango_cpu/ipcore/SRAM/SRAM.v
I: Verilog-0002: [D:/FPGA/TSP_RISC-V-2.4/FPGA/pango_cpu/ipcore/SRAM/SRAM.v(line number: 16)] Analyzing module SRAM (library work)
Parsing done.
Executing : .rtl_analyze -include_path {D:/FPGA/TSP_RISC-V-2.4/FPGA/pango_cpu} D:/FPGA/TSP_RISC-V-2.4/FPGA/pango_cpu/ipcore/SRAM/SRAM.v successfully.
I: Module "SoC_Top" is set as top module.
Executing : rtl-analyze successfully. Time elapsed: 1.511s wall, 0.016s user + 0.016s system = 0.031s CPU (2.1%)

Start rtl-elaborate.
I: Verilog-0003: [D:/FPGA/TSP_RISC-V-2.4/FPGA/pango_cpu/source/peripheral/soc_top.v(line number: 3)] Elaborating module SoC_Top
I: Verilog-0004: [D:/FPGA/TSP_RISC-V-2.4/FPGA/pango_cpu/source/peripheral/soc_top.v(line number: 19)] Elaborating instance u_sys_pll
I: Verilog-0003: [D:/FPGA/TSP_RISC-V-2.4/FPGA/pango_cpu/ipcore/sys_pll/sys_pll.v(line number: 18)] Elaborating module sys_pll
I: Verilog-0004: [D:/FPGA/TSP_RISC-V-2.4/FPGA/pango_cpu/ipcore/sys_pll/sys_pll.v(line number: 228)] Elaborating instance u_pll_e3
W: Verilog-2021: [D:/FPGA/TSP_RISC-V-2.4/FPGA/pango_cpu/ipcore/sys_pll/sys_pll.v(line number: 115)] Net clkfb in sys_pll(original module sys_pll) does not have a driver, tie it to 0
W: Verilog-2021: [D:/FPGA/TSP_RISC-V-2.4/FPGA/pango_cpu/ipcore/sys_pll/sys_pll.v(line number: 118)] Net pfden in sys_pll(original module sys_pll) does not have a driver, tie it to 0
W: Verilog-2021: [D:/FPGA/TSP_RISC-V-2.4/FPGA/pango_cpu/ipcore/sys_pll/sys_pll.v(line number: 119)] Net clkout0_gate in sys_pll(original module sys_pll) does not have a driver, tie it to 0
W: Verilog-2021: [D:/FPGA/TSP_RISC-V-2.4/FPGA/pango_cpu/ipcore/sys_pll/sys_pll.v(line number: 120)] Net clkout0_2pad_gate in sys_pll(original module sys_pll) does not have a driver, tie it to 0
W: Verilog-2021: [D:/FPGA/TSP_RISC-V-2.4/FPGA/pango_cpu/ipcore/sys_pll/sys_pll.v(line number: 121)] Net clkout1_gate in sys_pll(original module sys_pll) does not have a driver, tie it to 0
W: Verilog-2021: [D:/FPGA/TSP_RISC-V-2.4/FPGA/pango_cpu/ipcore/sys_pll/sys_pll.v(line number: 122)] Net clkout2_gate in sys_pll(original module sys_pll) does not have a driver, tie it to 0
W: Verilog-2021: [D:/FPGA/TSP_RISC-V-2.4/FPGA/pango_cpu/ipcore/sys_pll/sys_pll.v(line number: 123)] Net clkout3_gate in sys_pll(original module sys_pll) does not have a driver, tie it to 0
W: Verilog-2021: [D:/FPGA/TSP_RISC-V-2.4/FPGA/pango_cpu/ipcore/sys_pll/sys_pll.v(line number: 124)] Net clkout4_gate in sys_pll(original module sys_pll) does not have a driver, tie it to 0
W: Verilog-2021: [D:/FPGA/TSP_RISC-V-2.4/FPGA/pango_cpu/ipcore/sys_pll/sys_pll.v(line number: 125)] Net clkout5_gate in sys_pll(original module sys_pll) does not have a driver, tie it to 0
W: Verilog-2021: [D:/FPGA/TSP_RISC-V-2.4/FPGA/pango_cpu/ipcore/sys_pll/sys_pll.v(line number: 126)] Net dyn_idiv in sys_pll(original module sys_pll) does not have a driver, tie it to 0
W: Verilog-2021: [D:/FPGA/TSP_RISC-V-2.4/FPGA/pango_cpu/ipcore/sys_pll/sys_pll.v(line number: 127)] Net dyn_odiv0 in sys_pll(original module sys_pll) does not have a driver, tie it to 0
W: Verilog-2021: [D:/FPGA/TSP_RISC-V-2.4/FPGA/pango_cpu/ipcore/sys_pll/sys_pll.v(line number: 128)] Net dyn_odiv1 in sys_pll(original module sys_pll) does not have a driver, tie it to 0
W: Verilog-2021: [D:/FPGA/TSP_RISC-V-2.4/FPGA/pango_cpu/ipcore/sys_pll/sys_pll.v(line number: 129)] Net dyn_odiv2 in sys_pll(original module sys_pll) does not have a driver, tie it to 0
W: Verilog-2021: [D:/FPGA/TSP_RISC-V-2.4/FPGA/pango_cpu/ipcore/sys_pll/sys_pll.v(line number: 130)] Net dyn_odiv3 in sys_pll(original module sys_pll) does not have a driver, tie it to 0
W: Verilog-2021: [D:/FPGA/TSP_RISC-V-2.4/FPGA/pango_cpu/ipcore/sys_pll/sys_pll.v(line number: 131)] Net dyn_odiv4 in sys_pll(original module sys_pll) does not have a driver, tie it to 0
W: Verilog-2021: [D:/FPGA/TSP_RISC-V-2.4/FPGA/pango_cpu/ipcore/sys_pll/sys_pll.v(line number: 132)] Net dyn_fdiv in sys_pll(original module sys_pll) does not have a driver, tie it to 0
W: Verilog-2021: [D:/FPGA/TSP_RISC-V-2.4/FPGA/pango_cpu/ipcore/sys_pll/sys_pll.v(line number: 133)] Net dyn_duty0 in sys_pll(original module sys_pll) does not have a driver, tie it to 0
W: Verilog-2021: [D:/FPGA/TSP_RISC-V-2.4/FPGA/pango_cpu/ipcore/sys_pll/sys_pll.v(line number: 134)] Net dyn_duty1 in sys_pll(original module sys_pll) does not have a driver, tie it to 0
W: Verilog-2021: [D:/FPGA/TSP_RISC-V-2.4/FPGA/pango_cpu/ipcore/sys_pll/sys_pll.v(line number: 135)] Net dyn_duty2 in sys_pll(original module sys_pll) does not have a driver, tie it to 0
W: Verilog-2021: [D:/FPGA/TSP_RISC-V-2.4/FPGA/pango_cpu/ipcore/sys_pll/sys_pll.v(line number: 136)] Net dyn_duty3 in sys_pll(original module sys_pll) does not have a driver, tie it to 0
W: Verilog-2021: [D:/FPGA/TSP_RISC-V-2.4/FPGA/pango_cpu/ipcore/sys_pll/sys_pll.v(line number: 137)] Net dyn_duty4 in sys_pll(original module sys_pll) does not have a driver, tie it to 0
I: Verilog-0004: [D:/FPGA/TSP_RISC-V-2.4/FPGA/pango_cpu/source/peripheral/soc_top.v(line number: 120)] Elaborating instance u_TSP_Core
I: Verilog-0003: [D:/FPGA/TSP_RISC-V-2.4/FPGA/pango_cpu/source/core/core.v(line number: 3)] Elaborating module TSP_Core
I: Verilog-0004: [D:/FPGA/TSP_RISC-V-2.4/FPGA/pango_cpu/source/core/core.v(line number: 46)] Elaborating instance u_PC_control
I: Verilog-0003: [D:/FPGA/TSP_RISC-V-2.4/FPGA/pango_cpu/source/core/PC_control.v(line number: 4)] Elaborating module PC_control
I: Verilog-0004: [D:/FPGA/TSP_RISC-V-2.4/FPGA/pango_cpu/source/core/core.v(line number: 69)] Elaborating instance u_TSP_Ifu
I: Verilog-0003: [D:/FPGA/TSP_RISC-V-2.4/FPGA/pango_cpu/source/core/Ifu.v(line number: 3)] Elaborating module TSP_Ifu
I: Verilog-0004: [D:/FPGA/TSP_RISC-V-2.4/FPGA/pango_cpu/source/core/Ifu.v(line number: 116)] Elaborating instance u_Iram
I: Verilog-0003: [D:/FPGA/TSP_RISC-V-2.4/FPGA/pango_cpu/ipcore/IRAM/IRAM.v(line number: 16)] Elaborating module IRAM
I: Verilog-0004: [D:/FPGA/TSP_RISC-V-2.4/FPGA/pango_cpu/ipcore/IRAM/IRAM.v(line number: 206)] Elaborating instance U_ipml_dpram_IRAM
I: Verilog-0003: [D:/FPGA/TSP_RISC-V-2.4/FPGA/pango_cpu/ipcore/IRAM/rtl/ipml_dpram_v1_8_IRAM.v(line number: 17)] Elaborating module ipml_dpram_v1_8_IRAM
I: Module instance {SoC_Top/u_TSP_Core/u_TSP_Ifu/u_Iram/U_ipml_dpram_IRAM} parameter value:
    c_SIM_DEVICE = LOGOS
    c_A_ADDR_WIDTH = 32'b00000000000000000000000000001110
    c_A_DATA_WIDTH = 32'b00000000000000000000000000100000
    c_B_ADDR_WIDTH = 32'b00000000000000000000000000001110
    c_B_DATA_WIDTH = 32'b00000000000000000000000000100000
    c_A_OUTPUT_REG = 32'b00000000000000000000000000000000
    c_A_RD_OCE_EN = 32'b00000000000000000000000000000000
    c_A_ADDR_STROBE_EN = 32'b00000000000000000000000000000000
    c_A_CLK_EN = 32'b00000000000000000000000000000000
    c_B_OUTPUT_REG = 32'b00000000000000000000000000000000
    c_B_RD_OCE_EN = 32'b00000000000000000000000000000000
    c_B_ADDR_STROBE_EN = 32'b00000000000000000000000000000000
    c_B_CLK_EN = 32'b00000000000000000000000000000000
    c_RESET_TYPE = ASYNC_RESET
    c_A_CLK_OR_POL_INV = 32'b00000000000000000000000000000000
    c_B_CLK_OR_POL_INV = 32'b00000000000000000000000000000000
    c_POWER_OPT = 32'b00000000000000000000000000000000
    c_INIT_FILE = NONE
    c_INIT_FORMAT = HEX
    c_WR_BYTE_EN = 32'b00000000000000000000000000000001
    c_A_BE_WIDTH = 32'b00000000000000000000000000000100
    c_B_BE_WIDTH = 32'b00000000000000000000000000000100
    c_A_WRITE_MODE = NORMAL_WRITE
    c_B_WRITE_MODE = NORMAL_WRITE
W: Verilog-2039: [D:/FPGA/TSP_RISC-V-2.4/FPGA/pango_cpu/ipcore/IRAM/rtl/ipml_dpram_v1_8_IRAM.v(line number: 419)] Repeat multiplier in concatenation evaluates to 0
W: Verilog-2039: [D:/FPGA/TSP_RISC-V-2.4/FPGA/pango_cpu/ipcore/IRAM/rtl/ipml_dpram_v1_8_IRAM.v(line number: 421)] Repeat multiplier in concatenation evaluates to 0
W: Verilog-2039: [D:/FPGA/TSP_RISC-V-2.4/FPGA/pango_cpu/ipcore/IRAM/rtl/ipml_dpram_v1_8_IRAM.v(line number: 423)] Repeat multiplier in concatenation evaluates to 0
W: Verilog-2039: [D:/FPGA/TSP_RISC-V-2.4/FPGA/pango_cpu/ipcore/IRAM/rtl/ipml_dpram_v1_8_IRAM.v(line number: 425)] Repeat multiplier in concatenation evaluates to 0
W: Verilog-2039: [D:/FPGA/TSP_RISC-V-2.4/FPGA/pango_cpu/ipcore/IRAM/rtl/ipml_dpram_v1_8_IRAM.v(line number: 428)] Repeat multiplier in concatenation evaluates to 0
W: Verilog-2039: [D:/FPGA/TSP_RISC-V-2.4/FPGA/pango_cpu/ipcore/IRAM/rtl/ipml_dpram_v1_8_IRAM.v(line number: 429)] Repeat multiplier in concatenation evaluates to 0
W: Verilog-2038: [D:/FPGA/TSP_RISC-V-2.4/FPGA/pango_cpu/ipcore/IRAM/rtl/ipml_dpram_v1_8_IRAM.v(line number: 438)] Case condition never applies
W: Verilog-2038: [D:/FPGA/TSP_RISC-V-2.4/FPGA/pango_cpu/ipcore/IRAM/rtl/ipml_dpram_v1_8_IRAM.v(line number: 439)] Case condition never applies
W: Verilog-2038: [D:/FPGA/TSP_RISC-V-2.4/FPGA/pango_cpu/ipcore/IRAM/rtl/ipml_dpram_v1_8_IRAM.v(line number: 440)] Case condition never applies
W: Verilog-2038: [D:/FPGA/TSP_RISC-V-2.4/FPGA/pango_cpu/ipcore/IRAM/rtl/ipml_dpram_v1_8_IRAM.v(line number: 441)] Case condition never applies
W: Verilog-2038: [D:/FPGA/TSP_RISC-V-2.4/FPGA/pango_cpu/ipcore/IRAM/rtl/ipml_dpram_v1_8_IRAM.v(line number: 441)] Case condition never applies
W: Verilog-2038: [D:/FPGA/TSP_RISC-V-2.4/FPGA/pango_cpu/ipcore/IRAM/rtl/ipml_dpram_v1_8_IRAM.v(line number: 438)] Case condition never applies
W: Verilog-2038: [D:/FPGA/TSP_RISC-V-2.4/FPGA/pango_cpu/ipcore/IRAM/rtl/ipml_dpram_v1_8_IRAM.v(line number: 439)] Case condition never applies
W: Verilog-2038: [D:/FPGA/TSP_RISC-V-2.4/FPGA/pango_cpu/ipcore/IRAM/rtl/ipml_dpram_v1_8_IRAM.v(line number: 440)] Case condition never applies
W: Verilog-2038: [D:/FPGA/TSP_RISC-V-2.4/FPGA/pango_cpu/ipcore/IRAM/rtl/ipml_dpram_v1_8_IRAM.v(line number: 441)] Case condition never applies
W: Verilog-2038: [D:/FPGA/TSP_RISC-V-2.4/FPGA/pango_cpu/ipcore/IRAM/rtl/ipml_dpram_v1_8_IRAM.v(line number: 441)] Case condition never applies
W: Verilog-2038: [D:/FPGA/TSP_RISC-V-2.4/FPGA/pango_cpu/ipcore/IRAM/rtl/ipml_dpram_v1_8_IRAM.v(line number: 489)] Case condition never applies
W: Verilog-2038: [D:/FPGA/TSP_RISC-V-2.4/FPGA/pango_cpu/ipcore/IRAM/rtl/ipml_dpram_v1_8_IRAM.v(line number: 490)] Case condition never applies
W: Verilog-2038: [D:/FPGA/TSP_RISC-V-2.4/FPGA/pango_cpu/ipcore/IRAM/rtl/ipml_dpram_v1_8_IRAM.v(line number: 491)] Case condition never applies
W: Verilog-2038: [D:/FPGA/TSP_RISC-V-2.4/FPGA/pango_cpu/ipcore/IRAM/rtl/ipml_dpram_v1_8_IRAM.v(line number: 492)] Case condition never applies
W: Verilog-2038: [D:/FPGA/TSP_RISC-V-2.4/FPGA/pango_cpu/ipcore/IRAM/rtl/ipml_dpram_v1_8_IRAM.v(line number: 492)] Case condition never applies
W: Verilog-2038: [D:/FPGA/TSP_RISC-V-2.4/FPGA/pango_cpu/ipcore/IRAM/rtl/ipml_dpram_v1_8_IRAM.v(line number: 489)] Case condition never applies
W: Verilog-2038: [D:/FPGA/TSP_RISC-V-2.4/FPGA/pango_cpu/ipcore/IRAM/rtl/ipml_dpram_v1_8_IRAM.v(line number: 490)] Case condition never applies
W: Verilog-2038: [D:/FPGA/TSP_RISC-V-2.4/FPGA/pango_cpu/ipcore/IRAM/rtl/ipml_dpram_v1_8_IRAM.v(line number: 491)] Case condition never applies
W: Verilog-2038: [D:/FPGA/TSP_RISC-V-2.4/FPGA/pango_cpu/ipcore/IRAM/rtl/ipml_dpram_v1_8_IRAM.v(line number: 492)] Case condition never applies
W: Verilog-2038: [D:/FPGA/TSP_RISC-V-2.4/FPGA/pango_cpu/ipcore/IRAM/rtl/ipml_dpram_v1_8_IRAM.v(line number: 492)] Case condition never applies
I: Verilog-0004: [D:/FPGA/TSP_RISC-V-2.4/FPGA/pango_cpu/ipcore/IRAM/rtl/ipml_dpram_v1_8_IRAM.v(line number: 760)] Elaborating instance U_GTP_DRM18K
I: Verilog-0004: [D:/FPGA/TSP_RISC-V-2.4/FPGA/pango_cpu/ipcore/IRAM/rtl/ipml_dpram_v1_8_IRAM.v(line number: 760)] Elaborating instance U_GTP_DRM18K
I: Verilog-0004: [D:/FPGA/TSP_RISC-V-2.4/FPGA/pango_cpu/ipcore/IRAM/rtl/ipml_dpram_v1_8_IRAM.v(line number: 760)] Elaborating instance U_GTP_DRM18K
I: Verilog-0004: [D:/FPGA/TSP_RISC-V-2.4/FPGA/pango_cpu/ipcore/IRAM/rtl/ipml_dpram_v1_8_IRAM.v(line number: 760)] Elaborating instance U_GTP_DRM18K
I: Verilog-0004: [D:/FPGA/TSP_RISC-V-2.4/FPGA/pango_cpu/ipcore/IRAM/rtl/ipml_dpram_v1_8_IRAM.v(line number: 760)] Elaborating instance U_GTP_DRM18K
I: Verilog-0004: [D:/FPGA/TSP_RISC-V-2.4/FPGA/pango_cpu/ipcore/IRAM/rtl/ipml_dpram_v1_8_IRAM.v(line number: 760)] Elaborating instance U_GTP_DRM18K
I: Verilog-0004: [D:/FPGA/TSP_RISC-V-2.4/FPGA/pango_cpu/ipcore/IRAM/rtl/ipml_dpram_v1_8_IRAM.v(line number: 760)] Elaborating instance U_GTP_DRM18K
I: Verilog-0004: [D:/FPGA/TSP_RISC-V-2.4/FPGA/pango_cpu/ipcore/IRAM/rtl/ipml_dpram_v1_8_IRAM.v(line number: 760)] Elaborating instance U_GTP_DRM18K
I: Verilog-0004: [D:/FPGA/TSP_RISC-V-2.4/FPGA/pango_cpu/ipcore/IRAM/rtl/ipml_dpram_v1_8_IRAM.v(line number: 760)] Elaborating instance U_GTP_DRM18K
I: Verilog-0004: [D:/FPGA/TSP_RISC-V-2.4/FPGA/pango_cpu/ipcore/IRAM/rtl/ipml_dpram_v1_8_IRAM.v(line number: 760)] Elaborating instance U_GTP_DRM18K
I: Verilog-0004: [D:/FPGA/TSP_RISC-V-2.4/FPGA/pango_cpu/ipcore/IRAM/rtl/ipml_dpram_v1_8_IRAM.v(line number: 760)] Elaborating instance U_GTP_DRM18K
I: Verilog-0004: [D:/FPGA/TSP_RISC-V-2.4/FPGA/pango_cpu/ipcore/IRAM/rtl/ipml_dpram_v1_8_IRAM.v(line number: 760)] Elaborating instance U_GTP_DRM18K
I: Verilog-0004: [D:/FPGA/TSP_RISC-V-2.4/FPGA/pango_cpu/ipcore/IRAM/rtl/ipml_dpram_v1_8_IRAM.v(line number: 760)] Elaborating instance U_GTP_DRM18K
I: Verilog-0004: [D:/FPGA/TSP_RISC-V-2.4/FPGA/pango_cpu/ipcore/IRAM/rtl/ipml_dpram_v1_8_IRAM.v(line number: 760)] Elaborating instance U_GTP_DRM18K
I: Verilog-0004: [D:/FPGA/TSP_RISC-V-2.4/FPGA/pango_cpu/ipcore/IRAM/rtl/ipml_dpram_v1_8_IRAM.v(line number: 760)] Elaborating instance U_GTP_DRM18K
I: Verilog-0004: [D:/FPGA/TSP_RISC-V-2.4/FPGA/pango_cpu/ipcore/IRAM/rtl/ipml_dpram_v1_8_IRAM.v(line number: 760)] Elaborating instance U_GTP_DRM18K
I: Verilog-0004: [D:/FPGA/TSP_RISC-V-2.4/FPGA/pango_cpu/ipcore/IRAM/rtl/ipml_dpram_v1_8_IRAM.v(line number: 760)] Elaborating instance U_GTP_DRM18K
I: Verilog-0004: [D:/FPGA/TSP_RISC-V-2.4/FPGA/pango_cpu/ipcore/IRAM/rtl/ipml_dpram_v1_8_IRAM.v(line number: 760)] Elaborating instance U_GTP_DRM18K
I: Verilog-0004: [D:/FPGA/TSP_RISC-V-2.4/FPGA/pango_cpu/ipcore/IRAM/rtl/ipml_dpram_v1_8_IRAM.v(line number: 760)] Elaborating instance U_GTP_DRM18K
I: Verilog-0004: [D:/FPGA/TSP_RISC-V-2.4/FPGA/pango_cpu/ipcore/IRAM/rtl/ipml_dpram_v1_8_IRAM.v(line number: 760)] Elaborating instance U_GTP_DRM18K
I: Verilog-0004: [D:/FPGA/TSP_RISC-V-2.4/FPGA/pango_cpu/ipcore/IRAM/rtl/ipml_dpram_v1_8_IRAM.v(line number: 760)] Elaborating instance U_GTP_DRM18K
I: Verilog-0004: [D:/FPGA/TSP_RISC-V-2.4/FPGA/pango_cpu/ipcore/IRAM/rtl/ipml_dpram_v1_8_IRAM.v(line number: 760)] Elaborating instance U_GTP_DRM18K
I: Verilog-0004: [D:/FPGA/TSP_RISC-V-2.4/FPGA/pango_cpu/ipcore/IRAM/rtl/ipml_dpram_v1_8_IRAM.v(line number: 760)] Elaborating instance U_GTP_DRM18K
I: Verilog-0004: [D:/FPGA/TSP_RISC-V-2.4/FPGA/pango_cpu/ipcore/IRAM/rtl/ipml_dpram_v1_8_IRAM.v(line number: 760)] Elaborating instance U_GTP_DRM18K
I: Verilog-0004: [D:/FPGA/TSP_RISC-V-2.4/FPGA/pango_cpu/ipcore/IRAM/rtl/ipml_dpram_v1_8_IRAM.v(line number: 760)] Elaborating instance U_GTP_DRM18K
I: Verilog-0004: [D:/FPGA/TSP_RISC-V-2.4/FPGA/pango_cpu/ipcore/IRAM/rtl/ipml_dpram_v1_8_IRAM.v(line number: 760)] Elaborating instance U_GTP_DRM18K
I: Verilog-0004: [D:/FPGA/TSP_RISC-V-2.4/FPGA/pango_cpu/ipcore/IRAM/rtl/ipml_dpram_v1_8_IRAM.v(line number: 760)] Elaborating instance U_GTP_DRM18K
I: Verilog-0004: [D:/FPGA/TSP_RISC-V-2.4/FPGA/pango_cpu/ipcore/IRAM/rtl/ipml_dpram_v1_8_IRAM.v(line number: 760)] Elaborating instance U_GTP_DRM18K
I: Verilog-0004: [D:/FPGA/TSP_RISC-V-2.4/FPGA/pango_cpu/ipcore/IRAM/rtl/ipml_dpram_v1_8_IRAM.v(line number: 760)] Elaborating instance U_GTP_DRM18K
I: Verilog-0004: [D:/FPGA/TSP_RISC-V-2.4/FPGA/pango_cpu/ipcore/IRAM/rtl/ipml_dpram_v1_8_IRAM.v(line number: 760)] Elaborating instance U_GTP_DRM18K
I: Verilog-0004: [D:/FPGA/TSP_RISC-V-2.4/FPGA/pango_cpu/ipcore/IRAM/rtl/ipml_dpram_v1_8_IRAM.v(line number: 760)] Elaborating instance U_GTP_DRM18K
I: Verilog-0004: [D:/FPGA/TSP_RISC-V-2.4/FPGA/pango_cpu/ipcore/IRAM/rtl/ipml_dpram_v1_8_IRAM.v(line number: 760)] Elaborating instance U_GTP_DRM18K
W: Verilog-2020: [D:/FPGA/TSP_RISC-V-2.4/FPGA/pango_cpu/ipcore/IRAM/rtl/ipml_dpram_v1_8_IRAM.v(line number: 644)] Net DA_bus[8] in ipml_dpram_v1_8_IRAM(original module ipml_dpram_v1_8_IRAM) does not have a driver, tie it to 0
W: Verilog-2020: [D:/FPGA/TSP_RISC-V-2.4/FPGA/pango_cpu/ipcore/IRAM/rtl/ipml_dpram_v1_8_IRAM.v(line number: 644)] Net DA_bus[17] in ipml_dpram_v1_8_IRAM(original module ipml_dpram_v1_8_IRAM) does not have a driver, tie it to 0
W: Verilog-2020: [D:/FPGA/TSP_RISC-V-2.4/FPGA/pango_cpu/ipcore/IRAM/rtl/ipml_dpram_v1_8_IRAM.v(line number: 644)] Net DA_bus[26] in ipml_dpram_v1_8_IRAM(original module ipml_dpram_v1_8_IRAM) does not have a driver, tie it to 0
W: Verilog-2020: [D:/FPGA/TSP_RISC-V-2.4/FPGA/pango_cpu/ipcore/IRAM/rtl/ipml_dpram_v1_8_IRAM.v(line number: 644)] Net DA_bus[35] in ipml_dpram_v1_8_IRAM(original module ipml_dpram_v1_8_IRAM) does not have a driver, tie it to 0
W: Verilog-2020: [D:/FPGA/TSP_RISC-V-2.4/FPGA/pango_cpu/ipcore/IRAM/rtl/ipml_dpram_v1_8_IRAM.v(line number: 645)] Net DB_bus[8] in ipml_dpram_v1_8_IRAM(original module ipml_dpram_v1_8_IRAM) does not have a driver, tie it to 0
W: Verilog-2020: [D:/FPGA/TSP_RISC-V-2.4/FPGA/pango_cpu/ipcore/IRAM/rtl/ipml_dpram_v1_8_IRAM.v(line number: 645)] Net DB_bus[17] in ipml_dpram_v1_8_IRAM(original module ipml_dpram_v1_8_IRAM) does not have a driver, tie it to 0
W: Verilog-2020: [D:/FPGA/TSP_RISC-V-2.4/FPGA/pango_cpu/ipcore/IRAM/rtl/ipml_dpram_v1_8_IRAM.v(line number: 645)] Net DB_bus[26] in ipml_dpram_v1_8_IRAM(original module ipml_dpram_v1_8_IRAM) does not have a driver, tie it to 0
W: Verilog-2020: [D:/FPGA/TSP_RISC-V-2.4/FPGA/pango_cpu/ipcore/IRAM/rtl/ipml_dpram_v1_8_IRAM.v(line number: 645)] Net DB_bus[35] in ipml_dpram_v1_8_IRAM(original module ipml_dpram_v1_8_IRAM) does not have a driver, tie it to 0
I: Verilog-0004: [D:/FPGA/TSP_RISC-V-2.4/FPGA/pango_cpu/source/core/core.v(line number: 130)] Elaborating instance u_TSP_Idec
I: Verilog-0003: [D:/FPGA/TSP_RISC-V-2.4/FPGA/pango_cpu/source/core/idec.v(line number: 6)] Elaborating module TSP_Idec
I: Verilog-0004: [D:/FPGA/TSP_RISC-V-2.4/FPGA/pango_cpu/source/core/core.v(line number: 178)] Elaborating instance u_TSP_Regfiles
I: Verilog-0003: [D:/FPGA/TSP_RISC-V-2.4/FPGA/pango_cpu/source/core/regfiles.v(line number: 3)] Elaborating module TSP_Regfiles
I: Verilog-0004: [D:/FPGA/TSP_RISC-V-2.4/FPGA/pango_cpu/source/core/regfiles.v(line number: 26)] Elaborating instance RV32I_reg_i
I: Verilog-0003: [D:/FPGA/TSP_RISC-V-2.4/FPGA/pango_cpu/source/core/dff.v(line number: 4)] Elaborating module REGs_WLWR
I: Module instance {SoC_Top/u_TSP_Core/u_TSP_Regfiles/x1_31[1].RV32I_reg_i} parameter value:
    RW = 32'b00000000000000000000000000100000
    RST_VAL = 32'b00000000000000000000000000000000
I: Verilog-0004: [D:/FPGA/TSP_RISC-V-2.4/FPGA/pango_cpu/source/core/regfiles.v(line number: 26)] Elaborating instance RV32I_reg_i
I: Verilog-0003: [D:/FPGA/TSP_RISC-V-2.4/FPGA/pango_cpu/source/core/dff.v(line number: 4)] Elaborating module REGs_WLWR
I: Module instance {SoC_Top/u_TSP_Core/u_TSP_Regfiles/x1_31[2].RV32I_reg_i} parameter value:
    RW = 32'b00000000000000000000000000100000
    RST_VAL = 32'b00000000000000000000000000000000
I: Verilog-0004: [D:/FPGA/TSP_RISC-V-2.4/FPGA/pango_cpu/source/core/regfiles.v(line number: 26)] Elaborating instance RV32I_reg_i
I: Verilog-0003: [D:/FPGA/TSP_RISC-V-2.4/FPGA/pango_cpu/source/core/dff.v(line number: 4)] Elaborating module REGs_WLWR
I: Module instance {SoC_Top/u_TSP_Core/u_TSP_Regfiles/x1_31[3].RV32I_reg_i} parameter value:
    RW = 32'b00000000000000000000000000100000
    RST_VAL = 32'b00000000000000000000000000000000
I: Verilog-0004: [D:/FPGA/TSP_RISC-V-2.4/FPGA/pango_cpu/source/core/regfiles.v(line number: 26)] Elaborating instance RV32I_reg_i
I: Verilog-0003: [D:/FPGA/TSP_RISC-V-2.4/FPGA/pango_cpu/source/core/dff.v(line number: 4)] Elaborating module REGs_WLWR
I: Module instance {SoC_Top/u_TSP_Core/u_TSP_Regfiles/x1_31[4].RV32I_reg_i} parameter value:
    RW = 32'b00000000000000000000000000100000
    RST_VAL = 32'b00000000000000000000000000000000
I: Verilog-0004: [D:/FPGA/TSP_RISC-V-2.4/FPGA/pango_cpu/source/core/regfiles.v(line number: 26)] Elaborating instance RV32I_reg_i
I: Verilog-0003: [D:/FPGA/TSP_RISC-V-2.4/FPGA/pango_cpu/source/core/dff.v(line number: 4)] Elaborating module REGs_WLWR
I: Module instance {SoC_Top/u_TSP_Core/u_TSP_Regfiles/x1_31[5].RV32I_reg_i} parameter value:
    RW = 32'b00000000000000000000000000100000
    RST_VAL = 32'b00000000000000000000000000000000
I: Verilog-0004: [D:/FPGA/TSP_RISC-V-2.4/FPGA/pango_cpu/source/core/regfiles.v(line number: 26)] Elaborating instance RV32I_reg_i
I: Verilog-0003: [D:/FPGA/TSP_RISC-V-2.4/FPGA/pango_cpu/source/core/dff.v(line number: 4)] Elaborating module REGs_WLWR
I: Module instance {SoC_Top/u_TSP_Core/u_TSP_Regfiles/x1_31[6].RV32I_reg_i} parameter value:
    RW = 32'b00000000000000000000000000100000
    RST_VAL = 32'b00000000000000000000000000000000
I: Verilog-0004: [D:/FPGA/TSP_RISC-V-2.4/FPGA/pango_cpu/source/core/regfiles.v(line number: 26)] Elaborating instance RV32I_reg_i
I: Verilog-0003: [D:/FPGA/TSP_RISC-V-2.4/FPGA/pango_cpu/source/core/dff.v(line number: 4)] Elaborating module REGs_WLWR
I: Module instance {SoC_Top/u_TSP_Core/u_TSP_Regfiles/x1_31[7].RV32I_reg_i} parameter value:
    RW = 32'b00000000000000000000000000100000
    RST_VAL = 32'b00000000000000000000000000000000
I: Verilog-0004: [D:/FPGA/TSP_RISC-V-2.4/FPGA/pango_cpu/source/core/regfiles.v(line number: 26)] Elaborating instance RV32I_reg_i
I: Verilog-0003: [D:/FPGA/TSP_RISC-V-2.4/FPGA/pango_cpu/source/core/dff.v(line number: 4)] Elaborating module REGs_WLWR
I: Module instance {SoC_Top/u_TSP_Core/u_TSP_Regfiles/x1_31[8].RV32I_reg_i} parameter value:
    RW = 32'b00000000000000000000000000100000
    RST_VAL = 32'b00000000000000000000000000000000
I: Verilog-0004: [D:/FPGA/TSP_RISC-V-2.4/FPGA/pango_cpu/source/core/regfiles.v(line number: 26)] Elaborating instance RV32I_reg_i
I: Verilog-0003: [D:/FPGA/TSP_RISC-V-2.4/FPGA/pango_cpu/source/core/dff.v(line number: 4)] Elaborating module REGs_WLWR
I: Module instance {SoC_Top/u_TSP_Core/u_TSP_Regfiles/x1_31[9].RV32I_reg_i} parameter value:
    RW = 32'b00000000000000000000000000100000
    RST_VAL = 32'b00000000000000000000000000000000
I: Verilog-0004: [D:/FPGA/TSP_RISC-V-2.4/FPGA/pango_cpu/source/core/regfiles.v(line number: 26)] Elaborating instance RV32I_reg_i
I: Verilog-0003: [D:/FPGA/TSP_RISC-V-2.4/FPGA/pango_cpu/source/core/dff.v(line number: 4)] Elaborating module REGs_WLWR
I: Module instance {SoC_Top/u_TSP_Core/u_TSP_Regfiles/x1_31[10].RV32I_reg_i} parameter value:
    RW = 32'b00000000000000000000000000100000
    RST_VAL = 32'b00000000000000000000000000000000
I: Verilog-0004: [D:/FPGA/TSP_RISC-V-2.4/FPGA/pango_cpu/source/core/regfiles.v(line number: 26)] Elaborating instance RV32I_reg_i
I: Verilog-0003: [D:/FPGA/TSP_RISC-V-2.4/FPGA/pango_cpu/source/core/dff.v(line number: 4)] Elaborating module REGs_WLWR
I: Module instance {SoC_Top/u_TSP_Core/u_TSP_Regfiles/x1_31[11].RV32I_reg_i} parameter value:
    RW = 32'b00000000000000000000000000100000
    RST_VAL = 32'b00000000000000000000000000000000
I: Verilog-0004: [D:/FPGA/TSP_RISC-V-2.4/FPGA/pango_cpu/source/core/regfiles.v(line number: 26)] Elaborating instance RV32I_reg_i
I: Verilog-0003: [D:/FPGA/TSP_RISC-V-2.4/FPGA/pango_cpu/source/core/dff.v(line number: 4)] Elaborating module REGs_WLWR
I: Module instance {SoC_Top/u_TSP_Core/u_TSP_Regfiles/x1_31[12].RV32I_reg_i} parameter value:
    RW = 32'b00000000000000000000000000100000
    RST_VAL = 32'b00000000000000000000000000000000
I: Verilog-0004: [D:/FPGA/TSP_RISC-V-2.4/FPGA/pango_cpu/source/core/regfiles.v(line number: 26)] Elaborating instance RV32I_reg_i
I: Verilog-0003: [D:/FPGA/TSP_RISC-V-2.4/FPGA/pango_cpu/source/core/dff.v(line number: 4)] Elaborating module REGs_WLWR
I: Module instance {SoC_Top/u_TSP_Core/u_TSP_Regfiles/x1_31[13].RV32I_reg_i} parameter value:
    RW = 32'b00000000000000000000000000100000
    RST_VAL = 32'b00000000000000000000000000000000
I: Verilog-0004: [D:/FPGA/TSP_RISC-V-2.4/FPGA/pango_cpu/source/core/regfiles.v(line number: 26)] Elaborating instance RV32I_reg_i
I: Verilog-0003: [D:/FPGA/TSP_RISC-V-2.4/FPGA/pango_cpu/source/core/dff.v(line number: 4)] Elaborating module REGs_WLWR
I: Module instance {SoC_Top/u_TSP_Core/u_TSP_Regfiles/x1_31[14].RV32I_reg_i} parameter value:
    RW = 32'b00000000000000000000000000100000
    RST_VAL = 32'b00000000000000000000000000000000
I: Verilog-0004: [D:/FPGA/TSP_RISC-V-2.4/FPGA/pango_cpu/source/core/regfiles.v(line number: 26)] Elaborating instance RV32I_reg_i
I: Verilog-0003: [D:/FPGA/TSP_RISC-V-2.4/FPGA/pango_cpu/source/core/dff.v(line number: 4)] Elaborating module REGs_WLWR
I: Module instance {SoC_Top/u_TSP_Core/u_TSP_Regfiles/x1_31[15].RV32I_reg_i} parameter value:
    RW = 32'b00000000000000000000000000100000
    RST_VAL = 32'b00000000000000000000000000000000
I: Verilog-0004: [D:/FPGA/TSP_RISC-V-2.4/FPGA/pango_cpu/source/core/regfiles.v(line number: 26)] Elaborating instance RV32I_reg_i
I: Verilog-0003: [D:/FPGA/TSP_RISC-V-2.4/FPGA/pango_cpu/source/core/dff.v(line number: 4)] Elaborating module REGs_WLWR
I: Module instance {SoC_Top/u_TSP_Core/u_TSP_Regfiles/x1_31[16].RV32I_reg_i} parameter value:
    RW = 32'b00000000000000000000000000100000
    RST_VAL = 32'b00000000000000000000000000000000
I: Verilog-0004: [D:/FPGA/TSP_RISC-V-2.4/FPGA/pango_cpu/source/core/regfiles.v(line number: 26)] Elaborating instance RV32I_reg_i
I: Verilog-0003: [D:/FPGA/TSP_RISC-V-2.4/FPGA/pango_cpu/source/core/dff.v(line number: 4)] Elaborating module REGs_WLWR
I: Module instance {SoC_Top/u_TSP_Core/u_TSP_Regfiles/x1_31[17].RV32I_reg_i} parameter value:
    RW = 32'b00000000000000000000000000100000
    RST_VAL = 32'b00000000000000000000000000000000
I: Verilog-0004: [D:/FPGA/TSP_RISC-V-2.4/FPGA/pango_cpu/source/core/regfiles.v(line number: 26)] Elaborating instance RV32I_reg_i
I: Verilog-0003: [D:/FPGA/TSP_RISC-V-2.4/FPGA/pango_cpu/source/core/dff.v(line number: 4)] Elaborating module REGs_WLWR
I: Module instance {SoC_Top/u_TSP_Core/u_TSP_Regfiles/x1_31[18].RV32I_reg_i} parameter value:
    RW = 32'b00000000000000000000000000100000
    RST_VAL = 32'b00000000000000000000000000000000
I: Verilog-0004: [D:/FPGA/TSP_RISC-V-2.4/FPGA/pango_cpu/source/core/regfiles.v(line number: 26)] Elaborating instance RV32I_reg_i
I: Verilog-0003: [D:/FPGA/TSP_RISC-V-2.4/FPGA/pango_cpu/source/core/dff.v(line number: 4)] Elaborating module REGs_WLWR
I: Module instance {SoC_Top/u_TSP_Core/u_TSP_Regfiles/x1_31[19].RV32I_reg_i} parameter value:
    RW = 32'b00000000000000000000000000100000
    RST_VAL = 32'b00000000000000000000000000000000
I: Verilog-0004: [D:/FPGA/TSP_RISC-V-2.4/FPGA/pango_cpu/source/core/regfiles.v(line number: 26)] Elaborating instance RV32I_reg_i
I: Verilog-0003: [D:/FPGA/TSP_RISC-V-2.4/FPGA/pango_cpu/source/core/dff.v(line number: 4)] Elaborating module REGs_WLWR
I: Module instance {SoC_Top/u_TSP_Core/u_TSP_Regfiles/x1_31[20].RV32I_reg_i} parameter value:
    RW = 32'b00000000000000000000000000100000
    RST_VAL = 32'b00000000000000000000000000000000
I: Verilog-0004: [D:/FPGA/TSP_RISC-V-2.4/FPGA/pango_cpu/source/core/regfiles.v(line number: 26)] Elaborating instance RV32I_reg_i
I: Verilog-0003: [D:/FPGA/TSP_RISC-V-2.4/FPGA/pango_cpu/source/core/dff.v(line number: 4)] Elaborating module REGs_WLWR
I: Module instance {SoC_Top/u_TSP_Core/u_TSP_Regfiles/x1_31[21].RV32I_reg_i} parameter value:
    RW = 32'b00000000000000000000000000100000
    RST_VAL = 32'b00000000000000000000000000000000
I: Verilog-0004: [D:/FPGA/TSP_RISC-V-2.4/FPGA/pango_cpu/source/core/regfiles.v(line number: 26)] Elaborating instance RV32I_reg_i
I: Verilog-0003: [D:/FPGA/TSP_RISC-V-2.4/FPGA/pango_cpu/source/core/dff.v(line number: 4)] Elaborating module REGs_WLWR
I: Module instance {SoC_Top/u_TSP_Core/u_TSP_Regfiles/x1_31[22].RV32I_reg_i} parameter value:
    RW = 32'b00000000000000000000000000100000
    RST_VAL = 32'b00000000000000000000000000000000
I: Verilog-0004: [D:/FPGA/TSP_RISC-V-2.4/FPGA/pango_cpu/source/core/regfiles.v(line number: 26)] Elaborating instance RV32I_reg_i
I: Verilog-0003: [D:/FPGA/TSP_RISC-V-2.4/FPGA/pango_cpu/source/core/dff.v(line number: 4)] Elaborating module REGs_WLWR
I: Module instance {SoC_Top/u_TSP_Core/u_TSP_Regfiles/x1_31[23].RV32I_reg_i} parameter value:
    RW = 32'b00000000000000000000000000100000
    RST_VAL = 32'b00000000000000000000000000000000
I: Verilog-0004: [D:/FPGA/TSP_RISC-V-2.4/FPGA/pango_cpu/source/core/regfiles.v(line number: 26)] Elaborating instance RV32I_reg_i
I: Verilog-0003: [D:/FPGA/TSP_RISC-V-2.4/FPGA/pango_cpu/source/core/dff.v(line number: 4)] Elaborating module REGs_WLWR
I: Module instance {SoC_Top/u_TSP_Core/u_TSP_Regfiles/x1_31[24].RV32I_reg_i} parameter value:
    RW = 32'b00000000000000000000000000100000
    RST_VAL = 32'b00000000000000000000000000000000
I: Verilog-0004: [D:/FPGA/TSP_RISC-V-2.4/FPGA/pango_cpu/source/core/regfiles.v(line number: 26)] Elaborating instance RV32I_reg_i
I: Verilog-0003: [D:/FPGA/TSP_RISC-V-2.4/FPGA/pango_cpu/source/core/dff.v(line number: 4)] Elaborating module REGs_WLWR
I: Module instance {SoC_Top/u_TSP_Core/u_TSP_Regfiles/x1_31[25].RV32I_reg_i} parameter value:
    RW = 32'b00000000000000000000000000100000
    RST_VAL = 32'b00000000000000000000000000000000
I: Verilog-0004: [D:/FPGA/TSP_RISC-V-2.4/FPGA/pango_cpu/source/core/regfiles.v(line number: 26)] Elaborating instance RV32I_reg_i
I: Verilog-0003: [D:/FPGA/TSP_RISC-V-2.4/FPGA/pango_cpu/source/core/dff.v(line number: 4)] Elaborating module REGs_WLWR
I: Module instance {SoC_Top/u_TSP_Core/u_TSP_Regfiles/x1_31[26].RV32I_reg_i} parameter value:
    RW = 32'b00000000000000000000000000100000
    RST_VAL = 32'b00000000000000000000000000000000
I: Verilog-0004: [D:/FPGA/TSP_RISC-V-2.4/FPGA/pango_cpu/source/core/regfiles.v(line number: 26)] Elaborating instance RV32I_reg_i
I: Verilog-0003: [D:/FPGA/TSP_RISC-V-2.4/FPGA/pango_cpu/source/core/dff.v(line number: 4)] Elaborating module REGs_WLWR
I: Module instance {SoC_Top/u_TSP_Core/u_TSP_Regfiles/x1_31[27].RV32I_reg_i} parameter value:
    RW = 32'b00000000000000000000000000100000
    RST_VAL = 32'b00000000000000000000000000000000
I: Verilog-0004: [D:/FPGA/TSP_RISC-V-2.4/FPGA/pango_cpu/source/core/regfiles.v(line number: 26)] Elaborating instance RV32I_reg_i
I: Verilog-0003: [D:/FPGA/TSP_RISC-V-2.4/FPGA/pango_cpu/source/core/dff.v(line number: 4)] Elaborating module REGs_WLWR
I: Module instance {SoC_Top/u_TSP_Core/u_TSP_Regfiles/x1_31[28].RV32I_reg_i} parameter value:
    RW = 32'b00000000000000000000000000100000
    RST_VAL = 32'b00000000000000000000000000000000
I: Verilog-0004: [D:/FPGA/TSP_RISC-V-2.4/FPGA/pango_cpu/source/core/regfiles.v(line number: 26)] Elaborating instance RV32I_reg_i
I: Verilog-0003: [D:/FPGA/TSP_RISC-V-2.4/FPGA/pango_cpu/source/core/dff.v(line number: 4)] Elaborating module REGs_WLWR
I: Module instance {SoC_Top/u_TSP_Core/u_TSP_Regfiles/x1_31[29].RV32I_reg_i} parameter value:
    RW = 32'b00000000000000000000000000100000
    RST_VAL = 32'b00000000000000000000000000000000
I: Verilog-0004: [D:/FPGA/TSP_RISC-V-2.4/FPGA/pango_cpu/source/core/regfiles.v(line number: 26)] Elaborating instance RV32I_reg_i
I: Verilog-0003: [D:/FPGA/TSP_RISC-V-2.4/FPGA/pango_cpu/source/core/dff.v(line number: 4)] Elaborating module REGs_WLWR
I: Module instance {SoC_Top/u_TSP_Core/u_TSP_Regfiles/x1_31[30].RV32I_reg_i} parameter value:
    RW = 32'b00000000000000000000000000100000
    RST_VAL = 32'b00000000000000000000000000000000
I: Verilog-0004: [D:/FPGA/TSP_RISC-V-2.4/FPGA/pango_cpu/source/core/regfiles.v(line number: 26)] Elaborating instance RV32I_reg_i
I: Verilog-0003: [D:/FPGA/TSP_RISC-V-2.4/FPGA/pango_cpu/source/core/dff.v(line number: 4)] Elaborating module REGs_WLWR
I: Module instance {SoC_Top/u_TSP_Core/u_TSP_Regfiles/x1_31[31].RV32I_reg_i} parameter value:
    RW = 32'b00000000000000000000000000100000
    RST_VAL = 32'b00000000000000000000000000000000
I: Verilog-0004: [D:/FPGA/TSP_RISC-V-2.4/FPGA/pango_cpu/source/core/core.v(line number: 223)] Elaborating instance u_TSP_Disp_Exu
I: Verilog-0003: [D:/FPGA/TSP_RISC-V-2.4/FPGA/pango_cpu/source/core/disp_exu.v(line number: 3)] Elaborating module TSP_Disp_Exu
I: Verilog-0004: [D:/FPGA/TSP_RISC-V-2.4/FPGA/pango_cpu/source/core/disp_exu.v(line number: 95)] Elaborating instance DECODE_PC_REG1
I: Verilog-0003: [D:/FPGA/TSP_RISC-V-2.4/FPGA/pango_cpu/source/core/dff.v(line number: 4)] Elaborating module REGs_WLWR
I: Module instance {SoC_Top/u_TSP_Core/u_TSP_Disp_Exu/DECODE_PC_REG1} parameter value:
    RW = 32'b00000000000000000000000000100000
    RST_VAL = 32'b00000000000000000000000000000000
I: Verilog-0004: [D:/FPGA/TSP_RISC-V-2.4/FPGA/pango_cpu/source/core/disp_exu.v(line number: 124)] Elaborating instance Exu_common_u0
I: Verilog-0003: [D:/FPGA/TSP_RISC-V-2.4/FPGA/pango_cpu/source/core/exu_common.v(line number: 3)] Elaborating module TSP_Exu_common
I: Verilog-0004: [D:/FPGA/TSP_RISC-V-2.4/FPGA/pango_cpu/source/core/disp_exu.v(line number: 161)] Elaborating instance Exu_bjp_u0
I: Verilog-0003: [D:/FPGA/TSP_RISC-V-2.4/FPGA/pango_cpu/source/core/exu_bjp.v(line number: 3)] Elaborating module Exu_bjp
I: Verilog-0004: [D:/FPGA/TSP_RISC-V-2.4/FPGA/pango_cpu/source/core/exu_bjp.v(line number: 41)] Elaborating instance BTB_update_valid_reg
I: Verilog-0003: [D:/FPGA/TSP_RISC-V-2.4/FPGA/pango_cpu/source/core/dff.v(line number: 42)] Elaborating module REGs_NLWR
I: Module instance {SoC_Top/u_TSP_Core/u_TSP_Disp_Exu/Exu_bjp_u0/BTB_update_valid_reg} parameter value:
    RW = 32'b00000000000000000000000000000001
    RST_VAL = 32'b00000000000000000000000000000000
I: Verilog-0004: [D:/FPGA/TSP_RISC-V-2.4/FPGA/pango_cpu/source/core/disp_exu.v(line number: 186)] Elaborating instance Exu_muldiv_u0
I: Verilog-0003: [D:/FPGA/TSP_RISC-V-2.4/FPGA/pango_cpu/source/core/exu_muldiv.v(line number: 3)] Elaborating module TSP_Exu_muldiv
I: Verilog-0004: [D:/FPGA/TSP_RISC-V-2.4/FPGA/pango_cpu/source/core/exu_muldiv.v(line number: 90)] Elaborating instance u_multiplier
I: Verilog-0003: [D:/FPGA/TSP_RISC-V-2.4/FPGA/pango_cpu/source/core/exu_muldiv.v(line number: 128)] Elaborating module Simple_Multiplier_32
I: Module instance {SoC_Top/u_TSP_Core/u_TSP_Disp_Exu/Exu_muldiv_u0/u_multiplier} parameter value:
    N = 32'b00000000000000000000000000100000
I: Verilog-0004: [D:/FPGA/TSP_RISC-V-2.4/FPGA/pango_cpu/source/core/exu_muldiv.v(line number: 101)] Elaborating instance u_divider
I: Verilog-0003: [D:/FPGA/TSP_RISC-V-2.4/FPGA/pango_cpu/source/core/exu_muldiv.v(line number: 174)] Elaborating module Simple_Divider_32
I: Module instance {SoC_Top/u_TSP_Core/u_TSP_Disp_Exu/Exu_muldiv_u0/u_divider} parameter value:
    XLEN = 32'b00000000000000000000000000100000
I: Verilog-0004: [D:/FPGA/TSP_RISC-V-2.4/FPGA/pango_cpu/source/core/disp_exu.v(line number: 213)] Elaborating instance Exu_ls_u0
I: Verilog-0003: [D:/FPGA/TSP_RISC-V-2.4/FPGA/pango_cpu/source/core/exu_ls.v(line number: 3)] Elaborating module TSP_Exu_ls
I: Verilog-0004: [D:/FPGA/TSP_RISC-V-2.4/FPGA/pango_cpu/source/core/core.v(line number: 299)] Elaborating instance u_ls_ctrl
I: Verilog-0003: [D:/FPGA/TSP_RISC-V-2.4/FPGA/pango_cpu/source/core/ls_ctrl.v(line number: 3)] Elaborating module ls_ctrl
I: Verilog-0004: [D:/FPGA/TSP_RISC-V-2.4/FPGA/pango_cpu/source/core/core.v(line number: 335)] Elaborating instance u_TSP_Wb_arbiter
I: Verilog-0003: [D:/FPGA/TSP_RISC-V-2.4/FPGA/pango_cpu/source/core/wb_arbiter.v(line number: 3)] Elaborating module TSP_Wb_arbiter
I: Verilog-0004: [D:/FPGA/TSP_RISC-V-2.4/FPGA/pango_cpu/source/peripheral/soc_top.v(line number: 149)] Elaborating instance u_Interconnect
I: Verilog-0003: [D:/FPGA/TSP_RISC-V-2.4/FPGA/pango_cpu/source/peripheral/AXI_Interconnect.v(line number: 3)] Elaborating module TSP_AXI_Interconnect
I: Verilog-0004: [D:/FPGA/TSP_RISC-V-2.4/FPGA/pango_cpu/source/peripheral/soc_top.v(line number: 189)] Elaborating instance u_SRAM
I: Verilog-0003: [D:/FPGA/TSP_RISC-V-2.4/FPGA/pango_cpu/source/ram/sram.v(line number: 4)] Elaborating module TSP_Sram
I: Verilog-0004: [D:/FPGA/TSP_RISC-V-2.4/FPGA/pango_cpu/source/ram/sram.v(line number: 125)] Elaborating instance u_SRAM_IP
I: Verilog-0003: [D:/FPGA/TSP_RISC-V-2.4/FPGA/pango_cpu/ipcore/SRAM/SRAM.v(line number: 16)] Elaborating module SRAM
I: Verilog-0004: [D:/FPGA/TSP_RISC-V-2.4/FPGA/pango_cpu/ipcore/SRAM/SRAM.v(line number: 206)] Elaborating instance U_ipml_dpram_SRAM
I: Verilog-0003: [D:/FPGA/TSP_RISC-V-2.4/FPGA/pango_cpu/ipcore/SRAM/rtl/ipml_dpram_v1_8_SRAM.v(line number: 17)] Elaborating module ipml_dpram_v1_8_SRAM
I: Module instance {SoC_Top/u_SRAM/u_SRAM_IP/U_ipml_dpram_SRAM} parameter value:
    c_SIM_DEVICE = LOGOS
    c_A_ADDR_WIDTH = 32'b00000000000000000000000000001101
    c_A_DATA_WIDTH = 32'b00000000000000000000000000100000
    c_B_ADDR_WIDTH = 32'b00000000000000000000000000001101
    c_B_DATA_WIDTH = 32'b00000000000000000000000000100000
    c_A_OUTPUT_REG = 32'b00000000000000000000000000000000
    c_A_RD_OCE_EN = 32'b00000000000000000000000000000000
    c_A_ADDR_STROBE_EN = 32'b00000000000000000000000000000000
    c_A_CLK_EN = 32'b00000000000000000000000000000000
    c_B_OUTPUT_REG = 32'b00000000000000000000000000000000
    c_B_RD_OCE_EN = 32'b00000000000000000000000000000000
    c_B_ADDR_STROBE_EN = 32'b00000000000000000000000000000000
    c_B_CLK_EN = 32'b00000000000000000000000000000000
    c_RESET_TYPE = ASYNC_RESET
    c_A_CLK_OR_POL_INV = 32'b00000000000000000000000000000000
    c_B_CLK_OR_POL_INV = 32'b00000000000000000000000000000000
    c_POWER_OPT = 32'b00000000000000000000000000000000
    c_INIT_FILE = NONE
    c_INIT_FORMAT = BIN
    c_WR_BYTE_EN = 32'b00000000000000000000000000000001
    c_A_BE_WIDTH = 32'b00000000000000000000000000000100
    c_B_BE_WIDTH = 32'b00000000000000000000000000000100
    c_A_WRITE_MODE = NORMAL_WRITE
    c_B_WRITE_MODE = NORMAL_WRITE
W: Verilog-2039: [D:/FPGA/TSP_RISC-V-2.4/FPGA/pango_cpu/ipcore/SRAM/rtl/ipml_dpram_v1_8_SRAM.v(line number: 417)] Repeat multiplier in concatenation evaluates to 0
W: Verilog-2039: [D:/FPGA/TSP_RISC-V-2.4/FPGA/pango_cpu/ipcore/SRAM/rtl/ipml_dpram_v1_8_SRAM.v(line number: 419)] Repeat multiplier in concatenation evaluates to 0
W: Verilog-2039: [D:/FPGA/TSP_RISC-V-2.4/FPGA/pango_cpu/ipcore/SRAM/rtl/ipml_dpram_v1_8_SRAM.v(line number: 421)] Repeat multiplier in concatenation evaluates to 0
W: Verilog-2039: [D:/FPGA/TSP_RISC-V-2.4/FPGA/pango_cpu/ipcore/SRAM/rtl/ipml_dpram_v1_8_SRAM.v(line number: 423)] Repeat multiplier in concatenation evaluates to 0
W: Verilog-2039: [D:/FPGA/TSP_RISC-V-2.4/FPGA/pango_cpu/ipcore/SRAM/rtl/ipml_dpram_v1_8_SRAM.v(line number: 426)] Repeat multiplier in concatenation evaluates to 0
W: Verilog-2039: [D:/FPGA/TSP_RISC-V-2.4/FPGA/pango_cpu/ipcore/SRAM/rtl/ipml_dpram_v1_8_SRAM.v(line number: 427)] Repeat multiplier in concatenation evaluates to 0
W: Verilog-2038: [D:/FPGA/TSP_RISC-V-2.4/FPGA/pango_cpu/ipcore/SRAM/rtl/ipml_dpram_v1_8_SRAM.v(line number: 436)] Case condition never applies
W: Verilog-2038: [D:/FPGA/TSP_RISC-V-2.4/FPGA/pango_cpu/ipcore/SRAM/rtl/ipml_dpram_v1_8_SRAM.v(line number: 437)] Case condition never applies
W: Verilog-2038: [D:/FPGA/TSP_RISC-V-2.4/FPGA/pango_cpu/ipcore/SRAM/rtl/ipml_dpram_v1_8_SRAM.v(line number: 438)] Case condition never applies
W: Verilog-2038: [D:/FPGA/TSP_RISC-V-2.4/FPGA/pango_cpu/ipcore/SRAM/rtl/ipml_dpram_v1_8_SRAM.v(line number: 439)] Case condition never applies
W: Verilog-2038: [D:/FPGA/TSP_RISC-V-2.4/FPGA/pango_cpu/ipcore/SRAM/rtl/ipml_dpram_v1_8_SRAM.v(line number: 439)] Case condition never applies
W: Verilog-2038: [D:/FPGA/TSP_RISC-V-2.4/FPGA/pango_cpu/ipcore/SRAM/rtl/ipml_dpram_v1_8_SRAM.v(line number: 436)] Case condition never applies
W: Verilog-2038: [D:/FPGA/TSP_RISC-V-2.4/FPGA/pango_cpu/ipcore/SRAM/rtl/ipml_dpram_v1_8_SRAM.v(line number: 437)] Case condition never applies
W: Verilog-2038: [D:/FPGA/TSP_RISC-V-2.4/FPGA/pango_cpu/ipcore/SRAM/rtl/ipml_dpram_v1_8_SRAM.v(line number: 438)] Case condition never applies
W: Verilog-2038: [D:/FPGA/TSP_RISC-V-2.4/FPGA/pango_cpu/ipcore/SRAM/rtl/ipml_dpram_v1_8_SRAM.v(line number: 439)] Case condition never applies
W: Verilog-2038: [D:/FPGA/TSP_RISC-V-2.4/FPGA/pango_cpu/ipcore/SRAM/rtl/ipml_dpram_v1_8_SRAM.v(line number: 439)] Case condition never applies
W: Verilog-2038: [D:/FPGA/TSP_RISC-V-2.4/FPGA/pango_cpu/ipcore/SRAM/rtl/ipml_dpram_v1_8_SRAM.v(line number: 487)] Case condition never applies
W: Verilog-2038: [D:/FPGA/TSP_RISC-V-2.4/FPGA/pango_cpu/ipcore/SRAM/rtl/ipml_dpram_v1_8_SRAM.v(line number: 488)] Case condition never applies
W: Verilog-2038: [D:/FPGA/TSP_RISC-V-2.4/FPGA/pango_cpu/ipcore/SRAM/rtl/ipml_dpram_v1_8_SRAM.v(line number: 489)] Case condition never applies
W: Verilog-2038: [D:/FPGA/TSP_RISC-V-2.4/FPGA/pango_cpu/ipcore/SRAM/rtl/ipml_dpram_v1_8_SRAM.v(line number: 490)] Case condition never applies
W: Verilog-2038: [D:/FPGA/TSP_RISC-V-2.4/FPGA/pango_cpu/ipcore/SRAM/rtl/ipml_dpram_v1_8_SRAM.v(line number: 490)] Case condition never applies
W: Verilog-2038: [D:/FPGA/TSP_RISC-V-2.4/FPGA/pango_cpu/ipcore/SRAM/rtl/ipml_dpram_v1_8_SRAM.v(line number: 487)] Case condition never applies
W: Verilog-2038: [D:/FPGA/TSP_RISC-V-2.4/FPGA/pango_cpu/ipcore/SRAM/rtl/ipml_dpram_v1_8_SRAM.v(line number: 488)] Case condition never applies
W: Verilog-2038: [D:/FPGA/TSP_RISC-V-2.4/FPGA/pango_cpu/ipcore/SRAM/rtl/ipml_dpram_v1_8_SRAM.v(line number: 489)] Case condition never applies
W: Verilog-2038: [D:/FPGA/TSP_RISC-V-2.4/FPGA/pango_cpu/ipcore/SRAM/rtl/ipml_dpram_v1_8_SRAM.v(line number: 490)] Case condition never applies
W: Verilog-2038: [D:/FPGA/TSP_RISC-V-2.4/FPGA/pango_cpu/ipcore/SRAM/rtl/ipml_dpram_v1_8_SRAM.v(line number: 490)] Case condition never applies
I: Verilog-0004: [D:/FPGA/TSP_RISC-V-2.4/FPGA/pango_cpu/ipcore/SRAM/rtl/ipml_dpram_v1_8_SRAM.v(line number: 693)] Elaborating instance U_GTP_DRM18K
I: Verilog-0004: [D:/FPGA/TSP_RISC-V-2.4/FPGA/pango_cpu/ipcore/SRAM/rtl/ipml_dpram_v1_8_SRAM.v(line number: 693)] Elaborating instance U_GTP_DRM18K
I: Verilog-0004: [D:/FPGA/TSP_RISC-V-2.4/FPGA/pango_cpu/ipcore/SRAM/rtl/ipml_dpram_v1_8_SRAM.v(line number: 693)] Elaborating instance U_GTP_DRM18K
I: Verilog-0004: [D:/FPGA/TSP_RISC-V-2.4/FPGA/pango_cpu/ipcore/SRAM/rtl/ipml_dpram_v1_8_SRAM.v(line number: 693)] Elaborating instance U_GTP_DRM18K
I: Verilog-0004: [D:/FPGA/TSP_RISC-V-2.4/FPGA/pango_cpu/ipcore/SRAM/rtl/ipml_dpram_v1_8_SRAM.v(line number: 693)] Elaborating instance U_GTP_DRM18K
I: Verilog-0004: [D:/FPGA/TSP_RISC-V-2.4/FPGA/pango_cpu/ipcore/SRAM/rtl/ipml_dpram_v1_8_SRAM.v(line number: 693)] Elaborating instance U_GTP_DRM18K
I: Verilog-0004: [D:/FPGA/TSP_RISC-V-2.4/FPGA/pango_cpu/ipcore/SRAM/rtl/ipml_dpram_v1_8_SRAM.v(line number: 693)] Elaborating instance U_GTP_DRM18K
I: Verilog-0004: [D:/FPGA/TSP_RISC-V-2.4/FPGA/pango_cpu/ipcore/SRAM/rtl/ipml_dpram_v1_8_SRAM.v(line number: 693)] Elaborating instance U_GTP_DRM18K
I: Verilog-0004: [D:/FPGA/TSP_RISC-V-2.4/FPGA/pango_cpu/ipcore/SRAM/rtl/ipml_dpram_v1_8_SRAM.v(line number: 693)] Elaborating instance U_GTP_DRM18K
I: Verilog-0004: [D:/FPGA/TSP_RISC-V-2.4/FPGA/pango_cpu/ipcore/SRAM/rtl/ipml_dpram_v1_8_SRAM.v(line number: 693)] Elaborating instance U_GTP_DRM18K
I: Verilog-0004: [D:/FPGA/TSP_RISC-V-2.4/FPGA/pango_cpu/ipcore/SRAM/rtl/ipml_dpram_v1_8_SRAM.v(line number: 693)] Elaborating instance U_GTP_DRM18K
I: Verilog-0004: [D:/FPGA/TSP_RISC-V-2.4/FPGA/pango_cpu/ipcore/SRAM/rtl/ipml_dpram_v1_8_SRAM.v(line number: 693)] Elaborating instance U_GTP_DRM18K
I: Verilog-0004: [D:/FPGA/TSP_RISC-V-2.4/FPGA/pango_cpu/ipcore/SRAM/rtl/ipml_dpram_v1_8_SRAM.v(line number: 693)] Elaborating instance U_GTP_DRM18K
I: Verilog-0004: [D:/FPGA/TSP_RISC-V-2.4/FPGA/pango_cpu/ipcore/SRAM/rtl/ipml_dpram_v1_8_SRAM.v(line number: 693)] Elaborating instance U_GTP_DRM18K
I: Verilog-0004: [D:/FPGA/TSP_RISC-V-2.4/FPGA/pango_cpu/ipcore/SRAM/rtl/ipml_dpram_v1_8_SRAM.v(line number: 693)] Elaborating instance U_GTP_DRM18K
I: Verilog-0004: [D:/FPGA/TSP_RISC-V-2.4/FPGA/pango_cpu/ipcore/SRAM/rtl/ipml_dpram_v1_8_SRAM.v(line number: 693)] Elaborating instance U_GTP_DRM18K
W: Verilog-2020: [D:/FPGA/TSP_RISC-V-2.4/FPGA/pango_cpu/ipcore/SRAM/rtl/ipml_dpram_v1_8_SRAM.v(line number: 642)] Net DA_bus[8] in ipml_dpram_v1_8_SRAM(original module ipml_dpram_v1_8_SRAM) does not have a driver, tie it to 0
W: Verilog-2020: [D:/FPGA/TSP_RISC-V-2.4/FPGA/pango_cpu/ipcore/SRAM/rtl/ipml_dpram_v1_8_SRAM.v(line number: 642)] Net DA_bus[17] in ipml_dpram_v1_8_SRAM(original module ipml_dpram_v1_8_SRAM) does not have a driver, tie it to 0
W: Verilog-2020: [D:/FPGA/TSP_RISC-V-2.4/FPGA/pango_cpu/ipcore/SRAM/rtl/ipml_dpram_v1_8_SRAM.v(line number: 642)] Net DA_bus[26] in ipml_dpram_v1_8_SRAM(original module ipml_dpram_v1_8_SRAM) does not have a driver, tie it to 0
W: Verilog-2020: [D:/FPGA/TSP_RISC-V-2.4/FPGA/pango_cpu/ipcore/SRAM/rtl/ipml_dpram_v1_8_SRAM.v(line number: 642)] Net DA_bus[35] in ipml_dpram_v1_8_SRAM(original module ipml_dpram_v1_8_SRAM) does not have a driver, tie it to 0
W: Verilog-2020: [D:/FPGA/TSP_RISC-V-2.4/FPGA/pango_cpu/ipcore/SRAM/rtl/ipml_dpram_v1_8_SRAM.v(line number: 643)] Net DB_bus[8] in ipml_dpram_v1_8_SRAM(original module ipml_dpram_v1_8_SRAM) does not have a driver, tie it to 0
W: Verilog-2020: [D:/FPGA/TSP_RISC-V-2.4/FPGA/pango_cpu/ipcore/SRAM/rtl/ipml_dpram_v1_8_SRAM.v(line number: 643)] Net DB_bus[17] in ipml_dpram_v1_8_SRAM(original module ipml_dpram_v1_8_SRAM) does not have a driver, tie it to 0
W: Verilog-2020: [D:/FPGA/TSP_RISC-V-2.4/FPGA/pango_cpu/ipcore/SRAM/rtl/ipml_dpram_v1_8_SRAM.v(line number: 643)] Net DB_bus[26] in ipml_dpram_v1_8_SRAM(original module ipml_dpram_v1_8_SRAM) does not have a driver, tie it to 0
W: Verilog-2020: [D:/FPGA/TSP_RISC-V-2.4/FPGA/pango_cpu/ipcore/SRAM/rtl/ipml_dpram_v1_8_SRAM.v(line number: 643)] Net DB_bus[35] in ipml_dpram_v1_8_SRAM(original module ipml_dpram_v1_8_SRAM) does not have a driver, tie it to 0
I: Verilog-0004: [D:/FPGA/TSP_RISC-V-2.4/FPGA/pango_cpu/source/peripheral/soc_top.v(line number: 213)] Elaborating instance u_UART
I: Verilog-0003: [D:/FPGA/TSP_RISC-V-2.4/FPGA/pango_cpu/source/uart/uart_axi_lite_wrapper.v(line number: 3)] Elaborating module uart_axi_lite_wrapper
I: Module instance {SoC_Top/u_UART} parameter value:
    CLK_FREQ_p = 32'b00000010111110101111000010000000
    BAUD_RATE_p = 32'b00000000000000011100001000000000
I: Verilog-0004: [D:/FPGA/TSP_RISC-V-2.4/FPGA/pango_cpu/source/uart/uart_axi_lite_wrapper.v(line number: 57)] Elaborating instance u_uart_core
I: Verilog-0003: [D:/FPGA/TSP_RISC-V-2.4/FPGA/pango_cpu/source/uart/uart.v(line number: 32)] Elaborating module uart
I: Module instance {SoC_Top/u_UART/u_uart_core} parameter value:
    DATA_WIDTH = 32'b00000000000000000000000000001000
I: Verilog-0004: [D:/FPGA/TSP_RISC-V-2.4/FPGA/pango_cpu/source/uart/uart.v(line number: 78)] Elaborating instance uart_tx_inst
I: Verilog-0003: [D:/FPGA/TSP_RISC-V-2.4/FPGA/pango_cpu/source/uart/uart_tx.v(line number: 32)] Elaborating module uart_tx
I: Module instance {SoC_Top/u_UART/u_uart_core/uart_tx_inst} parameter value:
    DATA_WIDTH = 32'b00000000000000000000000000001000
I: Verilog-0004: [D:/FPGA/TSP_RISC-V-2.4/FPGA/pango_cpu/source/uart/uart.v(line number: 96)] Elaborating instance uart_rx_inst
I: Verilog-0003: [D:/FPGA/TSP_RISC-V-2.4/FPGA/pango_cpu/source/uart/uart_rx.v(line number: 32)] Elaborating module uart_rx
I: Module instance {SoC_Top/u_UART/u_uart_core/uart_rx_inst} parameter value:
    DATA_WIDTH = 32'b00000000000000000000000000001000
I: Verilog-0004: [D:/FPGA/TSP_RISC-V-2.4/FPGA/pango_cpu/source/peripheral/soc_top.v(line number: 228)] Elaborating instance u_Timer
I: Verilog-0003: [D:/FPGA/TSP_RISC-V-2.4/FPGA/pango_cpu/source/timer/timer.v(line number: 40)] Elaborating module timer
Executing : rtl-elaborate successfully. Time elapsed: 0.195s wall, 0.141s user + 0.047s system = 0.188s CPU (96.3%)

Start rtl-prep.
Executing : rtl-prep successfully. Time elapsed: 0.125s wall, 0.125s user + 0.000s system = 0.125s CPU (99.9%)

Start rtl-infer.
Start DFF-inference.
W: Sdm-2003: [D:/FPGA/TSP_RISC-V-2.4/FPGA/pango_cpu/source/core/regfiles.v(line number: 20)] The net 'RV32I_regs[0]' in SoC_Top.u_TSP_Core.u_TSP_Regfiles is un-driven.
Executing : DFF-inference successfully.
Executing : rtl-infer successfully. Time elapsed: 0.949s wall, 0.609s user + 0.312s system = 0.922s CPU (97.1%)

Start rtl-control-opt.
Executing : rtl-control-opt successfully. Time elapsed: 0.023s wall, 0.016s user + 0.000s system = 0.016s CPU (66.6%)

Start rtl-data-opt.
Executing : rtl-data-opt successfully. Time elapsed: 0.174s wall, 0.172s user + 0.000s system = 0.172s CPU (98.9%)

Start FSM inference.
I: FSM r_target_fsm[2:0] inferred.
FSM r_target_fsm[2:0] STG:
Number of reachable states: 6
Input nets: N206 N381 N382 N385 N386 ar_is_m1 ar_is_m3 s_axi_arvalid 
S0(000)-->S1(001): 1xxxx1x1
S0(000)-->S2(010): 1xx1xxx1
S0(000)-->S3(011): 1xxx1x11
S0(000)-->S4(100): 11xx1xx1
S0(000)-->S5(101): 1x1x1xx1
S4(100)-->S0(000): xxxxxxxx
S5(101)-->S0(000): xxxxxxxx
S2(010)-->S0(000): xxxxxxxx
S3(011)-->S0(000): xxxxxxxx
S1(001)-->S0(000): xxxxxxxx
S3(011)-->S0(000): xxxxxxxx
S5(101)-->S0(000): xxxxxxxx
S0(000)-->S0(000): 0xxxxxxx
S1(001)-->S0(000): 0xxxxxxx
S2(010)-->S0(000): 0xxxxxxx
S3(011)-->S0(000): 0xxxxxxx
S4(100)-->S0(000): 0xxxxxxx
S5(101)-->S0(000): 0xxxxxxx
S0(000)-->S0(000): xxxxxxx0
S1(001)-->S0(000): xxxxxxx0
S2(010)-->S0(000): xxxxxxx0
S3(011)-->S0(000): xxxxxxx0
S4(100)-->S0(000): xxxxxxx0
S5(101)-->S0(000): xxxxxxx0

I: FSM w_target_fsm[2:0] inferred.
FSM w_target_fsm[2:0] STG:
Number of reachable states: 6
Input nets: N154 N373 N374 N377 N378 aw_is_m1 aw_is_m3 s_axi_awvalid 
S0(000)-->S1(001): 1xxxx1x1
S0(000)-->S2(010): 1xx1xxx1
S0(000)-->S3(011): 1xxx1x11
S0(000)-->S4(100): 11xx1xx1
S0(000)-->S5(101): 1x1x1xx1
S4(100)-->S0(000): xxxxxxxx
S5(101)-->S0(000): xxxxxxxx
S2(010)-->S0(000): xxxxxxxx
S3(011)-->S0(000): xxxxxxxx
S1(001)-->S0(000): xxxxxxxx
S3(011)-->S0(000): xxxxxxxx
S5(101)-->S0(000): xxxxxxxx
S0(000)-->S0(000): 0xxxxxxx
S1(001)-->S0(000): 0xxxxxxx
S2(010)-->S0(000): 0xxxxxxx
S3(011)-->S0(000): 0xxxxxxx
S4(100)-->S0(000): 0xxxxxxx
S5(101)-->S0(000): 0xxxxxxx
S0(000)-->S0(000): xxxxxxx0
S1(001)-->S0(000): xxxxxxx0
S2(010)-->S0(000): xxxxxxx0
S3(011)-->S0(000): xxxxxxx0
S4(100)-->S0(000): xxxxxxx0
S5(101)-->S0(000): xxxxxxx0

I: FSM state_fsm[1:0] inferred.
FSM state_fsm[1:0] STG:
Number of reachable states: 4
Input nets: N5 N92 s_axi_bready s_axi_rready 
S0(00)-->S1(01): 1xxx
S0(00)-->S2(10): x1xx
S1(01)-->S0(00): xx1x
S2(10)-->S3(11): xxxx
S3(11)-->S0(00): xxx1
S1(01)-->S0(00): xx11
S3(11)-->S0(00): xx11

I: FSM w_state_fsm[1:0] inferred.
FSM w_state_fsm[1:0] STG:
Number of reachable states: 3
Input nets: N26 N72 s_axi_bready s_axi_wvalid 
S0(00)-->S1(01): 11x1
S1(01)-->S2(10): xxxx
S2(10)-->S0(00): xx1x

I: FSM r_state_fsm[1:0] inferred.
FSM r_state_fsm[1:0] STG:
Number of reachable states: 4
Input nets: N14 s_axi_arvalid s_axi_rready 
S0(00)-->S1(01): 11x
S1(01)-->S2(10): xxx
S2(10)-->S3(11): xxx
S3(11)-->S0(00): xx1

I: FSM state_fsm[2:0] inferred.
FSM state_fsm[2:0] STG:
Number of reachable states: 7
Input nets: N44 N98 hit_dtcm ls_req_i ls_we_i m_axi_arready m_axi_bvalid m_axi_rvalid wb_ls_ready_i 
S0(000)-->S1(001): 1x011xxxx
S0(000)-->S3(011): 1x010xxxx
S0(000)-->S5(101): 0x01xxxxx
S0(000)-->S5(101): xx111xxxx
S0(000)-->S6(110): xx110xxxx
S1(001)-->S2(010): x1xxxxxxx
S3(011)-->S4(100): xxxxx1xxx
S0(000)-->S5(101): 0xx11x1xx
S2(010)-->S5(101): 0xx11x1xx
S6(110)-->S5(101): xxxxxxxxx
S4(100)-->S5(101): xxxxxxx1x
S6(110)-->S5(101): xxxxxxx1x
S5(101)-->S0(000): xxxxxxxx1
S2(010)-->S5(101): xxxxxx1xx
S6(110)-->S5(101): xxxxxx1xx

I: FSM state_fsm[1:0] inferred.
FSM state_fsm[1:0] STG:
Number of reachable states: 4
Input nets: N6 N10 div_done mul_done wb_muldiv_ready_i 
S0(00)-->S1(01): 1xxxx
S0(00)-->S2(10): 01xxx
S1(01)-->S3(11): xxx1x
S2(10)-->S3(11): xx1xx
S3(11)-->S0(00): xxxx1

W: Loop was found during constant probe.
W: Loop was found during constant probe.
W: Loop was found during constant probe.
Executing : FSM inference successfully. Time elapsed: 0.092s wall, 0.062s user + 0.031s system = 0.094s CPU (101.6%)

Start sdm2adm.
W: Loop was found during constant probe.
W: Loop was found during constant probe.
W: Loop was found during constant probe.
W: Loop was found during constant probe.
W: Loop was found during constant probe.
W: Loop was found during constant probe.
W: Loop was found during constant probe.
W: Loop was found during constant probe.
I: Constant propagation done on N234 (bmsPMUX).
I: Constant propagation done on N196 (bmsPMUX).
I: Constant propagation done on N281 (bmsWIDEMUX).
I: Constant propagation done on N4 (bmsWIDEMUX).
I: Constant propagation done on N265 (bmsWIDEMUX).
W: Loop was found during constant probe.
W: Loop was found during constant probe.
W: Loop was found during constant probe.
W: Loop was found during constant probe.
I: Constant propagation done on N121 (bmsPMUX).
I: Constant propagation done on N22 (bmsWIDEMUX).
I: Constant propagation done on N112_1 (bmsWIDEMUX).
I: Constant propagation done on N155 (bmsWIDEMUX).
I: Constant propagation done on N207 (bmsWIDEMUX).
W: Loop was found during constant probe.
W: Loop was found during constant probe.
W: Loop was found during constant probe.
W: Loop was found during constant probe.
W: Loop was found during constant probe.
W: Loop was found during constant probe.
W: Loop was found during constant probe.
W: Loop was found during constant probe.
W: Loop was found during constant probe.
W: Loop was found during constant probe.
W: Loop was found during constant probe.
W: Loop was found during constant probe.
W: Loop was found during constant probe.
W: Loop was found during constant probe.
W: Loop was found during constant probe.
Executing : sdm2adm successfully. Time elapsed: 0.231s wall, 0.234s user + 0.000s system = 0.234s CPU (101.3%)

Saving design to DB.
Action compile: Real time elapsed is 0h:0m:6s
Action compile: CPU time elapsed is 0h:0m:3s
Action compile: Process CPU time elapsed is 0h:0m:3s
Current time: Fri Apr  3 00:27:39 2026
Action compile: Peak memory pool usage is 176 MB
Action from compile to compile: Total Real Time elapsed is 0h:0m:6s
Action from compile to compile: Total CPU time elapsed is 0h:0m:3s
Action from compile to compile: Total Process CPU Time elapsed is 0h:0m:3s
Process "Compile" done.


Process "Synthesize" started.
Current time: Fri Apr  3 00:27:40 2026
Compiling architecture definition.
Analyzing project file 'D:/FPGA/TSP_RISC-V-2.4/FPGA/pango_cpu/pango_cpu.pds'.
License checkout: fabric_ads from D:\pango\new_pds_60ff9e088cde.lic
Compiling verification operator library.
Compiling common defs.
Loading technology operator library.
Compiling technology operator library.
Compiling technology operator (valence) library.
Reading design from compile DB
Reading design from compile DB successfully.
NOTE: The technology fpga was specified.
NOTE: delay_model specified was generic_cmos.
NOTE: Using the fpga syntax tables...
Totals:
 Calls to malloc = 0
 Calls to calloc = 111555

Constraint check start.
Compiling prim grid devices.
Building architecture model.
Loading device packaging model.
Building architecture floorplan logic view.
Executing : get_ports sys_clk
Executing : get_ports sys_clk successfully.
Executing : create_clock -name sys_clk [get_ports sys_clk] -period 20.000 -waveform {0.000 10.000}
Executing : create_clock -name sys_clk [get_ports sys_clk] -period 20.000 -waveform {0.000 10.000} successfully.
C: ConstraintEditor-2009: p:uart_tx is lack of PAP_IO_DRIVE, OUTPUT or INOUT PORT had better set PAP_IO_DRIVE, the optional value is {8, 4, 12, 16, 24}.
C: ConstraintEditor-2009: p:uart_tx is lack of PAP_IO_SLEW, OUTPUT or INOUT PORT had better set PAP_IO_SLEW, the optional value is {SLOW, FAST}.
W: ConstraintEditor-4019: Port Bus 'ext_axi_if_araddr' unspecified I/O constraint.
W: ConstraintEditor-4019: Port Bus 'ext_axi_if_awaddr' unspecified I/O constraint.
W: ConstraintEditor-4019: Port Bus 'ext_axi_if_bresp' unspecified I/O constraint.
W: ConstraintEditor-4019: Port Bus 'ext_axi_if_rdata' unspecified I/O constraint.
W: ConstraintEditor-4019: Port Bus 'ext_axi_if_rresp' unspecified I/O constraint.
W: ConstraintEditor-4019: Port Bus 'ext_axi_if_wdata' unspecified I/O constraint.
W: ConstraintEditor-4019: Port Bus 'ext_axi_if_wstrb' unspecified I/O constraint.
W: ConstraintEditor-4019: Port 'ext_axi_if_arready' unspecified I/O constraint.
W: ConstraintEditor-4019: Port 'ext_axi_if_arvalid' unspecified I/O constraint.
W: ConstraintEditor-4019: Port 'ext_axi_if_awready' unspecified I/O constraint.
W: ConstraintEditor-4019: Port 'ext_axi_if_awvalid' unspecified I/O constraint.
W: ConstraintEditor-4019: Port 'ext_axi_if_bready' unspecified I/O constraint.
W: ConstraintEditor-4019: Port 'ext_axi_if_bvalid' unspecified I/O constraint.
W: ConstraintEditor-4019: Port 'ext_axi_if_rready' unspecified I/O constraint.
W: ConstraintEditor-4019: Port 'ext_axi_if_rvalid' unspecified I/O constraint.
W: ConstraintEditor-4019: Port 'ext_axi_if_wready' unspecified I/O constraint.
W: ConstraintEditor-4019: Port 'ext_axi_if_wvalid' unspecified I/O constraint.
Constraint check end.

C: SDC-2025: Clock source 'n:u_sys_pll/clkout0' need a clock constraint, please use 'create_clock' or 'create_generate_clock' to generate.
Executing : get_ports sys_clk
Executing : get_ports sys_clk successfully.
Executing : get_pins u_sys_pll/u_pll_e3:CLKOUT0
Executing : get_pins u_sys_pll/u_pll_e3:CLKOUT0 successfully.
Executing : create_generated_clock -name sys_clk|u_sys_pll/u_pll_e3/CLKOUT0_Inferred -source [get_ports sys_clk] [get_pins u_sys_pll/u_pll_e3:CLKOUT0] -master_clock sys_clk -edges {1 2 3} -edge_shift {0.000000 0.000000 0.000000} -add
Executing : create_generated_clock -name sys_clk|u_sys_pll/u_pll_e3/CLKOUT0_Inferred -source [get_ports sys_clk] [get_pins u_sys_pll/u_pll_e3:CLKOUT0] -master_clock sys_clk -edges {1 2 3} -edge_shift {0.000000 0.000000 0.000000} -add successfully.
Start pre-mapping.
I: Constant propagation done on u_TSP_Core/u_TSP_Disp_Exu/Exu_common_u0/N209 (bmsWIDEMUX).
I: Encoding type of FSM 'state_fsm[1:0]' is: onehot.
I: Encoding table of FSM 'state_fsm[1:0]':
I: from  u_SRAM/state[1] u_SRAM/state[0]
I: to  u_SRAM/state_reg[3] u_SRAM/state_reg[2] u_SRAM/state_reg[1] u_SRAM/state_reg[0]
I: 00 => 0001
I: 01 => 0010
I: 10 => 0100
I: 11 => 1000
I: Encoding type of FSM 'state_fsm[1:0]' is: onehot.
I: Encoding table of FSM 'state_fsm[1:0]':
I: from  u_TSP_Core/u_TSP_Disp_Exu/Exu_muldiv_u0/state[1] u_TSP_Core/u_TSP_Disp_Exu/Exu_muldiv_u0/state[0]
I: to  u_TSP_Core/u_TSP_Disp_Exu/Exu_muldiv_u0/state_reg[3] u_TSP_Core/u_TSP_Disp_Exu/Exu_muldiv_u0/state_reg[2] u_TSP_Core/u_TSP_Disp_Exu/Exu_muldiv_u0/state_reg[1] u_TSP_Core/u_TSP_Disp_Exu/Exu_muldiv_u0/state_reg[0]
I: 00 => 0001
I: 01 => 0010
I: 10 => 0100
I: 11 => 1000
I: Encoding type of FSM 'r_state_fsm[1:0]' is: onehot.
I: Encoding table of FSM 'r_state_fsm[1:0]':
I: from  u_TSP_Core/u_TSP_Ifu/r_state[1] u_TSP_Core/u_TSP_Ifu/r_state[0]
I: to  u_TSP_Core/u_TSP_Ifu/r_state_reg[3] u_TSP_Core/u_TSP_Ifu/r_state_reg[2] u_TSP_Core/u_TSP_Ifu/r_state_reg[1] u_TSP_Core/u_TSP_Ifu/r_state_reg[0]
I: 00 => 0001
I: 01 => 0010
I: 10 => 0100
I: 11 => 1000
I: Encoding type of FSM 'w_state_fsm[1:0]' is: onehot.
I: Encoding table of FSM 'w_state_fsm[1:0]':
I: from  u_TSP_Core/u_TSP_Ifu/w_state[1] u_TSP_Core/u_TSP_Ifu/w_state[0]
I: to  u_TSP_Core/u_TSP_Ifu/w_state_reg[2] u_TSP_Core/u_TSP_Ifu/w_state_reg[1] u_TSP_Core/u_TSP_Ifu/w_state_reg[0]
I: 00 => 001
I: 01 => 010
I: 10 => 100
I: Encoding type of FSM 'state_fsm[2:0]' is: onehot.
I: Encoding table of FSM 'state_fsm[2:0]':
I: from  u_TSP_Core/u_ls_ctrl/state[2] u_TSP_Core/u_ls_ctrl/state[1] u_TSP_Core/u_ls_ctrl/state[0]
I: to  u_TSP_Core/u_ls_ctrl/state_reg[6] u_TSP_Core/u_ls_ctrl/state_reg[5] u_TSP_Core/u_ls_ctrl/state_reg[4] u_TSP_Core/u_ls_ctrl/state_reg[3] u_TSP_Core/u_ls_ctrl/state_reg[2] u_TSP_Core/u_ls_ctrl/state_reg[1] u_TSP_Core/u_ls_ctrl/state_reg[0]
I: 000 => 0000001
I: 001 => 0000010
I: 010 => 0000100
I: 011 => 0001000
I: 100 => 0010000
I: 101 => 0100000
I: 110 => 1000000
I: Encoding type of FSM 'r_target_fsm[2:0]' is: onehot.
I: Encoding table of FSM 'r_target_fsm[2:0]':
I: from  u_Interconnect/r_target[2] u_Interconnect/r_target[1] u_Interconnect/r_target[0]
I: to  u_Interconnect/r_target_reg[5] u_Interconnect/r_target_reg[4] u_Interconnect/r_target_reg[3] u_Interconnect/r_target_reg[2] u_Interconnect/r_target_reg[1] u_Interconnect/r_target_reg[0]
I: 000 => 000001
I: 001 => 000010
I: 010 => 000100
I: 011 => 001000
I: 100 => 010000
I: 101 => 100000
I: Encoding type of FSM 'w_target_fsm[2:0]' is: onehot.
I: Encoding table of FSM 'w_target_fsm[2:0]':
I: from  u_Interconnect/w_target[2] u_Interconnect/w_target[1] u_Interconnect/w_target[0]
I: to  u_Interconnect/w_target_reg[5] u_Interconnect/w_target_reg[4] u_Interconnect/w_target_reg[3] u_Interconnect/w_target_reg[2] u_Interconnect/w_target_reg[1] u_Interconnect/w_target_reg[0]
I: 000 => 000001
I: 001 => 000010
I: 010 => 000100
I: 011 => 001000
I: 100 => 010000
I: 101 => 100000
I: Constant propagation done on u_SRAM/state_fsm[1:0]_3 (bmsREDOR).
I: Constant propagation done on u_TSP_Core/u_ls_ctrl/state_fsm[2:0]_12 (bmsREDOR).
I: Constant propagation done on u_TSP_Core/u_ls_ctrl/state_fsm[2:0]_15 (bmsREDOR).
I: Constant propagation done on u_TSP_Core/u_ls_ctrl/state_fsm[2:0]_17 (bmsREDOR).
I: Constant propagation done on u_UART/u_uart_core/uart_rx_inst/m_axis_tvalid_reg_e (bmsREDOR).
I: Constant propagation done on u_Interconnect/r_target_fsm[2:0]_1 (bmsREDOR).
I: Constant propagation done on u_Interconnect/r_target_fsm[2:0]_2 (bmsREDOR).
I: Constant propagation done on u_Interconnect/w_target_fsm[2:0]_1 (bmsREDOR).
I: Constant propagation done on u_Interconnect/w_target_fsm[2:0]_2 (bmsREDOR).
W: Removed bmsWIDEDFFCPE inst store_type_r[2:0] at 2 that is stuck at constant 0.
W: Removed bmsWIDEDFFCPE inst op_type_r[2:0] at 2 that is stuck at constant 0.
W: Removed bmsWIDEDFFCPE inst m_axi_araddr[31:0] at 0 that is stuck at constant 0.
W: Removed bmsWIDEDFFCPE inst m_axi_awaddr[31:0] at 0 that is stuck at constant 0.
W: Removed bmsWIDEDFFCPE inst rdata_r[31:0] at 8 that is stuck at constant 0.
Executing : pre-mapping successfully. Time elapsed: 0.283s wall, 0.375s user + 0.125s system = 0.500s CPU (176.9%)

Start mod-gen.
W: Public-4008: Instance 'u_TSP_Disp_Exu/DECODE_PC_REG1/qout[31:0]' of 'bmsWIDEDFFCPE' unit is dangling and will be cleaned.
W: Public-4008: Instance 'u_uart_core/uart_rx_inst/busy_reg' of 'bmsWIDEDFFRSE' unit is dangling and will be cleaned.
W: Public-4008: Instance 'u_uart_core/uart_rx_inst/frame_error_reg' of 'bmsWIDEDFFRSE' unit is dangling and will be cleaned.
W: Public-4008: Instance 'u_uart_core/uart_rx_inst/overrun_error_reg' of 'bmsWIDEDFFRSE' unit is dangling and will be cleaned.
W: Public-4008: Instance 'u_uart_core/uart_tx_inst/busy_reg' of 'bmsWIDEDFFRSE' unit is dangling and will be cleaned.
W: Public-4008: Instance 'u_Timer/intr_q' of 'bmsWIDEDFFCPE' unit is dangling and will be cleaned.
W: Removed bmsWIDEDFFCPE inst u_TSP_Core/u_TSP_Ifu/waddr_r[31:0] at 0 that is stuck at constant 0.
W: Removed bmsWIDEDFFCPE inst u_TSP_Core/u_TSP_Ifu/waddr_r[31:0] at 1 that is stuck at constant 0.
W: Removed bmsWIDEDFFCPE inst u_TSP_Core/u_TSP_Ifu/raddr_r[31:0] at 0 that is stuck at constant 0.
W: Removed bmsWIDEDFFCPE inst u_TSP_Core/u_TSP_Ifu/raddr_r[31:0] at 1 that is stuck at constant 0.
W: Removed bmsWIDEDFFRSE inst u_TSP_Core/u_TSP_Ifu/u_Iram/U_ipml_dpram_IRAM/a_wr_en_ff that is stuck at constant 0.
W: Removed bmsWIDEDFFCPE inst u_Timer/wr_addr_q[7:0] at 0 that is stuck at constant 0.
W: Removed bmsWIDEDFFCPE inst u_Timer/wr_addr_q[7:0] at 1 that is stuck at constant 0.
I: Removed bmsWIDEINV inst u_TSP_Core/u_TSP_Disp_Exu/Exu_muldiv_u0/u_multiplier/N4 that is redundant to u_TSP_Core/u_TSP_Disp_Exu/Exu_muldiv_u0/u_divider/N3
I: Removed bmsWIDEINV inst u_TSP_Core/u_TSP_Disp_Exu/Exu_muldiv_u0/u_multiplier/N8 that is redundant to u_TSP_Core/u_TSP_Disp_Exu/Exu_common_u0/N16
I: Removed bmsWIDEINV inst u_TSP_Core/u_TSP_Disp_Exu/Exu_muldiv_u0/u_divider/N7 that is redundant to u_TSP_Core/u_TSP_Disp_Exu/Exu_common_u0/N16
I: Removed bmsADD inst u_TSP_Core/u_TSP_Disp_Exu/Exu_muldiv_u0/u_multiplier/N10 that is redundant to u_TSP_Core/u_TSP_Disp_Exu/Exu_muldiv_u0/u_divider/N9
I: Removed bmsWIDEDFFCPE inst u_TSP_Core/u_TSP_Disp_Exu/branch_in_flight that is redundant to u_TSP_Core/u_TSP_Disp_Exu/Exu_bjp_u0/BTB_update_valid_reg/qout[0]
I: Removed bmsADD inst u_TSP_Core/u_TSP_Disp_Exu/Exu_muldiv_u0/u_multiplier/N6 that is redundant to u_TSP_Core/u_TSP_Disp_Exu/Exu_muldiv_u0/u_divider/N5
W: Public-4008: Instance 'u_TSP_Core/u_TSP_Ifu/u_Iram/U_ipml_dpram_IRAM/a_addr_bus_rd_ce_ff[3:0]' of 'bmsWIDEDFFRSE' unit is dangling and will be cleaned.
Executing : mod-gen successfully. Time elapsed: 1.114s wall, 1.234s user + 0.141s system = 1.375s CPU (123.4%)

Start logic-optimization.
Executing : logic-optimization successfully. Time elapsed: 5.702s wall, 5.344s user + 0.297s system = 5.641s CPU (98.9%)

Start tech-mapping phase 1.
W: Public-4008: Instance 'u_UART/rdata_r[8]' of 'bmsWIDEDFFCPE' unit is dangling and will be cleaned.
W: Public-4008: Instance 'u_UART/rdata_r[9]' of 'bmsWIDEDFFCPE' unit is dangling and will be cleaned.
W: Public-4008: Instance 'u_UART/rdata_r[10]' of 'bmsWIDEDFFCPE' unit is dangling and will be cleaned.
W: Public-4008: Instance 'u_UART/rdata_r[11]' of 'bmsWIDEDFFCPE' unit is dangling and will be cleaned.
W: Public-4008: Instance 'u_UART/rdata_r[12]' of 'bmsWIDEDFFCPE' unit is dangling and will be cleaned.
W: Public-4008: Instance 'u_UART/rdata_r[13]' of 'bmsWIDEDFFCPE' unit is dangling and will be cleaned.
W: Public-4008: Instance 'u_UART/rdata_r[14]' of 'bmsWIDEDFFCPE' unit is dangling and will be cleaned.
W: Public-4008: Instance 'u_UART/rdata_r[15]' of 'bmsWIDEDFFCPE' unit is dangling and will be cleaned.
W: Public-4008: Instance 'u_UART/rdata_r[16]' of 'bmsWIDEDFFCPE' unit is dangling and will be cleaned.
W: Public-4008: Instance 'u_UART/rdata_r[17]' of 'bmsWIDEDFFCPE' unit is dangling and will be cleaned.
W: Public-4008: Instance 'u_UART/rdata_r[18]' of 'bmsWIDEDFFCPE' unit is dangling and will be cleaned.
W: Public-4008: Instance 'u_UART/rdata_r[19]' of 'bmsWIDEDFFCPE' unit is dangling and will be cleaned.
W: Public-4008: Instance 'u_UART/rdata_r[20]' of 'bmsWIDEDFFCPE' unit is dangling and will be cleaned.
W: Public-4008: Instance 'u_UART/rdata_r[21]' of 'bmsWIDEDFFCPE' unit is dangling and will be cleaned.
W: Public-4008: Instance 'u_UART/rdata_r[22]' of 'bmsWIDEDFFCPE' unit is dangling and will be cleaned.
W: Public-4008: Instance 'u_UART/rdata_r[23]' of 'bmsWIDEDFFCPE' unit is dangling and will be cleaned.
W: Public-4008: Instance 'u_UART/rdata_r[24]' of 'bmsWIDEDFFCPE' unit is dangling and will be cleaned.
W: Public-4008: Instance 'u_UART/rdata_r[25]' of 'bmsWIDEDFFCPE' unit is dangling and will be cleaned.
W: Public-4008: Instance 'u_UART/rdata_r[26]' of 'bmsWIDEDFFCPE' unit is dangling and will be cleaned.
W: Public-4008: Instance 'u_UART/rdata_r[27]' of 'bmsWIDEDFFCPE' unit is dangling and will be cleaned.
W: Public-4008: Instance 'u_UART/rdata_r[28]' of 'bmsWIDEDFFCPE' unit is dangling and will be cleaned.
W: Public-4008: Instance 'u_UART/rdata_r[29]' of 'bmsWIDEDFFCPE' unit is dangling and will be cleaned.
W: Public-4008: Instance 'u_UART/rdata_r[30]' of 'bmsWIDEDFFCPE' unit is dangling and will be cleaned.
W: Public-4008: Instance 'u_TSP_Core/u_ls_ctrl/m_axi_araddr[0]' of 'bmsWIDEDFFCPE' unit is dangling and will be cleaned.
W: Public-4008: Instance 'u_TSP_Core/u_ls_ctrl/m_axi_araddr[1]' of 'bmsWIDEDFFCPE' unit is dangling and will be cleaned.
W: Public-4008: Instance 'u_TSP_Core/u_ls_ctrl/m_axi_araddr[16]' of 'bmsWIDEDFFCPE' unit is dangling and will be cleaned.
W: Public-4008: Instance 'u_TSP_Core/u_ls_ctrl/m_axi_araddr[17]' of 'bmsWIDEDFFCPE' unit is dangling and will be cleaned.
W: Public-4008: Instance 'u_TSP_Core/u_ls_ctrl/m_axi_araddr[18]' of 'bmsWIDEDFFCPE' unit is dangling and will be cleaned.
W: Public-4008: Instance 'u_TSP_Core/u_ls_ctrl/m_axi_araddr[19]' of 'bmsWIDEDFFCPE' unit is dangling and will be cleaned.
W: Public-4008: Instance 'u_TSP_Core/u_ls_ctrl/m_axi_araddr[20]' of 'bmsWIDEDFFCPE' unit is dangling and will be cleaned.
W: Public-4008: Instance 'u_TSP_Core/u_ls_ctrl/m_axi_araddr[21]' of 'bmsWIDEDFFCPE' unit is dangling and will be cleaned.
W: Public-4008: Instance 'u_TSP_Core/u_ls_ctrl/m_axi_araddr[22]' of 'bmsWIDEDFFCPE' unit is dangling and will be cleaned.
W: Public-4008: Instance 'u_TSP_Core/u_ls_ctrl/m_axi_araddr[23]' of 'bmsWIDEDFFCPE' unit is dangling and will be cleaned.
W: Public-4008: Instance 'u_TSP_Core/u_ls_ctrl/m_axi_araddr[24]' of 'bmsWIDEDFFCPE' unit is dangling and will be cleaned.
W: Public-4008: Instance 'u_TSP_Core/u_ls_ctrl/m_axi_araddr[25]' of 'bmsWIDEDFFCPE' unit is dangling and will be cleaned.
W: Public-4008: Instance 'u_TSP_Core/u_ls_ctrl/m_axi_araddr[26]' of 'bmsWIDEDFFCPE' unit is dangling and will be cleaned.
W: Public-4008: Instance 'u_TSP_Core/u_ls_ctrl/m_axi_araddr[27]' of 'bmsWIDEDFFCPE' unit is dangling and will be cleaned.
W: Public-4008: Instance 'u_TSP_Core/u_ls_ctrl/m_axi_awaddr[0]' of 'bmsWIDEDFFCPE' unit is dangling and will be cleaned.
W: Public-4008: Instance 'u_TSP_Core/u_ls_ctrl/m_axi_awaddr[1]' of 'bmsWIDEDFFCPE' unit is dangling and will be cleaned.
W: Public-4008: Instance 'u_TSP_Core/u_ls_ctrl/m_axi_awaddr[16]' of 'bmsWIDEDFFCPE' unit is dangling and will be cleaned.
W: Public-4008: Instance 'u_TSP_Core/u_ls_ctrl/m_axi_awaddr[17]' of 'bmsWIDEDFFCPE' unit is dangling and will be cleaned.
W: Public-4008: Instance 'u_TSP_Core/u_ls_ctrl/m_axi_awaddr[18]' of 'bmsWIDEDFFCPE' unit is dangling and will be cleaned.
W: Public-4008: Instance 'u_TSP_Core/u_ls_ctrl/m_axi_awaddr[19]' of 'bmsWIDEDFFCPE' unit is dangling and will be cleaned.
W: Public-4008: Instance 'u_TSP_Core/u_ls_ctrl/m_axi_awaddr[20]' of 'bmsWIDEDFFCPE' unit is dangling and will be cleaned.
W: Public-4008: Instance 'u_TSP_Core/u_ls_ctrl/m_axi_awaddr[21]' of 'bmsWIDEDFFCPE' unit is dangling and will be cleaned.
W: Public-4008: Instance 'u_TSP_Core/u_ls_ctrl/m_axi_awaddr[22]' of 'bmsWIDEDFFCPE' unit is dangling and will be cleaned.
W: Public-4008: Instance 'u_TSP_Core/u_ls_ctrl/m_axi_awaddr[23]' of 'bmsWIDEDFFCPE' unit is dangling and will be cleaned.
W: Public-4008: Instance 'u_TSP_Core/u_ls_ctrl/m_axi_awaddr[24]' of 'bmsWIDEDFFCPE' unit is dangling and will be cleaned.
W: Public-4008: Instance 'u_TSP_Core/u_ls_ctrl/m_axi_awaddr[25]' of 'bmsWIDEDFFCPE' unit is dangling and will be cleaned.
W: Public-4008: Instance 'u_TSP_Core/u_ls_ctrl/m_axi_awaddr[26]' of 'bmsWIDEDFFCPE' unit is dangling and will be cleaned.
W: Public-4008: Instance 'u_TSP_Core/u_ls_ctrl/m_axi_awaddr[27]' of 'bmsWIDEDFFCPE' unit is dangling and will be cleaned.
W: Public-4008: Instance 'u_TSP_Core/u_TSP_Disp_Exu/Exu_ls_u0/store_type_r[2]' of 'bmsWIDEDFFCPE' unit is dangling and will be cleaned.
W: Public-4008: Instance 'u_TSP_Core/u_TSP_Disp_Exu/Exu_ls_u0/ls_addr_r[16]' of 'bmsWIDEDFFCPE' unit is dangling and will be cleaned.
W: Public-4008: Instance 'u_TSP_Core/u_TSP_Disp_Exu/Exu_ls_u0/ls_addr_r[17]' of 'bmsWIDEDFFCPE' unit is dangling and will be cleaned.
W: Public-4008: Instance 'u_TSP_Core/u_TSP_Disp_Exu/Exu_ls_u0/ls_addr_r[18]' of 'bmsWIDEDFFCPE' unit is dangling and will be cleaned.
W: Public-4008: Instance 'u_TSP_Core/u_TSP_Disp_Exu/Exu_ls_u0/ls_addr_r[19]' of 'bmsWIDEDFFCPE' unit is dangling and will be cleaned.
W: Public-4008: Instance 'u_TSP_Core/u_TSP_Disp_Exu/Exu_ls_u0/ls_addr_r[20]' of 'bmsWIDEDFFCPE' unit is dangling and will be cleaned.
W: Public-4008: Instance 'u_TSP_Core/u_TSP_Disp_Exu/Exu_ls_u0/ls_addr_r[21]' of 'bmsWIDEDFFCPE' unit is dangling and will be cleaned.
W: Public-4008: Instance 'u_TSP_Core/u_TSP_Disp_Exu/Exu_ls_u0/ls_addr_r[22]' of 'bmsWIDEDFFCPE' unit is dangling and will be cleaned.
W: Public-4008: Instance 'u_TSP_Core/u_TSP_Disp_Exu/Exu_ls_u0/ls_addr_r[23]' of 'bmsWIDEDFFCPE' unit is dangling and will be cleaned.
W: Public-4008: Instance 'u_TSP_Core/u_TSP_Disp_Exu/Exu_ls_u0/ls_addr_r[24]' of 'bmsWIDEDFFCPE' unit is dangling and will be cleaned.
W: Public-4008: Instance 'u_TSP_Core/u_TSP_Disp_Exu/Exu_ls_u0/ls_addr_r[25]' of 'bmsWIDEDFFCPE' unit is dangling and will be cleaned.
W: Public-4008: Instance 'u_TSP_Core/u_TSP_Disp_Exu/Exu_ls_u0/ls_addr_r[26]' of 'bmsWIDEDFFCPE' unit is dangling and will be cleaned.
W: Public-4008: Instance 'u_TSP_Core/u_TSP_Disp_Exu/Exu_ls_u0/ls_addr_r[27]' of 'bmsWIDEDFFCPE' unit is dangling and will be cleaned.
W: Public-4008: Instance 'u_TSP_Core/u_TSP_Disp_Exu/Exu_muldiv_u0/op_type_r[2]' of 'bmsWIDEDFFCPE' unit is dangling and will be cleaned.
W: Public-4008: Instance 'u_TSP_Core/u_TSP_Ifu/waddr_r[0]' of 'bmsWIDEDFFCPE' unit is dangling and will be cleaned.
W: Public-4008: Instance 'u_TSP_Core/u_TSP_Ifu/waddr_r[1]' of 'bmsWIDEDFFCPE' unit is dangling and will be cleaned.
W: Public-4008: Instance 'u_TSP_Core/u_TSP_Ifu/waddr_r[16]' of 'bmsWIDEDFFCPE' unit is dangling and will be cleaned.
W: Public-4008: Instance 'u_TSP_Core/u_TSP_Ifu/waddr_r[17]' of 'bmsWIDEDFFCPE' unit is dangling and will be cleaned.
W: Public-4008: Instance 'u_TSP_Core/u_TSP_Ifu/waddr_r[18]' of 'bmsWIDEDFFCPE' unit is dangling and will be cleaned.
W: Public-4008: Instance 'u_TSP_Core/u_TSP_Ifu/waddr_r[19]' of 'bmsWIDEDFFCPE' unit is dangling and will be cleaned.
W: Public-4008: Instance 'u_TSP_Core/u_TSP_Ifu/waddr_r[20]' of 'bmsWIDEDFFCPE' unit is dangling and will be cleaned.
W: Public-4008: Instance 'u_TSP_Core/u_TSP_Ifu/waddr_r[21]' of 'bmsWIDEDFFCPE' unit is dangling and will be cleaned.
W: Public-4008: Instance 'u_TSP_Core/u_TSP_Ifu/waddr_r[22]' of 'bmsWIDEDFFCPE' unit is dangling and will be cleaned.
W: Public-4008: Instance 'u_TSP_Core/u_TSP_Ifu/waddr_r[23]' of 'bmsWIDEDFFCPE' unit is dangling and will be cleaned.
W: Public-4008: Instance 'u_TSP_Core/u_TSP_Ifu/waddr_r[24]' of 'bmsWIDEDFFCPE' unit is dangling and will be cleaned.
W: Public-4008: Instance 'u_TSP_Core/u_TSP_Ifu/waddr_r[25]' of 'bmsWIDEDFFCPE' unit is dangling and will be cleaned.
W: Public-4008: Instance 'u_TSP_Core/u_TSP_Ifu/waddr_r[26]' of 'bmsWIDEDFFCPE' unit is dangling and will be cleaned.
W: Public-4008: Instance 'u_TSP_Core/u_TSP_Ifu/waddr_r[27]' of 'bmsWIDEDFFCPE' unit is dangling and will be cleaned.
W: Public-4008: Instance 'u_TSP_Core/u_TSP_Ifu/waddr_r[28]' of 'bmsWIDEDFFCPE' unit is dangling and will be cleaned.
W: Public-4008: Instance 'u_TSP_Core/u_TSP_Ifu/waddr_r[29]' of 'bmsWIDEDFFCPE' unit is dangling and will be cleaned.
W: Public-4008: Instance 'u_TSP_Core/u_TSP_Ifu/waddr_r[30]' of 'bmsWIDEDFFCPE' unit is dangling and will be cleaned.
W: Public-4008: Instance 'u_TSP_Core/u_TSP_Ifu/waddr_r[31]' of 'bmsWIDEDFFCPE' unit is dangling and will be cleaned.
W: Public-4008: Instance 'u_TSP_Core/u_TSP_Ifu/raddr_r[0]' of 'bmsWIDEDFFCPE' unit is dangling and will be cleaned.
W: Public-4008: Instance 'u_TSP_Core/u_TSP_Ifu/raddr_r[1]' of 'bmsWIDEDFFCPE' unit is dangling and will be cleaned.
W: Public-4008: Instance 'u_TSP_Core/u_TSP_Ifu/raddr_r[16]' of 'bmsWIDEDFFCPE' unit is dangling and will be cleaned.
W: Public-4008: Instance 'u_TSP_Core/u_TSP_Ifu/raddr_r[17]' of 'bmsWIDEDFFCPE' unit is dangling and will be cleaned.
W: Public-4008: Instance 'u_TSP_Core/u_TSP_Ifu/raddr_r[18]' of 'bmsWIDEDFFCPE' unit is dangling and will be cleaned.
W: Public-4008: Instance 'u_TSP_Core/u_TSP_Ifu/raddr_r[19]' of 'bmsWIDEDFFCPE' unit is dangling and will be cleaned.
W: Public-4008: Instance 'u_TSP_Core/u_TSP_Ifu/raddr_r[20]' of 'bmsWIDEDFFCPE' unit is dangling and will be cleaned.
W: Public-4008: Instance 'u_TSP_Core/u_TSP_Ifu/raddr_r[21]' of 'bmsWIDEDFFCPE' unit is dangling and will be cleaned.
W: Public-4008: Instance 'u_TSP_Core/u_TSP_Ifu/raddr_r[22]' of 'bmsWIDEDFFCPE' unit is dangling and will be cleaned.
W: Public-4008: Instance 'u_TSP_Core/u_TSP_Ifu/raddr_r[23]' of 'bmsWIDEDFFCPE' unit is dangling and will be cleaned.
W: Public-4008: Instance 'u_TSP_Core/u_TSP_Ifu/raddr_r[24]' of 'bmsWIDEDFFCPE' unit is dangling and will be cleaned.
W: Public-4008: Instance 'u_TSP_Core/u_TSP_Ifu/raddr_r[25]' of 'bmsWIDEDFFCPE' unit is dangling and will be cleaned.
W: Public-4008: Instance 'u_TSP_Core/u_TSP_Ifu/raddr_r[26]' of 'bmsWIDEDFFCPE' unit is dangling and will be cleaned.
W: Public-4008: Instance 'u_TSP_Core/u_TSP_Ifu/raddr_r[27]' of 'bmsWIDEDFFCPE' unit is dangling and will be cleaned.
W: Public-4008: Instance 'u_TSP_Core/u_TSP_Ifu/raddr_r[28]' of 'bmsWIDEDFFCPE' unit is dangling and will be cleaned.
W: Public-4008: Instance 'u_TSP_Core/u_TSP_Ifu/raddr_r[29]' of 'bmsWIDEDFFCPE' unit is dangling and will be cleaned.
W: Public-4008: Instance 'u_TSP_Core/u_TSP_Ifu/raddr_r[30]' of 'bmsWIDEDFFCPE' unit is dangling and will be cleaned.
W: Public-4008: Instance 'u_TSP_Core/u_TSP_Ifu/raddr_r[31]' of 'bmsWIDEDFFCPE' unit is dangling and will be cleaned.
W: Public-4008: Instance 'u_Timer/wr_addr_q[0]' of 'bmsWIDEDFFCPE' unit is dangling and will be cleaned.
W: Public-4008: Instance 'u_Timer/wr_addr_q[1]' of 'bmsWIDEDFFCPE' unit is dangling and will be cleaned.
Executing : tech-mapping phase 1 successfully. Time elapsed: 0.361s wall, 0.328s user + 0.016s system = 0.344s CPU (95.2%)

Start tech-mapping phase 2.
Executing : tech-mapping phase 2 successfully. Time elapsed: 6.658s wall, 6.469s user + 0.547s system = 7.016s CPU (105.4%)

Start tech-optimization.
Executing : tech-optimization successfully. Time elapsed: 0.536s wall, 0.703s user + 0.109s system = 0.812s CPU (151.5%)

Start phys-optimization.
Executing : phys-optimization successfully. Time elapsed: 0.000s wall, 0.000s user + 0.000s system = 0.000s CPU (n/a%)

Start restore-hierarchy.
Executing : restore-hierarchy successfully. Time elapsed: 0.617s wall, 0.609s user + 0.016s system = 0.625s CPU (101.2%)

W: Unable to honor max fanout constraint for gtp_inv driven net u_UART/rst_1
W: Unable to honor max fanout constraint for gtp_inv driven net u_UART/rst_1
W: prevent name conflict by renaming net u_UART/rst_1 to u_UART/rst_1_rnmt

Cell Usage:
GTP_DFF                      19 uses
GTP_DFF_C                    58 uses
GTP_DFF_CE                 2836 uses
GTP_DFF_E                    19 uses
GTP_DFF_PE                   10 uses
GTP_DFF_RE                   62 uses
GTP_DFF_S                     1 use
GTP_DFF_SE                    1 use
GTP_DRM18K                   48 uses
GTP_GRS                       1 use
GTP_INV                       4 uses
GTP_LUT1                      3 uses
GTP_LUT2                    171 uses
GTP_LUT3                    476 uses
GTP_LUT4                    196 uses
GTP_LUT5                   1015 uses
GTP_LUT5CARRY               950 uses
GTP_LUT5M                  1359 uses
GTP_MUX2LUT6                529 uses
GTP_MUX2LUT7                201 uses
GTP_MUX2LUT8                 64 uses
GTP_PLL_E3                    1 use

I/O ports: 45
GTP_INBUF                   3 uses
GTP_OUTBUF                 42 uses

Mapping Summary:
Total LUTs: 4170 of 42800 (9.74%)
	LUTs as dram: 0 of 17000 (0.00%)
	LUTs as logic: 4170
Total Registers: 3006 of 64200 (4.68%)
Total Latches: 0

DRM18K:
Total DRM18K = 48.0 of 134 (35.82%)

APMs:
Total APMs = 0.00 of 84 (0.00%)

Total I/O ports = 45 of 218 (20.64%)


Overview of Control Sets:

Number of unique control sets : 106

Histogram:
**************************************************************
  Fanout      | Count    | Sync Set/Reset    Async Set/Reset
--------------------------------------------------------------
  [0, 2)      | 1        | 1                 0
  [2, 4)      | 5        | 2                 3
  [4, 6)      | 15       | 3                 12
  [6, 8)      | 5        | 0                 5
  [8, 10)     | 4        | 3                 1
  [10, 12)    | 1        | 0                 1
  [12, 14)    | 1        | 0                 1
  [14, 16)    | 1        | 0                 1
  [16, Inf)   | 73       | 3                 70
--------------------------------------------------------------
  The maximum fanout: 70
==============================================================

Flip-Flop Distribution:
************************************************************************
  Clock Enable    Sync Set/Reset    Async Set/Reset    Total Registers
------------------------------------------------------------------------
  NO              NO                NO                 19
  NO              NO                YES                58
  NO              YES               NO                 1
  YES             NO                NO                 19
  YES             NO                YES                2846
  YES             YES               NO                 63
========================================================================

Latch Distribution:
************************************************
  Gate Enable    Preset/Clear    Total Latches
************************************************
  NO             NO              0
  NO             YES             0
  YES            NO              0
  YES            YES             0
************************************************

Design 'SoC_Top' has been successfully synthesized to architecture-specific objects.
Saving design to DB.
Saving design to SoC_Top_syn.vm
Constructing timing graph ...
Timing graph has been constructed successfully
W: Timing-4087: Port 'ext_axi_if_arready' is not constrained, it is treated as combinational output.
W: Timing-4087: Port 'ext_axi_if_awready' is not constrained, it is treated as combinational output.
W: Timing-4087: Port 'ext_axi_if_bresp[0]' is not constrained, it is treated as combinational output.
W: Timing-4087: Port 'ext_axi_if_bresp[1]' is not constrained, it is treated as combinational output.
W: Timing-4087: Port 'ext_axi_if_bvalid' is not constrained, it is treated as combinational output.
W: Timing-4087: Port 'ext_axi_if_rdata[0]' is not constrained, it is treated as combinational output.
W: Timing-4087: Port 'ext_axi_if_rdata[1]' is not constrained, it is treated as combinational output.
W: Timing-4087: Port 'ext_axi_if_rdata[2]' is not constrained, it is treated as combinational output.
W: Timing-4087: Port 'ext_axi_if_rdata[3]' is not constrained, it is treated as combinational output.
W: Timing-4087: Port 'ext_axi_if_rdata[4]' is not constrained, it is treated as combinational output.
W: Timing-4087: Port 'ext_axi_if_rdata[5]' is not constrained, it is treated as combinational output.
W: Timing-4087: Port 'ext_axi_if_rdata[6]' is not constrained, it is treated as combinational output.
W: Timing-4087: Port 'ext_axi_if_rdata[7]' is not constrained, it is treated as combinational output.
W: Timing-4087: Port 'ext_axi_if_rdata[8]' is not constrained, it is treated as combinational output.
W: Timing-4087: Port 'ext_axi_if_rdata[9]' is not constrained, it is treated as combinational output.
W: Timing-4087: Port 'ext_axi_if_rdata[10]' is not constrained, it is treated as combinational output.
W: Timing-4087: Port 'ext_axi_if_rdata[11]' is not constrained, it is treated as combinational output.
W: Timing-4087: Port 'ext_axi_if_rdata[12]' is not constrained, it is treated as combinational output.
W: Timing-4087: Port 'ext_axi_if_rdata[13]' is not constrained, it is treated as combinational output.
W: Timing-4087: Port 'ext_axi_if_rdata[14]' is not constrained, it is treated as combinational output.
W: Timing-4087: Port 'ext_axi_if_rdata[15]' is not constrained, it is treated as combinational output.
W: Timing-4087: Port 'ext_axi_if_rdata[16]' is not constrained, it is treated as combinational output.
W: Timing-4087: Port 'ext_axi_if_rdata[17]' is not constrained, it is treated as combinational output.
W: Timing-4087: Port 'ext_axi_if_rdata[18]' is not constrained, it is treated as combinational output.
W: Timing-4087: Port 'ext_axi_if_rdata[19]' is not constrained, it is treated as combinational output.
W: Timing-4087: Port 'ext_axi_if_rdata[20]' is not constrained, it is treated as combinational output.
W: Timing-4087: Port 'ext_axi_if_rdata[21]' is not constrained, it is treated as combinational output.
W: Timing-4087: Port 'ext_axi_if_rdata[22]' is not constrained, it is treated as combinational output.
W: Timing-4087: Port 'ext_axi_if_rdata[23]' is not constrained, it is treated as combinational output.
W: Timing-4087: Port 'ext_axi_if_rdata[24]' is not constrained, it is treated as combinational output.
W: Timing-4087: Port 'ext_axi_if_rdata[25]' is not constrained, it is treated as combinational output.
W: Timing-4087: Port 'ext_axi_if_rdata[26]' is not constrained, it is treated as combinational output.
W: Timing-4087: Port 'ext_axi_if_rdata[27]' is not constrained, it is treated as combinational output.
W: Timing-4087: Port 'ext_axi_if_rdata[28]' is not constrained, it is treated as combinational output.
W: Timing-4087: Port 'ext_axi_if_rdata[29]' is not constrained, it is treated as combinational output.
W: Timing-4087: Port 'ext_axi_if_rdata[30]' is not constrained, it is treated as combinational output.
W: Timing-4087: Port 'ext_axi_if_rdata[31]' is not constrained, it is treated as combinational output.
W: Timing-4087: Port 'ext_axi_if_rresp[0]' is not constrained, it is treated as combinational output.
W: Timing-4087: Port 'ext_axi_if_rresp[1]' is not constrained, it is treated as combinational output.
W: Timing-4087: Port 'ext_axi_if_rvalid' is not constrained, it is treated as combinational output.
W: Timing-4087: Port 'ext_axi_if_wready' is not constrained, it is treated as combinational output.
W: Timing-4087: Port 'uart_tx' is not constrained, it is treated as combinational output.
W: Timing-4086: Port 'rst_n' is not constrained, it is treated as combinational input.
W: Timing-4086: Port 'uart_rx' is not constrained, it is treated as combinational input.
Action synthesize: Real time elapsed is 0h:0m:21s
Action synthesize: CPU time elapsed is 0h:0m:19s
Action synthesize: Process CPU time elapsed is 0h:0m:19s
Current time: Fri Apr  3 00:28:00 2026
Action synthesize: Peak memory pool usage is 411 MB
Action from compile to synthesize: Total Real Time elapsed is 0h:0m:27s
Action from compile to synthesize: Total CPU time elapsed is 0h:0m:22s
Action from compile to synthesize: Total Process CPU Time elapsed is 0h:0m:22s
Process "Synthesize" done.


Process "Device Map" started.
Current time: Fri Apr  3 00:28:01 2026
Compiling architecture definition.
Analyzing project file 'D:/FPGA/TSP_RISC-V-2.4/FPGA/pango_cpu/pango_cpu.pds'.
Compiling verification operator library.
Compiling common defs.
Loading technology operator library.
Compiling technology operator library.
Compiling technology operator (valence) library.
Compiling operator packing rules.
Compiling prim grid devices.
Compiling gate devices.
Compiling gate operators.
Compiling tech operator impls.
Building architecture model.
Loading device packaging model.
NOTE: The technology fpga was specified.
NOTE: delay_model specified was generic_cmos.
NOTE: Using the fpga syntax tables...
Totals:
 Calls to malloc = 0
 Calls to calloc = 111555

W: ConstraintEditor-4019: Port Bus 'ext_axi_if_araddr' unspecified I/O constraint.
W: ConstraintEditor-4019: Port Bus 'ext_axi_if_awaddr' unspecified I/O constraint.
W: ConstraintEditor-4019: Port Bus 'ext_axi_if_bresp' unspecified I/O constraint.
W: ConstraintEditor-4019: Port Bus 'ext_axi_if_rdata' unspecified I/O constraint.
W: ConstraintEditor-4019: Port Bus 'ext_axi_if_rresp' unspecified I/O constraint.
W: ConstraintEditor-4019: Port Bus 'ext_axi_if_wdata' unspecified I/O constraint.
W: ConstraintEditor-4019: Port Bus 'ext_axi_if_wstrb' unspecified I/O constraint.
W: ConstraintEditor-4019: Port 'ext_axi_if_arready' unspecified I/O constraint.
W: ConstraintEditor-4019: Port 'ext_axi_if_arvalid' unspecified I/O constraint.
W: ConstraintEditor-4019: Port 'ext_axi_if_awready' unspecified I/O constraint.
W: ConstraintEditor-4019: Port 'ext_axi_if_awvalid' unspecified I/O constraint.
W: ConstraintEditor-4019: Port 'ext_axi_if_bready' unspecified I/O constraint.
W: ConstraintEditor-4019: Port 'ext_axi_if_bvalid' unspecified I/O constraint.
W: ConstraintEditor-4019: Port 'ext_axi_if_rready' unspecified I/O constraint.
W: ConstraintEditor-4019: Port 'ext_axi_if_rvalid' unspecified I/O constraint.
W: ConstraintEditor-4019: Port 'ext_axi_if_wready' unspecified I/O constraint.
W: ConstraintEditor-4019: Port 'ext_axi_if_wvalid' unspecified I/O constraint.
Flattening design 'SoC_Top'
Device mapping started.
Optimizing circuit logic.
Checking design netlist.
Processing tech operator.
I: The instance clkbufg_0(GTP_CLKBUFG) has been inserted on the net clk in design, driver pin CLKOUT0(instance u_sys_pll/u_pll_e3) -> load pin CLK(instance u_Interconnect/r_target_reg[0]).
Converting tech operator to gate operator.
Processing gate operator.
I: Infer CARRY group, base inst: u_Timer/N161_1_0/gateop, insts:32.
I: Infer CARRY group, base inst: u_Timer/N170_1_0/gateop, insts:32.
I: Infer CARRY group, base inst: u_TSP_Core/u_PC_control/N3.eq_0/gateop, insts:9.
I: Infer CARRY group, base inst: u_TSP_Core/u_PC_control/N10.eq_0/gateop, insts:9.
I: Infer CARRY group, base inst: u_TSP_Core/u_PC_control/N17.eq_0/gateop, insts:9.
I: Infer CARRY group, base inst: u_TSP_Core/u_PC_control/N24.eq_0/gateop, insts:9.
I: Infer CARRY group, base inst: u_TSP_Core/u_PC_control/N31.eq_0/gateop, insts:9.
I: Infer CARRY group, base inst: u_TSP_Core/u_PC_control/N38.eq_0/gateop, insts:9.
I: Infer CARRY group, base inst: u_TSP_Core/u_PC_control/N45.eq_0/gateop, insts:9.
I: Infer CARRY group, base inst: u_TSP_Core/u_PC_control/N52.eq_0/gateop, insts:9.
I: Infer CARRY group, base inst: u_TSP_Core/u_PC_control/N59.eq_0/gateop, insts:9.
I: Infer CARRY group, base inst: u_TSP_Core/u_PC_control/N66.eq_0/gateop, insts:9.
I: Infer CARRY group, base inst: u_TSP_Core/u_PC_control/N73.eq_0/gateop, insts:9.
I: Infer CARRY group, base inst: u_TSP_Core/u_PC_control/N80.eq_0/gateop, insts:9.
I: Infer CARRY group, base inst: u_TSP_Core/u_PC_control/N87.eq_0/gateop, insts:9.
I: Infer CARRY group, base inst: u_TSP_Core/u_PC_control/N94.eq_0/gateop, insts:9.
I: Infer CARRY group, base inst: u_TSP_Core/u_PC_control/N101.eq_0/gateop, insts:9.
I: Infer CARRY group, base inst: u_TSP_Core/u_PC_control/N108.eq_0/gateop, insts:9.
I: Infer CARRY group, base inst: u_TSP_Core/u_PC_control/N119_1_0/gateop, insts:30.
I: Infer CARRY group, base inst: u_TSP_Core/u_PC_control/N126.eq_0/gateop, insts:9.
I: Infer CARRY group, base inst: u_TSP_Core/u_PC_control/N130.eq_0/gateop, insts:9.
I: Infer CARRY group, base inst: u_TSP_Core/u_PC_control/N134.eq_0/gateop, insts:9.
I: Infer CARRY group, base inst: u_TSP_Core/u_PC_control/N138.eq_0/gateop, insts:9.
I: Infer CARRY group, base inst: u_TSP_Core/u_PC_control/N142.eq_0/gateop, insts:9.
I: Infer CARRY group, base inst: u_TSP_Core/u_PC_control/N146.eq_0/gateop, insts:9.
I: Infer CARRY group, base inst: u_TSP_Core/u_PC_control/N150.eq_0/gateop, insts:9.
I: Infer CARRY group, base inst: u_TSP_Core/u_PC_control/N154.eq_0/gateop, insts:9.
I: Infer CARRY group, base inst: u_TSP_Core/u_PC_control/N158.eq_0/gateop, insts:9.
I: Infer CARRY group, base inst: u_TSP_Core/u_PC_control/N162.eq_0/gateop, insts:9.
I: Infer CARRY group, base inst: u_TSP_Core/u_PC_control/N166.eq_0/gateop, insts:9.
I: Infer CARRY group, base inst: u_TSP_Core/u_PC_control/N170.eq_0/gateop, insts:9.
I: Infer CARRY group, base inst: u_TSP_Core/u_PC_control/N174.eq_0/gateop, insts:9.
I: Infer CARRY group, base inst: u_TSP_Core/u_PC_control/N178.eq_0/gateop, insts:9.
I: Infer CARRY group, base inst: u_TSP_Core/u_PC_control/N182.eq_0/gateop, insts:9.
I: Infer CARRY group, base inst: u_TSP_Core/u_PC_control/N186.eq_0/gateop, insts:9.
I: Infer CARRY group, base inst: u_TSP_Core/u_TSP_Disp_Exu/N6.eq_0/gateop, insts:3.
I: Infer CARRY group, base inst: u_TSP_Core/u_TSP_Disp_Exu/N12.eq_0/gateop, insts:3.
I: Infer CARRY group, base inst: u_TSP_Core/u_TSP_Disp_Exu/N18.eq_0/gateop, insts:3.
I: Infer CARRY group, base inst: u_TSP_Core/u_TSP_Disp_Exu/N24.eq_0/gateop, insts:3.
I: Infer CARRY group, base inst: u_TSP_Core/u_TSP_Disp_Exu/Exu_muldiv_u0/u_multiplier/N36_3_0/gateop, insts:34.
I: Infer CARRY group, base inst: u_TSP_Core/u_TSP_Disp_Exu/Exu_muldiv_u0/u_multiplier/N39_1.fsub_1/gateop, insts:5.
I: Infer CARRY group, base inst: u_TSP_Core/u_TSP_Disp_Exu/Exu_muldiv_u0/u_multiplier/N64_1_1/gateop, insts:63.
I: Infer CARRY group, base inst: u_UART/u_uart_core/uart_tx_inst/N121_3.fsub_1/gateop, insts:19.
I: Infer CARRY group, base inst: u_TSP_Core/u_TSP_Disp_Exu/Exu_muldiv_u0/u_divider/N5_1_1/gateop, insts:31.
I: Infer CARRY group, base inst: u_TSP_Core/u_TSP_Disp_Exu/Exu_muldiv_u0/u_divider/N9_1_1/gateop, insts:31.
I: Infer CARRY group, base inst: u_TSP_Core/u_TSP_Disp_Exu/Exu_muldiv_u0/u_divider/N34.lt_0/gateop, insts:16.
I: Infer CARRY group, base inst: u_TSP_Core/u_TSP_Disp_Exu/Exu_muldiv_u0/u_divider/N41_3.fsub_0/gateop, insts:33.
I: Infer CARRY group, base inst: u_UART/u_uart_core/uart_rx_inst/N196_3.fsub_1/gateop, insts:19.
I: Infer CARRY group, base inst: u_TSP_Core/u_TSP_Disp_Exu/N81.eq_0/gateop, insts:3.
I: Infer CARRY group, base inst: u_TSP_Core/u_TSP_Disp_Exu/N87.eq_0/gateop, insts:3.
I: Infer CARRY group, base inst: u_TSP_Core/u_TSP_Disp_Exu/N93.eq_0/gateop, insts:3.
I: Infer CARRY group, base inst: u_TSP_Core/u_TSP_Disp_Exu/N103.eq_0/gateop, insts:3.
I: Infer CARRY group, base inst: u_TSP_Core/u_TSP_Disp_Exu/N109.eq_0/gateop, insts:3.
I: Infer CARRY group, base inst: u_TSP_Core/u_TSP_Disp_Exu/N115.eq_0/gateop, insts:3.
I: Infer CARRY group, base inst: u_TSP_Core/u_TSP_Disp_Exu/N125.eq_0/gateop, insts:3.
I: Infer CARRY group, base inst: u_TSP_Core/u_TSP_Disp_Exu/N131.eq_0/gateop, insts:3.
I: Infer CARRY group, base inst: u_TSP_Core/u_TSP_Disp_Exu/N137.eq_0/gateop, insts:3.
I: Infer CARRY group, base inst: u_TSP_Core/u_TSP_Disp_Exu/N147.eq_0/gateop, insts:3.
I: Infer CARRY group, base inst: u_TSP_Core/u_TSP_Disp_Exu/N153.eq_0/gateop, insts:3.
I: Infer CARRY group, base inst: u_TSP_Core/u_TSP_Disp_Exu/N159.eq_0/gateop, insts:3.
I: Infer CARRY group, base inst: u_TSP_Core/u_TSP_Disp_Exu/N169.eq_0/gateop, insts:3.
I: Infer CARRY group, base inst: u_TSP_Core/u_TSP_Disp_Exu/N175.eq_0/gateop, insts:3.
I: Infer CARRY group, base inst: u_TSP_Core/u_TSP_Disp_Exu/N181.eq_0/gateop, insts:3.
I: Infer CARRY group, base inst: u_TSP_Core/u_TSP_Disp_Exu/N191.eq_0/gateop, insts:3.
I: Infer CARRY group, base inst: u_TSP_Core/u_TSP_Disp_Exu/N197.eq_0/gateop, insts:3.
I: Infer CARRY group, base inst: u_TSP_Core/u_TSP_Disp_Exu/N203.eq_0/gateop, insts:3.
I: Infer CARRY group, base inst: u_TSP_Core/u_TSP_Disp_Exu/N213.eq_0/gateop, insts:3.
I: Infer CARRY group, base inst: u_TSP_Core/u_TSP_Disp_Exu/N219.eq_0/gateop, insts:3.
I: Infer CARRY group, base inst: u_TSP_Core/u_TSP_Disp_Exu/N225.eq_0/gateop, insts:3.
I: Infer CARRY group, base inst: u_TSP_Core/u_TSP_Disp_Exu/N235.eq_0/gateop, insts:3.
I: Infer CARRY group, base inst: u_TSP_Core/u_TSP_Disp_Exu/N241.eq_0/gateop, insts:3.
I: Infer CARRY group, base inst: u_TSP_Core/u_TSP_Disp_Exu/N247.eq_0/gateop, insts:3.
I: Infer CARRY group, base inst: u_TSP_Core/u_TSP_Disp_Exu/N288.eq_0/gateop, insts:3.
I: Infer CARRY group, base inst: u_TSP_Core/u_TSP_Disp_Exu/N293.eq_0/gateop, insts:3.
I: Infer CARRY group, base inst: u_TSP_Core/u_TSP_Disp_Exu/N298.eq_0/gateop, insts:3.
I: Infer CARRY group, base inst: u_TSP_Core/u_TSP_Disp_Exu/N303.eq_0/gateop, insts:3.
I: Infer CARRY group, base inst: u_TSP_Core/u_TSP_Disp_Exu/N308.eq_0/gateop, insts:3.
I: Infer CARRY group, base inst: u_TSP_Core/u_TSP_Disp_Exu/N313.eq_0/gateop, insts:3.
I: Infer CARRY group, base inst: u_TSP_Core/u_TSP_Disp_Exu/N318.eq_0/gateop, insts:3.
I: Infer CARRY group, base inst: u_TSP_Core/u_TSP_Disp_Exu/N323.eq_0/gateop, insts:3.
I: Infer CARRY group, base inst: u_TSP_Core/u_TSP_Disp_Exu/Exu_muldiv_u0/u_divider/N45_1.fsub_1/gateop, insts:5.
I: Infer CARRY group, base inst: u_TSP_Core/u_TSP_Disp_Exu/Exu_muldiv_u0/u_divider/N79_1_0/gateop, insts:32.
I: Infer CARRY group, base inst: u_TSP_Core/u_TSP_Disp_Exu/Exu_muldiv_u0/u_divider/N85_1_1/gateop, insts:31.
I: Infer CARRY group, base inst: u_TSP_Core/u_TSP_Disp_Exu/Exu_bjp_u0/N10_1_0/gateop, insts:30.
I: Infer CARRY group, base inst: u_TSP_Core/u_TSP_Disp_Exu/Exu_common_u0/N33_0/gateop, insts:33.
I: Infer CARRY group, base inst: u_TSP_Core/u_TSP_Disp_Exu/Exu_common_u0/N126.eq_0/gateop, insts:16.
I: Infer CARRY group, base inst: u_TSP_Core/u_TSP_Disp_Exu/Exu_common_u0/N127.slt_0/gateop, insts:16.
I: Infer CARRY group, base inst: u_TSP_Core/u_TSP_Disp_Exu/Exu_common_u0/N128.lt_0/gateop, insts:16.
I: Infer CARRY group, base inst: u_TSP_Core/u_TSP_Disp_Exu/Exu_common_u0/N134_1_0/gateop, insts:30.
Device Utilization Summary:
+------------------------------------------------------------------------+
| Logic Utilization     | Used     | Available     | Utilization(%)     
+------------------------------------------------------------------------+
| APM                   | 0        | 84            | 0                  
| IOCKDLY               | 0        | 40            | 0                  
| FF                    | 3006     | 64200         | 5                  
| LUT                   | 4170     | 42800         | 10                 
| Distributed RAM       | 0        | 17000         | 0                  
| DLL                   | 0        | 10            | 0                  
| DQSL                  | 0        | 18            | 0                  
| DRM                   | 48       | 134           | 36                 
| FUSECODE              | 0        | 1             | 0                  
| IO                    | 45       | 218           | 21                 
| IOCKDIV               | 0        | 20            | 0                  
| IOCKGATE              | 0        | 20            | 0                  
| IPAL                  | 0        | 1             | 0                  
| PLL                   | 1        | 5             | 20                 
| RCKB                  | 0        | 24            | 0                  
| SCANCHAIN             | 0        | 2             | 0                  
| START                 | 0        | 1             | 0                  
| USCM                  | 1        | 30            | 4                  
| OSC                   | 0        | 1             | 0                  
| CRYSTAL               | 0        | 2             | 0                  
| RESCAL                | 0        | 4             | 0                  
| UDID                  | 0        | 1             | 0                  
+------------------------------------------------------------------------+

Device mapping done.
Total device mapping takes 0.62 sec.

Design 'SoC_Top' has been successfully mapped to architecture-specific objects.
Saving design to DB.
W: Public-4010: Pcf file D:/FPGA/TSP_RISC-V-2.4/FPGA/pango_cpu/device_map/SoC_Top.pcf has been covered.
Action dev_map: Real time elapsed is 0h:0m:6s
Action dev_map: CPU time elapsed is 0h:0m:4s
Action dev_map: Process CPU time elapsed is 0h:0m:4s
Current time: Fri Apr  3 00:28:06 2026
Action dev_map: Peak memory pool usage is 314 MB
Action from compile to dev_map: Total Real Time elapsed is 0h:0m:33s
Action from compile to dev_map: Total CPU time elapsed is 0h:0m:26s
Action from compile to dev_map: Total Process CPU Time elapsed is 0h:0m:26s
Process "Device Map" done.


Process "Place & Route" started.
Current time: Fri Apr  3 00:28:06 2026
Compiling architecture definition.
Analyzing project file 'D:/FPGA/TSP_RISC-V-2.4/FPGA/pango_cpu/pango_cpu.pds'.
Compiling verification operator library.
Compiling common defs.
Compiling prim grid devices.
Compiling gate devices.
Compiling gate operators.
Building architecture model.
Loading device packaging model.
pnr strategy configuration : 
strategy name : 0
Building architecture floorplan logic view.
Constraint check start.
Executing : def_port {uart_tx} LOC=T11 VCCIO=3.3 IOSTANDARD=LVCMOS33 PULLUP=TRUE
C: ConstraintEditor-2009: uart_tx is lack of SLEW, OUTPUT or INOUT PORT had better set SLEW, the optional value is {SLOW, FAST}.
C: ConstraintEditor-2009: uart_tx is lack of DRIVE, OUTPUT or INOUT PORT had better set DRIVE, the optional value is {8, 4, 12, 16, 24}.
Executing : def_port {uart_tx} LOC=T11 VCCIO=3.3 IOSTANDARD=LVCMOS33 PULLUP=TRUE successfully
Executing : def_port {rst_n} LOC=C4 VCCIO=1.2 IOSTANDARD=LVCMOS12 PULLUP=TRUE
Executing : def_port {rst_n} LOC=C4 VCCIO=1.2 IOSTANDARD=LVCMOS12 PULLUP=TRUE successfully
Executing : def_port {sys_clk} LOC=V9 VCCIO=3.3 IOSTANDARD=LVCMOS33 PULLUP=TRUE
Executing : def_port {sys_clk} LOC=V9 VCCIO=3.3 IOSTANDARD=LVCMOS33 PULLUP=TRUE successfully
Executing : def_port {uart_rx} LOC=R11 VCCIO=3.3 IOSTANDARD=LVCMOS33 PULLUP=TRUE
Executing : def_port {uart_rx} LOC=R11 VCCIO=3.3 IOSTANDARD=LVCMOS33 PULLUP=TRUE successfully
W: ConstraintEditor-4019: Port Bus 'ext_axi_if_araddr' unspecified I/O constraint.
W: ConstraintEditor-4019: Port Bus 'ext_axi_if_awaddr' unspecified I/O constraint.
W: ConstraintEditor-4019: Port Bus 'ext_axi_if_bresp' unspecified I/O constraint.
W: ConstraintEditor-4019: Port Bus 'ext_axi_if_rdata' unspecified I/O constraint.
W: ConstraintEditor-4019: Port Bus 'ext_axi_if_rresp' unspecified I/O constraint.
W: ConstraintEditor-4019: Port Bus 'ext_axi_if_wdata' unspecified I/O constraint.
W: ConstraintEditor-4019: Port Bus 'ext_axi_if_wstrb' unspecified I/O constraint.
W: ConstraintEditor-4019: Port 'ext_axi_if_arready' unspecified I/O constraint.
W: ConstraintEditor-4019: Port 'ext_axi_if_arvalid' unspecified I/O constraint.
W: ConstraintEditor-4019: Port 'ext_axi_if_awready' unspecified I/O constraint.
W: ConstraintEditor-4019: Port 'ext_axi_if_awvalid' unspecified I/O constraint.
W: ConstraintEditor-4019: Port 'ext_axi_if_bready' unspecified I/O constraint.
W: ConstraintEditor-4019: Port 'ext_axi_if_bvalid' unspecified I/O constraint.
W: ConstraintEditor-4019: Port 'ext_axi_if_rready' unspecified I/O constraint.
W: ConstraintEditor-4019: Port 'ext_axi_if_rvalid' unspecified I/O constraint.
W: ConstraintEditor-4019: Port 'ext_axi_if_wready' unspecified I/O constraint.
W: ConstraintEditor-4019: Port 'ext_axi_if_wvalid' unspecified I/O constraint.
Constraint check end.
NOTE: The technology fpga was specified.
NOTE: delay_model specified was generic_cmos.
NOTE: Using the fpga syntax tables...
Totals:
 Calls to malloc = 0
 Calls to calloc = 5993935

I: Column Clock Check open.
Read Column Clock Map.

Placement started.
Phase 1 Pre global placement started.
Mapping instance u_sys_pll/u_pll_e3/goppll to PLL_158_55.
Phase 1.1 1st GP placement started.
Design Utilization : 10%.
First map gop timing takes 0.30 sec
Worst slack after clock region global placement is 2597
Wirelength after clock region global placement is 67588 and checksum is 55F7C6432E95D903.
1st GP placement takes 3.41 sec.

Phase 1.2 Clock placement started.
Mapping instance clkbufg_0/gopclkbufg to USCM_84_108.
Clock placement takes 0.14 sec.

Wirelength after Pre Global Placement is 67588 and checksum is 55F7C6432E95D903.
Pre global placement takes 3.72 sec.

Phase 2 Global placement started.
Phase 2.1 Fixed placement started.
Placed fixed group with base inst rst_n_ibuf/opit_1 on IOL_11_373.
Placed fixed group with base inst sys_clk_ibuf/opit_1 on IOL_159_5.
Placed fixed group with base inst uart_rx_ibuf/opit_1 on IOL_219_6.
Placed fixed group with base inst uart_tx_obuf/opit_1 on IOL_219_5.
Placed fixed instance clkbufg_0/gopclkbufg on USCM_84_108.
Placed fixed instance u_sys_pll/u_pll_e3/goppll on PLL_158_55.
Placed fixed instance BKCL_auto_0 on BKCL_188_376.
Placed fixed instance BKCL_auto_1 on BKCL_192_0.
Fixed placement takes 0.06 sec.

Phase 2.2 Process placement started.
Process placement takes 0.00 sec.

Phase 2.3 IO placement started.
IO placement takes 0.03 sec.

Phase 2.4 2nd GP placement started.
Run super clustering :
	Initial slack -11534.
	13 iterations finished.
	Final slack -366.
Super clustering done.
Design Utilization : 10%.
Worst slack after global placement is 839
2nd GP placement takes 2.39 sec.

Wirelength after global placement is 74332 and checksum is 238765564EAC265.
Global placement takes 2.48 sec.

Phase 3 Post global placement started.
Phase 3.1 Macro cell placement started.
I: Process macros using "Greedy".
Wirelength after macro cell placement is 90290 and checksum is E86C92B410912DF8.
Macro cell placement takes 0.00 sec.

Phase 3.2 3rd GP placement started.
Run super clustering :
	Initial slack -11534.
	13 iterations finished.
	Final slack -366.
Super clustering done.
Design Utilization : 10%.
Worst slack after post global placement is 1385
3rd GP placement takes 2.20 sec.

Wirelength after post global placement is 79592 and checksum is E7550015C070088E.
Post global placement takes 2.22 sec.

Phase 4 Legalization started.
The average distance in LP is 0.953084.
Wirelength after legalization is 93073 and checksum is C695D701F75EF5CF.
Legalization takes 0.52 sec.

Phase 5 Timing-driven detailed placement started.
Phase 5.1 Replication placement started.
Worst slack before Replication Place is -672.
Replication placement takes 0.17 sec.

Wirelength after replication placement is 93073 and checksum is C695D701F75EF5CF.
Phase 5.2 DP placement started.
Legalized cost -672.000000.
The detailed placement ends at 1th iteration.
DP placement takes 0.59 sec.

Wirelength after detailed placement is 95269 and checksum is 89FC30447427FCCA.
Timing-driven detailed placement takes 0.77 sec.

Worst slack is 3312, TNS after placement is 0.
Placement done.
Total placement takes 11.38 sec.
Finished placement.

Routing started.
Building routing graph takes 1.25 sec.
Worst slack is 3312, TNS before global route is 0.
Processing design graph takes 0.56 sec.
Total memory for routing:
	119.851213 M.
Total nets for routing : 8542.
Global Routing step 1 processed 0 nets, it takes 0.09 sec.
Rcf routing step 1 processed 0 nets, it takes 0.00 sec.
Rcf routing step 2 processed 0 nets, it takes 0.00 sec.
Rcf routing step 3 processed 0 nets, it takes 0.00 sec.
Unrouted nets 0 at the end of iteration 0.
Global Routing step 1 processed 153 nets, it takes 0.02 sec.
Unrouted nets 200 at the end of iteration 0.
Unrouted nets 156 at the end of iteration 1.
Unrouted nets 138 at the end of iteration 2.
Unrouted nets 118 at the end of iteration 3.
Unrouted nets 86 at the end of iteration 4.
Unrouted nets 51 at the end of iteration 5.
Unrouted nets 38 at the end of iteration 6.
Unrouted nets 38 at the end of iteration 7.
Unrouted nets 34 at the end of iteration 8.
Unrouted nets 30 at the end of iteration 9.
Unrouted nets 21 at the end of iteration 10.
Unrouted nets 19 at the end of iteration 11.
Unrouted nets 15 at the end of iteration 12.
Unrouted nets 14 at the end of iteration 13.
Unrouted nets 11 at the end of iteration 14.
Unrouted nets 10 at the end of iteration 15.
Unrouted nets 10 at the end of iteration 16.
Unrouted nets 7 at the end of iteration 17.
Unrouted nets 8 at the end of iteration 18.
Unrouted nets 7 at the end of iteration 19.
Unrouted nets 7 at the end of iteration 20.
Unrouted nets 8 at the end of iteration 21.
Unrouted nets 5 at the end of iteration 22.
Unrouted nets 5 at the end of iteration 23.
Unrouted nets 5 at the end of iteration 24.
Unrouted nets 3 at the end of iteration 25.
Unrouted nets 3 at the end of iteration 26.
Unrouted nets 3 at the end of iteration 27.
Unrouted nets 2 at the end of iteration 28.
Unrouted nets 3 at the end of iteration 29.
Unrouted nets 2 at the end of iteration 30.
Unrouted nets 2 at the end of iteration 31.
Unrouted nets 2 at the end of iteration 32.
Unrouted nets 2 at the end of iteration 33.
Unrouted nets 2 at the end of iteration 34.
Unrouted nets 2 at the end of iteration 35.
Unrouted nets 1 at the end of iteration 36.
Unrouted nets 1 at the end of iteration 37.
Unrouted nets 1 at the end of iteration 38.
Unrouted nets 1 at the end of iteration 39.
Unrouted nets 1 at the end of iteration 40.
Unrouted nets 1 at the end of iteration 41.
Unrouted nets 1 at the end of iteration 42.
Unrouted nets 1 at the end of iteration 43.
Unrouted nets 1 at the end of iteration 44.
Unrouted nets 1 at the end of iteration 45.
Unrouted nets 2 at the end of iteration 46.
Unrouted nets 1 at the end of iteration 47.
Unrouted nets 1 at the end of iteration 48.
Unrouted nets 1 at the end of iteration 49.
Unrouted nets 2 at the end of iteration 50.
Unrouted nets 1 at the end of iteration 51.
Unrouted nets 1 at the end of iteration 52.
Unrouted nets 1 at the end of iteration 53.
Unrouted nets 1 at the end of iteration 54.
Unrouted nets 1 at the end of iteration 55.
Unrouted nets 1 at the end of iteration 56.
Unrouted nets 1 at the end of iteration 57.
Unrouted nets 1 at the end of iteration 58.
Unrouted nets 1 at the end of iteration 59.
Unrouted nets 1 at the end of iteration 60.
Unrouted nets 1 at the end of iteration 61.
Unrouted nets 2 at the end of iteration 62.
Unrouted nets 1 at the end of iteration 63.
Unrouted nets 2 at the end of iteration 64.
Unrouted nets 1 at the end of iteration 65.
Unrouted nets 1 at the end of iteration 66.
Unrouted nets 1 at the end of iteration 67.
Unrouted nets 1 at the end of iteration 68.
Unrouted nets 1 at the end of iteration 69.
Unrouted nets 1 at the end of iteration 70.
Unrouted nets 1 at the end of iteration 71.
Unrouted nets 1 at the end of iteration 72.
Unrouted nets 2 at the end of iteration 73.
Unrouted nets 1 at the end of iteration 74.
Unrouted nets 1 at the end of iteration 75.
Unrouted nets 1 at the end of iteration 76.
Unrouted nets 1 at the end of iteration 77.
Unrouted nets 1 at the end of iteration 78.
Unrouted nets 1 at the end of iteration 79.
Unrouted nets 1 at the end of iteration 80.
Unrouted nets 1 at the end of iteration 81.
Unrouted nets 1 at the end of iteration 82.
Unrouted nets 1 at the end of iteration 83.
Unrouted nets 1 at the end of iteration 84.
Unrouted nets 1 at the end of iteration 85.
Unrouted nets 1 at the end of iteration 86.
Unrouted nets 1 at the end of iteration 87.
Unrouted nets 1 at the end of iteration 88.
Unrouted nets 1 at the end of iteration 89.
Unrouted nets 1 at the end of iteration 90.
Unrouted nets 1 at the end of iteration 91.
Unrouted nets 2 at the end of iteration 92.
Unrouted nets 1 at the end of iteration 93.
Unrouted nets 1 at the end of iteration 94.
Unrouted nets 1 at the end of iteration 95.
Unrouted nets 1 at the end of iteration 96.
Unrouted nets 2 at the end of iteration 97.
Unrouted nets 1 at the end of iteration 98.
Unrouted nets 1 at the end of iteration 99.
Unrouted nets 1 at the end of iteration 100.
Unrouted nets 1 at the end of iteration 101.
Unrouted nets 2 at the end of iteration 102.
Unrouted nets 1 at the end of iteration 103.
Unrouted nets 1 at the end of iteration 104.
Unrouted nets 1 at the end of iteration 105.
Unrouted nets 1 at the end of iteration 106.
Unrouted nets 1 at the end of iteration 107.
Unrouted nets 1 at the end of iteration 108.
Unrouted nets 1 at the end of iteration 109.
Unrouted nets 1 at the end of iteration 110.
Unrouted nets 1 at the end of iteration 111.
Unrouted nets 1 at the end of iteration 112.
Unrouted nets 1 at the end of iteration 113.
Unrouted nets 1 at the end of iteration 114.
Unrouted nets 1 at the end of iteration 115.
Unrouted nets 1 at the end of iteration 116.
Unrouted nets 1 at the end of iteration 117.
Unrouted nets 1 at the end of iteration 118.
Unrouted nets 1 at the end of iteration 119.
Unrouted nets 1 at the end of iteration 120.
Unrouted nets 1 at the end of iteration 121.
Unrouted nets 1 at the end of iteration 122.
Unrouted nets 2 at the end of iteration 123.
Unrouted nets 1 at the end of iteration 124.
Unrouted nets 1 at the end of iteration 125.
Unrouted nets 1 at the end of iteration 126.
Unrouted nets 1 at the end of iteration 127.
Unrouted nets 1 at the end of iteration 128.
Unrouted nets 1 at the end of iteration 129.
Unrouted nets 1 at the end of iteration 130.
Unrouted nets 1 at the end of iteration 131.
Unrouted nets 1 at the end of iteration 132.
Unrouted nets 1 at the end of iteration 133.
Unrouted nets 1 at the end of iteration 134.
Unrouted nets 1 at the end of iteration 135.
Unrouted nets 1 at the end of iteration 136.
Unrouted nets 1 at the end of iteration 137.
Unrouted nets 1 at the end of iteration 138.
Unrouted nets 1 at the end of iteration 139.
Unrouted nets 1 at the end of iteration 140.
Unrouted nets 1 at the end of iteration 141.
Unrouted nets 1 at the end of iteration 142.
Unrouted nets 1 at the end of iteration 143.
Unrouted nets 1 at the end of iteration 144.
Unrouted nets 1 at the end of iteration 145.
Unrouted nets 1 at the end of iteration 146.
Unrouted nets 1 at the end of iteration 147.
Unrouted nets 1 at the end of iteration 148.
Unrouted nets 1 at the end of iteration 149.
Unrouted nets 2 at the end of iteration 150.
Unrouted nets 1 at the end of iteration 151.
Unrouted nets 1 at the end of iteration 152.
Unrouted nets 1 at the end of iteration 153.
Unrouted nets 1 at the end of iteration 154.
Unrouted nets 1 at the end of iteration 155.
Unrouted nets 1 at the end of iteration 156.
Unrouted nets 1 at the end of iteration 157.
Unrouted nets 1 at the end of iteration 158.
Unrouted nets 1 at the end of iteration 159.
Unrouted nets 1 at the end of iteration 160.
Unrouted nets 1 at the end of iteration 161.
Unrouted nets 2 at the end of iteration 162.
Unrouted nets 1 at the end of iteration 163.
Unrouted nets 1 at the end of iteration 164.
Unrouted nets 1 at the end of iteration 165.
Unrouted nets 1 at the end of iteration 166.
Unrouted nets 1 at the end of iteration 167.
Unrouted nets 1 at the end of iteration 168.
Unrouted nets 1 at the end of iteration 169.
Unrouted nets 1 at the end of iteration 170.
Unrouted nets 1 at the end of iteration 171.
Unrouted nets 1 at the end of iteration 172.
Unrouted nets 1 at the end of iteration 173.
Unrouted nets 1 at the end of iteration 174.
Unrouted nets 1 at the end of iteration 175.
Unrouted nets 1 at the end of iteration 176.
Unrouted nets 1 at the end of iteration 177.
Unrouted nets 1 at the end of iteration 178.
Unrouted nets 1 at the end of iteration 179.
Unrouted nets 2 at the end of iteration 180.
Unrouted nets 1 at the end of iteration 181.
Unrouted nets 1 at the end of iteration 182.
Unrouted nets 1 at the end of iteration 183.
Unrouted nets 1 at the end of iteration 184.
Unrouted nets 1 at the end of iteration 185.
Unrouted nets 1 at the end of iteration 186.
Unrouted nets 1 at the end of iteration 187.
Unrouted nets 1 at the end of iteration 188.
Unrouted nets 1 at the end of iteration 189.
Unrouted nets 2 at the end of iteration 190.
Unrouted nets 1 at the end of iteration 191.
Unrouted nets 0 at the end of iteration 192.
Global Routing step 2 processed 428 nets, it takes 6.23 sec.
Unrouted nets 156 at the end of iteration 0.
Unrouted nets 71 at the end of iteration 1.
Unrouted nets 37 at the end of iteration 2.
Unrouted nets 18 at the end of iteration 3.
Unrouted nets 12 at the end of iteration 4.
Unrouted nets 4 at the end of iteration 5.
Unrouted nets 5 at the end of iteration 6.
Unrouted nets 3 at the end of iteration 7.
Unrouted nets 2 at the end of iteration 8.
Unrouted nets 1 at the end of iteration 9.
Unrouted nets 1 at the end of iteration 10.
Unrouted nets 1 at the end of iteration 11.
Unrouted nets 4 at the end of iteration 12.
Unrouted nets 5 at the end of iteration 13.
Unrouted nets 6 at the end of iteration 14.
Unrouted nets 3 at the end of iteration 15.
Unrouted nets 2 at the end of iteration 16.
Unrouted nets 2 at the end of iteration 17.
Unrouted nets 1 at the end of iteration 18.
Unrouted nets 1 at the end of iteration 19.
Unrouted nets 2 at the end of iteration 20.
Unrouted nets 1 at the end of iteration 21.
Unrouted nets 1 at the end of iteration 22.
Unrouted nets 1 at the end of iteration 23.
Unrouted nets 0 at the end of iteration 24.
Global Routing step 3 processed 248 nets, it takes 1.98 sec.
Global routing takes 8.27 sec.
Total 10200 subnets.
    forward max bucket size 1245 , backward 424.
        Unrouted nets 7215 at the end of iteration 0.
    route iteration 0, CPU time elapsed 1.343750 sec.
    forward max bucket size 458 , backward 372.
        Unrouted nets 6148 at the end of iteration 1.
    route iteration 1, CPU time elapsed 1.187500 sec.
    forward max bucket size 458 , backward 794.
        Unrouted nets 5315 at the end of iteration 2.
    route iteration 2, CPU time elapsed 1.203125 sec.
    forward max bucket size 536 , backward 461.
        Unrouted nets 4676 at the end of iteration 3.
    route iteration 3, CPU time elapsed 1.296875 sec.
    forward max bucket size 629 , backward 907.
        Unrouted nets 4174 at the end of iteration 4.
    route iteration 4, CPU time elapsed 1.437500 sec.
    forward max bucket size 1042 , backward 1301.
        Unrouted nets 3805 at the end of iteration 5.
    route iteration 5, CPU time elapsed 1.437500 sec.
    forward max bucket size 640 , backward 723.
        Unrouted nets 3716 at the end of iteration 6.
    route iteration 6, CPU time elapsed 1.312500 sec.
    forward max bucket size 850 , backward 595.
        Unrouted nets 3337 at the end of iteration 7.
    route iteration 7, CPU time elapsed 1.218750 sec.
    forward max bucket size 1020 , backward 1091.
        Unrouted nets 2999 at the end of iteration 8.
    route iteration 8, CPU time elapsed 1.093750 sec.
    forward max bucket size 1037 , backward 834.
        Unrouted nets 2632 at the end of iteration 9.
    route iteration 9, CPU time elapsed 1.031250 sec.
    forward max bucket size 877 , backward 964.
        Unrouted nets 2292 at the end of iteration 10.
    route iteration 10, CPU time elapsed 0.953125 sec.
    forward max bucket size 1330 , backward 683.
        Unrouted nets 2101 at the end of iteration 11.
    route iteration 11, CPU time elapsed 0.828125 sec.
    forward max bucket size 1649 , backward 894.
        Unrouted nets 1846 at the end of iteration 12.
    route iteration 12, CPU time elapsed 0.843750 sec.
    forward max bucket size 1531 , backward 759.
        Unrouted nets 1610 at the end of iteration 13.
    route iteration 13, CPU time elapsed 0.812500 sec.
    forward max bucket size 1230 , backward 649.
        Unrouted nets 1447 at the end of iteration 14.
    route iteration 14, CPU time elapsed 0.687500 sec.
    forward max bucket size 535 , backward 1113.
        Unrouted nets 1293 at the end of iteration 15.
    route iteration 15, CPU time elapsed 0.640625 sec.
    forward max bucket size 415 , backward 247.
        Unrouted nets 1152 at the end of iteration 16.
    route iteration 16, CPU time elapsed 0.562500 sec.
    forward max bucket size 602 , backward 283.
        Unrouted nets 1032 at the end of iteration 17.
    route iteration 17, CPU time elapsed 0.500000 sec.
    forward max bucket size 309 , backward 664.
        Unrouted nets 991 at the end of iteration 18.
    route iteration 18, CPU time elapsed 0.500000 sec.
    forward max bucket size 222 , backward 191.
        Unrouted nets 967 at the end of iteration 19.
    route iteration 19, CPU time elapsed 0.453125 sec.
    forward max bucket size 526 , backward 171.
        Unrouted nets 885 at the end of iteration 20.
    route iteration 20, CPU time elapsed 0.484375 sec.
    forward max bucket size 245 , backward 321.
        Unrouted nets 819 at the end of iteration 21.
    route iteration 21, CPU time elapsed 0.421875 sec.
    forward max bucket size 348 , backward 206.
        Unrouted nets 754 at the end of iteration 22.
    route iteration 22, CPU time elapsed 0.390625 sec.
    forward max bucket size 297 , backward 281.
        Unrouted nets 721 at the end of iteration 23.
    route iteration 23, CPU time elapsed 0.390625 sec.
    forward max bucket size 156 , backward 180.
        Unrouted nets 683 at the end of iteration 24.
    route iteration 24, CPU time elapsed 0.343750 sec.
    forward max bucket size 173 , backward 364.
        Unrouted nets 633 at the end of iteration 25.
    route iteration 25, CPU time elapsed 0.328125 sec.
    forward max bucket size 247 , backward 113.
        Unrouted nets 584 at the end of iteration 26.
    route iteration 26, CPU time elapsed 0.296875 sec.
    forward max bucket size 1120 , backward 578.
        Unrouted nets 563 at the end of iteration 27.
    route iteration 27, CPU time elapsed 0.265625 sec.
    forward max bucket size 197 , backward 126.
        Unrouted nets 552 at the end of iteration 28.
    route iteration 28, CPU time elapsed 0.281250 sec.
    forward max bucket size 271 , backward 262.
        Unrouted nets 538 at the end of iteration 29.
    route iteration 29, CPU time elapsed 0.250000 sec.
    forward max bucket size 580 , backward 146.
        Unrouted nets 481 at the end of iteration 30.
    route iteration 30, CPU time elapsed 0.250000 sec.
    forward max bucket size 731 , backward 171.
        Unrouted nets 450 at the end of iteration 31.
    route iteration 31, CPU time elapsed 0.265625 sec.
    forward max bucket size 253 , backward 278.
        Unrouted nets 444 at the end of iteration 32.
    route iteration 32, CPU time elapsed 0.250000 sec.
    forward max bucket size 187 , backward 375.
        Unrouted nets 404 at the end of iteration 33.
    route iteration 33, CPU time elapsed 0.218750 sec.
    forward max bucket size 550 , backward 545.
        Unrouted nets 374 at the end of iteration 34.
    route iteration 34, CPU time elapsed 0.250000 sec.
    forward max bucket size 615 , backward 672.
        Unrouted nets 366 at the end of iteration 35.
    route iteration 35, CPU time elapsed 0.203125 sec.
    forward max bucket size 157 , backward 117.
        Unrouted nets 347 at the end of iteration 36.
    route iteration 36, CPU time elapsed 0.203125 sec.
    forward max bucket size 292 , backward 562.
        Unrouted nets 314 at the end of iteration 37.
    route iteration 37, CPU time elapsed 0.187500 sec.
    forward max bucket size 527 , backward 631.
        Unrouted nets 267 at the end of iteration 38.
    route iteration 38, CPU time elapsed 0.156250 sec.
    forward max bucket size 148 , backward 125.
        Unrouted nets 282 at the end of iteration 39.
    route iteration 39, CPU time elapsed 0.171875 sec.
    forward max bucket size 320 , backward 106.
        Unrouted nets 301 at the end of iteration 40.
    route iteration 40, CPU time elapsed 0.140625 sec.
    forward max bucket size 214 , backward 136.
        Unrouted nets 244 at the end of iteration 41.
    route iteration 41, CPU time elapsed 0.156250 sec.
    forward max bucket size 177 , backward 624.
        Unrouted nets 296 at the end of iteration 42.
    route iteration 42, CPU time elapsed 0.156250 sec.
    forward max bucket size 235 , backward 568.
        Unrouted nets 287 at the end of iteration 43.
    route iteration 43, CPU time elapsed 0.156250 sec.
    forward max bucket size 517 , backward 164.
        Unrouted nets 297 at the end of iteration 44.
    route iteration 44, CPU time elapsed 0.140625 sec.
    forward max bucket size 333 , backward 173.
        Unrouted nets 251 at the end of iteration 45.
    route iteration 45, CPU time elapsed 0.140625 sec.
    forward max bucket size 180 , backward 92.
        Unrouted nets 227 at the end of iteration 46.
    route iteration 46, CPU time elapsed 0.109375 sec.
    forward max bucket size 555 , backward 147.
        Unrouted nets 204 at the end of iteration 47.
    route iteration 47, CPU time elapsed 0.140625 sec.
    forward max bucket size 1051 , backward 564.
        Unrouted nets 233 at the end of iteration 48.
    route iteration 48, CPU time elapsed 0.125000 sec.
    forward max bucket size 198 , backward 145.
        Unrouted nets 198 at the end of iteration 49.
    route iteration 49, CPU time elapsed 0.109375 sec.
    forward max bucket size 3701 , backward 1498.
        Unrouted nets 174 at the end of iteration 50.
    route iteration 50, CPU time elapsed 0.125000 sec.
    forward max bucket size 137 , backward 132.
        Unrouted nets 182 at the end of iteration 51.
    route iteration 51, CPU time elapsed 0.109375 sec.
    forward max bucket size 190 , backward 115.
        Unrouted nets 187 at the end of iteration 52.
    route iteration 52, CPU time elapsed 0.109375 sec.
    forward max bucket size 199 , backward 79.
        Unrouted nets 178 at the end of iteration 53.
    route iteration 53, CPU time elapsed 0.093750 sec.
    forward max bucket size 225 , backward 206.
        Unrouted nets 164 at the end of iteration 54.
    route iteration 54, CPU time elapsed 0.109375 sec.
    forward max bucket size 162 , backward 397.
        Unrouted nets 166 at the end of iteration 55.
    route iteration 55, CPU time elapsed 0.093750 sec.
    forward max bucket size 157 , backward 72.
        Unrouted nets 132 at the end of iteration 56.
    route iteration 56, CPU time elapsed 0.093750 sec.
    forward max bucket size 184 , backward 154.
        Unrouted nets 124 at the end of iteration 57.
    route iteration 57, CPU time elapsed 0.078125 sec.
    forward max bucket size 184 , backward 135.
        Unrouted nets 143 at the end of iteration 58.
    route iteration 58, CPU time elapsed 0.109375 sec.
    forward max bucket size 176 , backward 104.
        Unrouted nets 116 at the end of iteration 59.
    route iteration 59, CPU time elapsed 0.078125 sec.
    forward max bucket size 94 , backward 120.
        Unrouted nets 124 at the end of iteration 60.
    route iteration 60, CPU time elapsed 0.078125 sec.
    forward max bucket size 85 , backward 77.
        Unrouted nets 128 at the end of iteration 61.
    route iteration 61, CPU time elapsed 0.078125 sec.
    forward max bucket size 255 , backward 81.
        Unrouted nets 125 at the end of iteration 62.
    route iteration 62, CPU time elapsed 0.062500 sec.
    forward max bucket size 230 , backward 78.
        Unrouted nets 96 at the end of iteration 63.
    route iteration 63, CPU time elapsed 0.062500 sec.
    forward max bucket size 159 , backward 148.
        Unrouted nets 80 at the end of iteration 64.
    route iteration 64, CPU time elapsed 0.078125 sec.
    forward max bucket size 159 , backward 148.
        Unrouted nets 72 at the end of iteration 65.
    route iteration 65, CPU time elapsed 0.046875 sec.
    forward max bucket size 307 , backward 245.
        Unrouted nets 65 at the end of iteration 66.
    route iteration 66, CPU time elapsed 0.031250 sec.
    forward max bucket size 343 , backward 266.
        Unrouted nets 72 at the end of iteration 67.
    route iteration 67, CPU time elapsed 0.062500 sec.
    forward max bucket size 345 , backward 269.
        Unrouted nets 74 at the end of iteration 68.
    route iteration 68, CPU time elapsed 0.078125 sec.
    forward max bucket size 126 , backward 57.
        Unrouted nets 50 at the end of iteration 69.
    route iteration 69, CPU time elapsed 0.062500 sec.
    forward max bucket size 138 , backward 71.
        Unrouted nets 44 at the end of iteration 70.
    route iteration 70, CPU time elapsed 0.062500 sec.
    forward max bucket size 114 , backward 74.
        Unrouted nets 37 at the end of iteration 71.
    route iteration 71, CPU time elapsed 0.046875 sec.
    forward max bucket size 62 , backward 64.
        Unrouted nets 49 at the end of iteration 72.
    route iteration 72, CPU time elapsed 0.062500 sec.
    forward max bucket size 97 , backward 45.
        Unrouted nets 45 at the end of iteration 73.
    route iteration 73, CPU time elapsed 0.046875 sec.
    forward max bucket size 125 , backward 88.
        Unrouted nets 32 at the end of iteration 74.
    route iteration 74, CPU time elapsed 0.031250 sec.
    forward max bucket size 155 , backward 43.
        Unrouted nets 29 at the end of iteration 75.
    route iteration 75, CPU time elapsed 0.046875 sec.
    forward max bucket size 180 , backward 65.
        Unrouted nets 31 at the end of iteration 76.
    route iteration 76, CPU time elapsed 0.015625 sec.
    forward max bucket size 60 , backward 61.
        Unrouted nets 33 at the end of iteration 77.
    route iteration 77, CPU time elapsed 0.046875 sec.
    forward max bucket size 190 , backward 88.
        Unrouted nets 41 at the end of iteration 78.
    route iteration 78, CPU time elapsed 0.046875 sec.
    forward max bucket size 69 , backward 57.
        Unrouted nets 45 at the end of iteration 79.
    route iteration 79, CPU time elapsed 0.046875 sec.
    forward max bucket size 295 , backward 1549.
        Unrouted nets 56 at the end of iteration 80.
    route iteration 80, CPU time elapsed 0.062500 sec.
    forward max bucket size 189 , backward 99.
        Unrouted nets 72 at the end of iteration 81.
    route iteration 81, CPU time elapsed 0.062500 sec.
    forward max bucket size 121 , backward 158.
        Unrouted nets 92 at the end of iteration 82.
    route iteration 82, CPU time elapsed 0.062500 sec.
    forward max bucket size 178 , backward 185.
        Unrouted nets 82 at the end of iteration 83.
    route iteration 83, CPU time elapsed 0.093750 sec.
    forward max bucket size 300 , backward 259.
        Unrouted nets 79 at the end of iteration 84.
    route iteration 84, CPU time elapsed 0.062500 sec.
    forward max bucket size 135 , backward 136.
        Unrouted nets 63 at the end of iteration 85.
    route iteration 85, CPU time elapsed 0.046875 sec.
    forward max bucket size 164 , backward 136.
        Unrouted nets 67 at the end of iteration 86.
    route iteration 86, CPU time elapsed 0.062500 sec.
    forward max bucket size 140 , backward 185.
        Unrouted nets 69 at the end of iteration 87.
    route iteration 87, CPU time elapsed 0.062500 sec.
    forward max bucket size 151 , backward 59.
        Unrouted nets 73 at the end of iteration 88.
    route iteration 88, CPU time elapsed 0.046875 sec.
    forward max bucket size 145 , backward 85.
        Unrouted nets 62 at the end of iteration 89.
    route iteration 89, CPU time elapsed 0.062500 sec.
    forward max bucket size 177 , backward 53.
        Unrouted nets 58 at the end of iteration 90.
    route iteration 90, CPU time elapsed 0.062500 sec.
    forward max bucket size 63 , backward 55.
        Unrouted nets 52 at the end of iteration 91.
    route iteration 91, CPU time elapsed 0.062500 sec.
    forward max bucket size 63 , backward 70.
        Unrouted nets 43 at the end of iteration 92.
    route iteration 92, CPU time elapsed 0.062500 sec.
    forward max bucket size 45 , backward 48.
        Unrouted nets 39 at the end of iteration 93.
    route iteration 93, CPU time elapsed 0.031250 sec.
    forward max bucket size 57 , backward 60.
        Unrouted nets 37 at the end of iteration 94.
    route iteration 94, CPU time elapsed 0.046875 sec.
    forward max bucket size 54 , backward 45.
        Unrouted nets 30 at the end of iteration 95.
    route iteration 95, CPU time elapsed 0.046875 sec.
    forward max bucket size 72 , backward 37.
        Unrouted nets 22 at the end of iteration 96.
    route iteration 96, CPU time elapsed 0.031250 sec.
    forward max bucket size 192 , backward 291.
        Unrouted nets 30 at the end of iteration 97.
    route iteration 97, CPU time elapsed 0.031250 sec.
    forward max bucket size 104 , backward 62.
        Unrouted nets 43 at the end of iteration 98.
    route iteration 98, CPU time elapsed 0.046875 sec.
    forward max bucket size 30 , backward 29.
        Unrouted nets 41 at the end of iteration 99.
    route iteration 99, CPU time elapsed 0.046875 sec.
    forward max bucket size 42 , backward 57.
        Unrouted nets 41 at the end of iteration 100.
    route iteration 100, CPU time elapsed 0.046875 sec.
    forward max bucket size 93 , backward 88.
        Unrouted nets 39 at the end of iteration 101.
    route iteration 101, CPU time elapsed 0.046875 sec.
    forward max bucket size 31 , backward 39.
        Unrouted nets 42 at the end of iteration 102.
    route iteration 102, CPU time elapsed 0.046875 sec.
    forward max bucket size 40 , backward 55.
        Unrouted nets 46 at the end of iteration 103.
    route iteration 103, CPU time elapsed 0.031250 sec.
    forward max bucket size 52 , backward 73.
        Unrouted nets 32 at the end of iteration 104.
    route iteration 104, CPU time elapsed 0.046875 sec.
    forward max bucket size 57 , backward 76.
        Unrouted nets 26 at the end of iteration 105.
    route iteration 105, CPU time elapsed 0.046875 sec.
    forward max bucket size 155 , backward 69.
        Unrouted nets 27 at the end of iteration 106.
    route iteration 106, CPU time elapsed 0.031250 sec.
    forward max bucket size 168 , backward 67.
        Unrouted nets 24 at the end of iteration 107.
    route iteration 107, CPU time elapsed 0.031250 sec.
    forward max bucket size 34 , backward 42.
        Unrouted nets 19 at the end of iteration 108.
    route iteration 108, CPU time elapsed 0.046875 sec.
    forward max bucket size 203 , backward 66.
        Unrouted nets 11 at the end of iteration 109.
    route iteration 109, CPU time elapsed 0.031250 sec.
    forward max bucket size 26 , backward 47.
        Unrouted nets 10 at the end of iteration 110.
    route iteration 110, CPU time elapsed 0.031250 sec.
    forward max bucket size 26 , backward 22.
        Unrouted nets 9 at the end of iteration 111.
    route iteration 111, CPU time elapsed 0.031250 sec.
    forward max bucket size 24 , backward 40.
        Unrouted nets 15 at the end of iteration 112.
    route iteration 112, CPU time elapsed 0.031250 sec.
    forward max bucket size 69 , backward 79.
        Unrouted nets 11 at the end of iteration 113.
    route iteration 113, CPU time elapsed 0.031250 sec.
    forward max bucket size 36 , backward 54.
        Unrouted nets 9 at the end of iteration 114.
    route iteration 114, CPU time elapsed 0.031250 sec.
    forward max bucket size 138 , backward 68.
        Unrouted nets 9 at the end of iteration 115.
    route iteration 115, CPU time elapsed 0.031250 sec.
    forward max bucket size 145 , backward 71.
        Unrouted nets 7 at the end of iteration 116.
    route iteration 116, CPU time elapsed 0.046875 sec.
    forward max bucket size 146 , backward 27.
        Unrouted nets 8 at the end of iteration 117.
    route iteration 117, CPU time elapsed 0.046875 sec.
    forward max bucket size 153 , backward 80.
        Unrouted nets 6 at the end of iteration 118.
    route iteration 118, CPU time elapsed 0.031250 sec.
    forward max bucket size 147 , backward 23.
        Unrouted nets 8 at the end of iteration 119.
    route iteration 119, CPU time elapsed 0.031250 sec.
    forward max bucket size 26 , backward 35.
        Unrouted nets 6 at the end of iteration 120.
    route iteration 120, CPU time elapsed 0.046875 sec.
    forward max bucket size 98 , backward 26.
        Unrouted nets 8 at the end of iteration 121.
    route iteration 121, CPU time elapsed 0.046875 sec.
    forward max bucket size 23 , backward 26.
        Unrouted nets 5 at the end of iteration 122.
    route iteration 122, CPU time elapsed 0.015625 sec.
    forward max bucket size 23 , backward 23.
        Unrouted nets 5 at the end of iteration 123.
    route iteration 123, CPU time elapsed 0.031250 sec.
    forward max bucket size 23 , backward 35.
        Unrouted nets 4 at the end of iteration 124.
    route iteration 124, CPU time elapsed 0.031250 sec.
    forward max bucket size 32 , backward 23.
        Unrouted nets 4 at the end of iteration 125.
    route iteration 125, CPU time elapsed 0.031250 sec.
    forward max bucket size 32 , backward 25.
        Unrouted nets 0 at the end of iteration 126.
    route iteration 126, CPU time elapsed 0.015625 sec.
Detailed routing takes 126 iterations
Detailed routing takes 32.22 sec.
Start fix hold violation.
Build tmp routing results takes 0.08 sec.
Timing analysis takes 0.09 sec.
No hold violation.
Hold Violation Fix in router takes 0 iterations.
Fix hold violation Finished.
Hold Violation Fix in router takes 0.50 sec.

Dispose routing result:
    Collect routing result.
    Delete unused device instances.
    Annotate routing result.
    Change LUT configuration.
    Dispose misc instances.
    Annotate routing result again.
Finish routing takes 0.30 sec.
Used SRB routing arc is 103290.
Cleanup routing takes 0.02 sec.
Routing done.
Total routing takes 43.80 sec.


Device Utilization Summary :
+---------------------------------------------------------------------------+
| Logic Utilization        | Used     | Available     | Utilization(%)     
+---------------------------------------------------------------------------+
| Use of APM               | 0        | 84            | 0                  
| Use of BKCL              | 2        | 4             | 50                 
| Use of CLMA              | 836      | 6450          | 13                 
|   FF                     | 1853     | 38700         | 5                  
|   LUT                    | 2631     | 25800         | 11                 
|   LUT-FF pairs           | 595      | 25800         | 3                  
| Use of CLMS              | 519      | 4250          | 13                 
|   FF                     | 1153     | 25500         | 5                  
|   LUT                    | 1555     | 17000         | 10                 
|   LUT-FF pairs           | 344      | 17000         | 3                  
|   Distributed RAM        | 0        | 17000         | 0                  
| Use of CRYSTAL           | 0        | 2             | 0                  
| Use of DLL               | 0        | 10            | 0                  
| Use of DQSL              | 0        | 18            | 0                  
| Use of DRM               | 48       | 134           | 36                 
| Use of FUSECODE          | 0        | 1             | 0                  
| Use of HARD0N1           | 312      | 6672          | 5                  
| Use of IO                | 45       | 218           | 21                 
|   IOBD                   | 10       | 53            | 19                 
|   IOBR_LR                | 1        | 5             | 20                 
|   IOBR_TB                | 2        | 7             | 29                 
|   IOBS_LR                | 20       | 107           | 19                 
|   IOBS_TB                | 12       | 46            | 27                 
| Use of IOCKDIV           | 0        | 20            | 0                  
| Use of IOCKDLY           | 0        | 40            | 0                  
| Use of IOCKGATE          | 0        | 20            | 0                  
| Use of IOCKGMUX_TEST     | 0        | 20            | 0                  
| Use of IOL               | 45       | 400           | 12                 
| Use of IPAL              | 0        | 1             | 0                  
| Use of LDO               | 0        | 4             | 0                  
| Use of MFG_TEST          | 0        | 1             | 0                  
| Use of OSC               | 0        | 1             | 0                  
| Use of PIOMUX_TEST       | 0        | 10            | 0                  
| Use of PLL               | 1        | 5             | 20                 
| Use of PREGMUX_TEST      | 0        | 6             | 0                  
| Use of RCKB              | 0        | 24            | 0                  
|  RCKB dataused           | 0        | 24            | 0                  
| Use of RCKBMUX_TEST      | 0        | 12            | 0                  
| Use of RESCAL            | 0        | 4             | 0                  
| Use of SCANCHAIN         | 0        | 2             | 0                  
| Use of START             | 1        | 1             | 100                
| Use of UDID              | 0        | 1             | 0                  
| Use of USCM              | 1        | 30            | 4                  
|  USCM dataused           | 0        | 30            | 0                  
| Use of USCMMUX_TEST      | 0        | 30            | 0                  
| Use of VCKBMUX_TEST      | 0        | 12            | 0                  
+---------------------------------------------------------------------------+

Finished routing.
Design 'SoC_Top' has been placed and routed successfully.
Saving design to DB.
Finished placement and routing.
Action pnr: Real time elapsed is 0h:1m:16s
Action pnr: CPU time elapsed is 0h:1m:11s
Action pnr: Process CPU time elapsed is 0h:1m:17s
Current time: Fri Apr  3 00:29:21 2026
Action pnr: Peak memory pool usage is 1,027 MB
Action from compile to pnr: Total Real Time elapsed is 0h:1m:49s
Action from compile to pnr: Total CPU time elapsed is 0h:1m:37s
Action from compile to pnr: Total Process CPU Time elapsed is 0h:1m:43s
Process "Place & Route" done.


Process "Report Timing" started.
Current time: Fri Apr  3 00:29:22 2026
Compiling architecture definition.
Analyzing project file 'D:/FPGA/TSP_RISC-V-2.4/FPGA/pango_cpu/pango_cpu.pds'.
Compiling verification operator library.
Compiling common defs.
Compiling prim grid devices.
Compiling gate devices.
Compiling gate operators.
Building architecture model.
Loading device packaging model.
Reading design from pnr DB.
Start Report Post-PnR timing.
NOTE: The technology fpga was specified.
NOTE: delay_model specified was generic_cmos.
NOTE: Using the fpga syntax tables...
Totals:
 Calls to malloc = 0
 Calls to calloc = 5993935

Constructing timing graph ...
Timing graph has been constructed successfully
W: Timing-4087: Port 'ext_axi_if_arready' is not constrained, it is treated as combinational output.
W: Timing-4087: Port 'ext_axi_if_awready' is not constrained, it is treated as combinational output.
W: Timing-4087: Port 'ext_axi_if_bresp[0]' is not constrained, it is treated as combinational output.
W: Timing-4087: Port 'ext_axi_if_bresp[1]' is not constrained, it is treated as combinational output.
W: Timing-4087: Port 'ext_axi_if_bvalid' is not constrained, it is treated as combinational output.
W: Timing-4087: Port 'ext_axi_if_rdata[0]' is not constrained, it is treated as combinational output.
W: Timing-4087: Port 'ext_axi_if_rdata[1]' is not constrained, it is treated as combinational output.
W: Timing-4087: Port 'ext_axi_if_rdata[2]' is not constrained, it is treated as combinational output.
W: Timing-4087: Port 'ext_axi_if_rdata[3]' is not constrained, it is treated as combinational output.
W: Timing-4087: Port 'ext_axi_if_rdata[4]' is not constrained, it is treated as combinational output.
W: Timing-4087: Port 'ext_axi_if_rdata[5]' is not constrained, it is treated as combinational output.
W: Timing-4087: Port 'ext_axi_if_rdata[6]' is not constrained, it is treated as combinational output.
W: Timing-4087: Port 'ext_axi_if_rdata[7]' is not constrained, it is treated as combinational output.
W: Timing-4087: Port 'ext_axi_if_rdata[8]' is not constrained, it is treated as combinational output.
W: Timing-4087: Port 'ext_axi_if_rdata[9]' is not constrained, it is treated as combinational output.
W: Timing-4087: Port 'ext_axi_if_rdata[10]' is not constrained, it is treated as combinational output.
W: Timing-4087: Port 'ext_axi_if_rdata[11]' is not constrained, it is treated as combinational output.
W: Timing-4087: Port 'ext_axi_if_rdata[12]' is not constrained, it is treated as combinational output.
W: Timing-4087: Port 'ext_axi_if_rdata[13]' is not constrained, it is treated as combinational output.
W: Timing-4087: Port 'ext_axi_if_rdata[14]' is not constrained, it is treated as combinational output.
W: Timing-4087: Port 'ext_axi_if_rdata[15]' is not constrained, it is treated as combinational output.
W: Timing-4087: Port 'ext_axi_if_rdata[16]' is not constrained, it is treated as combinational output.
W: Timing-4087: Port 'ext_axi_if_rdata[17]' is not constrained, it is treated as combinational output.
W: Timing-4087: Port 'ext_axi_if_rdata[18]' is not constrained, it is treated as combinational output.
W: Timing-4087: Port 'ext_axi_if_rdata[19]' is not constrained, it is treated as combinational output.
W: Timing-4087: Port 'ext_axi_if_rdata[20]' is not constrained, it is treated as combinational output.
W: Timing-4087: Port 'ext_axi_if_rdata[21]' is not constrained, it is treated as combinational output.
W: Timing-4087: Port 'ext_axi_if_rdata[22]' is not constrained, it is treated as combinational output.
W: Timing-4087: Port 'ext_axi_if_rdata[23]' is not constrained, it is treated as combinational output.
W: Timing-4087: Port 'ext_axi_if_rdata[24]' is not constrained, it is treated as combinational output.
W: Timing-4087: Port 'ext_axi_if_rdata[25]' is not constrained, it is treated as combinational output.
W: Timing-4087: Port 'ext_axi_if_rdata[26]' is not constrained, it is treated as combinational output.
W: Timing-4087: Port 'ext_axi_if_rdata[27]' is not constrained, it is treated as combinational output.
W: Timing-4087: Port 'ext_axi_if_rdata[28]' is not constrained, it is treated as combinational output.
W: Timing-4087: Port 'ext_axi_if_rdata[29]' is not constrained, it is treated as combinational output.
W: Timing-4087: Port 'ext_axi_if_rdata[30]' is not constrained, it is treated as combinational output.
W: Timing-4087: Port 'ext_axi_if_rdata[31]' is not constrained, it is treated as combinational output.
W: Timing-4087: Port 'ext_axi_if_rresp[0]' is not constrained, it is treated as combinational output.
W: Timing-4087: Port 'ext_axi_if_rresp[1]' is not constrained, it is treated as combinational output.
W: Timing-4087: Port 'ext_axi_if_rvalid' is not constrained, it is treated as combinational output.
W: Timing-4087: Port 'ext_axi_if_wready' is not constrained, it is treated as combinational output.
W: Timing-4087: Port 'uart_tx' is not constrained, it is treated as combinational output.
W: Timing-4086: Port 'rst_n' is not constrained, it is treated as combinational input.
W: Timing-4086: Port 'uart_rx' is not constrained, it is treated as combinational input.
Report timing is finished successfully.
Action report_timing: Real time elapsed is 0h:0m:9s
Action report_timing: CPU time elapsed is 0h:0m:6s
Action report_timing: Process CPU time elapsed is 0h:0m:7s
Current time: Fri Apr  3 00:29:30 2026
Action report_timing: Peak memory pool usage is 978 MB
Action from compile to report_timing: Total Real Time elapsed is 0h:1m:58s
Action from compile to report_timing: Total CPU time elapsed is 0h:1m:43s
Action from compile to report_timing: Total Process CPU Time elapsed is 0h:1m:50s
Process "Report Timing" done.


Process "Generate Bitstream" started.
Current time: Fri Apr  3 00:29:30 2026
Compiling architecture definition.
Analyzing project file 'D:/FPGA/TSP_RISC-V-2.4/FPGA/pango_cpu/pango_cpu.pds'.
Compiling verification operator library.
Compiling common defs.
Compiling prim grid devices.
Compiling gate devices.
Compiling gate operators.
Building architecture model.
Loading device packaging model.
Reading design from DB.
Start Generating Programming File...
Reading design from DB takes 1.046875 sec.
Generating architecture configuration.
The bitstream file is "D:/FPGA/TSP_RISC-V-2.4/FPGA/pango_cpu/generate_bitstream/SoC_Top.sbit"
Generate programming file takes 10.484375 sec.
Generating Programming File done.
Action gen_bit_stream: Real time elapsed is 0h:0m:16s
Action gen_bit_stream: CPU time elapsed is 0h:0m:14s
Action gen_bit_stream: Process CPU time elapsed is 0h:0m:14s
Current time: Fri Apr  3 00:29:46 2026
Action gen_bit_stream: Peak memory pool usage is 682 MB
Action from compile to gen_bit_stream: Total Real Time elapsed is 0h:2m:14s
Action from compile to gen_bit_stream: Total CPU time elapsed is 0h:1m:57s
Action from compile to gen_bit_stream: Total Process CPU Time elapsed is 0h:2m:4s
Process "Generate Bitstream" done.
Process exit normally.
