#Build: Fabric Compiler 2022.2-SP6.4, Build 146967, Jan 31 01:39 2024
#Install: E:\pango\PDS_2022.2-SP6.4\bin
#Application name: pds.exe
#OS: Windows 10 10.0.26200
#Hostname: LAPTOP-E3CFACBD
Generated by Fabric Compiler (version 2022.2-SP6.4 build 146967) at Thu Mar 12 13:16:51 2026
Compiling architecture definition.
Analyzing project file 'E:/FPGA/TSP_RVmaster/FPGA/pango_cpu/pango_cpu.pds'.
License checkout: fabric_ads from C:\Users\lhx\Downloads\new_pds_cc1531929604.lic
Compiling verification operator library.
Loading technology operator library.
Compiling technology operator library.
Compiling technology operator (valence) library.
I: Enable Verilog2k features and keywords
Start rtl-analyze.
Executing : .rtl_analyze -work work -include_path {E:/FPGA/TSP_RVmaster/FPGA/pango_cpu} E:/FPGA/TSP_RVmaster/FPGA/pango_cpu/source/core/core.v
I: Verilog-0001: Analyzing file E:/FPGA/TSP_RVmaster/FPGA/pango_cpu/source/core/core.v
I: Found Verilog include file E:/FPGA/TSP_RVmaster/FPGA/pango_cpu/source/core/defines.v
I: Verilog-0002: [E:/FPGA/TSP_RVmaster/FPGA/pango_cpu/source/core/core.v(line number: 3)] Analyzing module TSP_Core (library work)
Parsing done.
Executing : .rtl_analyze -work work -include_path {E:/FPGA/TSP_RVmaster/FPGA/pango_cpu} E:/FPGA/TSP_RVmaster/FPGA/pango_cpu/source/core/core.v successfully.
W: Public-4030: File 'E:/FPGA/TSP_RVmaster/FPGA/pango_cpu/source/core/defines.v' has been added. It is skipped.
Executing : .rtl_analyze -work work -include_path {E:/FPGA/TSP_RVmaster/FPGA/pango_cpu} E:/FPGA/TSP_RVmaster/FPGA/pango_cpu/source/core/defines.v
I: Verilog-0001: Analyzing file E:/FPGA/TSP_RVmaster/FPGA/pango_cpu/source/core/defines.v
Parsing done.
Executing : .rtl_analyze -work work -include_path {E:/FPGA/TSP_RVmaster/FPGA/pango_cpu} E:/FPGA/TSP_RVmaster/FPGA/pango_cpu/source/core/defines.v successfully.
Executing : .rtl_analyze -work work -include_path {E:/FPGA/TSP_RVmaster/FPGA/pango_cpu} E:/FPGA/TSP_RVmaster/FPGA/pango_cpu/source/core/dff.v
I: Verilog-0001: Analyzing file E:/FPGA/TSP_RVmaster/FPGA/pango_cpu/source/core/dff.v
I: Found Verilog include file E:/FPGA/TSP_RVmaster/FPGA/pango_cpu/source/core/defines.v
W: Public-4030: File 'E:/FPGA/TSP_RVmaster/FPGA/pango_cpu/source/core/defines.v' has been added. It is skipped.
I: Verilog-0002: [E:/FPGA/TSP_RVmaster/FPGA/pango_cpu/source/core/dff.v(line number: 4)] Analyzing module REGs_WLWR (library work)
I: Verilog-0002: [E:/FPGA/TSP_RVmaster/FPGA/pango_cpu/source/core/dff.v(line number: 25)] Analyzing module REGs_WLNR (library work)
I: Verilog-0002: [E:/FPGA/TSP_RVmaster/FPGA/pango_cpu/source/core/dff.v(line number: 42)] Analyzing module REGs_NLWR (library work)
I: Verilog-0002: [E:/FPGA/TSP_RVmaster/FPGA/pango_cpu/source/core/dff.v(line number: 62)] Analyzing module REGs_NLNR (library work)
Parsing done.
Executing : .rtl_analyze -work work -include_path {E:/FPGA/TSP_RVmaster/FPGA/pango_cpu} E:/FPGA/TSP_RVmaster/FPGA/pango_cpu/source/core/dff.v successfully.
Executing : .rtl_analyze -work work -include_path {E:/FPGA/TSP_RVmaster/FPGA/pango_cpu} E:/FPGA/TSP_RVmaster/FPGA/pango_cpu/source/core/disp_exu.v
I: Verilog-0001: Analyzing file E:/FPGA/TSP_RVmaster/FPGA/pango_cpu/source/core/disp_exu.v
I: Found Verilog include file E:/FPGA/TSP_RVmaster/FPGA/pango_cpu/source/core/defines.v
W: Public-4030: File 'E:/FPGA/TSP_RVmaster/FPGA/pango_cpu/source/core/defines.v' has been added. It is skipped.
I: Verilog-0002: [E:/FPGA/TSP_RVmaster/FPGA/pango_cpu/source/core/disp_exu.v(line number: 3)] Analyzing module TSP_Disp_Exu (library work)
Parsing done.
Executing : .rtl_analyze -work work -include_path {E:/FPGA/TSP_RVmaster/FPGA/pango_cpu} E:/FPGA/TSP_RVmaster/FPGA/pango_cpu/source/core/disp_exu.v successfully.
Executing : .rtl_analyze -work work -include_path {E:/FPGA/TSP_RVmaster/FPGA/pango_cpu} E:/FPGA/TSP_RVmaster/FPGA/pango_cpu/source/core/exu_bjp.v
I: Verilog-0001: Analyzing file E:/FPGA/TSP_RVmaster/FPGA/pango_cpu/source/core/exu_bjp.v
I: Found Verilog include file E:/FPGA/TSP_RVmaster/FPGA/pango_cpu/source/core/defines.v
W: Public-4030: File 'E:/FPGA/TSP_RVmaster/FPGA/pango_cpu/source/core/defines.v' has been added. It is skipped.
I: Verilog-0002: [E:/FPGA/TSP_RVmaster/FPGA/pango_cpu/source/core/exu_bjp.v(line number: 3)] Analyzing module Exu_bjp (library work)
Parsing done.
Executing : .rtl_analyze -work work -include_path {E:/FPGA/TSP_RVmaster/FPGA/pango_cpu} E:/FPGA/TSP_RVmaster/FPGA/pango_cpu/source/core/exu_bjp.v successfully.
Executing : .rtl_analyze -work work -include_path {E:/FPGA/TSP_RVmaster/FPGA/pango_cpu} E:/FPGA/TSP_RVmaster/FPGA/pango_cpu/source/core/exu_common.v
I: Verilog-0001: Analyzing file E:/FPGA/TSP_RVmaster/FPGA/pango_cpu/source/core/exu_common.v
I: Found Verilog include file E:/FPGA/TSP_RVmaster/FPGA/pango_cpu/source/core/defines.v
W: Public-4030: File 'E:/FPGA/TSP_RVmaster/FPGA/pango_cpu/source/core/defines.v' has been added. It is skipped.
I: Verilog-0002: [E:/FPGA/TSP_RVmaster/FPGA/pango_cpu/source/core/exu_common.v(line number: 3)] Analyzing module TSP_Exu_common (library work)
Parsing done.
Executing : .rtl_analyze -work work -include_path {E:/FPGA/TSP_RVmaster/FPGA/pango_cpu} E:/FPGA/TSP_RVmaster/FPGA/pango_cpu/source/core/exu_common.v successfully.
Executing : .rtl_analyze -work work -include_path {E:/FPGA/TSP_RVmaster/FPGA/pango_cpu} E:/FPGA/TSP_RVmaster/FPGA/pango_cpu/source/core/exu_ls.v
I: Verilog-0001: Analyzing file E:/FPGA/TSP_RVmaster/FPGA/pango_cpu/source/core/exu_ls.v
I: Found Verilog include file E:/FPGA/TSP_RVmaster/FPGA/pango_cpu/source/core/defines.v
W: Public-4030: File 'E:/FPGA/TSP_RVmaster/FPGA/pango_cpu/source/core/defines.v' has been added. It is skipped.
I: Verilog-0002: [E:/FPGA/TSP_RVmaster/FPGA/pango_cpu/source/core/exu_ls.v(line number: 3)] Analyzing module TSP_Exu_ls (library work)
Parsing done.
Executing : .rtl_analyze -work work -include_path {E:/FPGA/TSP_RVmaster/FPGA/pango_cpu} E:/FPGA/TSP_RVmaster/FPGA/pango_cpu/source/core/exu_ls.v successfully.
Executing : .rtl_analyze -work work -include_path {E:/FPGA/TSP_RVmaster/FPGA/pango_cpu} E:/FPGA/TSP_RVmaster/FPGA/pango_cpu/source/core/exu_muldiv.v
I: Verilog-0001: Analyzing file E:/FPGA/TSP_RVmaster/FPGA/pango_cpu/source/core/exu_muldiv.v
I: Found Verilog include file E:/FPGA/TSP_RVmaster/FPGA/pango_cpu/source/core/defines.v
W: Public-4030: File 'E:/FPGA/TSP_RVmaster/FPGA/pango_cpu/source/core/defines.v' has been added. It is skipped.
I: Verilog-0002: [E:/FPGA/TSP_RVmaster/FPGA/pango_cpu/source/core/exu_muldiv.v(line number: 3)] Analyzing module TSP_Exu_muldiv (library work)
I: Verilog-0002: [E:/FPGA/TSP_RVmaster/FPGA/pango_cpu/source/core/exu_muldiv.v(line number: 159)] Analyzing module Booth_Multiplier_4xB (library work)
I: Verilog-0002: [E:/FPGA/TSP_RVmaster/FPGA/pango_cpu/source/core/exu_muldiv.v(line number: 573)] Analyzing module divfunc (library work)
Parsing done.
Executing : .rtl_analyze -work work -include_path {E:/FPGA/TSP_RVmaster/FPGA/pango_cpu} E:/FPGA/TSP_RVmaster/FPGA/pango_cpu/source/core/exu_muldiv.v successfully.
Executing : .rtl_analyze -work work -include_path {E:/FPGA/TSP_RVmaster/FPGA/pango_cpu} E:/FPGA/TSP_RVmaster/FPGA/pango_cpu/source/core/idec.v
I: Verilog-0001: Analyzing file E:/FPGA/TSP_RVmaster/FPGA/pango_cpu/source/core/idec.v
I: Found Verilog include file E:/FPGA/TSP_RVmaster/FPGA/pango_cpu/source/core/defines.v
W: Public-4030: File 'E:/FPGA/TSP_RVmaster/FPGA/pango_cpu/source/core/defines.v' has been added. It is skipped.
I: Verilog-0002: [E:/FPGA/TSP_RVmaster/FPGA/pango_cpu/source/core/idec.v(line number: 6)] Analyzing module TSP_Idec (library work)
Parsing done.
Executing : .rtl_analyze -work work -include_path {E:/FPGA/TSP_RVmaster/FPGA/pango_cpu} E:/FPGA/TSP_RVmaster/FPGA/pango_cpu/source/core/idec.v successfully.
Executing : .rtl_analyze -work work -include_path {E:/FPGA/TSP_RVmaster/FPGA/pango_cpu} E:/FPGA/TSP_RVmaster/FPGA/pango_cpu/source/core/Ifu.v
I: Verilog-0001: Analyzing file E:/FPGA/TSP_RVmaster/FPGA/pango_cpu/source/core/Ifu.v
I: Found Verilog include file E:/FPGA/TSP_RVmaster/FPGA/pango_cpu/source/core/defines.v
W: Public-4030: File 'E:/FPGA/TSP_RVmaster/FPGA/pango_cpu/source/core/defines.v' has been added. It is skipped.
I: Verilog-0002: [E:/FPGA/TSP_RVmaster/FPGA/pango_cpu/source/core/Ifu.v(line number: 3)] Analyzing module TSP_Ifu (library work)
Parsing done.
Executing : .rtl_analyze -work work -include_path {E:/FPGA/TSP_RVmaster/FPGA/pango_cpu} E:/FPGA/TSP_RVmaster/FPGA/pango_cpu/source/core/Ifu.v successfully.
Executing : .rtl_analyze -work work -include_path {E:/FPGA/TSP_RVmaster/FPGA/pango_cpu} E:/FPGA/TSP_RVmaster/FPGA/pango_cpu/source/core/ls_ctrl.v
I: Verilog-0001: Analyzing file E:/FPGA/TSP_RVmaster/FPGA/pango_cpu/source/core/ls_ctrl.v
I: Found Verilog include file E:/FPGA/TSP_RVmaster/FPGA/pango_cpu/source/core/defines.v
W: Public-4030: File 'E:/FPGA/TSP_RVmaster/FPGA/pango_cpu/source/core/defines.v' has been added. It is skipped.
I: Verilog-0002: [E:/FPGA/TSP_RVmaster/FPGA/pango_cpu/source/core/ls_ctrl.v(line number: 3)] Analyzing module ls_ctrl (library work)
Parsing done.
Executing : .rtl_analyze -work work -include_path {E:/FPGA/TSP_RVmaster/FPGA/pango_cpu} E:/FPGA/TSP_RVmaster/FPGA/pango_cpu/source/core/ls_ctrl.v successfully.
Executing : .rtl_analyze -work work -include_path {E:/FPGA/TSP_RVmaster/FPGA/pango_cpu} E:/FPGA/TSP_RVmaster/FPGA/pango_cpu/source/core/PC_control.v
I: Verilog-0001: Analyzing file E:/FPGA/TSP_RVmaster/FPGA/pango_cpu/source/core/PC_control.v
I: Found Verilog include file E:/FPGA/TSP_RVmaster/FPGA/pango_cpu/source/core/defines.v
W: Public-4030: File 'E:/FPGA/TSP_RVmaster/FPGA/pango_cpu/source/core/defines.v' has been added. It is skipped.
I: Verilog-0002: [E:/FPGA/TSP_RVmaster/FPGA/pango_cpu/source/core/PC_control.v(line number: 4)] Analyzing module PC_control (library work)
Parsing done.
Executing : .rtl_analyze -work work -include_path {E:/FPGA/TSP_RVmaster/FPGA/pango_cpu} E:/FPGA/TSP_RVmaster/FPGA/pango_cpu/source/core/PC_control.v successfully.
Executing : .rtl_analyze -work work -include_path {E:/FPGA/TSP_RVmaster/FPGA/pango_cpu} E:/FPGA/TSP_RVmaster/FPGA/pango_cpu/source/core/regfiles.v
I: Verilog-0001: Analyzing file E:/FPGA/TSP_RVmaster/FPGA/pango_cpu/source/core/regfiles.v
I: Found Verilog include file E:/FPGA/TSP_RVmaster/FPGA/pango_cpu/source/core/defines.v
W: Public-4030: File 'E:/FPGA/TSP_RVmaster/FPGA/pango_cpu/source/core/defines.v' has been added. It is skipped.
I: Verilog-0002: [E:/FPGA/TSP_RVmaster/FPGA/pango_cpu/source/core/regfiles.v(line number: 3)] Analyzing module TSP_Regfiles (library work)
Parsing done.
Executing : .rtl_analyze -work work -include_path {E:/FPGA/TSP_RVmaster/FPGA/pango_cpu} E:/FPGA/TSP_RVmaster/FPGA/pango_cpu/source/core/regfiles.v successfully.
Executing : .rtl_analyze -work work -include_path {E:/FPGA/TSP_RVmaster/FPGA/pango_cpu} E:/FPGA/TSP_RVmaster/FPGA/pango_cpu/source/core/wb_arbiter.v
I: Verilog-0001: Analyzing file E:/FPGA/TSP_RVmaster/FPGA/pango_cpu/source/core/wb_arbiter.v
I: Found Verilog include file E:/FPGA/TSP_RVmaster/FPGA/pango_cpu/source/core/defines.v
W: Public-4030: File 'E:/FPGA/TSP_RVmaster/FPGA/pango_cpu/source/core/defines.v' has been added. It is skipped.
I: Verilog-0002: [E:/FPGA/TSP_RVmaster/FPGA/pango_cpu/source/core/wb_arbiter.v(line number: 3)] Analyzing module TSP_Wb_arbiter (library work)
Parsing done.
Executing : .rtl_analyze -work work -include_path {E:/FPGA/TSP_RVmaster/FPGA/pango_cpu} E:/FPGA/TSP_RVmaster/FPGA/pango_cpu/source/core/wb_arbiter.v successfully.
Executing : .rtl_analyze -work work -include_path {E:/FPGA/TSP_RVmaster/FPGA/pango_cpu} E:/FPGA/TSP_RVmaster/FPGA/pango_cpu/source/peripheral/AXI_Interconnect.v
I: Verilog-0001: Analyzing file E:/FPGA/TSP_RVmaster/FPGA/pango_cpu/source/peripheral/AXI_Interconnect.v
I: Found Verilog include file E:/FPGA/TSP_RVmaster/FPGA/pango_cpu/source/core/defines.v
W: Public-4030: File 'E:/FPGA/TSP_RVmaster/FPGA/pango_cpu/source/core/defines.v' has been added. It is skipped.
I: Verilog-0002: [E:/FPGA/TSP_RVmaster/FPGA/pango_cpu/source/peripheral/AXI_Interconnect.v(line number: 3)] Analyzing module TSP_AXI_Interconnect (library work)
Parsing done.
Executing : .rtl_analyze -work work -include_path {E:/FPGA/TSP_RVmaster/FPGA/pango_cpu} E:/FPGA/TSP_RVmaster/FPGA/pango_cpu/source/peripheral/AXI_Interconnect.v successfully.
Executing : .rtl_analyze -work work -include_path {E:/FPGA/TSP_RVmaster/FPGA/pango_cpu} E:/FPGA/TSP_RVmaster/FPGA/pango_cpu/source/peripheral/soc_top.v
I: Verilog-0001: Analyzing file E:/FPGA/TSP_RVmaster/FPGA/pango_cpu/source/peripheral/soc_top.v
I: Found Verilog include file E:/FPGA/TSP_RVmaster/FPGA/pango_cpu/source/core/defines.v
W: Public-4030: File 'E:/FPGA/TSP_RVmaster/FPGA/pango_cpu/source/core/defines.v' has been added. It is skipped.
I: Verilog-0002: [E:/FPGA/TSP_RVmaster/FPGA/pango_cpu/source/peripheral/soc_top.v(line number: 3)] Analyzing module SoC_Top (library work)
Parsing done.
Executing : .rtl_analyze -work work -include_path {E:/FPGA/TSP_RVmaster/FPGA/pango_cpu} E:/FPGA/TSP_RVmaster/FPGA/pango_cpu/source/peripheral/soc_top.v successfully.
Executing : .rtl_analyze -work work -include_path {E:/FPGA/TSP_RVmaster/FPGA/pango_cpu} E:/FPGA/TSP_RVmaster/FPGA/pango_cpu/source/ram/ram.v
I: Verilog-0001: Analyzing file E:/FPGA/TSP_RVmaster/FPGA/pango_cpu/source/ram/ram.v
I: Found Verilog include file E:/FPGA/TSP_RVmaster/FPGA/pango_cpu/source/core/defines.v
W: Public-4030: File 'E:/FPGA/TSP_RVmaster/FPGA/pango_cpu/source/core/defines.v' has been added. It is skipped.
I: Verilog-0002: [E:/FPGA/TSP_RVmaster/FPGA/pango_cpu/source/ram/ram.v(line number: 3)] Analyzing module TSP_RAM (library work)
Parsing done.
Executing : .rtl_analyze -work work -include_path {E:/FPGA/TSP_RVmaster/FPGA/pango_cpu} E:/FPGA/TSP_RVmaster/FPGA/pango_cpu/source/ram/ram.v successfully.
Executing : .rtl_analyze -work work -include_path {E:/FPGA/TSP_RVmaster/FPGA/pango_cpu} E:/FPGA/TSP_RVmaster/FPGA/pango_cpu/source/ram/sram.v
I: Verilog-0001: Analyzing file E:/FPGA/TSP_RVmaster/FPGA/pango_cpu/source/ram/sram.v
I: Found Verilog include file E:/FPGA/TSP_RVmaster/FPGA/pango_cpu/source/core/defines.v
W: Public-4030: File 'E:/FPGA/TSP_RVmaster/FPGA/pango_cpu/source/core/defines.v' has been added. It is skipped.
I: Verilog-0002: [E:/FPGA/TSP_RVmaster/FPGA/pango_cpu/source/ram/sram.v(line number: 3)] Analyzing module TSP_Sram (library work)
Parsing done.
Executing : .rtl_analyze -work work -include_path {E:/FPGA/TSP_RVmaster/FPGA/pango_cpu} E:/FPGA/TSP_RVmaster/FPGA/pango_cpu/source/ram/sram.v successfully.
Executing : .rtl_analyze -work work -include_path {E:/FPGA/TSP_RVmaster/FPGA/pango_cpu} E:/FPGA/TSP_RVmaster/FPGA/pango_cpu/source/uart/uart.v
I: Verilog-0001: Analyzing file E:/FPGA/TSP_RVmaster/FPGA/pango_cpu/source/uart/uart.v
I: Verilog-0002: [E:/FPGA/TSP_RVmaster/FPGA/pango_cpu/source/uart/uart.v(line number: 32)] Analyzing module uart (library work)
Parsing done.
Executing : .rtl_analyze -work work -include_path {E:/FPGA/TSP_RVmaster/FPGA/pango_cpu} E:/FPGA/TSP_RVmaster/FPGA/pango_cpu/source/uart/uart.v successfully.
Executing : .rtl_analyze -work work -include_path {E:/FPGA/TSP_RVmaster/FPGA/pango_cpu} E:/FPGA/TSP_RVmaster/FPGA/pango_cpu/source/uart/uart_axi_lite_wrapper.v
I: Verilog-0001: Analyzing file E:/FPGA/TSP_RVmaster/FPGA/pango_cpu/source/uart/uart_axi_lite_wrapper.v
I: Found Verilog include file E:/FPGA/TSP_RVmaster/FPGA/pango_cpu/source/core/defines.v
W: Public-4030: File 'E:/FPGA/TSP_RVmaster/FPGA/pango_cpu/source/core/defines.v' has been added. It is skipped.
I: Verilog-0002: [E:/FPGA/TSP_RVmaster/FPGA/pango_cpu/source/uart/uart_axi_lite_wrapper.v(line number: 3)] Analyzing module uart_axi_lite_wrapper (library work)
Parsing done.
Executing : .rtl_analyze -work work -include_path {E:/FPGA/TSP_RVmaster/FPGA/pango_cpu} E:/FPGA/TSP_RVmaster/FPGA/pango_cpu/source/uart/uart_axi_lite_wrapper.v successfully.
Executing : .rtl_analyze -work work -include_path {E:/FPGA/TSP_RVmaster/FPGA/pango_cpu} E:/FPGA/TSP_RVmaster/FPGA/pango_cpu/source/uart/uart_rx.v
I: Verilog-0001: Analyzing file E:/FPGA/TSP_RVmaster/FPGA/pango_cpu/source/uart/uart_rx.v
I: Verilog-0002: [E:/FPGA/TSP_RVmaster/FPGA/pango_cpu/source/uart/uart_rx.v(line number: 32)] Analyzing module uart_rx (library work)
Parsing done.
Executing : .rtl_analyze -work work -include_path {E:/FPGA/TSP_RVmaster/FPGA/pango_cpu} E:/FPGA/TSP_RVmaster/FPGA/pango_cpu/source/uart/uart_rx.v successfully.
Executing : .rtl_analyze -work work -include_path {E:/FPGA/TSP_RVmaster/FPGA/pango_cpu} E:/FPGA/TSP_RVmaster/FPGA/pango_cpu/source/uart/uart_tx.v
I: Verilog-0001: Analyzing file E:/FPGA/TSP_RVmaster/FPGA/pango_cpu/source/uart/uart_tx.v
I: Verilog-0002: [E:/FPGA/TSP_RVmaster/FPGA/pango_cpu/source/uart/uart_tx.v(line number: 32)] Analyzing module uart_tx (library work)
Parsing done.
Executing : .rtl_analyze -work work -include_path {E:/FPGA/TSP_RVmaster/FPGA/pango_cpu} E:/FPGA/TSP_RVmaster/FPGA/pango_cpu/source/uart/uart_tx.v successfully.
Executing : .rtl_analyze -include_path {E:/FPGA/TSP_RVmaster/FPGA/pango_cpu} E:/FPGA/TSP_RVmaster/FPGA/pango_cpu/ipcore/sys_pll/sys_pll.v
I: Verilog-0001: Analyzing file E:/FPGA/TSP_RVmaster/FPGA/pango_cpu/ipcore/sys_pll/sys_pll.v
I: Verilog-0002: [E:/FPGA/TSP_RVmaster/FPGA/pango_cpu/ipcore/sys_pll/sys_pll.v(line number: 18)] Analyzing module sys_pll (library work)
Parsing done.
Executing : .rtl_analyze -include_path {E:/FPGA/TSP_RVmaster/FPGA/pango_cpu} E:/FPGA/TSP_RVmaster/FPGA/pango_cpu/ipcore/sys_pll/sys_pll.v successfully.
I: Module "SoC_Top" is set as top module.
Executing : rtl-analyze successfully. Time elapsed: 1.579s wall, 0.016s user + 0.016s system = 0.031s CPU (2.0%)

Start rtl-elaborate.
I: Verilog-0003: [E:/FPGA/TSP_RVmaster/FPGA/pango_cpu/source/peripheral/soc_top.v(line number: 3)] Elaborating module SoC_Top
I: Verilog-0004: [E:/FPGA/TSP_RVmaster/FPGA/pango_cpu/source/peripheral/soc_top.v(line number: 21)] Elaborating instance sys_pll_u0
I: Verilog-0003: [E:/FPGA/TSP_RVmaster/FPGA/pango_cpu/ipcore/sys_pll/sys_pll.v(line number: 18)] Elaborating module sys_pll
I: Verilog-0004: [E:/FPGA/TSP_RVmaster/FPGA/pango_cpu/ipcore/sys_pll/sys_pll.v(line number: 228)] Elaborating instance u_pll_e3
W: Verilog-2021: [E:/FPGA/TSP_RVmaster/FPGA/pango_cpu/ipcore/sys_pll/sys_pll.v(line number: 115)] Net clkfb in sys_pll(original module sys_pll) does not have a driver, tie it to 0
W: Verilog-2021: [E:/FPGA/TSP_RVmaster/FPGA/pango_cpu/ipcore/sys_pll/sys_pll.v(line number: 118)] Net pfden in sys_pll(original module sys_pll) does not have a driver, tie it to 0
W: Verilog-2021: [E:/FPGA/TSP_RVmaster/FPGA/pango_cpu/ipcore/sys_pll/sys_pll.v(line number: 119)] Net clkout0_gate in sys_pll(original module sys_pll) does not have a driver, tie it to 0
W: Verilog-2021: [E:/FPGA/TSP_RVmaster/FPGA/pango_cpu/ipcore/sys_pll/sys_pll.v(line number: 120)] Net clkout0_2pad_gate in sys_pll(original module sys_pll) does not have a driver, tie it to 0
W: Verilog-2021: [E:/FPGA/TSP_RVmaster/FPGA/pango_cpu/ipcore/sys_pll/sys_pll.v(line number: 121)] Net clkout1_gate in sys_pll(original module sys_pll) does not have a driver, tie it to 0
W: Verilog-2021: [E:/FPGA/TSP_RVmaster/FPGA/pango_cpu/ipcore/sys_pll/sys_pll.v(line number: 122)] Net clkout2_gate in sys_pll(original module sys_pll) does not have a driver, tie it to 0
W: Verilog-2021: [E:/FPGA/TSP_RVmaster/FPGA/pango_cpu/ipcore/sys_pll/sys_pll.v(line number: 123)] Net clkout3_gate in sys_pll(original module sys_pll) does not have a driver, tie it to 0
W: Verilog-2021: [E:/FPGA/TSP_RVmaster/FPGA/pango_cpu/ipcore/sys_pll/sys_pll.v(line number: 124)] Net clkout4_gate in sys_pll(original module sys_pll) does not have a driver, tie it to 0
W: Verilog-2021: [E:/FPGA/TSP_RVmaster/FPGA/pango_cpu/ipcore/sys_pll/sys_pll.v(line number: 125)] Net clkout5_gate in sys_pll(original module sys_pll) does not have a driver, tie it to 0
W: Verilog-2021: [E:/FPGA/TSP_RVmaster/FPGA/pango_cpu/ipcore/sys_pll/sys_pll.v(line number: 126)] Net dyn_idiv in sys_pll(original module sys_pll) does not have a driver, tie it to 0
W: Verilog-2021: [E:/FPGA/TSP_RVmaster/FPGA/pango_cpu/ipcore/sys_pll/sys_pll.v(line number: 127)] Net dyn_odiv0 in sys_pll(original module sys_pll) does not have a driver, tie it to 0
W: Verilog-2021: [E:/FPGA/TSP_RVmaster/FPGA/pango_cpu/ipcore/sys_pll/sys_pll.v(line number: 128)] Net dyn_odiv1 in sys_pll(original module sys_pll) does not have a driver, tie it to 0
W: Verilog-2021: [E:/FPGA/TSP_RVmaster/FPGA/pango_cpu/ipcore/sys_pll/sys_pll.v(line number: 129)] Net dyn_odiv2 in sys_pll(original module sys_pll) does not have a driver, tie it to 0
W: Verilog-2021: [E:/FPGA/TSP_RVmaster/FPGA/pango_cpu/ipcore/sys_pll/sys_pll.v(line number: 130)] Net dyn_odiv3 in sys_pll(original module sys_pll) does not have a driver, tie it to 0
W: Verilog-2021: [E:/FPGA/TSP_RVmaster/FPGA/pango_cpu/ipcore/sys_pll/sys_pll.v(line number: 131)] Net dyn_odiv4 in sys_pll(original module sys_pll) does not have a driver, tie it to 0
W: Verilog-2021: [E:/FPGA/TSP_RVmaster/FPGA/pango_cpu/ipcore/sys_pll/sys_pll.v(line number: 132)] Net dyn_fdiv in sys_pll(original module sys_pll) does not have a driver, tie it to 0
W: Verilog-2021: [E:/FPGA/TSP_RVmaster/FPGA/pango_cpu/ipcore/sys_pll/sys_pll.v(line number: 133)] Net dyn_duty0 in sys_pll(original module sys_pll) does not have a driver, tie it to 0
W: Verilog-2021: [E:/FPGA/TSP_RVmaster/FPGA/pango_cpu/ipcore/sys_pll/sys_pll.v(line number: 134)] Net dyn_duty1 in sys_pll(original module sys_pll) does not have a driver, tie it to 0
W: Verilog-2021: [E:/FPGA/TSP_RVmaster/FPGA/pango_cpu/ipcore/sys_pll/sys_pll.v(line number: 135)] Net dyn_duty2 in sys_pll(original module sys_pll) does not have a driver, tie it to 0
W: Verilog-2021: [E:/FPGA/TSP_RVmaster/FPGA/pango_cpu/ipcore/sys_pll/sys_pll.v(line number: 136)] Net dyn_duty3 in sys_pll(original module sys_pll) does not have a driver, tie it to 0
W: Verilog-2021: [E:/FPGA/TSP_RVmaster/FPGA/pango_cpu/ipcore/sys_pll/sys_pll.v(line number: 137)] Net dyn_duty4 in sys_pll(original module sys_pll) does not have a driver, tie it to 0
I: Verilog-0004: [E:/FPGA/TSP_RVmaster/FPGA/pango_cpu/source/peripheral/soc_top.v(line number: 51)] Elaborating instance u_TSP_Core
I: Verilog-0003: [E:/FPGA/TSP_RVmaster/FPGA/pango_cpu/source/core/core.v(line number: 3)] Elaborating module TSP_Core
I: Verilog-0004: [E:/FPGA/TSP_RVmaster/FPGA/pango_cpu/source/core/core.v(line number: 73)] Elaborating instance u_PC_control
I: Verilog-0003: [E:/FPGA/TSP_RVmaster/FPGA/pango_cpu/source/core/PC_control.v(line number: 4)] Elaborating module PC_control
I: Verilog-0004: [E:/FPGA/TSP_RVmaster/FPGA/pango_cpu/source/core/core.v(line number: 97)] Elaborating instance u_TSP_Ifu
I: Verilog-0003: [E:/FPGA/TSP_RVmaster/FPGA/pango_cpu/source/core/Ifu.v(line number: 3)] Elaborating module TSP_Ifu
I: Verilog-0004: [E:/FPGA/TSP_RVmaster/FPGA/pango_cpu/source/core/Ifu.v(line number: 121)] Elaborating instance u_Iram
I: Verilog-0003: [E:/FPGA/TSP_RVmaster/FPGA/pango_cpu/source/ram/ram.v(line number: 3)] Elaborating module TSP_RAM
I: Module instance {SoC_Top/u_TSP_Core/u_TSP_Ifu/u_Iram} parameter value:
    RAM_DEPTH = 32'b00000000000000000100000000000000
    INIT_FILE = ../boot.txt
I: Found Verilog include file E:/FPGA/TSP_RVmaster/FPGA/pango_cpu/source/boot.txt
I: [E:/FPGA/TSP_RVmaster/FPGA/pango_cpu/source/ram/ram.v(line number: 80)] Loading memory data from file E:/FPGA/TSP_RVmaster/FPGA/pango_cpu/source/boot.txt
W: Verilog-2024: [E:/FPGA/TSP_RVmaster/FPGA/pango_cpu/source/ram/ram.v(line number: 3)] Give an initial value for the no drive output pin portB_rdata in graph of sdm module TSP_RAM
I: Verilog-0004: [E:/FPGA/TSP_RVmaster/FPGA/pango_cpu/source/core/core.v(line number: 159)] Elaborating instance u_TSP_Idec
I: Verilog-0003: [E:/FPGA/TSP_RVmaster/FPGA/pango_cpu/source/core/idec.v(line number: 6)] Elaborating module TSP_Idec
I: Verilog-0004: [E:/FPGA/TSP_RVmaster/FPGA/pango_cpu/source/core/core.v(line number: 209)] Elaborating instance u_TSP_Regfiles
I: Verilog-0003: [E:/FPGA/TSP_RVmaster/FPGA/pango_cpu/source/core/regfiles.v(line number: 3)] Elaborating module TSP_Regfiles
I: Verilog-0004: [E:/FPGA/TSP_RVmaster/FPGA/pango_cpu/source/core/regfiles.v(line number: 26)] Elaborating instance RV32I_reg_i
I: Verilog-0003: [E:/FPGA/TSP_RVmaster/FPGA/pango_cpu/source/core/dff.v(line number: 4)] Elaborating module REGs_WLWR
I: Module instance {SoC_Top/u_TSP_Core/u_TSP_Regfiles/x1_31[1].RV32I_reg_i} parameter value:
    RW = 32'b00000000000000000000000000100000
    RST_VAL = 32'b00000000000000000000000000000000
I: Verilog-0004: [E:/FPGA/TSP_RVmaster/FPGA/pango_cpu/source/core/regfiles.v(line number: 26)] Elaborating instance RV32I_reg_i
I: Verilog-0003: [E:/FPGA/TSP_RVmaster/FPGA/pango_cpu/source/core/dff.v(line number: 4)] Elaborating module REGs_WLWR
I: Module instance {SoC_Top/u_TSP_Core/u_TSP_Regfiles/x1_31[2].RV32I_reg_i} parameter value:
    RW = 32'b00000000000000000000000000100000
    RST_VAL = 32'b00000000000000000000000000000000
I: Verilog-0004: [E:/FPGA/TSP_RVmaster/FPGA/pango_cpu/source/core/regfiles.v(line number: 26)] Elaborating instance RV32I_reg_i
I: Verilog-0003: [E:/FPGA/TSP_RVmaster/FPGA/pango_cpu/source/core/dff.v(line number: 4)] Elaborating module REGs_WLWR
I: Module instance {SoC_Top/u_TSP_Core/u_TSP_Regfiles/x1_31[3].RV32I_reg_i} parameter value:
    RW = 32'b00000000000000000000000000100000
    RST_VAL = 32'b00000000000000000000000000000000
I: Verilog-0004: [E:/FPGA/TSP_RVmaster/FPGA/pango_cpu/source/core/regfiles.v(line number: 26)] Elaborating instance RV32I_reg_i
I: Verilog-0003: [E:/FPGA/TSP_RVmaster/FPGA/pango_cpu/source/core/dff.v(line number: 4)] Elaborating module REGs_WLWR
I: Module instance {SoC_Top/u_TSP_Core/u_TSP_Regfiles/x1_31[4].RV32I_reg_i} parameter value:
    RW = 32'b00000000000000000000000000100000
    RST_VAL = 32'b00000000000000000000000000000000
I: Verilog-0004: [E:/FPGA/TSP_RVmaster/FPGA/pango_cpu/source/core/regfiles.v(line number: 26)] Elaborating instance RV32I_reg_i
I: Verilog-0003: [E:/FPGA/TSP_RVmaster/FPGA/pango_cpu/source/core/dff.v(line number: 4)] Elaborating module REGs_WLWR
I: Module instance {SoC_Top/u_TSP_Core/u_TSP_Regfiles/x1_31[5].RV32I_reg_i} parameter value:
    RW = 32'b00000000000000000000000000100000
    RST_VAL = 32'b00000000000000000000000000000000
I: Verilog-0004: [E:/FPGA/TSP_RVmaster/FPGA/pango_cpu/source/core/regfiles.v(line number: 26)] Elaborating instance RV32I_reg_i
I: Verilog-0003: [E:/FPGA/TSP_RVmaster/FPGA/pango_cpu/source/core/dff.v(line number: 4)] Elaborating module REGs_WLWR
I: Module instance {SoC_Top/u_TSP_Core/u_TSP_Regfiles/x1_31[6].RV32I_reg_i} parameter value:
    RW = 32'b00000000000000000000000000100000
    RST_VAL = 32'b00000000000000000000000000000000
I: Verilog-0004: [E:/FPGA/TSP_RVmaster/FPGA/pango_cpu/source/core/regfiles.v(line number: 26)] Elaborating instance RV32I_reg_i
I: Verilog-0003: [E:/FPGA/TSP_RVmaster/FPGA/pango_cpu/source/core/dff.v(line number: 4)] Elaborating module REGs_WLWR
I: Module instance {SoC_Top/u_TSP_Core/u_TSP_Regfiles/x1_31[7].RV32I_reg_i} parameter value:
    RW = 32'b00000000000000000000000000100000
    RST_VAL = 32'b00000000000000000000000000000000
I: Verilog-0004: [E:/FPGA/TSP_RVmaster/FPGA/pango_cpu/source/core/regfiles.v(line number: 26)] Elaborating instance RV32I_reg_i
I: Verilog-0003: [E:/FPGA/TSP_RVmaster/FPGA/pango_cpu/source/core/dff.v(line number: 4)] Elaborating module REGs_WLWR
I: Module instance {SoC_Top/u_TSP_Core/u_TSP_Regfiles/x1_31[8].RV32I_reg_i} parameter value:
    RW = 32'b00000000000000000000000000100000
    RST_VAL = 32'b00000000000000000000000000000000
I: Verilog-0004: [E:/FPGA/TSP_RVmaster/FPGA/pango_cpu/source/core/regfiles.v(line number: 26)] Elaborating instance RV32I_reg_i
I: Verilog-0003: [E:/FPGA/TSP_RVmaster/FPGA/pango_cpu/source/core/dff.v(line number: 4)] Elaborating module REGs_WLWR
I: Module instance {SoC_Top/u_TSP_Core/u_TSP_Regfiles/x1_31[9].RV32I_reg_i} parameter value:
    RW = 32'b00000000000000000000000000100000
    RST_VAL = 32'b00000000000000000000000000000000
I: Verilog-0004: [E:/FPGA/TSP_RVmaster/FPGA/pango_cpu/source/core/regfiles.v(line number: 26)] Elaborating instance RV32I_reg_i
I: Verilog-0003: [E:/FPGA/TSP_RVmaster/FPGA/pango_cpu/source/core/dff.v(line number: 4)] Elaborating module REGs_WLWR
I: Module instance {SoC_Top/u_TSP_Core/u_TSP_Regfiles/x1_31[10].RV32I_reg_i} parameter value:
    RW = 32'b00000000000000000000000000100000
    RST_VAL = 32'b00000000000000000000000000000000
I: Verilog-0004: [E:/FPGA/TSP_RVmaster/FPGA/pango_cpu/source/core/regfiles.v(line number: 26)] Elaborating instance RV32I_reg_i
I: Verilog-0003: [E:/FPGA/TSP_RVmaster/FPGA/pango_cpu/source/core/dff.v(line number: 4)] Elaborating module REGs_WLWR
I: Module instance {SoC_Top/u_TSP_Core/u_TSP_Regfiles/x1_31[11].RV32I_reg_i} parameter value:
    RW = 32'b00000000000000000000000000100000
    RST_VAL = 32'b00000000000000000000000000000000
I: Verilog-0004: [E:/FPGA/TSP_RVmaster/FPGA/pango_cpu/source/core/regfiles.v(line number: 26)] Elaborating instance RV32I_reg_i
I: Verilog-0003: [E:/FPGA/TSP_RVmaster/FPGA/pango_cpu/source/core/dff.v(line number: 4)] Elaborating module REGs_WLWR
I: Module instance {SoC_Top/u_TSP_Core/u_TSP_Regfiles/x1_31[12].RV32I_reg_i} parameter value:
    RW = 32'b00000000000000000000000000100000
    RST_VAL = 32'b00000000000000000000000000000000
I: Verilog-0004: [E:/FPGA/TSP_RVmaster/FPGA/pango_cpu/source/core/regfiles.v(line number: 26)] Elaborating instance RV32I_reg_i
I: Verilog-0003: [E:/FPGA/TSP_RVmaster/FPGA/pango_cpu/source/core/dff.v(line number: 4)] Elaborating module REGs_WLWR
I: Module instance {SoC_Top/u_TSP_Core/u_TSP_Regfiles/x1_31[13].RV32I_reg_i} parameter value:
    RW = 32'b00000000000000000000000000100000
    RST_VAL = 32'b00000000000000000000000000000000
I: Verilog-0004: [E:/FPGA/TSP_RVmaster/FPGA/pango_cpu/source/core/regfiles.v(line number: 26)] Elaborating instance RV32I_reg_i
I: Verilog-0003: [E:/FPGA/TSP_RVmaster/FPGA/pango_cpu/source/core/dff.v(line number: 4)] Elaborating module REGs_WLWR
I: Module instance {SoC_Top/u_TSP_Core/u_TSP_Regfiles/x1_31[14].RV32I_reg_i} parameter value:
    RW = 32'b00000000000000000000000000100000
    RST_VAL = 32'b00000000000000000000000000000000
I: Verilog-0004: [E:/FPGA/TSP_RVmaster/FPGA/pango_cpu/source/core/regfiles.v(line number: 26)] Elaborating instance RV32I_reg_i
I: Verilog-0003: [E:/FPGA/TSP_RVmaster/FPGA/pango_cpu/source/core/dff.v(line number: 4)] Elaborating module REGs_WLWR
I: Module instance {SoC_Top/u_TSP_Core/u_TSP_Regfiles/x1_31[15].RV32I_reg_i} parameter value:
    RW = 32'b00000000000000000000000000100000
    RST_VAL = 32'b00000000000000000000000000000000
I: Verilog-0004: [E:/FPGA/TSP_RVmaster/FPGA/pango_cpu/source/core/regfiles.v(line number: 26)] Elaborating instance RV32I_reg_i
I: Verilog-0003: [E:/FPGA/TSP_RVmaster/FPGA/pango_cpu/source/core/dff.v(line number: 4)] Elaborating module REGs_WLWR
I: Module instance {SoC_Top/u_TSP_Core/u_TSP_Regfiles/x1_31[16].RV32I_reg_i} parameter value:
    RW = 32'b00000000000000000000000000100000
    RST_VAL = 32'b00000000000000000000000000000000
I: Verilog-0004: [E:/FPGA/TSP_RVmaster/FPGA/pango_cpu/source/core/regfiles.v(line number: 26)] Elaborating instance RV32I_reg_i
I: Verilog-0003: [E:/FPGA/TSP_RVmaster/FPGA/pango_cpu/source/core/dff.v(line number: 4)] Elaborating module REGs_WLWR
I: Module instance {SoC_Top/u_TSP_Core/u_TSP_Regfiles/x1_31[17].RV32I_reg_i} parameter value:
    RW = 32'b00000000000000000000000000100000
    RST_VAL = 32'b00000000000000000000000000000000
I: Verilog-0004: [E:/FPGA/TSP_RVmaster/FPGA/pango_cpu/source/core/regfiles.v(line number: 26)] Elaborating instance RV32I_reg_i
I: Verilog-0003: [E:/FPGA/TSP_RVmaster/FPGA/pango_cpu/source/core/dff.v(line number: 4)] Elaborating module REGs_WLWR
I: Module instance {SoC_Top/u_TSP_Core/u_TSP_Regfiles/x1_31[18].RV32I_reg_i} parameter value:
    RW = 32'b00000000000000000000000000100000
    RST_VAL = 32'b00000000000000000000000000000000
I: Verilog-0004: [E:/FPGA/TSP_RVmaster/FPGA/pango_cpu/source/core/regfiles.v(line number: 26)] Elaborating instance RV32I_reg_i
I: Verilog-0003: [E:/FPGA/TSP_RVmaster/FPGA/pango_cpu/source/core/dff.v(line number: 4)] Elaborating module REGs_WLWR
I: Module instance {SoC_Top/u_TSP_Core/u_TSP_Regfiles/x1_31[19].RV32I_reg_i} parameter value:
    RW = 32'b00000000000000000000000000100000
    RST_VAL = 32'b00000000000000000000000000000000
I: Verilog-0004: [E:/FPGA/TSP_RVmaster/FPGA/pango_cpu/source/core/regfiles.v(line number: 26)] Elaborating instance RV32I_reg_i
I: Verilog-0003: [E:/FPGA/TSP_RVmaster/FPGA/pango_cpu/source/core/dff.v(line number: 4)] Elaborating module REGs_WLWR
I: Module instance {SoC_Top/u_TSP_Core/u_TSP_Regfiles/x1_31[20].RV32I_reg_i} parameter value:
    RW = 32'b00000000000000000000000000100000
    RST_VAL = 32'b00000000000000000000000000000000
I: Verilog-0004: [E:/FPGA/TSP_RVmaster/FPGA/pango_cpu/source/core/regfiles.v(line number: 26)] Elaborating instance RV32I_reg_i
I: Verilog-0003: [E:/FPGA/TSP_RVmaster/FPGA/pango_cpu/source/core/dff.v(line number: 4)] Elaborating module REGs_WLWR
I: Module instance {SoC_Top/u_TSP_Core/u_TSP_Regfiles/x1_31[21].RV32I_reg_i} parameter value:
    RW = 32'b00000000000000000000000000100000
    RST_VAL = 32'b00000000000000000000000000000000
I: Verilog-0004: [E:/FPGA/TSP_RVmaster/FPGA/pango_cpu/source/core/regfiles.v(line number: 26)] Elaborating instance RV32I_reg_i
I: Verilog-0003: [E:/FPGA/TSP_RVmaster/FPGA/pango_cpu/source/core/dff.v(line number: 4)] Elaborating module REGs_WLWR
I: Module instance {SoC_Top/u_TSP_Core/u_TSP_Regfiles/x1_31[22].RV32I_reg_i} parameter value:
    RW = 32'b00000000000000000000000000100000
    RST_VAL = 32'b00000000000000000000000000000000
I: Verilog-0004: [E:/FPGA/TSP_RVmaster/FPGA/pango_cpu/source/core/regfiles.v(line number: 26)] Elaborating instance RV32I_reg_i
I: Verilog-0003: [E:/FPGA/TSP_RVmaster/FPGA/pango_cpu/source/core/dff.v(line number: 4)] Elaborating module REGs_WLWR
I: Module instance {SoC_Top/u_TSP_Core/u_TSP_Regfiles/x1_31[23].RV32I_reg_i} parameter value:
    RW = 32'b00000000000000000000000000100000
    RST_VAL = 32'b00000000000000000000000000000000
I: Verilog-0004: [E:/FPGA/TSP_RVmaster/FPGA/pango_cpu/source/core/regfiles.v(line number: 26)] Elaborating instance RV32I_reg_i
I: Verilog-0003: [E:/FPGA/TSP_RVmaster/FPGA/pango_cpu/source/core/dff.v(line number: 4)] Elaborating module REGs_WLWR
I: Module instance {SoC_Top/u_TSP_Core/u_TSP_Regfiles/x1_31[24].RV32I_reg_i} parameter value:
    RW = 32'b00000000000000000000000000100000
    RST_VAL = 32'b00000000000000000000000000000000
I: Verilog-0004: [E:/FPGA/TSP_RVmaster/FPGA/pango_cpu/source/core/regfiles.v(line number: 26)] Elaborating instance RV32I_reg_i
I: Verilog-0003: [E:/FPGA/TSP_RVmaster/FPGA/pango_cpu/source/core/dff.v(line number: 4)] Elaborating module REGs_WLWR
I: Module instance {SoC_Top/u_TSP_Core/u_TSP_Regfiles/x1_31[25].RV32I_reg_i} parameter value:
    RW = 32'b00000000000000000000000000100000
    RST_VAL = 32'b00000000000000000000000000000000
I: Verilog-0004: [E:/FPGA/TSP_RVmaster/FPGA/pango_cpu/source/core/regfiles.v(line number: 26)] Elaborating instance RV32I_reg_i
I: Verilog-0003: [E:/FPGA/TSP_RVmaster/FPGA/pango_cpu/source/core/dff.v(line number: 4)] Elaborating module REGs_WLWR
I: Module instance {SoC_Top/u_TSP_Core/u_TSP_Regfiles/x1_31[26].RV32I_reg_i} parameter value:
    RW = 32'b00000000000000000000000000100000
    RST_VAL = 32'b00000000000000000000000000000000
I: Verilog-0004: [E:/FPGA/TSP_RVmaster/FPGA/pango_cpu/source/core/regfiles.v(line number: 26)] Elaborating instance RV32I_reg_i
I: Verilog-0003: [E:/FPGA/TSP_RVmaster/FPGA/pango_cpu/source/core/dff.v(line number: 4)] Elaborating module REGs_WLWR
I: Module instance {SoC_Top/u_TSP_Core/u_TSP_Regfiles/x1_31[27].RV32I_reg_i} parameter value:
    RW = 32'b00000000000000000000000000100000
    RST_VAL = 32'b00000000000000000000000000000000
I: Verilog-0004: [E:/FPGA/TSP_RVmaster/FPGA/pango_cpu/source/core/regfiles.v(line number: 26)] Elaborating instance RV32I_reg_i
I: Verilog-0003: [E:/FPGA/TSP_RVmaster/FPGA/pango_cpu/source/core/dff.v(line number: 4)] Elaborating module REGs_WLWR
I: Module instance {SoC_Top/u_TSP_Core/u_TSP_Regfiles/x1_31[28].RV32I_reg_i} parameter value:
    RW = 32'b00000000000000000000000000100000
    RST_VAL = 32'b00000000000000000000000000000000
I: Verilog-0004: [E:/FPGA/TSP_RVmaster/FPGA/pango_cpu/source/core/regfiles.v(line number: 26)] Elaborating instance RV32I_reg_i
I: Verilog-0003: [E:/FPGA/TSP_RVmaster/FPGA/pango_cpu/source/core/dff.v(line number: 4)] Elaborating module REGs_WLWR
I: Module instance {SoC_Top/u_TSP_Core/u_TSP_Regfiles/x1_31[29].RV32I_reg_i} parameter value:
    RW = 32'b00000000000000000000000000100000
    RST_VAL = 32'b00000000000000000000000000000000
I: Verilog-0004: [E:/FPGA/TSP_RVmaster/FPGA/pango_cpu/source/core/regfiles.v(line number: 26)] Elaborating instance RV32I_reg_i
I: Verilog-0003: [E:/FPGA/TSP_RVmaster/FPGA/pango_cpu/source/core/dff.v(line number: 4)] Elaborating module REGs_WLWR
I: Module instance {SoC_Top/u_TSP_Core/u_TSP_Regfiles/x1_31[30].RV32I_reg_i} parameter value:
    RW = 32'b00000000000000000000000000100000
    RST_VAL = 32'b00000000000000000000000000000000
I: Verilog-0004: [E:/FPGA/TSP_RVmaster/FPGA/pango_cpu/source/core/regfiles.v(line number: 26)] Elaborating instance RV32I_reg_i
I: Verilog-0003: [E:/FPGA/TSP_RVmaster/FPGA/pango_cpu/source/core/dff.v(line number: 4)] Elaborating module REGs_WLWR
I: Module instance {SoC_Top/u_TSP_Core/u_TSP_Regfiles/x1_31[31].RV32I_reg_i} parameter value:
    RW = 32'b00000000000000000000000000100000
    RST_VAL = 32'b00000000000000000000000000000000
I: Verilog-0004: [E:/FPGA/TSP_RVmaster/FPGA/pango_cpu/source/core/core.v(line number: 257)] Elaborating instance u_TSP_Disp_Exu
I: Verilog-0003: [E:/FPGA/TSP_RVmaster/FPGA/pango_cpu/source/core/disp_exu.v(line number: 3)] Elaborating module TSP_Disp_Exu
I: Verilog-0004: [E:/FPGA/TSP_RVmaster/FPGA/pango_cpu/source/core/disp_exu.v(line number: 89)] Elaborating instance DECODE_PC_REG1
I: Verilog-0003: [E:/FPGA/TSP_RVmaster/FPGA/pango_cpu/source/core/dff.v(line number: 4)] Elaborating module REGs_WLWR
I: Module instance {SoC_Top/u_TSP_Core/u_TSP_Disp_Exu/DECODE_PC_REG1} parameter value:
    RW = 32'b00000000000000000000000000100000
    RST_VAL = 32'b00000000000000000000000000000000
I: Verilog-0004: [E:/FPGA/TSP_RVmaster/FPGA/pango_cpu/source/core/disp_exu.v(line number: 111)] Elaborating instance Exu_common_u0
I: Verilog-0003: [E:/FPGA/TSP_RVmaster/FPGA/pango_cpu/source/core/exu_common.v(line number: 3)] Elaborating module TSP_Exu_common
I: Verilog-0004: [E:/FPGA/TSP_RVmaster/FPGA/pango_cpu/source/core/disp_exu.v(line number: 179)] Elaborating instance Exu_bjp_u0
I: Verilog-0003: [E:/FPGA/TSP_RVmaster/FPGA/pango_cpu/source/core/exu_bjp.v(line number: 3)] Elaborating module Exu_bjp
I: Verilog-0004: [E:/FPGA/TSP_RVmaster/FPGA/pango_cpu/source/core/exu_bjp.v(line number: 47)] Elaborating instance BTB_update_valid_reg
I: Verilog-0003: [E:/FPGA/TSP_RVmaster/FPGA/pango_cpu/source/core/dff.v(line number: 42)] Elaborating module REGs_NLWR
I: Module instance {SoC_Top/u_TSP_Core/u_TSP_Disp_Exu/Exu_bjp_u0/BTB_update_valid_reg} parameter value:
    RW = 32'b00000000000000000000000000000001
    RST_VAL = 32'b00000000000000000000000000000000
I: Verilog-0004: [E:/FPGA/TSP_RVmaster/FPGA/pango_cpu/source/core/disp_exu.v(line number: 207)] Elaborating instance Exu_muldiv_u0
I: Verilog-0003: [E:/FPGA/TSP_RVmaster/FPGA/pango_cpu/source/core/exu_muldiv.v(line number: 3)] Elaborating module TSP_Exu_muldiv
I: Verilog-0004: [E:/FPGA/TSP_RVmaster/FPGA/pango_cpu/source/core/exu_muldiv.v(line number: 80)] Elaborating instance Exu_multiplier
I: Verilog-0003: [E:/FPGA/TSP_RVmaster/FPGA/pango_cpu/source/core/exu_muldiv.v(line number: 159)] Elaborating module Booth_Multiplier_4xB
I: Module instance {SoC_Top/u_TSP_Core/u_TSP_Disp_Exu/Exu_muldiv_u0/Exu_multiplier} parameter value:
    N = 32'b00000000000000000000000000100000
I: Verilog-0004: [E:/FPGA/TSP_RVmaster/FPGA/pango_cpu/source/core/exu_muldiv.v(line number: 123)] Elaborating instance Exu_divider
I: Verilog-0003: [E:/FPGA/TSP_RVmaster/FPGA/pango_cpu/source/core/exu_muldiv.v(line number: 573)] Elaborating module divfunc
I: Module instance {SoC_Top/u_TSP_Core/u_TSP_Disp_Exu/Exu_muldiv_u0/Exu_divider} parameter value:
    XLEN = 32'b00000000000000000000000000100000
    STAGE_LIST = 32'b00010001000100010001000100010001
I: Verilog-0004: [E:/FPGA/TSP_RVmaster/FPGA/pango_cpu/source/core/disp_exu.v(line number: 238)] Elaborating instance Exu_ls_u0
I: Verilog-0003: [E:/FPGA/TSP_RVmaster/FPGA/pango_cpu/source/core/exu_ls.v(line number: 3)] Elaborating module TSP_Exu_ls
I: Verilog-0004: [E:/FPGA/TSP_RVmaster/FPGA/pango_cpu/source/core/core.v(line number: 334)] Elaborating instance u_ls_ctrl
I: Verilog-0003: [E:/FPGA/TSP_RVmaster/FPGA/pango_cpu/source/core/ls_ctrl.v(line number: 3)] Elaborating module ls_ctrl
I: Verilog-0004: [E:/FPGA/TSP_RVmaster/FPGA/pango_cpu/source/core/core.v(line number: 376)] Elaborating instance u_TSP_Wb_arbiter
I: Verilog-0003: [E:/FPGA/TSP_RVmaster/FPGA/pango_cpu/source/core/wb_arbiter.v(line number: 3)] Elaborating module TSP_Wb_arbiter
I: Verilog-0004: [E:/FPGA/TSP_RVmaster/FPGA/pango_cpu/source/peripheral/soc_top.v(line number: 69)] Elaborating instance u_Interconnect
I: Verilog-0003: [E:/FPGA/TSP_RVmaster/FPGA/pango_cpu/source/peripheral/AXI_Interconnect.v(line number: 3)] Elaborating module TSP_AXI_Interconnect
I: Verilog-0004: [E:/FPGA/TSP_RVmaster/FPGA/pango_cpu/source/peripheral/soc_top.v(line number: 91)] Elaborating instance u_SRAM
I: Verilog-0003: [E:/FPGA/TSP_RVmaster/FPGA/pango_cpu/source/ram/sram.v(line number: 3)] Elaborating module TSP_Sram
I: Verilog-0004: [E:/FPGA/TSP_RVmaster/FPGA/pango_cpu/source/ram/sram.v(line number: 96)] Elaborating instance u_Data_Ram
I: Verilog-0003: [E:/FPGA/TSP_RVmaster/FPGA/pango_cpu/source/ram/ram.v(line number: 3)] Elaborating module TSP_RAM
I: Module instance {SoC_Top/u_SRAM/u_Data_Ram} parameter value:
    RAM_DEPTH = 32'b00000000000000000010000000000000
    INIT_FILE = 
W: Verilog-2024: [E:/FPGA/TSP_RVmaster/FPGA/pango_cpu/source/ram/ram.v(line number: 3)] Give an initial value for the no drive output pin portB_rdata in graph of sdm module TSP_RAM_1
I: Verilog-0004: [E:/FPGA/TSP_RVmaster/FPGA/pango_cpu/source/peripheral/soc_top.v(line number: 106)] Elaborating instance u_UART
I: Verilog-0003: [E:/FPGA/TSP_RVmaster/FPGA/pango_cpu/source/uart/uart_axi_lite_wrapper.v(line number: 3)] Elaborating module uart_axi_lite_wrapper
I: Module instance {SoC_Top/u_UART} parameter value:
    CLK_FREQ_p = 32'b00000000100110001001011010000000
    BAUD_RATE_p = 32'b00000000000000000010010110000000
I: Verilog-0004: [E:/FPGA/TSP_RVmaster/FPGA/pango_cpu/source/uart/uart_axi_lite_wrapper.v(line number: 57)] Elaborating instance u_uart_core
I: Verilog-0003: [E:/FPGA/TSP_RVmaster/FPGA/pango_cpu/source/uart/uart.v(line number: 32)] Elaborating module uart
I: Module instance {SoC_Top/u_UART/u_uart_core} parameter value:
    DATA_WIDTH = 32'b00000000000000000000000000001000
I: Verilog-0004: [E:/FPGA/TSP_RVmaster/FPGA/pango_cpu/source/uart/uart.v(line number: 78)] Elaborating instance uart_tx_inst
I: Verilog-0003: [E:/FPGA/TSP_RVmaster/FPGA/pango_cpu/source/uart/uart_tx.v(line number: 32)] Elaborating module uart_tx
I: Module instance {SoC_Top/u_UART/u_uart_core/uart_tx_inst} parameter value:
    DATA_WIDTH = 32'b00000000000000000000000000001000
I: Verilog-0004: [E:/FPGA/TSP_RVmaster/FPGA/pango_cpu/source/uart/uart.v(line number: 96)] Elaborating instance uart_rx_inst
I: Verilog-0003: [E:/FPGA/TSP_RVmaster/FPGA/pango_cpu/source/uart/uart_rx.v(line number: 32)] Elaborating module uart_rx
I: Module instance {SoC_Top/u_UART/u_uart_core/uart_rx_inst} parameter value:
    DATA_WIDTH = 32'b00000000000000000000000000001000
Executing : rtl-elaborate successfully. Time elapsed: 0.043s wall, 0.031s user + 0.000s system = 0.031s CPU (72.5%)

Start rtl-prep.
Executing : rtl-prep successfully. Time elapsed: 0.080s wall, 0.078s user + 0.000s system = 0.078s CPU (97.3%)

Start rtl-infer.
Start DFF-inference.
I: Removed inst wready_r that is redundant to awready_r.
W: Sdm-2003: [E:/FPGA/TSP_RVmaster/FPGA/pango_cpu/source/core/regfiles.v(line number: 20)] The net 'RV32I_regs[0]' in SoC_Top.u_TSP_Core.u_TSP_Regfiles is un-driven.
I: Removed inst wready_r that is redundant to awready_r.
Executing : DFF-inference successfully.
I: Sdm-0001: [E:/FPGA/TSP_RVmaster/FPGA/pango_cpu/source/ram/ram.v(line number: 51)] Found Ram RAM, depth=8192, width=8.
I: Sdm-0001: [E:/FPGA/TSP_RVmaster/FPGA/pango_cpu/source/ram/ram.v(line number: 51)] Found Ram RAM, depth=8192, width=8.
I: Sdm-0001: [E:/FPGA/TSP_RVmaster/FPGA/pango_cpu/source/ram/ram.v(line number: 51)] Found Ram RAM, depth=8192, width=8.
I: Sdm-0001: [E:/FPGA/TSP_RVmaster/FPGA/pango_cpu/source/ram/ram.v(line number: 51)] Found Ram RAM, depth=8192, width=8.
I: Sdm-0001: [E:/FPGA/TSP_RVmaster/FPGA/pango_cpu/source/ram/ram.v(line number: 51)] Found Ram RAM, depth=16384, width=8.
I: Sdm-0001: [E:/FPGA/TSP_RVmaster/FPGA/pango_cpu/source/ram/ram.v(line number: 51)] Found Ram RAM, depth=16384, width=8.
I: Sdm-0001: [E:/FPGA/TSP_RVmaster/FPGA/pango_cpu/source/ram/ram.v(line number: 51)] Found Ram RAM, depth=16384, width=8.
I: Sdm-0001: [E:/FPGA/TSP_RVmaster/FPGA/pango_cpu/source/ram/ram.v(line number: 51)] Found Ram RAM, depth=16384, width=8.
Executing : rtl-infer successfully. Time elapsed: 0.611s wall, 0.406s user + 0.219s system = 0.625s CPU (102.3%)

Start rtl-control-opt.
Executing : rtl-control-opt successfully. Time elapsed: 0.009s wall, 0.000s user + 0.000s system = 0.000s CPU (n/a%)

Start rtl-data-opt.
Executing : rtl-data-opt successfully. Time elapsed: 0.063s wall, 0.062s user + 0.000s system = 0.062s CPU (98.5%)

Start FSM inference.
I: FSM r_target_fsm[1:0] inferred.
FSM r_target_fsm[1:0] STG:
Number of reachable states: 4
Input nets: N128 N244 N245 ar_is_m1 s_axi_arvalid 
S0(00)-->S1(01): 1xx11
S0(00)-->S2(10): 11xx1
S0(00)-->S3(11): 1x1x1
S2(10)-->S0(00): xxxxx
S3(11)-->S0(00): xxxxx
S1(01)-->S0(00): xxxxx
S3(11)-->S0(00): xxxxx
S0(00)-->S0(00): 0xxxx
S1(01)-->S0(00): 0xxxx
S2(10)-->S0(00): 0xxxx
S3(11)-->S0(00): 0xxxx
S0(00)-->S0(00): xxxx0
S1(01)-->S0(00): xxxx0
S2(10)-->S0(00): xxxx0
S3(11)-->S0(00): xxxx0

I: FSM w_target_fsm[1:0] inferred.
FSM w_target_fsm[1:0] STG:
Number of reachable states: 4
Input nets: N90 N240 N241 aw_is_m1 s_axi_awvalid 
S0(00)-->S1(01): 1xx11
S0(00)-->S2(10): 11xx1
S0(00)-->S3(11): 1x1x1
S2(10)-->S0(00): xxxxx
S3(11)-->S0(00): xxxxx
S1(01)-->S0(00): xxxxx
S3(11)-->S0(00): xxxxx
S0(00)-->S0(00): 0xxxx
S1(01)-->S0(00): 0xxxx
S2(10)-->S0(00): 0xxxx
S3(11)-->S0(00): 0xxxx
S0(00)-->S0(00): xxxx0
S1(01)-->S0(00): xxxx0
S2(10)-->S0(00): xxxx0
S3(11)-->S0(00): xxxx0

I: FSM state_fsm[2:0] inferred.
FSM state_fsm[2:0] STG:
Number of reachable states: 6
Input nets: N57 is_axi_mem ls_req_i ls_we_i m_axi_arready m_axi_bvalid m_axi_rvalid wb_ls_ready_i 
S0(000)-->S0(000): x011xxxx
S0(000)-->S1(001): x111xxxx
S0(000)-->S3(011): x110xxxx
S0(000)-->S5(101): x010xxxx
S1(001)-->S2(010): 1xxxxxxx
S3(011)-->S4(100): xxxx1xxx
S4(100)-->S5(101): xxxxxx1x
S5(101)-->S0(000): xxxxxxx1
S2(010)-->S0(000): xxxxx1xx

W: Loop was found during constant probe.
W: Loop was found during constant probe.
W: Loop was found during constant probe.
Executing : FSM inference successfully. Time elapsed: 0.035s wall, 0.031s user + 0.000s system = 0.031s CPU (89.6%)

Start sdm2adm.
W: Loop was found during constant probe.
I: Constant propagation done on N35_0 (bmsREDAND).
I: Constant propagation done on N35_1 (bmsREDAND).
I: Constant propagation done on N35_2 (bmsREDAND).
I: Constant propagation done on N35_3 (bmsREDAND).
I: Constant propagation done on N35_4 (bmsREDAND).
I: Constant propagation done on N35_5 (bmsREDAND).
I: Constant propagation done on N35_6 (bmsREDAND).
I: Constant propagation done on N35_7 (bmsREDAND).
I: Constant propagation done on N35_8 (bmsREDAND).
I: Constant propagation done on N35_9 (bmsREDAND).
W: Loop was found during constant probe.
W: Loop was found during constant probe.
W: Loop was found during constant probe.
W: Loop was found during constant probe.
W: Loop was found during constant probe.
W: Loop was found during constant probe.
W: Loop was found during constant probe.
W: Loop was found during constant probe.
W: Loop was found during constant probe.
W: Loop was found during constant probe.
W: Loop was found during constant probe.
W: Loop was found during constant probe.
W: Loop was found during constant probe.
W: Loop was found during constant probe.
W: Loop was found during constant probe.
W: Loop was found during constant probe.
W: Loop was found during constant probe.
W: Loop was found during constant probe.
W: Loop was found during constant probe.
Executing : sdm2adm successfully. Time elapsed: 0.191s wall, 0.203s user + 0.000s system = 0.203s CPU (106.5%)

Saving design to DB.
Action compile: Real time elapsed is 0h:0m:5s
Action compile: CPU time elapsed is 0h:0m:2s
Action compile: Process CPU time elapsed is 0h:0m:2s
Current time: Thu Mar 12 13:16:55 2026
Action compile: Peak memory pool usage is 174 MB
Action from compile to compile: Total Real Time elapsed is 0h:0m:5s
Action from compile to compile: Total CPU time elapsed is 0h:0m:2s
Action from compile to compile: Total Process CPU Time elapsed is 0h:0m:2s
Compiling architecture definition.
Analyzing project file 'E:/FPGA/TSP_RVmaster/FPGA/pango_cpu/pango_cpu.pds'.
License checkout: fabric_ads from C:\Users\lhx\Downloads\new_pds_cc1531929604.lic
Compiling verification operator library.
Compiling common defs.
Loading technology operator library.
Compiling technology operator library.
Compiling technology operator (valence) library.
Reading design from compile DB
Reading design from compile DB successfully.
NOTE: The technology fpga was specified.
NOTE: delay_model specified was generic_cmos.
NOTE: Using the fpga syntax tables...
Totals:
 Calls to malloc = 0
 Calls to calloc = 111555

Constraint check start.
Compiling prim grid devices.
Building architecture model.
Loading device packaging model.
Building architecture floorplan logic view.
Executing : get_ports sys_clk
Executing : get_ports sys_clk successfully.
Executing : create_clock -name sys_clk [get_ports sys_clk] -period 20.000 -waveform {0.000 10.000}
Executing : create_clock -name sys_clk [get_ports sys_clk] -period 20.000 -waveform {0.000 10.000} successfully.
C: ConstraintEditor-2009: p:uart_tx is lack of PAP_IO_DRIVE, OUTPUT or INOUT PORT had better set PAP_IO_DRIVE, the optional value is {8, 4, 12, 16, 24}.
C: ConstraintEditor-2009: p:uart_tx is lack of PAP_IO_SLEW, OUTPUT or INOUT PORT had better set PAP_IO_SLEW, the optional value is {SLOW, FAST}.
W: ConstraintEditor-4019: Port Bus 'ext_axi_if_araddr' unspecified I/O constraint.
W: ConstraintEditor-4019: Port Bus 'ext_axi_if_awaddr' unspecified I/O constraint.
W: ConstraintEditor-4019: Port Bus 'ext_axi_if_bresp' unspecified I/O constraint.
W: ConstraintEditor-4019: Port Bus 'ext_axi_if_rdata' unspecified I/O constraint.
W: ConstraintEditor-4019: Port Bus 'ext_axi_if_rresp' unspecified I/O constraint.
W: ConstraintEditor-4019: Port Bus 'ext_axi_if_wdata' unspecified I/O constraint.
W: ConstraintEditor-4019: Port Bus 'ext_axi_if_wstrb' unspecified I/O constraint.
W: ConstraintEditor-4019: Port 'ext_axi_if_arready' unspecified I/O constraint.
W: ConstraintEditor-4019: Port 'ext_axi_if_arvalid' unspecified I/O constraint.
W: ConstraintEditor-4019: Port 'ext_axi_if_awready' unspecified I/O constraint.
W: ConstraintEditor-4019: Port 'ext_axi_if_awvalid' unspecified I/O constraint.
W: ConstraintEditor-4019: Port 'ext_axi_if_bready' unspecified I/O constraint.
W: ConstraintEditor-4019: Port 'ext_axi_if_bvalid' unspecified I/O constraint.
W: ConstraintEditor-4019: Port 'ext_axi_if_rready' unspecified I/O constraint.
W: ConstraintEditor-4019: Port 'ext_axi_if_rvalid' unspecified I/O constraint.
W: ConstraintEditor-4019: Port 'ext_axi_if_wready' unspecified I/O constraint.
W: ConstraintEditor-4019: Port 'ext_axi_if_wvalid' unspecified I/O constraint.
Constraint check end.

C: SDC-2025: Clock source 'n:sys_pll_u0/clkout0' need a clock constraint, please use 'create_clock' or 'create_generate_clock' to generate.
Executing : get_ports sys_clk
Executing : get_ports sys_clk successfully.
Executing : get_pins sys_pll_u0/u_pll_e3:CLKOUT0
Executing : get_pins sys_pll_u0/u_pll_e3:CLKOUT0 successfully.
Executing : create_generated_clock -name sys_clk|sys_pll_u0/u_pll_e3/CLKOUT0_Inferred -source [get_ports sys_clk] [get_pins sys_pll_u0/u_pll_e3:CLKOUT0] -master_clock sys_clk -edges {1 2 3} -edge_shift {0.000000 40.000000 80.000000} -add
Executing : create_generated_clock -name sys_clk|sys_pll_u0/u_pll_e3/CLKOUT0_Inferred -source [get_ports sys_clk] [get_pins sys_pll_u0/u_pll_e3:CLKOUT0] -master_clock sys_clk -edges {1 2 3} -edge_shift {0.000000 40.000000 80.000000} -add successfully.
Start pre-mapping.
I: Constant propagation done on u_TSP_Core/u_TSP_Disp_Exu/Exu_common_u0/N203 (bmsWIDEMUX).
I: Constant propagation done on u_TSP_Core/u_TSP_Disp_Exu/Exu_muldiv_u0/Exu_multiplier/N20 (bmsWIDEMUX).
I: Constant propagation done on u_TSP_Core/u_TSP_Disp_Exu/Exu_muldiv_u0/Exu_multiplier/N1333 (bmsWIDEMUX).
I: Encoding type of FSM 'r_target_fsm[1:0]' is: onehot.
I: Encoding table of FSM 'r_target_fsm[1:0]':
I: from  u_Interconnect/r_target[1] u_Interconnect/r_target[0]
I: to  u_Interconnect/r_target_reg[3] u_Interconnect/r_target_reg[2] u_Interconnect/r_target_reg[1] u_Interconnect/r_target_reg[0]
I: 00 => 0001
I: 01 => 0010
I: 10 => 0100
I: 11 => 1000
I: Encoding type of FSM 'w_target_fsm[1:0]' is: onehot.
I: Encoding table of FSM 'w_target_fsm[1:0]':
I: from  u_Interconnect/w_target[1] u_Interconnect/w_target[0]
I: to  u_Interconnect/w_target_reg[3] u_Interconnect/w_target_reg[2] u_Interconnect/w_target_reg[1] u_Interconnect/w_target_reg[0]
I: 00 => 0001
I: 01 => 0010
I: 10 => 0100
I: 11 => 1000
I: Encoding type of FSM 'state_fsm[2:0]' is: onehot.
I: Encoding table of FSM 'state_fsm[2:0]':
I: from  u_TSP_Core/u_ls_ctrl/state[2] u_TSP_Core/u_ls_ctrl/state[1] u_TSP_Core/u_ls_ctrl/state[0]
I: to  u_TSP_Core/u_ls_ctrl/state_reg[5] u_TSP_Core/u_ls_ctrl/state_reg[4] u_TSP_Core/u_ls_ctrl/state_reg[3] u_TSP_Core/u_ls_ctrl/state_reg[2] u_TSP_Core/u_ls_ctrl/state_reg[1] u_TSP_Core/u_ls_ctrl/state_reg[0]
I: 000 => 000001
I: 001 => 000010
I: 010 => 000100
I: 011 => 001000
I: 100 => 010000
I: 101 => 100000
I: Constant propagation done on u_Interconnect/r_target_fsm[1:0]_1 (bmsREDOR).
I: Constant propagation done on u_Interconnect/r_target_fsm[1:0]_2 (bmsREDOR).
I: Constant propagation done on u_Interconnect/w_target_fsm[1:0]_1 (bmsREDOR).
I: Constant propagation done on u_Interconnect/w_target_fsm[1:0]_2 (bmsREDOR).
I: Constant propagation done on u_UART/u_uart_core/uart_rx_inst/m_axis_tvalid_reg_e (bmsREDOR).
W: Removed bmsWIDEDFFCPE inst store_type_r[2:0] at 2 that is stuck at constant 0.
I: Constant propagation done on u_TSP_Core/u_TSP_Disp_Exu/Exu_ls_u0/store_type_r[2:0] (bmsWIDEDFFCPE).
I: Constant propagation done on u_TSP_Core/u_TSP_Disp_Exu/Exu_ls_u0/N71 (bmsWIDEINV).
W: Removed bmsWIDEDFFCPE inst mul_op_type_r[1:0] at 1 that is stuck at constant 0.
W: Removed bmsWIDEDFFCPE inst quotient[4][31:0] at 0 that is stuck at constant 0.
W: Removed bmsWIDEDFFCPE inst quotient[8][31:0] at 0 that is stuck at constant 0.
W: Removed bmsWIDEDFFCPE inst quotient[12][31:0] at 0 that is stuck at constant 0.
W: Removed bmsWIDEDFFCPE inst quotient[16][31:0] at 0 that is stuck at constant 0.
W: Removed bmsWIDEDFFCPE inst quotient[20][31:0] at 0 that is stuck at constant 0.
W: Removed bmsWIDEDFFCPE inst quotient[24][31:0] at 0 that is stuck at constant 0.
W: Removed bmsWIDEDFFCPE inst quotient[28][31:0] at 0 that is stuck at constant 0.
W: Removed bmsWIDEDFFCPE inst rdata_r[31:0] at 8 that is stuck at constant 0.
Executing : pre-mapping successfully. Time elapsed: 0.329s wall, 0.453s user + 0.078s system = 0.531s CPU (161.5%)

Start mod-gen.
W: Public-4008: Instance 'u_Data_Ram/portA_ack' of 'bmsWIDEDFFCPE' unit is dangling and will be cleaned.
W: Public-4008: Instance 'u_Data_Ram/portA_err' of 'bmsWIDEDFFCPE' unit is dangling and will be cleaned.
W: Public-4008: Instance 'u_Data_Ram/portB_ack' of 'bmsWIDEDFFCPE' unit is dangling and will be cleaned.
W: Public-4008: Instance 'u_Data_Ram/portB_err' of 'bmsWIDEDFFCPE' unit is dangling and will be cleaned.
W: Public-4008: Instance 'u_Iram/portB_ack' of 'bmsWIDEDFFCPE' unit is dangling and will be cleaned.
W: Public-4008: Instance 'u_Iram/portB_err' of 'bmsWIDEDFFCPE' unit is dangling and will be cleaned.
W: Public-4008: Instance 'u_TSP_Disp_Exu/DECODE_PC_REG1/qout[31:0]' of 'bmsWIDEDFFCPE' unit is dangling and will be cleaned.
W: Public-4008: Instance 'u_TSP_Ifu/u_Iram/portA_err' of 'bmsWIDEDFFCPE' unit is dangling and will be cleaned.
W: Public-4008: Instance 'u_uart_core/uart_rx_inst/busy_reg' of 'bmsWIDEDFFRSE' unit is dangling and will be cleaned.
W: Public-4008: Instance 'u_uart_core/uart_rx_inst/frame_error_reg' of 'bmsWIDEDFFRSE' unit is dangling and will be cleaned.
W: Public-4008: Instance 'u_uart_core/uart_rx_inst/overrun_error_reg' of 'bmsWIDEDFFRSE' unit is dangling and will be cleaned.
W: Public-4008: Instance 'u_uart_core/uart_tx_inst/busy_reg' of 'bmsWIDEDFFRSE' unit is dangling and will be cleaned.
I: Removed bmsWIDEINV inst u_TSP_Core/u_TSP_Disp_Exu/Exu_muldiv_u0/Exu_divider/N7 that is redundant to u_TSP_Core/u_TSP_Disp_Exu/Exu_common_u0/N16
I: Removed bmsDPRAM inst u_TSP_Core/u_TSP_Ifu/u_Iram/RAM_3_1 that is redundant to u_TSP_Core/u_TSP_Ifu/u_Iram/RAM_3_0
Executing : mod-gen successfully. Time elapsed: 1.118s wall, 1.219s user + 0.438s system = 1.656s CPU (148.2%)

Start logic-optimization.
Executing : logic-optimization successfully. Time elapsed: 4.269s wall, 4.156s user + 0.125s system = 4.281s CPU (100.3%)

Start tech-mapping phase 1.
W: Public-4008: Instance 'u_TSP_Core/u_ls_ctrl/m_axi_awaddr[0]' of 'bmsWIDEDFFCPE' unit is dangling and will be cleaned.
W: Public-4008: Instance 'u_TSP_Core/u_ls_ctrl/m_axi_awaddr[1]' of 'bmsWIDEDFFCPE' unit is dangling and will be cleaned.
W: Public-4008: Instance 'u_TSP_Core/u_ls_ctrl/m_axi_awaddr[15]' of 'bmsWIDEDFFCPE' unit is dangling and will be cleaned.
W: Public-4008: Instance 'u_TSP_Core/u_ls_ctrl/m_axi_awaddr[16]' of 'bmsWIDEDFFCPE' unit is dangling and will be cleaned.
W: Public-4008: Instance 'u_TSP_Core/u_ls_ctrl/m_axi_awaddr[17]' of 'bmsWIDEDFFCPE' unit is dangling and will be cleaned.
W: Public-4008: Instance 'u_TSP_Core/u_ls_ctrl/m_axi_awaddr[18]' of 'bmsWIDEDFFCPE' unit is dangling and will be cleaned.
W: Public-4008: Instance 'u_TSP_Core/u_ls_ctrl/m_axi_awaddr[19]' of 'bmsWIDEDFFCPE' unit is dangling and will be cleaned.
W: Public-4008: Instance 'u_TSP_Core/u_ls_ctrl/m_axi_awaddr[20]' of 'bmsWIDEDFFCPE' unit is dangling and will be cleaned.
W: Public-4008: Instance 'u_TSP_Core/u_ls_ctrl/m_axi_awaddr[21]' of 'bmsWIDEDFFCPE' unit is dangling and will be cleaned.
W: Public-4008: Instance 'u_TSP_Core/u_ls_ctrl/m_axi_awaddr[22]' of 'bmsWIDEDFFCPE' unit is dangling and will be cleaned.
W: Public-4008: Instance 'u_TSP_Core/u_ls_ctrl/m_axi_awaddr[23]' of 'bmsWIDEDFFCPE' unit is dangling and will be cleaned.
W: Public-4008: Instance 'u_TSP_Core/u_ls_ctrl/m_axi_awaddr[24]' of 'bmsWIDEDFFCPE' unit is dangling and will be cleaned.
W: Public-4008: Instance 'u_TSP_Core/u_ls_ctrl/m_axi_awaddr[25]' of 'bmsWIDEDFFCPE' unit is dangling and will be cleaned.
W: Public-4008: Instance 'u_TSP_Core/u_ls_ctrl/m_axi_awaddr[26]' of 'bmsWIDEDFFCPE' unit is dangling and will be cleaned.
W: Public-4008: Instance 'u_TSP_Core/u_ls_ctrl/m_axi_awaddr[27]' of 'bmsWIDEDFFCPE' unit is dangling and will be cleaned.
W: Public-4008: Instance 'u_UART/rdata_r[8]' of 'bmsWIDEDFFCPE' unit is dangling and will be cleaned.
W: Public-4008: Instance 'u_UART/rdata_r[9]' of 'bmsWIDEDFFCPE' unit is dangling and will be cleaned.
W: Public-4008: Instance 'u_UART/rdata_r[10]' of 'bmsWIDEDFFCPE' unit is dangling and will be cleaned.
W: Public-4008: Instance 'u_UART/rdata_r[11]' of 'bmsWIDEDFFCPE' unit is dangling and will be cleaned.
W: Public-4008: Instance 'u_UART/rdata_r[12]' of 'bmsWIDEDFFCPE' unit is dangling and will be cleaned.
W: Public-4008: Instance 'u_UART/rdata_r[13]' of 'bmsWIDEDFFCPE' unit is dangling and will be cleaned.
W: Public-4008: Instance 'u_UART/rdata_r[14]' of 'bmsWIDEDFFCPE' unit is dangling and will be cleaned.
W: Public-4008: Instance 'u_UART/rdata_r[15]' of 'bmsWIDEDFFCPE' unit is dangling and will be cleaned.
W: Public-4008: Instance 'u_UART/rdata_r[16]' of 'bmsWIDEDFFCPE' unit is dangling and will be cleaned.
W: Public-4008: Instance 'u_UART/rdata_r[17]' of 'bmsWIDEDFFCPE' unit is dangling and will be cleaned.
W: Public-4008: Instance 'u_UART/rdata_r[18]' of 'bmsWIDEDFFCPE' unit is dangling and will be cleaned.
W: Public-4008: Instance 'u_UART/rdata_r[19]' of 'bmsWIDEDFFCPE' unit is dangling and will be cleaned.
W: Public-4008: Instance 'u_UART/rdata_r[20]' of 'bmsWIDEDFFCPE' unit is dangling and will be cleaned.
W: Public-4008: Instance 'u_UART/rdata_r[21]' of 'bmsWIDEDFFCPE' unit is dangling and will be cleaned.
W: Public-4008: Instance 'u_UART/rdata_r[22]' of 'bmsWIDEDFFCPE' unit is dangling and will be cleaned.
W: Public-4008: Instance 'u_UART/rdata_r[23]' of 'bmsWIDEDFFCPE' unit is dangling and will be cleaned.
W: Public-4008: Instance 'u_UART/rdata_r[24]' of 'bmsWIDEDFFCPE' unit is dangling and will be cleaned.
W: Public-4008: Instance 'u_UART/rdata_r[25]' of 'bmsWIDEDFFCPE' unit is dangling and will be cleaned.
W: Public-4008: Instance 'u_UART/rdata_r[26]' of 'bmsWIDEDFFCPE' unit is dangling and will be cleaned.
W: Public-4008: Instance 'u_UART/rdata_r[27]' of 'bmsWIDEDFFCPE' unit is dangling and will be cleaned.
W: Public-4008: Instance 'u_UART/rdata_r[28]' of 'bmsWIDEDFFCPE' unit is dangling and will be cleaned.
W: Public-4008: Instance 'u_UART/rdata_r[29]' of 'bmsWIDEDFFCPE' unit is dangling and will be cleaned.
W: Public-4008: Instance 'u_UART/rdata_r[30]' of 'bmsWIDEDFFCPE' unit is dangling and will be cleaned.
W: Public-4008: Instance 'u_TSP_Core/u_TSP_Disp_Exu/Exu_muldiv_u0/Exu_multiplier/Prod[65]' of 'bmsWIDEDFFRSE' unit is dangling and will be cleaned.
W: Public-4008: Instance 'u_TSP_Core/u_TSP_Disp_Exu/Exu_muldiv_u0/Exu_multiplier/Prod[66]' of 'bmsWIDEDFFRSE' unit is dangling and will be cleaned.
W: Public-4008: Instance 'u_TSP_Core/u_TSP_Disp_Exu/Exu_muldiv_u0/Exu_multiplier/Prod[67]' of 'bmsWIDEDFFRSE' unit is dangling and will be cleaned.
W: Public-4008: Instance 'u_TSP_Core/u_TSP_Disp_Exu/Exu_ls_u0/store_type_r[2]' of 'bmsWIDEDFFCPE' unit is dangling and will be cleaned.
W: Public-4008: Instance 'u_TSP_Core/u_TSP_Disp_Exu/Exu_ls_u0/ls_addr_r[15]' of 'bmsWIDEDFFCPE' unit is dangling and will be cleaned.
W: Public-4008: Instance 'u_TSP_Core/u_TSP_Disp_Exu/Exu_ls_u0/ls_addr_r[16]' of 'bmsWIDEDFFCPE' unit is dangling and will be cleaned.
W: Public-4008: Instance 'u_TSP_Core/u_TSP_Disp_Exu/Exu_ls_u0/ls_addr_r[17]' of 'bmsWIDEDFFCPE' unit is dangling and will be cleaned.
W: Public-4008: Instance 'u_TSP_Core/u_TSP_Disp_Exu/Exu_ls_u0/ls_addr_r[18]' of 'bmsWIDEDFFCPE' unit is dangling and will be cleaned.
W: Public-4008: Instance 'u_TSP_Core/u_TSP_Disp_Exu/Exu_ls_u0/ls_addr_r[19]' of 'bmsWIDEDFFCPE' unit is dangling and will be cleaned.
W: Public-4008: Instance 'u_TSP_Core/u_TSP_Disp_Exu/Exu_ls_u0/ls_addr_r[20]' of 'bmsWIDEDFFCPE' unit is dangling and will be cleaned.
W: Public-4008: Instance 'u_TSP_Core/u_TSP_Disp_Exu/Exu_ls_u0/ls_addr_r[21]' of 'bmsWIDEDFFCPE' unit is dangling and will be cleaned.
W: Public-4008: Instance 'u_TSP_Core/u_TSP_Disp_Exu/Exu_ls_u0/ls_addr_r[22]' of 'bmsWIDEDFFCPE' unit is dangling and will be cleaned.
W: Public-4008: Instance 'u_TSP_Core/u_TSP_Disp_Exu/Exu_ls_u0/ls_addr_r[23]' of 'bmsWIDEDFFCPE' unit is dangling and will be cleaned.
W: Public-4008: Instance 'u_TSP_Core/u_TSP_Disp_Exu/Exu_ls_u0/ls_addr_r[24]' of 'bmsWIDEDFFCPE' unit is dangling and will be cleaned.
W: Public-4008: Instance 'u_TSP_Core/u_TSP_Disp_Exu/Exu_ls_u0/ls_addr_r[25]' of 'bmsWIDEDFFCPE' unit is dangling and will be cleaned.
W: Public-4008: Instance 'u_TSP_Core/u_TSP_Disp_Exu/Exu_ls_u0/ls_addr_r[26]' of 'bmsWIDEDFFCPE' unit is dangling and will be cleaned.
W: Public-4008: Instance 'u_TSP_Core/u_TSP_Disp_Exu/Exu_ls_u0/ls_addr_r[27]' of 'bmsWIDEDFFCPE' unit is dangling and will be cleaned.
W: Public-4008: Instance 'u_TSP_Core/u_TSP_Disp_Exu/Exu_muldiv_u0/mul_op_type_r[1]' of 'bmsWIDEDFFCPE' unit is dangling and will be cleaned.
W: Public-4008: Instance 'u_TSP_Core/u_TSP_Disp_Exu/Exu_muldiv_u0/Exu_divider/quotient[4][0]' of 'bmsWIDEDFFCPE' unit is dangling and will be cleaned.
W: Public-4008: Instance 'u_TSP_Core/u_TSP_Disp_Exu/Exu_muldiv_u0/Exu_divider/quotient[4][1]' of 'bmsWIDEDFFCPE' unit is dangling and will be cleaned.
W: Public-4008: Instance 'u_TSP_Core/u_TSP_Disp_Exu/Exu_muldiv_u0/Exu_divider/quotient[4][2]' of 'bmsWIDEDFFCPE' unit is dangling and will be cleaned.
W: Public-4008: Instance 'u_TSP_Core/u_TSP_Disp_Exu/Exu_muldiv_u0/Exu_divider/quotient[4][3]' of 'bmsWIDEDFFCPE' unit is dangling and will be cleaned.
W: Public-4008: Instance 'u_TSP_Core/u_TSP_Disp_Exu/Exu_muldiv_u0/Exu_divider/quotient[4][4]' of 'bmsWIDEDFFCPE' unit is dangling and will be cleaned.
W: Public-4008: Instance 'u_TSP_Core/u_TSP_Disp_Exu/Exu_muldiv_u0/Exu_divider/quotient[4][5]' of 'bmsWIDEDFFCPE' unit is dangling and will be cleaned.
W: Public-4008: Instance 'u_TSP_Core/u_TSP_Disp_Exu/Exu_muldiv_u0/Exu_divider/quotient[4][6]' of 'bmsWIDEDFFCPE' unit is dangling and will be cleaned.
W: Public-4008: Instance 'u_TSP_Core/u_TSP_Disp_Exu/Exu_muldiv_u0/Exu_divider/quotient[4][7]' of 'bmsWIDEDFFCPE' unit is dangling and will be cleaned.
W: Public-4008: Instance 'u_TSP_Core/u_TSP_Disp_Exu/Exu_muldiv_u0/Exu_divider/quotient[4][8]' of 'bmsWIDEDFFCPE' unit is dangling and will be cleaned.
W: Public-4008: Instance 'u_TSP_Core/u_TSP_Disp_Exu/Exu_muldiv_u0/Exu_divider/quotient[4][9]' of 'bmsWIDEDFFCPE' unit is dangling and will be cleaned.
W: Public-4008: Instance 'u_TSP_Core/u_TSP_Disp_Exu/Exu_muldiv_u0/Exu_divider/quotient[4][10]' of 'bmsWIDEDFFCPE' unit is dangling and will be cleaned.
W: Public-4008: Instance 'u_TSP_Core/u_TSP_Disp_Exu/Exu_muldiv_u0/Exu_divider/quotient[4][11]' of 'bmsWIDEDFFCPE' unit is dangling and will be cleaned.
W: Public-4008: Instance 'u_TSP_Core/u_TSP_Disp_Exu/Exu_muldiv_u0/Exu_divider/quotient[4][12]' of 'bmsWIDEDFFCPE' unit is dangling and will be cleaned.
W: Public-4008: Instance 'u_TSP_Core/u_TSP_Disp_Exu/Exu_muldiv_u0/Exu_divider/quotient[4][13]' of 'bmsWIDEDFFCPE' unit is dangling and will be cleaned.
W: Public-4008: Instance 'u_TSP_Core/u_TSP_Disp_Exu/Exu_muldiv_u0/Exu_divider/quotient[4][14]' of 'bmsWIDEDFFCPE' unit is dangling and will be cleaned.
W: Public-4008: Instance 'u_TSP_Core/u_TSP_Disp_Exu/Exu_muldiv_u0/Exu_divider/quotient[4][15]' of 'bmsWIDEDFFCPE' unit is dangling and will be cleaned.
W: Public-4008: Instance 'u_TSP_Core/u_TSP_Disp_Exu/Exu_muldiv_u0/Exu_divider/quotient[4][16]' of 'bmsWIDEDFFCPE' unit is dangling and will be cleaned.
W: Public-4008: Instance 'u_TSP_Core/u_TSP_Disp_Exu/Exu_muldiv_u0/Exu_divider/quotient[4][17]' of 'bmsWIDEDFFCPE' unit is dangling and will be cleaned.
W: Public-4008: Instance 'u_TSP_Core/u_TSP_Disp_Exu/Exu_muldiv_u0/Exu_divider/quotient[4][18]' of 'bmsWIDEDFFCPE' unit is dangling and will be cleaned.
W: Public-4008: Instance 'u_TSP_Core/u_TSP_Disp_Exu/Exu_muldiv_u0/Exu_divider/quotient[4][19]' of 'bmsWIDEDFFCPE' unit is dangling and will be cleaned.
W: Public-4008: Instance 'u_TSP_Core/u_TSP_Disp_Exu/Exu_muldiv_u0/Exu_divider/quotient[4][20]' of 'bmsWIDEDFFCPE' unit is dangling and will be cleaned.
W: Public-4008: Instance 'u_TSP_Core/u_TSP_Disp_Exu/Exu_muldiv_u0/Exu_divider/quotient[4][21]' of 'bmsWIDEDFFCPE' unit is dangling and will be cleaned.
W: Public-4008: Instance 'u_TSP_Core/u_TSP_Disp_Exu/Exu_muldiv_u0/Exu_divider/quotient[4][22]' of 'bmsWIDEDFFCPE' unit is dangling and will be cleaned.
W: Public-4008: Instance 'u_TSP_Core/u_TSP_Disp_Exu/Exu_muldiv_u0/Exu_divider/quotient[4][23]' of 'bmsWIDEDFFCPE' unit is dangling and will be cleaned.
W: Public-4008: Instance 'u_TSP_Core/u_TSP_Disp_Exu/Exu_muldiv_u0/Exu_divider/quotient[4][24]' of 'bmsWIDEDFFCPE' unit is dangling and will be cleaned.
W: Public-4008: Instance 'u_TSP_Core/u_TSP_Disp_Exu/Exu_muldiv_u0/Exu_divider/quotient[4][25]' of 'bmsWIDEDFFCPE' unit is dangling and will be cleaned.
W: Public-4008: Instance 'u_TSP_Core/u_TSP_Disp_Exu/Exu_muldiv_u0/Exu_divider/quotient[4][26]' of 'bmsWIDEDFFCPE' unit is dangling and will be cleaned.
W: Public-4008: Instance 'u_TSP_Core/u_TSP_Disp_Exu/Exu_muldiv_u0/Exu_divider/quotient[4][27]' of 'bmsWIDEDFFCPE' unit is dangling and will be cleaned.
W: Public-4008: Instance 'u_TSP_Core/u_TSP_Disp_Exu/Exu_muldiv_u0/Exu_divider/quotient[8][0]' of 'bmsWIDEDFFCPE' unit is dangling and will be cleaned.
W: Public-4008: Instance 'u_TSP_Core/u_TSP_Disp_Exu/Exu_muldiv_u0/Exu_divider/quotient[8][1]' of 'bmsWIDEDFFCPE' unit is dangling and will be cleaned.
W: Public-4008: Instance 'u_TSP_Core/u_TSP_Disp_Exu/Exu_muldiv_u0/Exu_divider/quotient[8][2]' of 'bmsWIDEDFFCPE' unit is dangling and will be cleaned.
W: Public-4008: Instance 'u_TSP_Core/u_TSP_Disp_Exu/Exu_muldiv_u0/Exu_divider/quotient[8][3]' of 'bmsWIDEDFFCPE' unit is dangling and will be cleaned.
W: Public-4008: Instance 'u_TSP_Core/u_TSP_Disp_Exu/Exu_muldiv_u0/Exu_divider/quotient[8][4]' of 'bmsWIDEDFFCPE' unit is dangling and will be cleaned.
W: Public-4008: Instance 'u_TSP_Core/u_TSP_Disp_Exu/Exu_muldiv_u0/Exu_divider/quotient[8][5]' of 'bmsWIDEDFFCPE' unit is dangling and will be cleaned.
W: Public-4008: Instance 'u_TSP_Core/u_TSP_Disp_Exu/Exu_muldiv_u0/Exu_divider/quotient[8][6]' of 'bmsWIDEDFFCPE' unit is dangling and will be cleaned.
W: Public-4008: Instance 'u_TSP_Core/u_TSP_Disp_Exu/Exu_muldiv_u0/Exu_divider/quotient[8][7]' of 'bmsWIDEDFFCPE' unit is dangling and will be cleaned.
W: Public-4008: Instance 'u_TSP_Core/u_TSP_Disp_Exu/Exu_muldiv_u0/Exu_divider/quotient[8][8]' of 'bmsWIDEDFFCPE' unit is dangling and will be cleaned.
W: Public-4008: Instance 'u_TSP_Core/u_TSP_Disp_Exu/Exu_muldiv_u0/Exu_divider/quotient[8][9]' of 'bmsWIDEDFFCPE' unit is dangling and will be cleaned.
W: Public-4008: Instance 'u_TSP_Core/u_TSP_Disp_Exu/Exu_muldiv_u0/Exu_divider/quotient[8][10]' of 'bmsWIDEDFFCPE' unit is dangling and will be cleaned.
W: Public-4008: Instance 'u_TSP_Core/u_TSP_Disp_Exu/Exu_muldiv_u0/Exu_divider/quotient[8][11]' of 'bmsWIDEDFFCPE' unit is dangling and will be cleaned.
W: Public-4008: Instance 'u_TSP_Core/u_TSP_Disp_Exu/Exu_muldiv_u0/Exu_divider/quotient[8][12]' of 'bmsWIDEDFFCPE' unit is dangling and will be cleaned.
W: Public-4008: Instance 'u_TSP_Core/u_TSP_Disp_Exu/Exu_muldiv_u0/Exu_divider/quotient[8][13]' of 'bmsWIDEDFFCPE' unit is dangling and will be cleaned.
W: Public-4008: Instance 'u_TSP_Core/u_TSP_Disp_Exu/Exu_muldiv_u0/Exu_divider/quotient[8][14]' of 'bmsWIDEDFFCPE' unit is dangling and will be cleaned.
W: Public-4008: Instance 'u_TSP_Core/u_TSP_Disp_Exu/Exu_muldiv_u0/Exu_divider/quotient[8][15]' of 'bmsWIDEDFFCPE' unit is dangling and will be cleaned.
W: Public-4008: Instance 'u_TSP_Core/u_TSP_Disp_Exu/Exu_muldiv_u0/Exu_divider/quotient[8][16]' of 'bmsWIDEDFFCPE' unit is dangling and will be cleaned.
W: Public-4008: Instance 'u_TSP_Core/u_TSP_Disp_Exu/Exu_muldiv_u0/Exu_divider/quotient[8][17]' of 'bmsWIDEDFFCPE' unit is dangling and will be cleaned.
W: Public-4008: Instance 'u_TSP_Core/u_TSP_Disp_Exu/Exu_muldiv_u0/Exu_divider/quotient[8][18]' of 'bmsWIDEDFFCPE' unit is dangling and will be cleaned.
W: Public-4008: Instance 'u_TSP_Core/u_TSP_Disp_Exu/Exu_muldiv_u0/Exu_divider/quotient[8][19]' of 'bmsWIDEDFFCPE' unit is dangling and will be cleaned.
W: Public-4008: Instance 'u_TSP_Core/u_TSP_Disp_Exu/Exu_muldiv_u0/Exu_divider/quotient[8][20]' of 'bmsWIDEDFFCPE' unit is dangling and will be cleaned.
W: Public-4008: Instance 'u_TSP_Core/u_TSP_Disp_Exu/Exu_muldiv_u0/Exu_divider/quotient[8][21]' of 'bmsWIDEDFFCPE' unit is dangling and will be cleaned.
W: Public-4008: Instance 'u_TSP_Core/u_TSP_Disp_Exu/Exu_muldiv_u0/Exu_divider/quotient[8][22]' of 'bmsWIDEDFFCPE' unit is dangling and will be cleaned.
W: Public-4008: Instance 'u_TSP_Core/u_TSP_Disp_Exu/Exu_muldiv_u0/Exu_divider/quotient[8][23]' of 'bmsWIDEDFFCPE' unit is dangling and will be cleaned.
W: Public-4008: Instance 'u_TSP_Core/u_TSP_Disp_Exu/Exu_muldiv_u0/Exu_divider/quotient[12][0]' of 'bmsWIDEDFFCPE' unit is dangling and will be cleaned.
W: Public-4008: Instance 'u_TSP_Core/u_TSP_Disp_Exu/Exu_muldiv_u0/Exu_divider/quotient[12][1]' of 'bmsWIDEDFFCPE' unit is dangling and will be cleaned.
W: Public-4008: Instance 'u_TSP_Core/u_TSP_Disp_Exu/Exu_muldiv_u0/Exu_divider/quotient[12][2]' of 'bmsWIDEDFFCPE' unit is dangling and will be cleaned.
W: Public-4008: Instance 'u_TSP_Core/u_TSP_Disp_Exu/Exu_muldiv_u0/Exu_divider/quotient[12][3]' of 'bmsWIDEDFFCPE' unit is dangling and will be cleaned.
W: Public-4008: Instance 'u_TSP_Core/u_TSP_Disp_Exu/Exu_muldiv_u0/Exu_divider/quotient[12][4]' of 'bmsWIDEDFFCPE' unit is dangling and will be cleaned.
W: Public-4008: Instance 'u_TSP_Core/u_TSP_Disp_Exu/Exu_muldiv_u0/Exu_divider/quotient[12][5]' of 'bmsWIDEDFFCPE' unit is dangling and will be cleaned.
W: Public-4008: Instance 'u_TSP_Core/u_TSP_Disp_Exu/Exu_muldiv_u0/Exu_divider/quotient[12][6]' of 'bmsWIDEDFFCPE' unit is dangling and will be cleaned.
W: Public-4008: Instance 'u_TSP_Core/u_TSP_Disp_Exu/Exu_muldiv_u0/Exu_divider/quotient[12][7]' of 'bmsWIDEDFFCPE' unit is dangling and will be cleaned.
W: Public-4008: Instance 'u_TSP_Core/u_TSP_Disp_Exu/Exu_muldiv_u0/Exu_divider/quotient[12][8]' of 'bmsWIDEDFFCPE' unit is dangling and will be cleaned.
W: Public-4008: Instance 'u_TSP_Core/u_TSP_Disp_Exu/Exu_muldiv_u0/Exu_divider/quotient[12][9]' of 'bmsWIDEDFFCPE' unit is dangling and will be cleaned.
W: Public-4008: Instance 'u_TSP_Core/u_TSP_Disp_Exu/Exu_muldiv_u0/Exu_divider/quotient[12][10]' of 'bmsWIDEDFFCPE' unit is dangling and will be cleaned.
W: Public-4008: Instance 'u_TSP_Core/u_TSP_Disp_Exu/Exu_muldiv_u0/Exu_divider/quotient[12][11]' of 'bmsWIDEDFFCPE' unit is dangling and will be cleaned.
W: Public-4008: Instance 'u_TSP_Core/u_TSP_Disp_Exu/Exu_muldiv_u0/Exu_divider/quotient[12][12]' of 'bmsWIDEDFFCPE' unit is dangling and will be cleaned.
W: Public-4008: Instance 'u_TSP_Core/u_TSP_Disp_Exu/Exu_muldiv_u0/Exu_divider/quotient[12][13]' of 'bmsWIDEDFFCPE' unit is dangling and will be cleaned.
W: Public-4008: Instance 'u_TSP_Core/u_TSP_Disp_Exu/Exu_muldiv_u0/Exu_divider/quotient[12][14]' of 'bmsWIDEDFFCPE' unit is dangling and will be cleaned.
W: Public-4008: Instance 'u_TSP_Core/u_TSP_Disp_Exu/Exu_muldiv_u0/Exu_divider/quotient[12][15]' of 'bmsWIDEDFFCPE' unit is dangling and will be cleaned.
W: Public-4008: Instance 'u_TSP_Core/u_TSP_Disp_Exu/Exu_muldiv_u0/Exu_divider/quotient[12][16]' of 'bmsWIDEDFFCPE' unit is dangling and will be cleaned.
W: Public-4008: Instance 'u_TSP_Core/u_TSP_Disp_Exu/Exu_muldiv_u0/Exu_divider/quotient[12][17]' of 'bmsWIDEDFFCPE' unit is dangling and will be cleaned.
W: Public-4008: Instance 'u_TSP_Core/u_TSP_Disp_Exu/Exu_muldiv_u0/Exu_divider/quotient[12][18]' of 'bmsWIDEDFFCPE' unit is dangling and will be cleaned.
W: Public-4008: Instance 'u_TSP_Core/u_TSP_Disp_Exu/Exu_muldiv_u0/Exu_divider/quotient[12][19]' of 'bmsWIDEDFFCPE' unit is dangling and will be cleaned.
W: Public-4008: Instance 'u_TSP_Core/u_TSP_Disp_Exu/Exu_muldiv_u0/Exu_divider/quotient[16][0]' of 'bmsWIDEDFFCPE' unit is dangling and will be cleaned.
W: Public-4008: Instance 'u_TSP_Core/u_TSP_Disp_Exu/Exu_muldiv_u0/Exu_divider/quotient[16][1]' of 'bmsWIDEDFFCPE' unit is dangling and will be cleaned.
W: Public-4008: Instance 'u_TSP_Core/u_TSP_Disp_Exu/Exu_muldiv_u0/Exu_divider/quotient[16][2]' of 'bmsWIDEDFFCPE' unit is dangling and will be cleaned.
W: Public-4008: Instance 'u_TSP_Core/u_TSP_Disp_Exu/Exu_muldiv_u0/Exu_divider/quotient[16][3]' of 'bmsWIDEDFFCPE' unit is dangling and will be cleaned.
W: Public-4008: Instance 'u_TSP_Core/u_TSP_Disp_Exu/Exu_muldiv_u0/Exu_divider/quotient[16][4]' of 'bmsWIDEDFFCPE' unit is dangling and will be cleaned.
W: Public-4008: Instance 'u_TSP_Core/u_TSP_Disp_Exu/Exu_muldiv_u0/Exu_divider/quotient[16][5]' of 'bmsWIDEDFFCPE' unit is dangling and will be cleaned.
W: Public-4008: Instance 'u_TSP_Core/u_TSP_Disp_Exu/Exu_muldiv_u0/Exu_divider/quotient[16][6]' of 'bmsWIDEDFFCPE' unit is dangling and will be cleaned.
W: Public-4008: Instance 'u_TSP_Core/u_TSP_Disp_Exu/Exu_muldiv_u0/Exu_divider/quotient[16][7]' of 'bmsWIDEDFFCPE' unit is dangling and will be cleaned.
W: Public-4008: Instance 'u_TSP_Core/u_TSP_Disp_Exu/Exu_muldiv_u0/Exu_divider/quotient[16][8]' of 'bmsWIDEDFFCPE' unit is dangling and will be cleaned.
W: Public-4008: Instance 'u_TSP_Core/u_TSP_Disp_Exu/Exu_muldiv_u0/Exu_divider/quotient[16][9]' of 'bmsWIDEDFFCPE' unit is dangling and will be cleaned.
W: Public-4008: Instance 'u_TSP_Core/u_TSP_Disp_Exu/Exu_muldiv_u0/Exu_divider/quotient[16][10]' of 'bmsWIDEDFFCPE' unit is dangling and will be cleaned.
W: Public-4008: Instance 'u_TSP_Core/u_TSP_Disp_Exu/Exu_muldiv_u0/Exu_divider/quotient[16][11]' of 'bmsWIDEDFFCPE' unit is dangling and will be cleaned.
W: Public-4008: Instance 'u_TSP_Core/u_TSP_Disp_Exu/Exu_muldiv_u0/Exu_divider/quotient[16][12]' of 'bmsWIDEDFFCPE' unit is dangling and will be cleaned.
W: Public-4008: Instance 'u_TSP_Core/u_TSP_Disp_Exu/Exu_muldiv_u0/Exu_divider/quotient[16][13]' of 'bmsWIDEDFFCPE' unit is dangling and will be cleaned.
W: Public-4008: Instance 'u_TSP_Core/u_TSP_Disp_Exu/Exu_muldiv_u0/Exu_divider/quotient[16][14]' of 'bmsWIDEDFFCPE' unit is dangling and will be cleaned.
W: Public-4008: Instance 'u_TSP_Core/u_TSP_Disp_Exu/Exu_muldiv_u0/Exu_divider/quotient[16][15]' of 'bmsWIDEDFFCPE' unit is dangling and will be cleaned.
W: Public-4008: Instance 'u_TSP_Core/u_TSP_Disp_Exu/Exu_muldiv_u0/Exu_divider/quotient[20][0]' of 'bmsWIDEDFFCPE' unit is dangling and will be cleaned.
W: Public-4008: Instance 'u_TSP_Core/u_TSP_Disp_Exu/Exu_muldiv_u0/Exu_divider/quotient[20][1]' of 'bmsWIDEDFFCPE' unit is dangling and will be cleaned.
W: Public-4008: Instance 'u_TSP_Core/u_TSP_Disp_Exu/Exu_muldiv_u0/Exu_divider/quotient[20][2]' of 'bmsWIDEDFFCPE' unit is dangling and will be cleaned.
W: Public-4008: Instance 'u_TSP_Core/u_TSP_Disp_Exu/Exu_muldiv_u0/Exu_divider/quotient[20][3]' of 'bmsWIDEDFFCPE' unit is dangling and will be cleaned.
W: Public-4008: Instance 'u_TSP_Core/u_TSP_Disp_Exu/Exu_muldiv_u0/Exu_divider/quotient[20][4]' of 'bmsWIDEDFFCPE' unit is dangling and will be cleaned.
W: Public-4008: Instance 'u_TSP_Core/u_TSP_Disp_Exu/Exu_muldiv_u0/Exu_divider/quotient[20][5]' of 'bmsWIDEDFFCPE' unit is dangling and will be cleaned.
W: Public-4008: Instance 'u_TSP_Core/u_TSP_Disp_Exu/Exu_muldiv_u0/Exu_divider/quotient[20][6]' of 'bmsWIDEDFFCPE' unit is dangling and will be cleaned.
W: Public-4008: Instance 'u_TSP_Core/u_TSP_Disp_Exu/Exu_muldiv_u0/Exu_divider/quotient[20][7]' of 'bmsWIDEDFFCPE' unit is dangling and will be cleaned.
W: Public-4008: Instance 'u_TSP_Core/u_TSP_Disp_Exu/Exu_muldiv_u0/Exu_divider/quotient[20][8]' of 'bmsWIDEDFFCPE' unit is dangling and will be cleaned.
W: Public-4008: Instance 'u_TSP_Core/u_TSP_Disp_Exu/Exu_muldiv_u0/Exu_divider/quotient[20][9]' of 'bmsWIDEDFFCPE' unit is dangling and will be cleaned.
W: Public-4008: Instance 'u_TSP_Core/u_TSP_Disp_Exu/Exu_muldiv_u0/Exu_divider/quotient[20][10]' of 'bmsWIDEDFFCPE' unit is dangling and will be cleaned.
W: Public-4008: Instance 'u_TSP_Core/u_TSP_Disp_Exu/Exu_muldiv_u0/Exu_divider/quotient[20][11]' of 'bmsWIDEDFFCPE' unit is dangling and will be cleaned.
W: Public-4008: Instance 'u_TSP_Core/u_TSP_Disp_Exu/Exu_muldiv_u0/Exu_divider/quotient[24][0]' of 'bmsWIDEDFFCPE' unit is dangling and will be cleaned.
W: Public-4008: Instance 'u_TSP_Core/u_TSP_Disp_Exu/Exu_muldiv_u0/Exu_divider/quotient[24][1]' of 'bmsWIDEDFFCPE' unit is dangling and will be cleaned.
W: Public-4008: Instance 'u_TSP_Core/u_TSP_Disp_Exu/Exu_muldiv_u0/Exu_divider/quotient[24][2]' of 'bmsWIDEDFFCPE' unit is dangling and will be cleaned.
W: Public-4008: Instance 'u_TSP_Core/u_TSP_Disp_Exu/Exu_muldiv_u0/Exu_divider/quotient[24][3]' of 'bmsWIDEDFFCPE' unit is dangling and will be cleaned.
W: Public-4008: Instance 'u_TSP_Core/u_TSP_Disp_Exu/Exu_muldiv_u0/Exu_divider/quotient[24][4]' of 'bmsWIDEDFFCPE' unit is dangling and will be cleaned.
W: Public-4008: Instance 'u_TSP_Core/u_TSP_Disp_Exu/Exu_muldiv_u0/Exu_divider/quotient[24][5]' of 'bmsWIDEDFFCPE' unit is dangling and will be cleaned.
W: Public-4008: Instance 'u_TSP_Core/u_TSP_Disp_Exu/Exu_muldiv_u0/Exu_divider/quotient[24][6]' of 'bmsWIDEDFFCPE' unit is dangling and will be cleaned.
W: Public-4008: Instance 'u_TSP_Core/u_TSP_Disp_Exu/Exu_muldiv_u0/Exu_divider/quotient[24][7]' of 'bmsWIDEDFFCPE' unit is dangling and will be cleaned.
W: Public-4008: Instance 'u_TSP_Core/u_TSP_Disp_Exu/Exu_muldiv_u0/Exu_divider/quotient[28][0]' of 'bmsWIDEDFFCPE' unit is dangling and will be cleaned.
W: Public-4008: Instance 'u_TSP_Core/u_TSP_Disp_Exu/Exu_muldiv_u0/Exu_divider/quotient[28][1]' of 'bmsWIDEDFFCPE' unit is dangling and will be cleaned.
W: Public-4008: Instance 'u_TSP_Core/u_TSP_Disp_Exu/Exu_muldiv_u0/Exu_divider/quotient[28][2]' of 'bmsWIDEDFFCPE' unit is dangling and will be cleaned.
W: Public-4008: Instance 'u_TSP_Core/u_TSP_Disp_Exu/Exu_muldiv_u0/Exu_divider/quotient[28][3]' of 'bmsWIDEDFFCPE' unit is dangling and will be cleaned.
W: Public-4008: Instance 'u_TSP_Core/u_TSP_Disp_Exu/Exu_muldiv_u0/Exu_multiplier/A[33]' of 'bmsWIDEDFFRSE' unit is dangling and will be cleaned.
W: Public-4008: Instance 'u_TSP_Core/u_TSP_Disp_Exu/Exu_muldiv_u0/Exu_multiplier/A[34]' of 'bmsWIDEDFFRSE' unit is dangling and will be cleaned.
W: Public-4008: Instance 'u_TSP_Core/u_TSP_Disp_Exu/Exu_muldiv_u0/Exu_multiplier/A[35]' of 'bmsWIDEDFFRSE' unit is dangling and will be cleaned.
W: Public-4008: Instance 'u_TSP_Core/u_ls_ctrl/m_axi_araddr[0]' of 'bmsWIDEDFFCPE' unit is dangling and will be cleaned.
W: Public-4008: Instance 'u_TSP_Core/u_ls_ctrl/m_axi_araddr[1]' of 'bmsWIDEDFFCPE' unit is dangling and will be cleaned.
W: Public-4008: Instance 'u_TSP_Core/u_ls_ctrl/m_axi_araddr[15]' of 'bmsWIDEDFFCPE' unit is dangling and will be cleaned.
W: Public-4008: Instance 'u_TSP_Core/u_ls_ctrl/m_axi_araddr[16]' of 'bmsWIDEDFFCPE' unit is dangling and will be cleaned.
W: Public-4008: Instance 'u_TSP_Core/u_ls_ctrl/m_axi_araddr[17]' of 'bmsWIDEDFFCPE' unit is dangling and will be cleaned.
W: Public-4008: Instance 'u_TSP_Core/u_ls_ctrl/m_axi_araddr[18]' of 'bmsWIDEDFFCPE' unit is dangling and will be cleaned.
W: Public-4008: Instance 'u_TSP_Core/u_ls_ctrl/m_axi_araddr[19]' of 'bmsWIDEDFFCPE' unit is dangling and will be cleaned.
W: Public-4008: Instance 'u_TSP_Core/u_ls_ctrl/m_axi_araddr[20]' of 'bmsWIDEDFFCPE' unit is dangling and will be cleaned.
W: Public-4008: Instance 'u_TSP_Core/u_ls_ctrl/m_axi_araddr[21]' of 'bmsWIDEDFFCPE' unit is dangling and will be cleaned.
W: Public-4008: Instance 'u_TSP_Core/u_ls_ctrl/m_axi_araddr[22]' of 'bmsWIDEDFFCPE' unit is dangling and will be cleaned.
W: Public-4008: Instance 'u_TSP_Core/u_ls_ctrl/m_axi_araddr[23]' of 'bmsWIDEDFFCPE' unit is dangling and will be cleaned.
W: Public-4008: Instance 'u_TSP_Core/u_ls_ctrl/m_axi_araddr[24]' of 'bmsWIDEDFFCPE' unit is dangling and will be cleaned.
W: Public-4008: Instance 'u_TSP_Core/u_ls_ctrl/m_axi_araddr[25]' of 'bmsWIDEDFFCPE' unit is dangling and will be cleaned.
W: Public-4008: Instance 'u_TSP_Core/u_ls_ctrl/m_axi_araddr[26]' of 'bmsWIDEDFFCPE' unit is dangling and will be cleaned.
W: Public-4008: Instance 'u_TSP_Core/u_ls_ctrl/m_axi_araddr[27]' of 'bmsWIDEDFFCPE' unit is dangling and will be cleaned.
I: Removed GTP_DFF_PE inst u_TSP_Core/u_TSP_Ifu/inst_buffer_r[1] that is redundant to u_TSP_Core/u_TSP_Ifu/inst_buffer_r[0]
Executing : tech-mapping phase 1 successfully. Time elapsed: 0.262s wall, 0.250s user + 0.000s system = 0.250s CPU (95.4%)

Start tech-mapping phase 2.
Executing : tech-mapping phase 2 successfully. Time elapsed: 3.962s wall, 4.156s user + 0.578s system = 4.734s CPU (119.5%)

Start tech-optimization.
Executing : tech-optimization successfully. Time elapsed: 0.349s wall, 0.484s user + 0.234s system = 0.719s CPU (206.1%)

Start phys-optimization.
Executing : phys-optimization successfully. Time elapsed: 0.000s wall, 0.000s user + 0.000s system = 0.000s CPU (n/a%)

Start restore-hierarchy.
Executing : restore-hierarchy successfully. Time elapsed: 0.533s wall, 0.531s user + 0.000s system = 0.531s CPU (99.7%)

W: syn_maxfan of lutcarry N12.eq_2 is more than 10000 on net N12, but wasn't replicated.
W: syn_maxfan of lutcarry N6.eq_2 is more than 10000 on net N6, but wasn't replicated.
W: syn_maxfan of lutcarry N12.eq_2 is more than 10000 on net N12, but wasn't replicated.
W: syn_maxfan of lutcarry N6.eq_2 is more than 10000 on net N6, but wasn't replicated.

Cell Usage:
GTP_DFF                       3 uses
GTP_DFF_C                   465 uses
GTP_DFF_CE                 1535 uses
GTP_DFF_E                    76 uses
GTP_DFF_PE                    5 uses
GTP_DFF_RE                  167 uses
GTP_DFF_S                     1 use
GTP_DFF_SE                    1 use
GTP_DRM18K                   47 uses
GTP_GRS                       1 use
GTP_INV                       1 use
GTP_LUT1                      1 use
GTP_LUT2                     98 uses
GTP_LUT3                    413 uses
GTP_LUT4                    153 uses
GTP_LUT5                    756 uses
GTP_LUT5CARRY              1373 uses
GTP_LUT5M                   861 uses
GTP_MUX2LUT6                321 uses
GTP_MUX2LUT7                128 uses
GTP_MUX2LUT8                 64 uses
GTP_PLL_E3                    1 use
GTP_ROM32X1                   4 uses
GTP_ROM64X1                   2 uses

I/O ports: 50
GTP_INBUF                   8 uses
GTP_OUTBUF                 10 uses
GTP_OUTBUFT                32 uses

Mapping Summary:
Total LUTs: 3663 of 42800 (8.56%)
	LUTs as dram: 0 of 17000 (0.00%)
	LUTs as logic: 3663
Total Registers: 2253 of 64200 (3.51%)
Total Latches: 0

DRM18K:
Total DRM18K = 47.0 of 134 (35.07%)

APMs:
Total APMs = 0.00 of 84 (0.00%)

Total I/O ports = 50 of 218 (22.94%)


Overview of Control Sets:

Number of unique control sets : 66

Histogram:
**************************************************************
  Fanout      | Count    | Sync Set/Reset    Async Set/Reset
--------------------------------------------------------------
  [0, 2)      | 3        | 1                 2
  [2, 4)      | 1        | 1                 0
  [4, 6)      | 6        | 2                 4
  [6, 8)      | 3        | 0                 3
  [8, 10)     | 4        | 3                 1
  [10, 12)    | 1        | 0                 1
  [12, 14)    | 0        | 0                 0
  [14, 16)    | 0        | 0                 0
  [16, Inf)   | 48       | 5                 43
--------------------------------------------------------------
  The maximum fanout: 465
==============================================================

Flip-Flop Distribution:
************************************************************************
  Clock Enable    Sync Set/Reset    Async Set/Reset    Total Registers
------------------------------------------------------------------------
  NO              NO                NO                 3
  NO              NO                YES                465
  NO              YES               NO                 1
  YES             NO                NO                 76
  YES             NO                YES                1540
  YES             YES               NO                 168
========================================================================

Latch Distribution:
************************************************
  Gate Enable    Preset/Clear    Total Latches
************************************************
  NO             NO              0
  NO             YES             0
  YES            NO              0
  YES            YES             0
************************************************

Design 'SoC_Top' has been successfully synthesized to architecture-specific objects.
Saving design to DB.
Saving design to SoC_Top_syn.vm
Constructing timing graph ...
Timing graph has been constructed successfully
C: STA-3001: Combinational loops are found in the netlist, following timing arcs are set to false path.
    u_TSP_Core/u_TSP_Disp_Exu/Exu_muldiv_u0/Exu_divider/N21/Z --> u_TSP_Core/u_TSP_Disp_Exu/Exu_muldiv_u0/Exu_divider/N958_1_1/I2
    u_TSP_Core/u_TSP_Wb_arbiter/N5_21[31]/Z --> u_TSP_Core/u_TSP_Wb_arbiter/N5_22[31]/I4
    u_TSP_Core/u_TSP_Disp_Exu/Exu_muldiv_u0/Exu_divider/N966_10[30]/Z --> u_TSP_Core/u_TSP_Wb_arbiter/N5_21[30]/I2
    u_TSP_Core/u_TSP_Disp_Exu/Exu_muldiv_u0/Exu_divider/N958_1_1/COUT --> u_TSP_Core/u_TSP_Disp_Exu/Exu_muldiv_u0/Exu_divider/N958_1_2/CIN
    u_TSP_Core/u_TSP_Wb_arbiter/N5_21[1]/Z --> u_TSP_Core/u_TSP_Wb_arbiter/N5_22[1]/I4
    u_TSP_Core/u_TSP_Disp_Exu/Exu_muldiv_u0/Exu_divider/N999_32/Z --> u_TSP_Core/u_TSP_Disp_Exu/Exu_muldiv_u0/Exu_divider/N23/I2
    u_TSP_Core/u_TSP_Disp_Exu/Exu_muldiv_u0/Exu_divider/N958_1_2/COUT --> u_TSP_Core/u_TSP_Disp_Exu/Exu_muldiv_u0/Exu_divider/N958_1_3/CIN
    u_TSP_Core/u_TSP_Wb_arbiter/N5_21[2]/Z --> u_TSP_Core/u_TSP_Wb_arbiter/N5_22[2]/I4
    u_TSP_Core/u_TSP_Disp_Exu/Exu_muldiv_u0/Exu_divider/N958_1_3/COUT --> u_TSP_Core/u_TSP_Disp_Exu/Exu_muldiv_u0/Exu_divider/N958_1_4/CIN
    u_TSP_Core/u_TSP_Wb_arbiter/N5_21[3]/Z --> u_TSP_Core/u_TSP_Wb_arbiter/N5_22[3]/I4
    u_TSP_Core/u_TSP_Disp_Exu/Exu_muldiv_u0/Exu_divider/N958_1_4/COUT --> u_TSP_Core/u_TSP_Disp_Exu/Exu_muldiv_u0/Exu_divider/N958_1_5/CIN
    u_TSP_Core/u_TSP_Wb_arbiter/N5_21[4]/Z --> u_TSP_Core/u_TSP_Wb_arbiter/N5_22[4]/I4
    u_TSP_Core/u_TSP_Disp_Exu/Exu_muldiv_u0/Exu_divider/N958_1_5/COUT --> u_TSP_Core/u_TSP_Disp_Exu/Exu_muldiv_u0/Exu_divider/N958_1_6/CIN
    u_TSP_Core/u_TSP_Wb_arbiter/N5_21[5]/Z --> u_TSP_Core/u_TSP_Wb_arbiter/N5_22[5]/I4
    u_TSP_Core/u_TSP_Disp_Exu/Exu_muldiv_u0/Exu_divider/N958_1_6/COUT --> u_TSP_Core/u_TSP_Disp_Exu/Exu_muldiv_u0/Exu_divider/N958_1_7/CIN
    u_TSP_Core/u_TSP_Wb_arbiter/N5_21[6]/Z --> u_TSP_Core/u_TSP_Wb_arbiter/N5_22[6]/I4
    u_TSP_Core/u_TSP_Disp_Exu/Exu_muldiv_u0/Exu_divider/N958_1_7/COUT --> u_TSP_Core/u_TSP_Disp_Exu/Exu_muldiv_u0/Exu_divider/N958_1_8/CIN
    u_TSP_Core/u_TSP_Wb_arbiter/N5_21[7]/Z --> u_TSP_Core/u_TSP_Wb_arbiter/N5_22[7]/I4
    u_TSP_Core/u_TSP_Disp_Exu/Exu_muldiv_u0/Exu_divider/N958_1_8/COUT --> u_TSP_Core/u_TSP_Disp_Exu/Exu_muldiv_u0/Exu_divider/N958_1_9/CIN
    u_TSP_Core/u_TSP_Wb_arbiter/N5_21[8]/Z --> u_TSP_Core/u_TSP_Wb_arbiter/N5_22[8]/I4
    u_TSP_Core/u_TSP_Disp_Exu/Exu_muldiv_u0/Exu_divider/N958_1_9/COUT --> u_TSP_Core/u_TSP_Disp_Exu/Exu_muldiv_u0/Exu_divider/N958_1_10/CIN
    u_TSP_Core/u_TSP_Wb_arbiter/N5_21[9]/Z --> u_TSP_Core/u_TSP_Wb_arbiter/N5_22[9]/I4
    u_TSP_Core/u_TSP_Disp_Exu/Exu_muldiv_u0/Exu_divider/N958_1_10/COUT --> u_TSP_Core/u_TSP_Disp_Exu/Exu_muldiv_u0/Exu_divider/N958_1_11/CIN
    u_TSP_Core/u_TSP_Wb_arbiter/N5_21[10]/Z --> u_TSP_Core/u_TSP_Wb_arbiter/N5_22[10]/I4
    u_TSP_Core/u_TSP_Disp_Exu/Exu_muldiv_u0/Exu_divider/N958_1_11/COUT --> u_TSP_Core/u_TSP_Disp_Exu/Exu_muldiv_u0/Exu_divider/N958_1_12/CIN
    u_TSP_Core/u_TSP_Wb_arbiter/N5_21[11]/Z --> u_TSP_Core/u_TSP_Wb_arbiter/N5_22[11]/I4
    u_TSP_Core/u_TSP_Disp_Exu/Exu_muldiv_u0/Exu_divider/N999_32/Z --> u_TSP_Core/u_TSP_Disp_Exu/Exu_muldiv_u0/Exu_divider/N23/I2
    u_TSP_Core/u_TSP_Disp_Exu/Exu_muldiv_u0/Exu_divider/N958_1_12/COUT --> u_TSP_Core/u_TSP_Disp_Exu/Exu_muldiv_u0/Exu_divider/N958_1_13/CIN
    u_TSP_Core/u_TSP_Wb_arbiter/N5_21[12]/Z --> u_TSP_Core/u_TSP_Wb_arbiter/N5_22[12]/I4
    u_TSP_Core/u_TSP_Disp_Exu/Exu_muldiv_u0/Exu_divider/N958_1_13/COUT --> u_TSP_Core/u_TSP_Disp_Exu/Exu_muldiv_u0/Exu_divider/N958_1_14/CIN
    u_TSP_Core/u_TSP_Wb_arbiter/N5_21[13]/Z --> u_TSP_Core/u_TSP_Wb_arbiter/N5_22[13]/I4
    u_TSP_Core/u_TSP_Disp_Exu/Exu_muldiv_u0/Exu_divider/N958_1_14/COUT --> u_TSP_Core/u_TSP_Disp_Exu/Exu_muldiv_u0/Exu_divider/N958_1_15/CIN
    u_TSP_Core/u_TSP_Wb_arbiter/N5_21[14]/Z --> u_TSP_Core/u_TSP_Wb_arbiter/N5_22[14]/I4
    u_TSP_Core/u_TSP_Disp_Exu/Exu_muldiv_u0/Exu_divider/N958_1_15/COUT --> u_TSP_Core/u_TSP_Disp_Exu/Exu_muldiv_u0/Exu_divider/N958_1_16/CIN
    u_TSP_Core/u_TSP_Wb_arbiter/N5_21[15]/Z --> u_TSP_Core/u_TSP_Wb_arbiter/N5_22[15]/I4
    u_TSP_Core/u_TSP_Disp_Exu/Exu_muldiv_u0/Exu_divider/N958_1_16/COUT --> u_TSP_Core/u_TSP_Disp_Exu/Exu_muldiv_u0/Exu_divider/N958_1_17/CIN
    u_TSP_Core/u_TSP_Wb_arbiter/N5_21[16]/Z --> u_TSP_Core/u_TSP_Wb_arbiter/N5_22[16]/I4
    u_TSP_Core/u_TSP_Disp_Exu/Exu_muldiv_u0/Exu_divider/N999_32/Z --> u_TSP_Core/u_TSP_Disp_Exu/Exu_muldiv_u0/Exu_divider/N23/I2
    u_TSP_Core/u_TSP_Disp_Exu/Exu_muldiv_u0/Exu_divider/N958_1_17/COUT --> u_TSP_Core/u_TSP_Disp_Exu/Exu_muldiv_u0/Exu_divider/N958_1_18/CIN
    u_TSP_Core/u_TSP_Wb_arbiter/N5_21[17]/Z --> u_TSP_Core/u_TSP_Wb_arbiter/N5_22[17]/I4
    u_TSP_Core/u_TSP_Disp_Exu/Exu_muldiv_u0/Exu_divider/N958_1_18/COUT --> u_TSP_Core/u_TSP_Disp_Exu/Exu_muldiv_u0/Exu_divider/N958_1_19/CIN
    u_TSP_Core/u_TSP_Wb_arbiter/N5_21[18]/Z --> u_TSP_Core/u_TSP_Wb_arbiter/N5_22[18]/I4
    u_TSP_Core/u_TSP_Disp_Exu/Exu_muldiv_u0/Exu_divider/N958_1_19/COUT --> u_TSP_Core/u_TSP_Disp_Exu/Exu_muldiv_u0/Exu_divider/N958_1_20/CIN
    u_TSP_Core/u_TSP_Wb_arbiter/N5_21[19]/Z --> u_TSP_Core/u_TSP_Wb_arbiter/N5_22[19]/I4
    u_TSP_Core/u_TSP_Disp_Exu/Exu_muldiv_u0/Exu_divider/N958_1_20/COUT --> u_TSP_Core/u_TSP_Disp_Exu/Exu_muldiv_u0/Exu_divider/N958_1_21/CIN
    u_TSP_Core/u_TSP_Wb_arbiter/N5_21[20]/Z --> u_TSP_Core/u_TSP_Wb_arbiter/N5_22[20]/I4
    u_TSP_Core/u_TSP_Disp_Exu/Exu_muldiv_u0/Exu_divider/N958_1_21/COUT --> u_TSP_Core/u_TSP_Disp_Exu/Exu_muldiv_u0/Exu_divider/N958_1_22/CIN
    u_TSP_Core/u_TSP_Wb_arbiter/N5_21[21]/Z --> u_TSP_Core/u_TSP_Wb_arbiter/N5_22[21]/I4
    u_TSP_Core/u_TSP_Disp_Exu/Exu_muldiv_u0/Exu_divider/N999_32/Z --> u_TSP_Core/u_TSP_Disp_Exu/Exu_muldiv_u0/Exu_divider/N23/I2
    u_TSP_Core/u_TSP_Disp_Exu/Exu_muldiv_u0/Exu_divider/N958_1_22/COUT --> u_TSP_Core/u_TSP_Disp_Exu/Exu_muldiv_u0/Exu_divider/N958_1_23/CIN
    u_TSP_Core/u_TSP_Wb_arbiter/N5_21[22]/Z --> u_TSP_Core/u_TSP_Wb_arbiter/N5_22[22]/I4
    u_TSP_Core/u_TSP_Disp_Exu/Exu_muldiv_u0/Exu_divider/N958_1_23/COUT --> u_TSP_Core/u_TSP_Disp_Exu/Exu_muldiv_u0/Exu_divider/N958_1_24/CIN
    u_TSP_Core/u_TSP_Wb_arbiter/N5_21[23]/Z --> u_TSP_Core/u_TSP_Wb_arbiter/N5_22[23]/I4
    u_TSP_Core/u_TSP_Disp_Exu/Exu_muldiv_u0/Exu_divider/N958_1_24/COUT --> u_TSP_Core/u_TSP_Disp_Exu/Exu_muldiv_u0/Exu_divider/N958_1_25/CIN
    u_TSP_Core/u_TSP_Wb_arbiter/N5_21[24]/Z --> u_TSP_Core/u_TSP_Wb_arbiter/N5_22[24]/I4
    u_TSP_Core/u_TSP_Disp_Exu/Exu_muldiv_u0/Exu_divider/N958_1_25/COUT --> u_TSP_Core/u_TSP_Disp_Exu/Exu_muldiv_u0/Exu_divider/N958_1_26/CIN
    u_TSP_Core/u_TSP_Wb_arbiter/N5_21[25]/Z --> u_TSP_Core/u_TSP_Wb_arbiter/N5_22[25]/I4
    u_TSP_Core/u_TSP_Disp_Exu/Exu_muldiv_u0/Exu_divider/N958_1_26/COUT --> u_TSP_Core/u_TSP_Disp_Exu/Exu_muldiv_u0/Exu_divider/N958_1_27/CIN
    u_TSP_Core/u_TSP_Wb_arbiter/N5_21[26]/Z --> u_TSP_Core/u_TSP_Wb_arbiter/N5_22[26]/I4
    u_TSP_Core/u_TSP_Disp_Exu/Exu_muldiv_u0/Exu_divider/N999_24/Z --> u_TSP_Core/u_TSP_Disp_Exu/Exu_muldiv_u0/Exu_divider/N999_32/I3
    u_TSP_Core/u_TSP_Disp_Exu/Exu_muldiv_u0/Exu_divider/N958_1_27/COUT --> u_TSP_Core/u_TSP_Disp_Exu/Exu_muldiv_u0/Exu_divider/N958_1_28/CIN
    u_TSP_Core/u_TSP_Wb_arbiter/N5_21[27]/Z --> u_TSP_Core/u_TSP_Wb_arbiter/N5_22[27]/I4
    u_TSP_Core/u_TSP_Disp_Exu/Exu_muldiv_u0/Exu_divider/N999_24/Z --> u_TSP_Core/u_TSP_Disp_Exu/Exu_muldiv_u0/Exu_divider/N999_32/I3
    u_TSP_Core/u_TSP_Disp_Exu/Exu_muldiv_u0/Exu_divider/N958_1_28/COUT --> u_TSP_Core/u_TSP_Disp_Exu/Exu_muldiv_u0/Exu_divider/N958_1_29/CIN
    u_TSP_Core/u_TSP_Wb_arbiter/N5_21[28]/Z --> u_TSP_Core/u_TSP_Wb_arbiter/N5_22[28]/I4
    u_TSP_Core/u_TSP_Disp_Exu/Exu_muldiv_u0/Exu_divider/N999_24/Z --> u_TSP_Core/u_TSP_Disp_Exu/Exu_muldiv_u0/Exu_divider/N999_32/I3
    u_TSP_Core/u_TSP_Disp_Exu/Exu_muldiv_u0/Exu_divider/N958_1_29/COUT --> u_TSP_Core/u_TSP_Disp_Exu/Exu_muldiv_u0/Exu_divider/N958_1_30/CIN
    u_TSP_Core/u_TSP_Wb_arbiter/N5_21[29]/Z --> u_TSP_Core/u_TSP_Wb_arbiter/N5_22[29]/I4
    u_TSP_Core/u_TSP_Disp_Exu/Exu_muldiv_u0/Exu_divider/N999_24/Z --> u_TSP_Core/u_TSP_Disp_Exu/Exu_muldiv_u0/Exu_divider/N999_32/I3
    u_TSP_Core/u_TSP_Disp_Exu/Exu_muldiv_u0/Exu_divider/N958_1_30/COUT --> u_TSP_Core/u_TSP_Disp_Exu/Exu_muldiv_u0/Exu_divider/N958_1_31/CIN
    u_TSP_Core/u_TSP_Wb_arbiter/N5_21[30]/Z --> u_TSP_Core/u_TSP_Wb_arbiter/N5_22[30]/I4
    u_TSP_Core/u_TSP_Disp_Exu/Exu_muldiv_u0/Exu_divider/N958_1_31/Z --> u_TSP_Core/u_TSP_Wb_arbiter/N5_21[31]/I4
    u_TSP_Core/u_TSP_Disp_Exu/Exu_muldiv_u0/Exu_divider/N966_10[30]/Z --> u_TSP_Core/u_TSP_Wb_arbiter/N5_21[30]/I2
    u_TSP_Core/u_TSP_Wb_arbiter/N5_20[0]/Z --> u_TSP_Core/u_TSP_Wb_arbiter/N5_21[0]/I1
W: Timing-4087: Port 'ext_axi_if_arready' is not constrained, it is treated as combinational output.
W: Timing-4087: Port 'ext_axi_if_awready' is not constrained, it is treated as combinational output.
W: Timing-4087: Port 'ext_axi_if_bresp[0]' is not constrained, it is treated as combinational output.
W: Timing-4087: Port 'ext_axi_if_bresp[1]' is not constrained, it is treated as combinational output.
W: Timing-4087: Port 'ext_axi_if_bvalid' is not constrained, it is treated as combinational output.
W: Timing-4087: Port 'ext_axi_if_rdata[0]' is not constrained, it is treated as combinational output.
W: Timing-4087: Port 'ext_axi_if_rdata[1]' is not constrained, it is treated as combinational output.
W: Timing-4087: Port 'ext_axi_if_rdata[2]' is not constrained, it is treated as combinational output.
W: Timing-4087: Port 'ext_axi_if_rdata[3]' is not constrained, it is treated as combinational output.
W: Timing-4087: Port 'ext_axi_if_rdata[4]' is not constrained, it is treated as combinational output.
W: Timing-4087: Port 'ext_axi_if_rdata[5]' is not constrained, it is treated as combinational output.
W: Timing-4087: Port 'ext_axi_if_rdata[6]' is not constrained, it is treated as combinational output.
W: Timing-4087: Port 'ext_axi_if_rdata[7]' is not constrained, it is treated as combinational output.
W: Timing-4087: Port 'ext_axi_if_rdata[8]' is not constrained, it is treated as combinational output.
W: Timing-4087: Port 'ext_axi_if_rdata[9]' is not constrained, it is treated as combinational output.
W: Timing-4087: Port 'ext_axi_if_rdata[10]' is not constrained, it is treated as combinational output.
W: Timing-4087: Port 'ext_axi_if_rdata[11]' is not constrained, it is treated as combinational output.
W: Timing-4087: Port 'ext_axi_if_rdata[12]' is not constrained, it is treated as combinational output.
W: Timing-4087: Port 'ext_axi_if_rdata[13]' is not constrained, it is treated as combinational output.
W: Timing-4087: Port 'ext_axi_if_rdata[14]' is not constrained, it is treated as combinational output.
W: Timing-4087: Port 'ext_axi_if_rdata[15]' is not constrained, it is treated as combinational output.
W: Timing-4087: Port 'ext_axi_if_rdata[16]' is not constrained, it is treated as combinational output.
W: Timing-4087: Port 'ext_axi_if_rdata[17]' is not constrained, it is treated as combinational output.
W: Timing-4087: Port 'ext_axi_if_rdata[18]' is not constrained, it is treated as combinational output.
W: Timing-4087: Port 'ext_axi_if_rdata[19]' is not constrained, it is treated as combinational output.
W: Timing-4087: Port 'ext_axi_if_rdata[20]' is not constrained, it is treated as combinational output.
W: Timing-4087: Port 'ext_axi_if_rdata[21]' is not constrained, it is treated as combinational output.
W: Timing-4087: Port 'ext_axi_if_rdata[22]' is not constrained, it is treated as combinational output.
W: Timing-4087: Port 'ext_axi_if_rdata[23]' is not constrained, it is treated as combinational output.
W: Timing-4087: Port 'ext_axi_if_rdata[24]' is not constrained, it is treated as combinational output.
W: Timing-4087: Port 'ext_axi_if_rdata[25]' is not constrained, it is treated as combinational output.
W: Timing-4087: Port 'ext_axi_if_rdata[26]' is not constrained, it is treated as combinational output.
W: Timing-4087: Port 'ext_axi_if_rdata[27]' is not constrained, it is treated as combinational output.
W: Timing-4087: Port 'ext_axi_if_rdata[28]' is not constrained, it is treated as combinational output.
W: Timing-4087: Port 'ext_axi_if_rdata[29]' is not constrained, it is treated as combinational output.
W: Timing-4087: Port 'ext_axi_if_rdata[30]' is not constrained, it is treated as combinational output.
W: Timing-4087: Port 'ext_axi_if_rdata[31]' is not constrained, it is treated as combinational output.
W: Timing-4087: Port 'ext_axi_if_rresp[0]' is not constrained, it is treated as combinational output.
W: Timing-4087: Port 'ext_axi_if_rresp[1]' is not constrained, it is treated as combinational output.
W: Timing-4087: Port 'ext_axi_if_rvalid' is not constrained, it is treated as combinational output.
W: Timing-4087: Port 'ext_axi_if_wready' is not constrained, it is treated as combinational output.
W: Timing-4087: Port 'uart_tx' is not constrained, it is treated as combinational output.
W: Timing-4086: Port 'ext_axi_if_arvalid' is not constrained, it is treated as combinational input.
W: Timing-4086: Port 'ext_axi_if_awvalid' is not constrained, it is treated as combinational input.
W: Timing-4086: Port 'ext_axi_if_bready' is not constrained, it is treated as combinational input.
W: Timing-4086: Port 'ext_axi_if_rready' is not constrained, it is treated as combinational input.
W: Timing-4086: Port 'ext_axi_if_wvalid' is not constrained, it is treated as combinational input.
W: Timing-4086: Port 'rst_n' is not constrained, it is treated as combinational input.
W: Timing-4086: Port 'uart_rx' is not constrained, it is treated as combinational input.
Action synthesize: Real time elapsed is 0h:0m:17s
Action synthesize: CPU time elapsed is 0h:0m:15s
Action synthesize: Process CPU time elapsed is 0h:0m:15s
Current time: Thu Mar 12 13:17:12 2026
Action synthesize: Peak memory pool usage is 384 MB
Action from compile to synthesize: Total Real Time elapsed is 0h:0m:22s
Action from compile to synthesize: Total CPU time elapsed is 0h:0m:17s
Action from compile to synthesize: Total Process CPU Time elapsed is 0h:0m:17s
Compiling architecture definition.
Analyzing project file 'E:/FPGA/TSP_RVmaster/FPGA/pango_cpu/pango_cpu.pds'.
Compiling verification operator library.
Compiling common defs.
Loading technology operator library.
Compiling technology operator library.
Compiling technology operator (valence) library.
Compiling operator packing rules.
Compiling prim grid devices.
Compiling gate devices.
Compiling gate operators.
Compiling tech operator impls.
Building architecture model.
Loading device packaging model.
NOTE: The technology fpga was specified.
NOTE: delay_model specified was generic_cmos.
NOTE: Using the fpga syntax tables...
Totals:
 Calls to malloc = 0
 Calls to calloc = 111555

W: ConstraintEditor-4019: Port Bus 'ext_axi_if_araddr' unspecified I/O constraint.
W: ConstraintEditor-4019: Port Bus 'ext_axi_if_awaddr' unspecified I/O constraint.
W: ConstraintEditor-4019: Port Bus 'ext_axi_if_bresp' unspecified I/O constraint.
W: ConstraintEditor-4019: Port Bus 'ext_axi_if_rdata' unspecified I/O constraint.
W: ConstraintEditor-4019: Port Bus 'ext_axi_if_rresp' unspecified I/O constraint.
W: ConstraintEditor-4019: Port Bus 'ext_axi_if_wdata' unspecified I/O constraint.
W: ConstraintEditor-4019: Port Bus 'ext_axi_if_wstrb' unspecified I/O constraint.
W: ConstraintEditor-4019: Port 'ext_axi_if_arready' unspecified I/O constraint.
W: ConstraintEditor-4019: Port 'ext_axi_if_arvalid' unspecified I/O constraint.
W: ConstraintEditor-4019: Port 'ext_axi_if_awready' unspecified I/O constraint.
W: ConstraintEditor-4019: Port 'ext_axi_if_awvalid' unspecified I/O constraint.
W: ConstraintEditor-4019: Port 'ext_axi_if_bready' unspecified I/O constraint.
W: ConstraintEditor-4019: Port 'ext_axi_if_bvalid' unspecified I/O constraint.
W: ConstraintEditor-4019: Port 'ext_axi_if_rready' unspecified I/O constraint.
W: ConstraintEditor-4019: Port 'ext_axi_if_rvalid' unspecified I/O constraint.
W: ConstraintEditor-4019: Port 'ext_axi_if_wready' unspecified I/O constraint.
W: ConstraintEditor-4019: Port 'ext_axi_if_wvalid' unspecified I/O constraint.
Flattening design 'SoC_Top'
Device mapping started.
Optimizing circuit logic.
Checking design netlist.
Processing tech operator.
I: The instance clkbufg_0(GTP_CLKBUFG) has been inserted on the net clk in design, driver pin CLKOUT0(instance sys_pll_u0/u_pll_e3) -> load pin CLK(instance u_Interconnect/r_target_reg[0]).
Converting tech operator to gate operator.
Processing gate operator.
I: Infer CARRY group, base inst: u_TSP_Core/u_PC_control/N0.eq_0/gateop, insts:9.
I: Infer CARRY group, base inst: u_TSP_Core/u_PC_control/N2.eq_0/gateop, insts:9.
I: Infer CARRY group, base inst: u_TSP_Core/u_PC_control/N16_1_0/gateop, insts:30.
I: Infer CARRY group, base inst: u_TSP_Core/u_PC_control/N21.eq_0/gateop, insts:9.
I: Infer CARRY group, base inst: u_TSP_Core/u_PC_control/N22.eq_0/gateop, insts:9.
I: Infer CARRY group, base inst: u_TSP_Core/u_TSP_Disp_Exu/N6.eq_0/gateop, insts:3.
I: Infer CARRY group, base inst: u_TSP_Core/u_TSP_Disp_Exu/N12.eq_0/gateop, insts:3.
I: Infer CARRY group, base inst: u_TSP_Core/u_TSP_Disp_Exu/Exu_muldiv_u0/Exu_multiplier/S_0_0/gateop, insts:37.
I: Infer CARRY group, base inst: u_TSP_Core/u_TSP_Disp_Exu/Exu_muldiv_u0/Exu_multiplier/S_1_0/gateop, insts:37.
I: Infer CARRY group, base inst: u_TSP_Core/u_TSP_Disp_Exu/Exu_muldiv_u0/Exu_multiplier/S_2_1/gateop, insts:36.
I: Infer CARRY group, base inst: u_TSP_Core/u_TSP_Disp_Exu/Exu_muldiv_u0/Exu_multiplier/S_3_1/gateop, insts:36.
I: Infer CARRY group, base inst: u_TSP_Core/u_TSP_Disp_Exu/N57.eq_0/gateop, insts:3.
I: Infer CARRY group, base inst: u_TSP_Core/u_TSP_Disp_Exu/N60.eq_0/gateop, insts:3.
I: Infer CARRY group, base inst: u_TSP_Core/u_TSP_Disp_Exu/N89.eq_0/gateop, insts:3.
I: Infer CARRY group, base inst: u_TSP_Core/u_TSP_Disp_Exu/N90.eq_0/gateop, insts:3.
I: Infer CARRY group, base inst: u_TSP_Core/u_TSP_Disp_Exu/N92.eq_0/gateop, insts:3.
I: Infer CARRY group, base inst: u_TSP_Core/u_TSP_Disp_Exu/N98.eq_0/gateop, insts:3.
I: Infer CARRY group, base inst: u_TSP_Core/u_TSP_Disp_Exu/N99.eq_0/gateop, insts:3.
I: Infer CARRY group, base inst: u_TSP_Core/u_TSP_Disp_Exu/N101.eq_0/gateop, insts:3.
I: Infer CARRY group, base inst: u_TSP_Core/u_TSP_Disp_Exu/Exu_bjp_u0/N8_1_0/gateop, insts:30.
I: Infer CARRY group, base inst: u_TSP_Core/u_TSP_Disp_Exu/Exu_common_u0/N33_0/gateop, insts:33.
I: Infer CARRY group, base inst: u_TSP_Core/u_TSP_Disp_Exu/Exu_common_u0/N120.eq_0/gateop, insts:16.
I: Infer CARRY group, base inst: u_TSP_Core/u_TSP_Disp_Exu/Exu_common_u0/N121.slt_0/gateop, insts:16.
I: Infer CARRY group, base inst: u_TSP_Core/u_TSP_Disp_Exu/Exu_common_u0/N122.lt_0/gateop, insts:16.
I: Infer CARRY group, base inst: u_TSP_Core/u_TSP_Disp_Exu/Exu_common_u0/N128_1_0/gateop, insts:30.
I: Infer CARRY group, base inst: u_UART/u_uart_core/uart_rx_inst/N196_3.fsub_1/gateop, insts:19.
I: Infer CARRY group, base inst: u_UART/u_uart_core/uart_tx_inst/N121_3.fsub_1/gateop, insts:19.
I: Infer CARRY group, base inst: u_TSP_Core/u_TSP_Disp_Exu/Exu_muldiv_u0/Exu_divider/N5_1_0/gateop, insts:32.
I: Infer CARRY group, base inst: u_TSP_Core/u_TSP_Disp_Exu/Exu_muldiv_u0/Exu_divider/N9_1_0/gateop, insts:32.
I: Infer CARRY group, base inst: u_TSP_Core/u_TSP_Disp_Exu/Exu_muldiv_u0/Exu_divider/N90.lt_0/gateop, insts:2.
I: Infer CARRY group, base inst: u_TSP_Core/u_TSP_Disp_Exu/Exu_muldiv_u0/Exu_divider/N94_3.fsub_0/gateop, insts:4.
I: Infer CARRY group, base inst: u_TSP_Core/u_TSP_Disp_Exu/Exu_muldiv_u0/Exu_divider/N117.lt_0/gateop, insts:2.
I: Infer CARRY group, base inst: u_TSP_Core/u_TSP_Disp_Exu/Exu_muldiv_u0/Exu_divider/N121_3.fsub_0/gateop, insts:5.
I: Infer CARRY group, base inst: u_TSP_Core/u_TSP_Disp_Exu/Exu_muldiv_u0/Exu_divider/N153.lt_0/gateop, insts:3.
I: Infer CARRY group, base inst: u_TSP_Core/u_TSP_Disp_Exu/Exu_muldiv_u0/Exu_divider/N157_3.fsub_0/gateop, insts:6.
I: Infer CARRY group, base inst: u_TSP_Core/u_TSP_Disp_Exu/Exu_muldiv_u0/Exu_divider/N180.lt_0/gateop, insts:3.
I: Infer CARRY group, base inst: u_TSP_Core/u_TSP_Disp_Exu/Exu_muldiv_u0/Exu_divider/N184_3.fsub_0/gateop, insts:7.
I: Infer CARRY group, base inst: u_TSP_Core/u_TSP_Disp_Exu/Exu_muldiv_u0/Exu_divider/N207.lt_0/gateop, insts:4.
I: Infer CARRY group, base inst: u_TSP_Core/u_TSP_Disp_Exu/Exu_muldiv_u0/Exu_divider/N211_3.fsub_0/gateop, insts:8.
I: Infer CARRY group, base inst: u_TSP_Core/u_TSP_Disp_Exu/Exu_muldiv_u0/Exu_divider/N234.lt_0/gateop, insts:4.
I: Infer CARRY group, base inst: u_TSP_Core/u_TSP_Disp_Exu/Exu_muldiv_u0/Exu_divider/N238_3.fsub_0/gateop, insts:9.
I: Infer CARRY group, base inst: u_TSP_Core/u_TSP_Disp_Exu/Exu_muldiv_u0/Exu_divider/N269.lt_0/gateop, insts:5.
I: Infer CARRY group, base inst: u_TSP_Core/u_TSP_Disp_Exu/Exu_muldiv_u0/Exu_divider/N273_3.fsub_0/gateop, insts:10.
I: Infer CARRY group, base inst: u_TSP_Core/u_TSP_Disp_Exu/Exu_muldiv_u0/Exu_divider/N296.lt_0/gateop, insts:5.
I: Infer CARRY group, base inst: u_TSP_Core/u_TSP_Disp_Exu/Exu_muldiv_u0/Exu_divider/N300_3.fsub_0/gateop, insts:11.
I: Infer CARRY group, base inst: u_TSP_Core/u_TSP_Disp_Exu/Exu_muldiv_u0/Exu_divider/N323.lt_0/gateop, insts:6.
I: Infer CARRY group, base inst: u_TSP_Core/u_TSP_Disp_Exu/Exu_muldiv_u0/Exu_divider/N327_3.fsub_0/gateop, insts:12.
I: Infer CARRY group, base inst: u_TSP_Core/u_TSP_Disp_Exu/Exu_muldiv_u0/Exu_divider/N350.lt_0/gateop, insts:6.
I: Infer CARRY group, base inst: u_TSP_Core/u_TSP_Disp_Exu/Exu_muldiv_u0/Exu_divider/N354_3.fsub_0/gateop, insts:13.
I: Infer CARRY group, base inst: u_TSP_Core/u_TSP_Disp_Exu/Exu_muldiv_u0/Exu_divider/N385.lt_0/gateop, insts:7.
I: Infer CARRY group, base inst: u_TSP_Core/u_TSP_Disp_Exu/Exu_muldiv_u0/Exu_divider/N389_3.fsub_0/gateop, insts:14.
I: Infer CARRY group, base inst: u_TSP_Core/u_TSP_Disp_Exu/Exu_muldiv_u0/Exu_divider/N412.lt_0/gateop, insts:7.
I: Infer CARRY group, base inst: u_TSP_Core/u_TSP_Disp_Exu/Exu_muldiv_u0/Exu_divider/N416_3.fsub_0/gateop, insts:15.
I: Infer CARRY group, base inst: u_TSP_Core/u_TSP_Disp_Exu/Exu_muldiv_u0/Exu_divider/N439.lt_0/gateop, insts:8.
I: Infer CARRY group, base inst: u_TSP_Core/u_TSP_Disp_Exu/Exu_muldiv_u0/Exu_divider/N443_3.fsub_0/gateop, insts:16.
I: Infer CARRY group, base inst: u_TSP_Core/u_TSP_Disp_Exu/Exu_muldiv_u0/Exu_divider/N466.lt_0/gateop, insts:8.
I: Infer CARRY group, base inst: u_TSP_Core/u_TSP_Disp_Exu/Exu_muldiv_u0/Exu_divider/N470_3.fsub_0/gateop, insts:17.
I: Infer CARRY group, base inst: u_TSP_Core/u_TSP_Disp_Exu/Exu_muldiv_u0/Exu_divider/N501.lt_0/gateop, insts:9.
I: Infer CARRY group, base inst: u_TSP_Core/u_TSP_Disp_Exu/Exu_muldiv_u0/Exu_divider/N505_3.fsub_0/gateop, insts:18.
I: Infer CARRY group, base inst: u_TSP_Core/u_TSP_Disp_Exu/Exu_muldiv_u0/Exu_divider/N528.lt_0/gateop, insts:9.
I: Infer CARRY group, base inst: u_TSP_Core/u_TSP_Disp_Exu/Exu_muldiv_u0/Exu_divider/N532_3.fsub_0/gateop, insts:19.
I: Infer CARRY group, base inst: u_TSP_Core/u_TSP_Disp_Exu/Exu_muldiv_u0/Exu_divider/N555.lt_0/gateop, insts:10.
I: Infer CARRY group, base inst: u_TSP_Core/u_TSP_Disp_Exu/Exu_muldiv_u0/Exu_divider/N559_3.fsub_0/gateop, insts:20.
I: Infer CARRY group, base inst: u_TSP_Core/u_TSP_Disp_Exu/Exu_muldiv_u0/Exu_divider/N582.lt_0/gateop, insts:10.
I: Infer CARRY group, base inst: u_TSP_Core/u_TSP_Disp_Exu/Exu_muldiv_u0/Exu_divider/N586_3.fsub_0/gateop, insts:21.
I: Infer CARRY group, base inst: u_TSP_Core/u_TSP_Disp_Exu/Exu_muldiv_u0/Exu_divider/N617.lt_0/gateop, insts:11.
I: Infer CARRY group, base inst: u_TSP_Core/u_TSP_Disp_Exu/Exu_muldiv_u0/Exu_divider/N621_3.fsub_0/gateop, insts:22.
I: Infer CARRY group, base inst: u_TSP_Core/u_TSP_Disp_Exu/Exu_muldiv_u0/Exu_divider/N644.lt_0/gateop, insts:11.
I: Infer CARRY group, base inst: u_TSP_Core/u_TSP_Disp_Exu/Exu_muldiv_u0/Exu_divider/N648_3.fsub_0/gateop, insts:23.
I: Infer CARRY group, base inst: u_TSP_Core/u_TSP_Disp_Exu/Exu_muldiv_u0/Exu_divider/N671.lt_0/gateop, insts:12.
I: Infer CARRY group, base inst: u_TSP_Core/u_TSP_Disp_Exu/Exu_muldiv_u0/Exu_divider/N675_3.fsub_0/gateop, insts:24.
I: Infer CARRY group, base inst: u_TSP_Core/u_TSP_Disp_Exu/Exu_muldiv_u0/Exu_divider/N698.lt_0/gateop, insts:12.
I: Infer CARRY group, base inst: u_TSP_Core/u_TSP_Disp_Exu/Exu_muldiv_u0/Exu_divider/N702_3.fsub_0/gateop, insts:25.
I: Infer CARRY group, base inst: u_TSP_Core/u_TSP_Disp_Exu/Exu_muldiv_u0/Exu_divider/N733.lt_0/gateop, insts:13.
I: Infer CARRY group, base inst: u_TSP_Core/u_TSP_Disp_Exu/Exu_muldiv_u0/Exu_divider/N737_3.fsub_0/gateop, insts:26.
I: Infer CARRY group, base inst: u_TSP_Core/u_TSP_Disp_Exu/Exu_muldiv_u0/Exu_divider/N760.lt_0/gateop, insts:13.
I: Infer CARRY group, base inst: u_TSP_Core/u_TSP_Disp_Exu/Exu_muldiv_u0/Exu_divider/N764_3.fsub_0/gateop, insts:27.
I: Infer CARRY group, base inst: u_TSP_Core/u_TSP_Disp_Exu/Exu_muldiv_u0/Exu_divider/N787.lt_0/gateop, insts:14.
I: Infer CARRY group, base inst: u_TSP_Core/u_TSP_Disp_Exu/Exu_muldiv_u0/Exu_divider/N791_3.fsub_0/gateop, insts:28.
I: Infer CARRY group, base inst: u_TSP_Core/u_TSP_Disp_Exu/Exu_muldiv_u0/Exu_divider/N814.lt_0/gateop, insts:14.
I: Infer CARRY group, base inst: u_TSP_Core/u_TSP_Disp_Exu/Exu_muldiv_u0/Exu_divider/N818_3.fsub_0/gateop, insts:29.
I: Infer CARRY group, base inst: u_TSP_Core/u_TSP_Disp_Exu/Exu_muldiv_u0/Exu_divider/N849.lt_0/gateop, insts:15.
I: Infer CARRY group, base inst: u_TSP_Core/u_TSP_Disp_Exu/Exu_muldiv_u0/Exu_divider/N853_3.fsub_0/gateop, insts:30.
I: Infer CARRY group, base inst: u_TSP_Core/u_TSP_Disp_Exu/Exu_muldiv_u0/Exu_divider/N876.lt_0/gateop, insts:15.
I: Infer CARRY group, base inst: u_TSP_Core/u_TSP_Disp_Exu/Exu_muldiv_u0/Exu_divider/N880_3.fsub_0/gateop, insts:31.
I: Infer CARRY group, base inst: u_TSP_Core/u_TSP_Disp_Exu/Exu_muldiv_u0/Exu_divider/N903.lt_0/gateop, insts:16.
I: Infer CARRY group, base inst: u_TSP_Core/u_TSP_Disp_Exu/Exu_muldiv_u0/Exu_divider/N907_3.fsub_0/gateop, insts:32.
I: Infer CARRY group, base inst: u_TSP_Core/u_TSP_Disp_Exu/Exu_muldiv_u0/Exu_divider/N929.lt_0/gateop, insts:16.
I: Infer CARRY group, base inst: u_TSP_Core/u_TSP_Disp_Exu/Exu_muldiv_u0/Exu_divider/N933_3.fsub_0/gateop, insts:33.
I: Infer CARRY group, base inst: u_TSP_Core/u_TSP_Disp_Exu/Exu_muldiv_u0/Exu_divider/N958_1_0/gateop, insts:32.
I: Infer CARRY group, base inst: u_TSP_Core/u_TSP_Disp_Exu/Exu_muldiv_u0/Exu_divider/N962_1_1/gateop, insts:31.
Device Utilization Summary:
+------------------------------------------------------------------------+
| Logic Utilization     | Used     | Available     | Utilization(%)     
+------------------------------------------------------------------------+
| APM                   | 0        | 84            | 0                  
| IOCKDLY               | 0        | 40            | 0                  
| FF                    | 2253     | 64200         | 4                  
| LUT                   | 3663     | 42800         | 9                  
| Distributed RAM       | 0        | 17000         | 0                  
| DLL                   | 0        | 10            | 0                  
| DQSL                  | 0        | 18            | 0                  
| DRM                   | 47       | 134           | 36                 
| FUSECODE              | 0        | 1             | 0                  
| IO                    | 50       | 218           | 23                 
| IOCKDIV               | 0        | 20            | 0                  
| IOCKGATE              | 0        | 20            | 0                  
| IPAL                  | 0        | 1             | 0                  
| PLL                   | 1        | 5             | 20                 
| RCKB                  | 0        | 24            | 0                  
| SCANCHAIN             | 0        | 2             | 0                  
| START                 | 0        | 1             | 0                  
| USCM                  | 1        | 30            | 4                  
| OSC                   | 0        | 1             | 0                  
| CRYSTAL               | 0        | 2             | 0                  
| RESCAL                | 0        | 4             | 0                  
| UDID                  | 0        | 1             | 0                  
+------------------------------------------------------------------------+

Device mapping done.
Total device mapping takes 0.66 sec.

Design 'SoC_Top' has been successfully mapped to architecture-specific objects.
Saving design to DB.
W: Public-4010: Pcf file E:/FPGA/TSP_RVmaster/FPGA/pango_cpu/device_map/SoC_Top.pcf has been covered.
Action dev_map: Real time elapsed is 0h:0m:6s
Action dev_map: CPU time elapsed is 0h:0m:4s
Action dev_map: Process CPU time elapsed is 0h:0m:4s
Current time: Thu Mar 12 13:17:17 2026
Action dev_map: Peak memory pool usage is 308 MB
Action from compile to dev_map: Total Real Time elapsed is 0h:0m:28s
Action from compile to dev_map: Total CPU time elapsed is 0h:0m:21s
Action from compile to dev_map: Total Process CPU Time elapsed is 0h:0m:21s
Compiling architecture definition.
Analyzing project file 'E:/FPGA/TSP_RVmaster/FPGA/pango_cpu/pango_cpu.pds'.
Compiling verification operator library.
Compiling common defs.
Compiling prim grid devices.
Compiling gate devices.
Compiling gate operators.
Building architecture model.
Loading device packaging model.
pnr strategy configuration : 
strategy name : 0
Building architecture floorplan logic view.
Constraint check start.
Executing : def_port {uart_tx} LOC=T11 VCCIO=3.3 IOSTANDARD=LVCMOS33 PULLUP=TRUE
C: ConstraintEditor-2009: uart_tx is lack of SLEW, OUTPUT or INOUT PORT had better set SLEW, the optional value is {SLOW, FAST}.
C: ConstraintEditor-2009: uart_tx is lack of DRIVE, OUTPUT or INOUT PORT had better set DRIVE, the optional value is {8, 4, 12, 16, 24}.
Executing : def_port {uart_tx} LOC=T11 VCCIO=3.3 IOSTANDARD=LVCMOS33 PULLUP=TRUE successfully
Executing : def_port {rst_n} LOC=C4 VCCIO=1.2 IOSTANDARD=LVCMOS12 PULLUP=TRUE
Executing : def_port {rst_n} LOC=C4 VCCIO=1.2 IOSTANDARD=LVCMOS12 PULLUP=TRUE successfully
Executing : def_port {sys_clk} LOC=V9 VCCIO=3.3 IOSTANDARD=LVCMOS33 PULLUP=TRUE
Executing : def_port {sys_clk} LOC=V9 VCCIO=3.3 IOSTANDARD=LVCMOS33 PULLUP=TRUE successfully
Executing : def_port {uart_rx} LOC=R11 VCCIO=3.3 IOSTANDARD=LVCMOS33 PULLUP=TRUE
Executing : def_port {uart_rx} LOC=R11 VCCIO=3.3 IOSTANDARD=LVCMOS33 PULLUP=TRUE successfully
W: ConstraintEditor-4019: Port Bus 'ext_axi_if_araddr' unspecified I/O constraint.
W: ConstraintEditor-4019: Port Bus 'ext_axi_if_awaddr' unspecified I/O constraint.
W: ConstraintEditor-4019: Port Bus 'ext_axi_if_bresp' unspecified I/O constraint.
W: ConstraintEditor-4019: Port Bus 'ext_axi_if_rdata' unspecified I/O constraint.
W: ConstraintEditor-4019: Port Bus 'ext_axi_if_rresp' unspecified I/O constraint.
W: ConstraintEditor-4019: Port Bus 'ext_axi_if_wdata' unspecified I/O constraint.
W: ConstraintEditor-4019: Port Bus 'ext_axi_if_wstrb' unspecified I/O constraint.
W: ConstraintEditor-4019: Port 'ext_axi_if_arready' unspecified I/O constraint.
W: ConstraintEditor-4019: Port 'ext_axi_if_arvalid' unspecified I/O constraint.
W: ConstraintEditor-4019: Port 'ext_axi_if_awready' unspecified I/O constraint.
W: ConstraintEditor-4019: Port 'ext_axi_if_awvalid' unspecified I/O constraint.
W: ConstraintEditor-4019: Port 'ext_axi_if_bready' unspecified I/O constraint.
W: ConstraintEditor-4019: Port 'ext_axi_if_bvalid' unspecified I/O constraint.
W: ConstraintEditor-4019: Port 'ext_axi_if_rready' unspecified I/O constraint.
W: ConstraintEditor-4019: Port 'ext_axi_if_rvalid' unspecified I/O constraint.
W: ConstraintEditor-4019: Port 'ext_axi_if_wready' unspecified I/O constraint.
W: ConstraintEditor-4019: Port 'ext_axi_if_wvalid' unspecified I/O constraint.
Constraint check end.
NOTE: The technology fpga was specified.
NOTE: delay_model specified was generic_cmos.
NOTE: Using the fpga syntax tables...
Totals:
 Calls to malloc = 0
 Calls to calloc = 5993935

I: Column Clock Check open.
Read Column Clock Map.

Placement started.
Phase 1 Pre global placement started.
Mapping instance sys_pll_u0/u_pll_e3/goppll to PLL_158_55.
Phase 1.1 1st GP placement started.
Design Utilization : 9%.
First map gop timing takes 0.30 sec
Worst slack after clock region global placement is 68259
Wirelength after clock region global placement is 39062 and checksum is 6593C76F23075969.
1st GP placement takes 3.22 sec.

Phase 1.2 Clock placement started.
Mapping instance clkbufg_0/gopclkbufg to USCM_84_108.
Clock placement takes 0.14 sec.

Wirelength after Pre Global Placement is 39062 and checksum is 6593C76F23075969.
Pre global placement takes 3.52 sec.

Phase 2 Global placement started.
Phase 2.1 Fixed placement started.
Placed fixed group with base inst rst_n_ibuf/opit_1 on IOL_11_373.
Placed fixed group with base inst sys_clk_ibuf/opit_1 on IOL_159_5.
Placed fixed group with base inst uart_rx_ibuf/opit_1 on IOL_219_6.
Placed fixed group with base inst uart_tx_obuf/opit_1 on IOL_219_5.
Placed fixed instance clkbufg_0/gopclkbufg on USCM_84_108.
Placed fixed instance sys_pll_u0/u_pll_e3/goppll on PLL_158_55.
Placed fixed instance BKCL_auto_0 on BKCL_188_376.
Placed fixed instance BKCL_auto_1 on BKCL_192_0.
Fixed placement takes 0.16 sec.

Phase 2.2 Process placement started.
Process placement takes 0.00 sec.

Phase 2.3 IO placement started.
IO placement takes 0.03 sec.

Phase 2.4 2nd GP placement started.
Run super clustering :
	Initial slack 46317.
	15 iterations finished.
	Final slack 71239.
Super clustering done.
Design Utilization : 9%.
Worst slack after global placement is 71134
2nd GP placement takes 6.52 sec.

Wirelength after global placement is 41352 and checksum is 7F488E804E5E25F0.
Global placement takes 6.70 sec.

Phase 3 Post global placement started.
Phase 3.1 Macro cell placement started.
I: Process macros using "Greedy".
Wirelength after macro cell placement is 42623 and checksum is 7D141C959F180FA7.
Macro cell placement takes 0.02 sec.

Phase 3.2 3rd GP placement started.
Run super clustering :
	Initial slack 46317.
	15 iterations finished.
	Final slack 71239.
Super clustering done.
Design Utilization : 9%.
Worst slack after post global placement is 71253
3rd GP placement takes 6.31 sec.

Wirelength after post global placement is 41632 and checksum is 9005C2B500D323EB.
Post global placement takes 6.33 sec.

Phase 4 Legalization started.
The average distance in LP is 1.036946.
Wirelength after legalization is 53423 and checksum is 103E0603E77F70C3.
Legalization takes 0.39 sec.

Phase 5 Timing-driven detailed placement started.
Phase 5.1 Replication placement started.
Worst slack before Replication Place is 66532.
Replication placement takes 0.12 sec.

Wirelength after replication placement is 53423 and checksum is 103E0603E77F70C3.
Phase 5.2 DP placement started.
Legalized cost 66532.000000.
The detailed placement ends at 0th iteration.
DP placement takes 0.11 sec.

Wirelength after detailed placement is 53423 and checksum is 103E0603E77F70C3.
Timing-driven detailed placement takes 0.23 sec.

Worst slack is 66532, TNS after placement is 0.
Placement done.
Total placement takes 18.41 sec.
Finished placement.

Routing started.
Building routing graph takes 1.27 sec.
Worst slack is 66532, TNS before global route is 0.
Processing design graph takes 0.52 sec.
Total memory for routing:
	118.699266 M.
Total nets for routing : 6334.
Global Routing step 1 processed 0 nets, it takes 0.08 sec.
Rcf routing step 1 processed 0 nets, it takes 0.00 sec.
Rcf routing step 2 processed 0 nets, it takes 0.00 sec.
Rcf routing step 3 processed 0 nets, it takes 0.00 sec.
Unrouted nets 0 at the end of iteration 0.
Global Routing step 1 processed 17 nets, it takes 0.02 sec.
Unrouted nets 116 at the end of iteration 0.
Unrouted nets 71 at the end of iteration 1.
Unrouted nets 34 at the end of iteration 2.
Unrouted nets 21 at the end of iteration 3.
Unrouted nets 5 at the end of iteration 4.
Unrouted nets 1 at the end of iteration 5.
Unrouted nets 4 at the end of iteration 6.
Unrouted nets 3 at the end of iteration 7.
Unrouted nets 1 at the end of iteration 8.
Unrouted nets 1 at the end of iteration 9.
Unrouted nets 1 at the end of iteration 10.
Unrouted nets 1 at the end of iteration 11.
Unrouted nets 0 at the end of iteration 12.
Global Routing step 2 processed 365 nets, it takes 0.80 sec.
Unrouted nets 112 at the end of iteration 0.
Unrouted nets 66 at the end of iteration 1.
Unrouted nets 41 at the end of iteration 2.
Unrouted nets 18 at the end of iteration 3.
Unrouted nets 14 at the end of iteration 4.
Unrouted nets 12 at the end of iteration 5.
Unrouted nets 12 at the end of iteration 6.
Unrouted nets 9 at the end of iteration 7.
Unrouted nets 6 at the end of iteration 8.
Unrouted nets 5 at the end of iteration 9.
Unrouted nets 4 at the end of iteration 10.
Unrouted nets 4 at the end of iteration 11.
Unrouted nets 4 at the end of iteration 12.
Unrouted nets 5 at the end of iteration 13.
Unrouted nets 2 at the end of iteration 14.
Unrouted nets 0 at the end of iteration 15.
Global Routing step 3 processed 193 nets, it takes 1.27 sec.
Global routing takes 2.11 sec.
Total 7840 subnets.
    forward max bucket size 1564 , backward 128.
        Unrouted nets 5146 at the end of iteration 0.
    route iteration 0, CPU time elapsed 0.953125 sec.
    forward max bucket size 152 , backward 135.
        Unrouted nets 4154 at the end of iteration 1.
    route iteration 1, CPU time elapsed 0.734375 sec.
    forward max bucket size 156 , backward 142.
        Unrouted nets 3466 at the end of iteration 2.
    route iteration 2, CPU time elapsed 0.781250 sec.
    forward max bucket size 212 , backward 271.
        Unrouted nets 2863 at the end of iteration 3.
    route iteration 3, CPU time elapsed 0.781250 sec.
    forward max bucket size 196 , backward 229.
        Unrouted nets 2447 at the end of iteration 4.
    route iteration 4, CPU time elapsed 0.828125 sec.
    forward max bucket size 224 , backward 291.
        Unrouted nets 2201 at the end of iteration 5.
    route iteration 5, CPU time elapsed 0.843750 sec.
    forward max bucket size 166 , backward 138.
        Unrouted nets 2543 at the end of iteration 6.
    route iteration 6, CPU time elapsed 0.687500 sec.
    forward max bucket size 238 , backward 153.
        Unrouted nets 2446 at the end of iteration 7.
    route iteration 7, CPU time elapsed 0.656250 sec.
    forward max bucket size 189 , backward 83.
        Unrouted nets 2296 at the end of iteration 8.
    route iteration 8, CPU time elapsed 0.578125 sec.
    forward max bucket size 199 , backward 140.
        Unrouted nets 2114 at the end of iteration 9.
    route iteration 9, CPU time elapsed 0.546875 sec.
    forward max bucket size 128 , backward 184.
        Unrouted nets 1785 at the end of iteration 10.
    route iteration 10, CPU time elapsed 0.484375 sec.
    forward max bucket size 161 , backward 187.
        Unrouted nets 1482 at the end of iteration 11.
    route iteration 11, CPU time elapsed 0.390625 sec.
    forward max bucket size 128 , backward 90.
        Unrouted nets 1220 at the end of iteration 12.
    route iteration 12, CPU time elapsed 0.359375 sec.
    forward max bucket size 113 , backward 105.
        Unrouted nets 996 at the end of iteration 13.
    route iteration 13, CPU time elapsed 0.281250 sec.
    forward max bucket size 72 , backward 90.
        Unrouted nets 858 at the end of iteration 14.
    route iteration 14, CPU time elapsed 0.250000 sec.
    forward max bucket size 85 , backward 107.
        Unrouted nets 688 at the end of iteration 15.
    route iteration 15, CPU time elapsed 0.203125 sec.
    forward max bucket size 94 , backward 94.
        Unrouted nets 559 at the end of iteration 16.
    route iteration 16, CPU time elapsed 0.156250 sec.
    forward max bucket size 128 , backward 71.
        Unrouted nets 491 at the end of iteration 17.
    route iteration 17, CPU time elapsed 0.171875 sec.
    forward max bucket size 57 , backward 71.
        Unrouted nets 419 at the end of iteration 18.
    route iteration 18, CPU time elapsed 0.156250 sec.
    forward max bucket size 117 , backward 94.
        Unrouted nets 347 at the end of iteration 19.
    route iteration 19, CPU time elapsed 0.125000 sec.
    forward max bucket size 114 , backward 87.
        Unrouted nets 272 at the end of iteration 20.
    route iteration 20, CPU time elapsed 0.093750 sec.
    forward max bucket size 59 , backward 64.
        Unrouted nets 207 at the end of iteration 21.
    route iteration 21, CPU time elapsed 0.078125 sec.
    forward max bucket size 89 , backward 68.
        Unrouted nets 195 at the end of iteration 22.
    route iteration 22, CPU time elapsed 0.078125 sec.
    forward max bucket size 41 , backward 63.
        Unrouted nets 183 at the end of iteration 23.
    route iteration 23, CPU time elapsed 0.078125 sec.
    forward max bucket size 120 , backward 63.
        Unrouted nets 134 at the end of iteration 24.
    route iteration 24, CPU time elapsed 0.078125 sec.
    forward max bucket size 68 , backward 59.
        Unrouted nets 118 at the end of iteration 25.
    route iteration 25, CPU time elapsed 0.062500 sec.
    forward max bucket size 69 , backward 67.
        Unrouted nets 94 at the end of iteration 26.
    route iteration 26, CPU time elapsed 0.062500 sec.
    forward max bucket size 57 , backward 72.
        Unrouted nets 58 at the end of iteration 27.
    route iteration 27, CPU time elapsed 0.046875 sec.
    forward max bucket size 41 , backward 42.
        Unrouted nets 56 at the end of iteration 28.
    route iteration 28, CPU time elapsed 0.031250 sec.
    forward max bucket size 28 , backward 44.
        Unrouted nets 52 at the end of iteration 29.
    route iteration 29, CPU time elapsed 0.031250 sec.
    forward max bucket size 54 , backward 64.
        Unrouted nets 49 at the end of iteration 30.
    route iteration 30, CPU time elapsed 0.046875 sec.
    forward max bucket size 44 , backward 101.
        Unrouted nets 42 at the end of iteration 31.
    route iteration 31, CPU time elapsed 0.031250 sec.
    forward max bucket size 58 , backward 90.
        Unrouted nets 36 at the end of iteration 32.
    route iteration 32, CPU time elapsed 0.031250 sec.
    forward max bucket size 79 , backward 36.
        Unrouted nets 24 at the end of iteration 33.
    route iteration 33, CPU time elapsed 0.031250 sec.
    forward max bucket size 16 , backward 20.
        Unrouted nets 13 at the end of iteration 34.
    route iteration 34, CPU time elapsed 0.015625 sec.
    forward max bucket size 17 , backward 18.
        Unrouted nets 10 at the end of iteration 35.
    route iteration 35, CPU time elapsed 0.015625 sec.
    forward max bucket size 25 , backward 58.
        Unrouted nets 11 at the end of iteration 36.
    route iteration 36, CPU time elapsed 0.015625 sec.
    forward max bucket size 25 , backward 61.
        Unrouted nets 7 at the end of iteration 37.
    route iteration 37, CPU time elapsed 0.015625 sec.
    forward max bucket size 18 , backward 18.
        Unrouted nets 7 at the end of iteration 38.
    route iteration 38, CPU time elapsed 0.031250 sec.
    forward max bucket size 18 , backward 19.
        Unrouted nets 6 at the end of iteration 39.
    route iteration 39, CPU time elapsed 0.015625 sec.
    forward max bucket size 51 , backward 72.
        Unrouted nets 5 at the end of iteration 40.
    route iteration 40, CPU time elapsed 0.015625 sec.
    forward max bucket size 32 , backward 24.
        Unrouted nets 9 at the end of iteration 41.
    route iteration 41, CPU time elapsed 0.015625 sec.
    forward max bucket size 36 , backward 45.
        Unrouted nets 7 at the end of iteration 42.
    route iteration 42, CPU time elapsed 0.015625 sec.
    forward max bucket size 28 , backward 38.
        Unrouted nets 0 at the end of iteration 43.
    route iteration 43, CPU time elapsed 0.031250 sec.
Detailed routing takes 43 iterations
Detailed routing takes 11.25 sec.
Start fix hold violation.
Build tmp routing results takes 0.06 sec.
Timing analysis takes 0.05 sec.
No hold violation.
Hold Violation Fix in router takes 0 iterations.
Fix hold violation Finished.
Hold Violation Fix in router takes 0.42 sec.

Dispose routing result:
    Collect routing result.
    Delete unused device instances.
    Annotate routing result.
    Change LUT configuration.
    Dispose misc instances.
    Annotate routing result again.
Finish routing takes 0.22 sec.
Used SRB routing arc is 77606.
Cleanup routing takes 0.03 sec.
Routing done.
Total routing takes 16.42 sec.

C: Place-2025: The VCCIO 1.2 in BANK BANK0 is incompatible.

Device Utilization Summary :
+---------------------------------------------------------------------------+
| Logic Utilization        | Used     | Available     | Utilization(%)     
+---------------------------------------------------------------------------+
| Use of APM               | 0        | 84            | 0                  
| Use of BKCL              | 2        | 4             | 50                 
| Use of CLMA              | 799      | 6450          | 13                 
|   FF                     | 1414     | 38700         | 4                  
|   LUT                    | 2301     | 25800         | 9                  
|   LUT-FF pairs           | 264      | 25800         | 2                  
| Use of CLMS              | 481      | 4250          | 12                 
|   FF                     | 839      | 25500         | 4                  
|   LUT                    | 1367     | 17000         | 9                  
|   LUT-FF pairs           | 204      | 17000         | 2                  
|   Distributed RAM        | 0        | 17000         | 0                  
| Use of CRYSTAL           | 0        | 2             | 0                  
| Use of DLL               | 0        | 10            | 0                  
| Use of DQSL              | 0        | 18            | 0                  
| Use of DRM               | 47       | 134           | 36                 
| Use of FUSECODE          | 0        | 1             | 0                  
| Use of HARD0N1           | 325      | 6672          | 5                  
| Use of IO                | 50       | 218           | 23                 
|   IOBD                   | 7        | 53            | 14                 
|   IOBR_LR                | 1        | 5             | 20                 
|   IOBR_TB                | 2        | 7             | 29                 
|   IOBS_LR                | 36       | 107           | 34                 
|   IOBS_TB                | 4        | 46            | 9                  
| Use of IOCKDIV           | 0        | 20            | 0                  
| Use of IOCKDLY           | 0        | 40            | 0                  
| Use of IOCKGATE          | 0        | 20            | 0                  
| Use of IOCKGMUX_TEST     | 0        | 20            | 0                  
| Use of IOL               | 50       | 400           | 13                 
| Use of IPAL              | 0        | 1             | 0                  
| Use of LDO               | 0        | 4             | 0                  
| Use of MFG_TEST          | 0        | 1             | 0                  
| Use of OSC               | 0        | 1             | 0                  
| Use of PIOMUX_TEST       | 0        | 10            | 0                  
| Use of PLL               | 1        | 5             | 20                 
| Use of PREGMUX_TEST      | 0        | 6             | 0                  
| Use of RCKB              | 0        | 24            | 0                  
|  RCKB dataused           | 0        | 24            | 0                  
| Use of RCKBMUX_TEST      | 0        | 12            | 0                  
| Use of RESCAL            | 0        | 4             | 0                  
| Use of SCANCHAIN         | 0        | 2             | 0                  
| Use of START             | 1        | 1             | 100                
| Use of UDID              | 0        | 1             | 0                  
| Use of USCM              | 1        | 30            | 4                  
|  USCM dataused           | 0        | 30            | 0                  
| Use of USCMMUX_TEST      | 0        | 30            | 0                  
| Use of VCKBMUX_TEST      | 0        | 12            | 0                  
+---------------------------------------------------------------------------+

Finished routing.
Design 'SoC_Top' has been placed and routed successfully.
Saving design to DB.
Finished placement and routing.
Action pnr: Real time elapsed is 0h:0m:52s
Action pnr: CPU time elapsed is 0h:0m:49s
Action pnr: Process CPU time elapsed is 0h:0m:54s
Current time: Thu Mar 12 13:18:09 2026
Action pnr: Peak memory pool usage is 985 MB
Action from compile to pnr: Total Real Time elapsed is 0h:1m:20s
Action from compile to pnr: Total CPU time elapsed is 0h:1m:10s
Action from compile to pnr: Total Process CPU Time elapsed is 0h:1m:15s
Compiling architecture definition.
Analyzing project file 'E:/FPGA/TSP_RVmaster/FPGA/pango_cpu/pango_cpu.pds'.
Compiling verification operator library.
Compiling common defs.
Compiling prim grid devices.
Compiling gate devices.
Compiling gate operators.
Building architecture model.
Loading device packaging model.
Reading design from pnr DB.
Start Report Post-PnR timing.
NOTE: The technology fpga was specified.
NOTE: delay_model specified was generic_cmos.
NOTE: Using the fpga syntax tables...
Totals:
 Calls to malloc = 0
 Calls to calloc = 5993935

Constructing timing graph ...
Timing graph has been constructed successfully
C: STA-3001: Combinational loops are found in the netlist, following timing arcs are set to false path.
    u_TSP_Core/u_TSP_Disp_Exu/Exu_muldiv_u0/Exu_divider/N21/gateop_perm/Z --> u_TSP_Core/u_TSP_Disp_Exu/Exu_muldiv_u0/Exu_divider/N958_1_0/gateop_A2/I12
    u_TSP_Core/u_TSP_Disp_Exu/Exu_muldiv_u0/Exu_divider/N958_1_0/gateop_A2/Cout --> u_TSP_Core/u_TSP_Disp_Exu/Exu_muldiv_u0/Exu_divider/N958_1_2/gateop_A2/Cin
    u_TSP_Core/u_TSP_Disp_Exu/Exu_muldiv_u0/Exu_divider/N999_4/gateop_perm/Z --> u_TSP_Core/u_TSP_Disp_Exu/Exu_muldiv_u0/Exu_divider/N999_28/gateop_perm/L3
    u_TSP_Core/u_TSP_Wb_arbiter/N5_21[1]/gateop_perm/Z --> u_TSP_Core/u_TSP_Regfiles/x1_31[1].RV32I_reg_i/qout[1]/opit_0_inv_L5Q_perm/L3
    u_TSP_Core/u_TSP_Disp_Exu/Exu_muldiv_u0/Exu_divider/N958_1_2/gateop_A2/Cout --> u_TSP_Core/u_TSP_Disp_Exu/Exu_muldiv_u0/Exu_divider/N958_1_4/gateop_A2/Cin
    u_TSP_Core/u_TSP_Disp_Exu/Exu_muldiv_u0/Exu_divider/N999_28/gateop_perm/Z --> u_TSP_Core/u_TSP_Disp_Exu/Exu_muldiv_u0/Exu_divider/is_div_by_0_r/opit_0_L5Q_perm/L4
    u_TSP_Core/u_TSP_Wb_arbiter/N5_21[3]/gateop/Z --> u_TSP_Core/u_TSP_Regfiles/x1_31[1].RV32I_reg_i/qout[3]/opit_0_inv_L5Q_perm/L3
    u_TSP_Core/u_TSP_Disp_Exu/Exu_muldiv_u0/Exu_divider/N999_28/gateop_perm/Z --> u_TSP_Core/u_TSP_Disp_Exu/Exu_muldiv_u0/Exu_divider/is_div_by_0_r/opit_0_L5Q_perm/L4
    u_TSP_Core/u_TSP_Wb_arbiter/N5_21[2]/gateop_perm/Z --> u_TSP_Core/u_TSP_Regfiles/x1_31[1].RV32I_reg_i/qout[2]/opit_0_inv_L5Q_perm/L3
    u_TSP_Core/u_TSP_Disp_Exu/Exu_muldiv_u0/Exu_divider/N958_1_2/gateop_A2/Cout --> u_TSP_Core/u_TSP_Disp_Exu/Exu_muldiv_u0/Exu_divider/N958_1_4/gateop_A2/Cin
    u_TSP_Core/u_TSP_Disp_Exu/Exu_muldiv_u0/Exu_divider/N958_1_4/gateop_A2/Cout --> u_TSP_Core/u_TSP_Disp_Exu/Exu_muldiv_u0/Exu_divider/N958_1_6/gateop_A2/Cin
    u_TSP_Core/u_TSP_Disp_Exu/Exu_muldiv_u0/Exu_divider/N999_4/gateop_perm/Z --> u_TSP_Core/u_TSP_Disp_Exu/Exu_muldiv_u0/Exu_divider/N999_28/gateop_perm/L3
    u_TSP_Core/u_TSP_Wb_arbiter/N5_21[5]/gateop_perm/Z --> u_TSP_Core/u_TSP_Regfiles/x1_31[1].RV32I_reg_i/qout[5]/opit_0_inv_L5Q_perm/L1
    u_TSP_Core/u_TSP_Disp_Exu/Exu_muldiv_u0/Exu_divider/N999_28/gateop_perm/Z --> u_TSP_Core/u_TSP_Disp_Exu/Exu_muldiv_u0/Exu_divider/is_div_by_0_r/opit_0_L5Q_perm/L4
    u_TSP_Core/u_TSP_Wb_arbiter/N5_21[4]/gateop_perm/Z --> u_TSP_Core/u_TSP_Regfiles/x1_31[1].RV32I_reg_i/qout[4]/opit_0_inv_L5Q_perm/L0
    u_TSP_Core/u_TSP_Disp_Exu/Exu_muldiv_u0/Exu_divider/N958_1_4/gateop_A2/Cout --> u_TSP_Core/u_TSP_Disp_Exu/Exu_muldiv_u0/Exu_divider/N958_1_6/gateop_A2/Cin
    u_TSP_Core/u_TSP_Disp_Exu/Exu_muldiv_u0/Exu_divider/N958_1_6/gateop_A2/Cout --> u_TSP_Core/u_TSP_Disp_Exu/Exu_muldiv_u0/Exu_divider/N958_1_8/gateop_A2/Cin
    u_TSP_Core/u_TSP_Disp_Exu/Exu_muldiv_u0/Exu_divider/N999_28/gateop_perm/Z --> u_TSP_Core/u_TSP_Disp_Exu/Exu_muldiv_u0/Exu_divider/is_div_by_0_r/opit_0_L5Q_perm/L4
    u_TSP_Core/u_TSP_Wb_arbiter/N5_21[7]/gateop_perm/Z --> u_TSP_Core/u_TSP_Regfiles/x1_31[1].RV32I_reg_i/qout[7]/opit_0_inv_L5Q_perm/L2
    u_TSP_Core/u_TSP_Wb_arbiter/N5_21[6]/gateop_perm/Z --> u_TSP_Core/u_TSP_Regfiles/x1_31[1].RV32I_reg_i/qout[6]/opit_0_inv_L5Q_perm/L2
    u_TSP_Core/u_TSP_Disp_Exu/Exu_muldiv_u0/Exu_divider/N958_1_6/gateop_A2/Cout --> u_TSP_Core/u_TSP_Disp_Exu/Exu_muldiv_u0/Exu_divider/N958_1_8/gateop_A2/Cin
    u_TSP_Core/u_TSP_Disp_Exu/Exu_muldiv_u0/Exu_divider/N958_1_8/gateop_A2/Cout --> u_TSP_Core/u_TSP_Disp_Exu/Exu_muldiv_u0/Exu_divider/N958_1_10/gateop_A2/Cin
    u_TSP_Core/u_TSP_Wb_arbiter/N5_21[9]/gateop_perm/Z --> u_TSP_Core/u_TSP_Regfiles/x1_31[1].RV32I_reg_i/qout[9]/opit_0_inv_L5Q_perm/L3
    u_TSP_Core/u_TSP_Wb_arbiter/N5_21[8]/gateop_perm/Z --> u_TSP_Core/u_TSP_Regfiles/x1_31[1].RV32I_reg_i/qout[8]/opit_0_inv_L5Q_perm/L2
    u_TSP_Core/u_TSP_Disp_Exu/Exu_muldiv_u0/Exu_divider/N958_1_8/gateop_A2/Cout --> u_TSP_Core/u_TSP_Disp_Exu/Exu_muldiv_u0/Exu_divider/N958_1_10/gateop_A2/Cin
    u_TSP_Core/u_TSP_Disp_Exu/Exu_muldiv_u0/Exu_divider/N958_1_10/gateop_A2/Cout --> u_TSP_Core/u_TSP_Disp_Exu/Exu_muldiv_u0/Exu_divider/N958_1_12/gateop_A2/Cin
    u_TSP_Core/u_TSP_Disp_Exu/Exu_muldiv_u0/Exu_divider/is_div_by_0_r/opit_0_L5Q_perm/Z --> u_TSP_Core/u_TSP_Disp_Exu/Exu_muldiv_u0/Exu_divider/N23/gateop_perm/L3
    u_TSP_Core/u_TSP_Wb_arbiter/N5_21[11]/gateop_perm/Z --> u_TSP_Core/u_TSP_Regfiles/x1_31[1].RV32I_reg_i/qout[11]/opit_0_inv_L5Q_perm/L1
    u_TSP_Core/u_TSP_Wb_arbiter/N5_21[10]/gateop_perm/Z --> u_TSP_Core/u_TSP_Regfiles/x1_31[1].RV32I_reg_i/qout[10]/opit_0_inv_L5Q_perm/L2
    u_TSP_Core/u_TSP_Disp_Exu/Exu_muldiv_u0/Exu_divider/N958_1_10/gateop_A2/Cout --> u_TSP_Core/u_TSP_Disp_Exu/Exu_muldiv_u0/Exu_divider/N958_1_12/gateop_A2/Cin
    u_TSP_Core/u_TSP_Disp_Exu/Exu_muldiv_u0/Exu_divider/N958_1_12/gateop_A2/Cout --> u_TSP_Core/u_TSP_Disp_Exu/Exu_muldiv_u0/Exu_divider/N958_1_14/gateop_A2/Cin
    u_TSP_Core/u_TSP_Wb_arbiter/N5_21[13]/gateop_perm/Z --> u_TSP_Core/u_TSP_Regfiles/x1_31[1].RV32I_reg_i/qout[13]/opit_0_inv_L5Q_perm/L1
    u_TSP_Core/u_TSP_Wb_arbiter/N5_21[12]/gateop_perm/Z --> u_TSP_Core/u_TSP_Regfiles/x1_31[1].RV32I_reg_i/qout[12]/opit_0_inv_L5Q_perm/L1
    u_TSP_Core/u_TSP_Disp_Exu/Exu_muldiv_u0/Exu_divider/N958_1_12/gateop_A2/Cout --> u_TSP_Core/u_TSP_Disp_Exu/Exu_muldiv_u0/Exu_divider/N958_1_14/gateop_A2/Cin
    u_TSP_Core/u_TSP_Disp_Exu/Exu_muldiv_u0/Exu_divider/N958_1_14/gateop_A2/Cout --> u_TSP_Core/u_TSP_Disp_Exu/Exu_muldiv_u0/Exu_divider/N958_1_16/gateop_A2/Cin
    u_TSP_Core/u_TSP_Wb_arbiter/N5_21[15]/gateop_perm/Z --> u_TSP_Core/u_TSP_Regfiles/x1_31[1].RV32I_reg_i/qout[15]/opit_0_inv_L5Q_perm/L1
    u_TSP_Core/u_TSP_Wb_arbiter/N5_21[14]/gateop_perm/Z --> u_TSP_Core/u_TSP_Regfiles/x1_31[1].RV32I_reg_i/qout[14]/opit_0_inv_L5Q_perm/L0
    u_TSP_Core/u_TSP_Disp_Exu/Exu_muldiv_u0/Exu_divider/N958_1_14/gateop_A2/Cout --> u_TSP_Core/u_TSP_Disp_Exu/Exu_muldiv_u0/Exu_divider/N958_1_16/gateop_A2/Cin
    u_TSP_Core/u_TSP_Disp_Exu/Exu_muldiv_u0/Exu_divider/N958_1_16/gateop_A2/Cout --> u_TSP_Core/u_TSP_Disp_Exu/Exu_muldiv_u0/Exu_divider/N958_1_18/gateop_A2/Cin
    u_TSP_Core/u_TSP_Disp_Exu/Exu_muldiv_u0/Exu_divider/is_div_by_0_r/opit_0_L5Q_perm/Z --> u_TSP_Core/u_TSP_Disp_Exu/Exu_muldiv_u0/Exu_divider/N23/gateop_perm/L3
    u_TSP_Core/u_TSP_Wb_arbiter/N5_21[17]/gateop_perm/Z --> u_TSP_Core/u_TSP_Regfiles/x1_31[1].RV32I_reg_i/qout[17]/opit_0_inv_L5Q_perm/L0
    u_TSP_Core/u_TSP_Wb_arbiter/N5_21[16]/gateop_perm/Z --> u_TSP_Core/u_TSP_Regfiles/x1_31[1].RV32I_reg_i/qout[16]/opit_0_inv_L5Q_perm/L1
    u_TSP_Core/u_TSP_Disp_Exu/Exu_muldiv_u0/Exu_divider/N958_1_16/gateop_A2/Cout --> u_TSP_Core/u_TSP_Disp_Exu/Exu_muldiv_u0/Exu_divider/N958_1_18/gateop_A2/Cin
    u_TSP_Core/u_TSP_Disp_Exu/Exu_muldiv_u0/Exu_divider/N958_1_18/gateop_A2/Cout --> u_TSP_Core/u_TSP_Disp_Exu/Exu_muldiv_u0/Exu_divider/N958_1_20/gateop_A2/Cin
    u_TSP_Core/u_TSP_Wb_arbiter/N5_21[19]/gateop_perm/Z --> u_TSP_Core/u_TSP_Regfiles/x1_31[1].RV32I_reg_i/qout[19]/opit_0_inv_L5Q_perm/L3
    u_TSP_Core/u_TSP_Wb_arbiter/N5_21[18]/gateop_perm/Z --> u_TSP_Core/u_TSP_Regfiles/x1_31[1].RV32I_reg_i/qout[18]/opit_0_inv_L5Q_perm/L1
    u_TSP_Core/u_TSP_Disp_Exu/Exu_muldiv_u0/Exu_divider/N958_1_18/gateop_A2/Cout --> u_TSP_Core/u_TSP_Disp_Exu/Exu_muldiv_u0/Exu_divider/N958_1_20/gateop_A2/Cin
    u_TSP_Core/u_TSP_Disp_Exu/Exu_muldiv_u0/Exu_divider/N958_1_20/gateop_A2/Cout --> u_TSP_Core/u_TSP_Disp_Exu/Exu_muldiv_u0/Exu_divider/N958_1_22/gateop_A2/Cin
    u_TSP_Core/u_TSP_Disp_Exu/Exu_muldiv_u0/Exu_divider/is_div_by_0_r/opit_0_L5Q_perm/Z --> u_TSP_Core/u_TSP_Disp_Exu/Exu_muldiv_u0/Exu_divider/N23/gateop_perm/L3
    u_TSP_Core/u_TSP_Wb_arbiter/N5_21[21]/gateop_perm/Z --> u_TSP_Core/u_TSP_Regfiles/x1_31[1].RV32I_reg_i/qout[21]/opit_0_inv_L5Q_perm/L2
    u_TSP_Core/u_TSP_Wb_arbiter/N5_21[20]/gateop_perm/Z --> u_TSP_Core/u_TSP_Regfiles/x1_31[1].RV32I_reg_i/qout[20]/opit_0_inv_L5Q_perm/L0
    u_TSP_Core/u_TSP_Disp_Exu/Exu_muldiv_u0/Exu_divider/N958_1_20/gateop_A2/Cout --> u_TSP_Core/u_TSP_Disp_Exu/Exu_muldiv_u0/Exu_divider/N958_1_22/gateop_A2/Cin
    u_TSP_Core/u_TSP_Disp_Exu/Exu_muldiv_u0/Exu_divider/N958_1_22/gateop_A2/Cout --> u_TSP_Core/u_TSP_Disp_Exu/Exu_muldiv_u0/Exu_divider/N958_1_24/gateop_A2/Cin
    u_TSP_Core/u_TSP_Wb_arbiter/N5_21[23]/gateop_perm/Z --> u_TSP_Core/u_TSP_Regfiles/x1_31[1].RV32I_reg_i/qout[23]/opit_0_inv_L5Q_perm/L2
    u_TSP_Core/u_TSP_Wb_arbiter/N5_21[22]/gateop_perm/Z --> u_TSP_Core/u_TSP_Regfiles/x1_31[1].RV32I_reg_i/qout[22]/opit_0_inv_L5Q_perm/L0
    u_TSP_Core/u_TSP_Disp_Exu/Exu_muldiv_u0/Exu_divider/N958_1_22/gateop_A2/Cout --> u_TSP_Core/u_TSP_Disp_Exu/Exu_muldiv_u0/Exu_divider/N958_1_24/gateop_A2/Cin
    u_TSP_Core/u_TSP_Disp_Exu/Exu_muldiv_u0/Exu_divider/N958_1_24/gateop_A2/Cout --> u_TSP_Core/u_TSP_Disp_Exu/Exu_muldiv_u0/Exu_divider/N958_1_26/gateop_A2/Cin
    u_TSP_Core/u_TSP_Wb_arbiter/N5_21[25]/gateop_perm/Z --> u_TSP_Core/u_TSP_Regfiles/x1_31[1].RV32I_reg_i/qout[25]/opit_0_inv_L5Q_perm/L1
    u_TSP_Core/u_TSP_Wb_arbiter/N5_21[24]/gateop_perm/Z --> u_TSP_Core/u_TSP_Regfiles/x1_31[1].RV32I_reg_i/qout[24]/opit_0_inv_L5Q_perm/L3
    u_TSP_Core/u_TSP_Disp_Exu/Exu_muldiv_u0/Exu_divider/N958_1_24/gateop_A2/Cout --> u_TSP_Core/u_TSP_Disp_Exu/Exu_muldiv_u0/Exu_divider/N958_1_26/gateop_A2/Cin
    u_TSP_Core/u_TSP_Disp_Exu/Exu_muldiv_u0/Exu_divider/N958_1_26/gateop_A2/Cout --> u_TSP_Core/u_TSP_Disp_Exu/Exu_muldiv_u0/Exu_divider/N958_1_28/gateop_A2/Cin
    u_TSP_Core/u_TSP_Disp_Exu/Exu_muldiv_u0/Exu_divider/is_div_by_0_r/opit_0_L5Q_perm/Z --> u_TSP_Core/u_TSP_Disp_Exu/Exu_muldiv_u0/Exu_divider/N23/gateop_perm/L3
    u_TSP_Core/u_TSP_Wb_arbiter/N5_21[27]/gateop_perm/Z --> u_TSP_Core/u_TSP_Regfiles/x1_31[1].RV32I_reg_i/qout[27]/opit_0_inv_L5Q_perm/L0
    u_TSP_Core/u_TSP_Wb_arbiter/N5_21[26]/gateop_perm/Z --> u_TSP_Core/u_TSP_Regfiles/x1_31[1].RV32I_reg_i/qout[26]/opit_0_inv_L5Q_perm/L4
    u_TSP_Core/u_TSP_Disp_Exu/Exu_muldiv_u0/Exu_divider/N958_1_26/gateop_A2/Cout --> u_TSP_Core/u_TSP_Disp_Exu/Exu_muldiv_u0/Exu_divider/N958_1_28/gateop_A2/Cin
    u_TSP_Core/u_TSP_Disp_Exu/Exu_muldiv_u0/Exu_divider/N958_1_28/gateop_A2/Cout --> u_TSP_Core/u_TSP_Disp_Exu/Exu_muldiv_u0/Exu_divider/N958_1_30/gateop_A2/Cin
    u_TSP_Core/u_TSP_Wb_arbiter/N5_21[29]/gateop_perm/Z --> u_TSP_Core/u_TSP_Regfiles/x1_31[1].RV32I_reg_i/qout[29]/opit_0_inv_L5Q_perm/L2
    u_TSP_Core/u_TSP_Wb_arbiter/N5_21[28]/gateop_perm/Z --> u_TSP_Core/u_TSP_Regfiles/x1_31[1].RV32I_reg_i/qout[28]/opit_0_inv_L5Q_perm/L1
    u_TSP_Core/u_TSP_Disp_Exu/Exu_muldiv_u0/Exu_divider/N958_1_28/gateop_A2/Cout --> u_TSP_Core/u_TSP_Disp_Exu/Exu_muldiv_u0/Exu_divider/N958_1_30/gateop_A2/Cin
    u_TSP_Core/u_TSP_Disp_Exu/Exu_muldiv_u0/Exu_divider/N958_1_30/gateop_A2/Y1 --> u_TSP_Core/u_TSP_Wb_arbiter/N5_21[31]/gateop_perm/L3
    u_TSP_Core/u_TSP_Wb_arbiter/N5_21[30]/gateop_perm/Z --> u_TSP_Core/u_TSP_Regfiles/x1_31[1].RV32I_reg_i/qout[30]/opit_0_inv_L5Q_perm/L3
    u_TSP_Core/u_TSP_Disp_Exu/Exu_muldiv_u0/Exu_divider/N958_1_30/gateop_A2/Y1 --> u_TSP_Core/u_TSP_Wb_arbiter/N5_21[31]/gateop_perm/L3
    u_TSP_Core/u_TSP_Wb_arbiter/N5_21[31]/gateop_perm/Z --> u_TSP_Core/u_TSP_Regfiles/x1_31[1].RV32I_reg_i/qout[31]/opit_0_inv_L5Q_perm/L1
    u_TSP_Core/u_TSP_Disp_Exu/Exu_muldiv_u0/Exu_divider/N999_4/gateop_perm/Z --> u_TSP_Core/u_TSP_Disp_Exu/Exu_muldiv_u0/Exu_divider/N999_28/gateop_perm/L3
    u_TSP_Core/u_TSP_Wb_arbiter/N5_21[0]_muxf6/F --> u_TSP_Core/u_TSP_Regfiles/x1_31[1].RV32I_reg_i/qout[0]/opit_0_inv_L5Q_perm/L1
W: Timing-4087: Port 'ext_axi_if_arready' is not constrained, it is treated as combinational output.
W: Timing-4087: Port 'ext_axi_if_awready' is not constrained, it is treated as combinational output.
W: Timing-4087: Port 'ext_axi_if_bresp[0]' is not constrained, it is treated as combinational output.
W: Timing-4087: Port 'ext_axi_if_bresp[1]' is not constrained, it is treated as combinational output.
W: Timing-4087: Port 'ext_axi_if_bvalid' is not constrained, it is treated as combinational output.
W: Timing-4087: Port 'ext_axi_if_rdata[0]' is not constrained, it is treated as combinational output.
W: Timing-4087: Port 'ext_axi_if_rdata[1]' is not constrained, it is treated as combinational output.
W: Timing-4087: Port 'ext_axi_if_rdata[2]' is not constrained, it is treated as combinational output.
W: Timing-4087: Port 'ext_axi_if_rdata[3]' is not constrained, it is treated as combinational output.
W: Timing-4087: Port 'ext_axi_if_rdata[4]' is not constrained, it is treated as combinational output.
W: Timing-4087: Port 'ext_axi_if_rdata[5]' is not constrained, it is treated as combinational output.
W: Timing-4087: Port 'ext_axi_if_rdata[6]' is not constrained, it is treated as combinational output.
W: Timing-4087: Port 'ext_axi_if_rdata[7]' is not constrained, it is treated as combinational output.
W: Timing-4087: Port 'ext_axi_if_rdata[8]' is not constrained, it is treated as combinational output.
W: Timing-4087: Port 'ext_axi_if_rdata[9]' is not constrained, it is treated as combinational output.
W: Timing-4087: Port 'ext_axi_if_rdata[10]' is not constrained, it is treated as combinational output.
W: Timing-4087: Port 'ext_axi_if_rdata[11]' is not constrained, it is treated as combinational output.
W: Timing-4087: Port 'ext_axi_if_rdata[12]' is not constrained, it is treated as combinational output.
W: Timing-4087: Port 'ext_axi_if_rdata[13]' is not constrained, it is treated as combinational output.
W: Timing-4087: Port 'ext_axi_if_rdata[14]' is not constrained, it is treated as combinational output.
W: Timing-4087: Port 'ext_axi_if_rdata[15]' is not constrained, it is treated as combinational output.
W: Timing-4087: Port 'ext_axi_if_rdata[16]' is not constrained, it is treated as combinational output.
W: Timing-4087: Port 'ext_axi_if_rdata[17]' is not constrained, it is treated as combinational output.
W: Timing-4087: Port 'ext_axi_if_rdata[18]' is not constrained, it is treated as combinational output.
W: Timing-4087: Port 'ext_axi_if_rdata[19]' is not constrained, it is treated as combinational output.
W: Timing-4087: Port 'ext_axi_if_rdata[20]' is not constrained, it is treated as combinational output.
W: Timing-4087: Port 'ext_axi_if_rdata[21]' is not constrained, it is treated as combinational output.
W: Timing-4087: Port 'ext_axi_if_rdata[22]' is not constrained, it is treated as combinational output.
W: Timing-4087: Port 'ext_axi_if_rdata[23]' is not constrained, it is treated as combinational output.
W: Timing-4087: Port 'ext_axi_if_rdata[24]' is not constrained, it is treated as combinational output.
W: Timing-4087: Port 'ext_axi_if_rdata[25]' is not constrained, it is treated as combinational output.
W: Timing-4087: Port 'ext_axi_if_rdata[26]' is not constrained, it is treated as combinational output.
W: Timing-4087: Port 'ext_axi_if_rdata[27]' is not constrained, it is treated as combinational output.
W: Timing-4087: Port 'ext_axi_if_rdata[28]' is not constrained, it is treated as combinational output.
W: Timing-4087: Port 'ext_axi_if_rdata[29]' is not constrained, it is treated as combinational output.
W: Timing-4087: Port 'ext_axi_if_rdata[30]' is not constrained, it is treated as combinational output.
W: Timing-4087: Port 'ext_axi_if_rdata[31]' is not constrained, it is treated as combinational output.
W: Timing-4087: Port 'ext_axi_if_rresp[0]' is not constrained, it is treated as combinational output.
W: Timing-4087: Port 'ext_axi_if_rresp[1]' is not constrained, it is treated as combinational output.
W: Timing-4087: Port 'ext_axi_if_rvalid' is not constrained, it is treated as combinational output.
W: Timing-4087: Port 'ext_axi_if_wready' is not constrained, it is treated as combinational output.
W: Timing-4087: Port 'uart_tx' is not constrained, it is treated as combinational output.
W: Timing-4086: Port 'ext_axi_if_arvalid' is not constrained, it is treated as combinational input.
W: Timing-4086: Port 'ext_axi_if_awvalid' is not constrained, it is treated as combinational input.
W: Timing-4086: Port 'ext_axi_if_bready' is not constrained, it is treated as combinational input.
W: Timing-4086: Port 'ext_axi_if_rready' is not constrained, it is treated as combinational input.
W: Timing-4086: Port 'ext_axi_if_wvalid' is not constrained, it is treated as combinational input.
W: Timing-4086: Port 'rst_n' is not constrained, it is treated as combinational input.
W: Timing-4086: Port 'uart_rx' is not constrained, it is treated as combinational input.
Report timing is finished successfully.
Action report_timing: Real time elapsed is 0h:0m:9s
Action report_timing: CPU time elapsed is 0h:0m:6s
Action report_timing: Process CPU time elapsed is 0h:0m:7s
Current time: Thu Mar 12 13:18:17 2026
Action report_timing: Peak memory pool usage is 974 MB
Action from compile to report_timing: Total Real Time elapsed is 0h:1m:29s
Action from compile to report_timing: Total CPU time elapsed is 0h:1m:16s
Action from compile to report_timing: Total Process CPU Time elapsed is 0h:1m:22s
Compiling architecture definition.
Analyzing project file 'E:/FPGA/TSP_RVmaster/FPGA/pango_cpu/pango_cpu.pds'.
Compiling verification operator library.
Compiling common defs.
Compiling prim grid devices.
Compiling gate devices.
Compiling gate operators.
Building architecture model.
Loading device packaging model.
Reading design from DB.
Start Generating Programming File...
Reading design from DB takes 0.859375 sec.
Generating architecture configuration.
The bitstream file is "E:/FPGA/TSP_RVmaster/FPGA/pango_cpu/generate_bitstream/SoC_Top.sbit"
Generate programming file takes 8.078125 sec.
Generating Programming File done.
Action gen_bit_stream: Real time elapsed is 0h:0m:13s
Action gen_bit_stream: CPU time elapsed is 0h:0m:11s
Action gen_bit_stream: Process CPU time elapsed is 0h:0m:11s
Current time: Thu Mar 12 13:18:30 2026
Action gen_bit_stream: Peak memory pool usage is 677 MB
Action from compile to gen_bit_stream: Total Real Time elapsed is 0h:1m:42s
Action from compile to gen_bit_stream: Total CPU time elapsed is 0h:1m:27s
Action from compile to gen_bit_stream: Total Process CPU Time elapsed is 0h:1m:33s
