[Info] [2026-3-25 15:00:34] /***************************Start Configuration***************************/
[Info] [2026-3-25 15:00:34] Path: E:/pango/PDS_2022.2-SP6.4/bin
[Info] [2026-3-25 15:00:34] Version: 146967
[Info] [2026-3-25 15:00:35] Current Path: E:/FPGA/TSP_RVmaster/FPGA/pango_cpu
[Info] [2026-3-25 15:00:35] PDS Dir Path: E:/FPGA/TSP_RVmaster/FPGA/pango_cpu
[Info] [2026-3-25 15:00:37] Configuration is not connect with server. connect first then scan chain.
[Debug] [2026-3-25 15:00:37] Client Local host name:LAPTOP-E3CFACBD
[Debug] [2026-3-25 15:00:37] Client Local Address:113.54.185.218
[Debug] [2026-3-25 15:00:37] Server Address:127.0.0.1, Port:65420
[Debug] [2026-3-25 15:00:37] Log::Print : Connecting to server[127.0.0.1 : 65420].
[Info] [2026-3-25 15:00:37] Connect OK, Server: 127.0.0.1  Port: 65420
[Debug] [2026-3-25 15:00:37] Finish.
[Info] [2026-3-25 15:00:37] Connect server succeeded
[Debug] [2026-3-25 15:00:37] Send RPC:1
[Debug] [2026-3-25 15:00:37] Send cmd [check version information:40004] OK
[Debug] [2026-3-25 15:00:37] Log::Print : Connect to server[127.0.0.1 : 65420] successfully.
[Debug] [2026-3-25 15:00:38] Send RPC:2
[Debug] [2026-3-25 15:00:38] Send cmd [get_cable_paras:40010] OK
[Debug] [2026-3-25 15:00:38] Begin to send initialize chain cmd...
[Debug] [2026-3-25 15:00:38] Send RPC:3
[Debug] [2026-3-25 15:00:38] Send cmd [Open config cable:20001] OK
[Debug] [2026-3-25 15:00:38] End to send initialize chain cmd.
[Debug] [2026-3-25 15:00:38] COMMAND[check version information] execute successfully, takes 0.6 secs.
[Debug] [2026-3-25 15:00:38] Log::Print : COMMAND[check version information] execute successfully, takes 0.6 secs.
[Debug] [2026-3-25 15:00:39] COMMAND[get_cable_paras] execute successfully, takes 1.5 secs.
[Error] [2026-3-25 15:00:39] fail to exec Open config cable cmd...
[Debug] [2026-3-25 15:00:39] Log::Print : The cable List : 

[Debug] [2026-3-25 15:00:39] Log::Print : COMMAND[get_cable_paras] execute successfully, takes 1.5 secs.
[Error] [2026-3-25 15:00:39] MsgOut: JtagServer-0306: No devices detected while scanning the JTAG chain, failed detecting JTAG device chain.
[Warn] [2026-3-25 15:00:39] MsgOut: Please check the device power, cable connection situation and whether put the chip in the right way or not.
   If these do not work, try to restart the software.
[Error] [2026-3-25 15:00:39] MsgOut: Configuration-0008: The command 'Open config cable' execute fail.
[Info] [2026-3-25 15:00:45] /***************************End Configration***************************/
[Info] [2026-3-25 15:00:46] /***************************Start Configuration***************************/
[Info] [2026-3-25 15:00:46] Path: E:/pango/PDS_2022.2-SP6.4/bin
[Info] [2026-3-25 15:00:46] Version: 146967
[Info] [2026-3-25 15:00:47] Current Path: E:/FPGA/TSP_RVmaster/FPGA/pango_cpu
[Info] [2026-3-25 15:00:47] PDS Dir Path: E:/FPGA/TSP_RVmaster/FPGA/pango_cpu
[Info] [2026-3-25 15:00:49] Configuration is not connect with server. connect first then scan chain.
[Debug] [2026-3-25 15:00:49] Client Local host name:LAPTOP-E3CFACBD
[Debug] [2026-3-25 15:00:49] Client Local Address:113.54.185.218
[Debug] [2026-3-25 15:00:49] Server Address:127.0.0.1, Port:65420
[Debug] [2026-3-25 15:00:49] Log::Print : Connecting to server[127.0.0.1 : 65420].
[Info] [2026-3-25 15:00:49] Connect OK, Server: 127.0.0.1  Port: 65420
[Debug] [2026-3-25 15:00:49] Finish.
[Info] [2026-3-25 15:00:49] Connect server succeeded
[Debug] [2026-3-25 15:00:49] Send RPC:1
[Debug] [2026-3-25 15:00:49] Send cmd [check version information:40004] OK
[Debug] [2026-3-25 15:00:49] Log::Print : Connect to server[127.0.0.1 : 65420] successfully.
[Debug] [2026-3-25 15:00:50] Send RPC:2
[Debug] [2026-3-25 15:00:50] Send cmd [get_cable_paras:40010] OK
[Debug] [2026-3-25 15:00:50] Begin to send initialize chain cmd...
[Debug] [2026-3-25 15:00:50] Send RPC:3
[Debug] [2026-3-25 15:00:50] Send cmd [Open config cable:20001] OK
[Debug] [2026-3-25 15:00:50] End to send initialize chain cmd.
[Debug] [2026-3-25 15:00:50] COMMAND[check version information] execute successfully, takes 0.5 secs.
[Debug] [2026-3-25 15:00:50] Log::Print : COMMAND[check version information] execute successfully, takes 0.5 secs.
[Debug] [2026-3-25 15:00:51] COMMAND[get_cable_paras] execute successfully, takes 1.5 secs.
[Debug] [2026-3-25 15:00:51] Log::Print : The cable List : 

[Debug] [2026-3-25 15:00:51] Log::Print : COMMAND[get_cable_paras] execute successfully, takes 1.5 secs.
[Error] [2026-3-25 15:00:51] fail to exec Open config cable cmd...
[Error] [2026-3-25 15:00:51] MsgOut: JtagServer-0306: No devices detected while scanning the JTAG chain, failed detecting JTAG device chain.
[Warn] [2026-3-25 15:00:51] MsgOut: Please check the device power, cable connection situation and whether put the chip in the right way or not.
   If these do not work, try to restart the software.
[Error] [2026-3-25 15:00:51] MsgOut: Configuration-0008: The command 'Open config cable' execute fail.
[Info] [2026-3-25 15:00:53] /***************************End Configration***************************/
[Info] [2026-3-25 15:00:54] /***************************Start Configuration***************************/
[Info] [2026-3-25 15:00:54] Path: E:/pango/PDS_2022.2-SP6.4/bin
[Info] [2026-3-25 15:00:54] Version: 146967
[Info] [2026-3-25 15:00:55] Current Path: E:/FPGA/TSP_RVmaster/FPGA/pango_cpu
[Info] [2026-3-25 15:00:55] PDS Dir Path: E:/FPGA/TSP_RVmaster/FPGA/pango_cpu
[Info] [2026-3-25 15:00:57] Configuration is not connect with server. connect first then scan chain.
[Debug] [2026-3-25 15:00:57] Client Local host name:LAPTOP-E3CFACBD
[Debug] [2026-3-25 15:00:57] Client Local Address:113.54.185.218
[Debug] [2026-3-25 15:00:57] Server Address:127.0.0.1, Port:65420
[Debug] [2026-3-25 15:00:57] Log::Print : Connecting to server[127.0.0.1 : 65420].
[Info] [2026-3-25 15:00:57] Connect OK, Server: 127.0.0.1  Port: 65420
[Debug] [2026-3-25 15:00:57] Finish.
[Info] [2026-3-25 15:00:57] Connect server succeeded
[Debug] [2026-3-25 15:00:57] Send RPC:1
[Debug] [2026-3-25 15:00:57] Send cmd [check version information:40004] OK
[Debug] [2026-3-25 15:00:57] Log::Print : Connect to server[127.0.0.1 : 65420] successfully.
[Debug] [2026-3-25 15:00:58] Send RPC:2
[Debug] [2026-3-25 15:00:58] Send cmd [get_cable_paras:40010] OK
[Debug] [2026-3-25 15:00:58] Begin to send initialize chain cmd...
[Debug] [2026-3-25 15:00:58] Send RPC:3
[Debug] [2026-3-25 15:00:58] Send cmd [Open config cable:20001] OK
[Debug] [2026-3-25 15:00:58] End to send initialize chain cmd.
[Debug] [2026-3-25 15:00:58] COMMAND[check version information] execute successfully, takes 0.5 secs.
[Debug] [2026-3-25 15:00:58] Log::Print : COMMAND[check version information] execute successfully, takes 0.5 secs.
[Debug] [2026-3-25 15:00:59] COMMAND[get_cable_paras] execute successfully, takes 1.4 secs.
[Debug] [2026-3-25 15:00:59] Log::Print : The cable List : 

[Debug] [2026-3-25 15:00:59] Log::Print : COMMAND[get_cable_paras] execute successfully, takes 1.4 secs.
[Error] [2026-3-25 15:00:59] fail to exec Open config cable cmd...
[Error] [2026-3-25 15:00:59] MsgOut: JtagServer-0306: No devices detected while scanning the JTAG chain, failed detecting JTAG device chain.
[Warn] [2026-3-25 15:00:59] MsgOut: Please check the device power, cable connection situation and whether put the chip in the right way or not.
   If these do not work, try to restart the software.
[Error] [2026-3-25 15:00:59] MsgOut: Configuration-0008: The command 'Open config cable' execute fail.
[Info] [2026-3-25 15:01:01] /***************************End Configration***************************/
[Info] [2026-3-25 15:01:09] /***************************Start Configuration***************************/
[Info] [2026-3-25 15:01:09] Path: E:/pango/PDS_2022.2-SP6.4/bin
[Info] [2026-3-25 15:01:09] Version: 146967
[Info] [2026-3-25 15:01:10] Current Path: E:/FPGA/TSP_RVmaster/FPGA/pango_cpu
[Info] [2026-3-25 15:01:10] PDS Dir Path: E:/FPGA/TSP_RVmaster/FPGA/pango_cpu
[Info] [2026-3-25 15:01:12] Configuration is not connect with server. connect first then scan chain.
[Debug] [2026-3-25 15:01:12] Client Local host name:LAPTOP-E3CFACBD
[Debug] [2026-3-25 15:01:12] Client Local Address:113.54.185.218
[Debug] [2026-3-25 15:01:12] Server Address:127.0.0.1, Port:65420
[Debug] [2026-3-25 15:01:12] Log::Print : Connecting to server[127.0.0.1 : 65420].
[Info] [2026-3-25 15:01:13] Connect OK, Server: 127.0.0.1  Port: 65420
[Debug] [2026-3-25 15:01:13] Finish.
[Info] [2026-3-25 15:01:13] Connect server succeeded
[Debug] [2026-3-25 15:01:13] Send RPC:1
[Debug] [2026-3-25 15:01:13] Send cmd [check version information:40004] OK
[Debug] [2026-3-25 15:01:13] Log::Print : Connect to server[127.0.0.1 : 65420] successfully.
[Debug] [2026-3-25 15:01:13] Send RPC:2
[Debug] [2026-3-25 15:01:13] Send cmd [get_cable_paras:40010] OK
[Debug] [2026-3-25 15:01:13] Begin to send initialize chain cmd...
[Debug] [2026-3-25 15:01:13] Send RPC:3
[Debug] [2026-3-25 15:01:13] Send cmd [Open config cable:20001] OK
[Debug] [2026-3-25 15:01:13] End to send initialize chain cmd.
[Debug] [2026-3-25 15:01:13] COMMAND[check version information] execute successfully, takes 0.3 secs.
[Debug] [2026-3-25 15:01:13] Log::Print : COMMAND[check version information] execute successfully, takes 0.3 secs.
[Debug] [2026-3-25 15:01:14] COMMAND[get_cable_paras] execute successfully, takes 1.1 secs.
[Debug] [2026-3-25 15:01:14] Log::Print : The cable List : 
Cable index 0:USB Cable II/fffffffffffffffe 

[Debug] [2026-3-25 15:01:14] Log::Print : COMMAND[get_cable_paras] execute successfully, takes 1.1 secs.
[Debug] [2026-3-25 15:01:14] begin the exec of open cable cmd...
[Debug] [2026-3-25 15:01:14] Begin to deal with chain from server...
[Debug] [2026-3-25 15:01:14] Begin to set user chain...
[Debug] [2026-3-25 15:01:14] End to set user chain.
[Debug] [2026-3-25 15:01:14] Begin to update graphic item and tree item ...
[Debug] [2026-3-25 15:01:14] End to update graphic item and tree item ...
[Debug] [2026-3-25 15:01:15] Log::Print : PANGO USB CABLE II cable driver: D2XX DLL
[Debug] [2026-3-25 15:01:15] Log::Print : PGL50G
[Debug] [2026-3-25 15:01:15] Log::Print : This device configure situation (done bit): 1
[Info] [2026-3-25 15:01:15] set OpenLastPath: E:/FPGA/TSP_RVmaster/FPGA/pango_cpu/generate_bitstream/SoC_Top.sbit
[Debug] [2026-3-25 15:01:15] begin to get device info from CFG file...
[Debug] [2026-3-25 15:01:15] end to get device info from CFG file...
[Debug] [2026-3-25 15:01:15] Begin to update graphic item and tree item ...
[Debug] [2026-3-25 15:01:15] End to update graphic item and tree item ...
[Debug] [2026-3-25 15:01:15] Begin to update graphic item and tree item ...
[Debug] [2026-3-25 15:01:15] End to update graphic item and tree item ...
[Debug] [2026-3-25 15:01:15] End to deal wiht chain from server.
[Debug] [2026-3-25 15:01:15] end the exec of open cable cmd.
[Debug] [2026-3-25 15:01:15] COMMAND[Open config cable] execute successfully, takes 2.5 secs.
[Debug] [2026-3-25 15:01:15] Log::Print : COMMAND[Open config cable] execute successfully, takes 2.5 secs.
[Debug] [2026-3-25 15:01:16] Begin to send programming cmd...
[Debug] [2026-3-25 15:01:16] Send RPC:4
[Debug] [2026-3-25 15:01:16] Begin to send program data.
[Debug] [2026-3-25 15:01:16] End to send program data.
[Debug] [2026-3-25 15:01:16] Send cmd [Program:20002] OK
[Debug] [2026-3-25 15:01:16] The value of Progress is 6
[Debug] [2026-3-25 15:01:16] The value of Progress is 10
[Debug] [2026-3-25 15:01:17] The value of Progress is 15
[Debug] [2026-3-25 15:01:17] The value of Progress is 20
[Debug] [2026-3-25 15:01:17] The value of Progress is 25
[Debug] [2026-3-25 15:01:17] The value of Progress is 30
[Debug] [2026-3-25 15:01:17] The value of Progress is 35
[Debug] [2026-3-25 15:01:17] The value of Progress is 40
[Debug] [2026-3-25 15:01:17] The value of Progress is 45
[Debug] [2026-3-25 15:01:17] The value of Progress is 50
[Debug] [2026-3-25 15:01:17] The value of Progress is 55
[Debug] [2026-3-25 15:01:17] The value of Progress is 60
[Debug] [2026-3-25 15:01:17] The value of Progress is 65
[Debug] [2026-3-25 15:01:18] The value of Progress is 70
[Debug] [2026-3-25 15:01:18] The value of Progress is 75
[Debug] [2026-3-25 15:01:18] The value of Progress is 80
[Debug] [2026-3-25 15:01:18] The value of Progress is 85
[Debug] [2026-3-25 15:01:18] The value of Progress is 90
[Debug] [2026-3-25 15:01:18] The value of Progress is 95
[Debug] [2026-3-25 15:01:18] The value of Progress is 100
[Debug] [2026-3-25 15:01:18] COMMAND[Program] execute successfully, takes 2.0 secs.
[Debug] [2026-3-25 15:01:18] End to send programming cmd.
[Debug] [2026-3-25 15:01:18] Log::Print : The done bit is 1
[Debug] [2026-3-25 15:01:18] Log::Print : COMMAND[Program] execute successfully, takes 2.0 secs.
[Info] [2026-3-25 15:01:18] /***************************End Configration***************************/
[Info] [2026-3-25 15:23:01] /***************************Start Configuration***************************/
[Info] [2026-3-25 15:23:01] Path: E:/pango/PDS_2022.2-SP6.4/bin
[Info] [2026-3-25 15:23:01] Version: 146967
[Info] [2026-3-25 15:23:02] Current Path: E:/FPGA/TSP_RVmaster/FPGA/pango_cpu
[Info] [2026-3-25 15:23:02] PDS Dir Path: E:/FPGA/TSP_RVmaster/FPGA/pango_cpu
[Info] [2026-3-25 15:23:03] Configuration is not connect with server. connect first then scan chain.
[Debug] [2026-3-25 15:23:03] Client Local host name:LAPTOP-E3CFACBD
[Debug] [2026-3-25 15:23:03] Client Local Address:113.54.185.218
[Debug] [2026-3-25 15:23:03] Server Address:127.0.0.1, Port:65420
[Debug] [2026-3-25 15:23:03] Log::Print : Connecting to server[127.0.0.1 : 65420].
[Info] [2026-3-25 15:23:04] Connect OK, Server: 127.0.0.1  Port: 65420
[Debug] [2026-3-25 15:23:04] Finish.
[Info] [2026-3-25 15:23:04] Connect server succeeded
[Debug] [2026-3-25 15:23:04] Send RPC:1
[Debug] [2026-3-25 15:23:04] Send cmd [check version information:40004] OK
[Debug] [2026-3-25 15:23:04] Log::Print : Connect to server[127.0.0.1 : 65420] successfully.
[Debug] [2026-3-25 15:23:04] Send RPC:2
[Debug] [2026-3-25 15:23:04] Send cmd [get_cable_paras:40010] OK
[Debug] [2026-3-25 15:23:04] Begin to send initialize chain cmd...
[Debug] [2026-3-25 15:23:04] Send RPC:3
[Debug] [2026-3-25 15:23:04] Send cmd [Open config cable:20001] OK
[Debug] [2026-3-25 15:23:04] End to send initialize chain cmd.
[Debug] [2026-3-25 15:23:04] COMMAND[check version information] execute successfully, takes 0.3 secs.
[Debug] [2026-3-25 15:23:04] Log::Print : COMMAND[check version information] execute successfully, takes 0.3 secs.
[Debug] [2026-3-25 15:23:05] COMMAND[get_cable_paras] execute successfully, takes 1.1 secs.
[Debug] [2026-3-25 15:23:05] Log::Print : The cable List : 
Cable index 0:USB Cable II/fffffffffffffffe 

[Debug] [2026-3-25 15:23:05] Log::Print : COMMAND[get_cable_paras] execute successfully, takes 1.1 secs.
[Debug] [2026-3-25 15:23:06] begin the exec of open cable cmd...
[Debug] [2026-3-25 15:23:06] Begin to deal with chain from server...
[Debug] [2026-3-25 15:23:06] Begin to set user chain...
[Debug] [2026-3-25 15:23:06] End to set user chain.
[Debug] [2026-3-25 15:23:06] Begin to update graphic item and tree item ...
[Debug] [2026-3-25 15:23:06] End to update graphic item and tree item ...
[Debug] [2026-3-25 15:23:06] Log::Print : PANGO USB CABLE II cable driver: D2XX DLL
[Debug] [2026-3-25 15:23:06] Log::Print : PGL50G
[Debug] [2026-3-25 15:23:06] Log::Print : This device configure situation (done bit): 1
[Info] [2026-3-25 15:23:07] set OpenLastPath: E:/FPGA/TSP_RVmaster/FPGA/pango_cpu/generate_bitstream/SoC_Top.sbit
[Debug] [2026-3-25 15:23:07] begin to get device info from CFG file...
[Debug] [2026-3-25 15:23:07] end to get device info from CFG file...
[Debug] [2026-3-25 15:23:07] Begin to update graphic item and tree item ...
[Debug] [2026-3-25 15:23:07] End to update graphic item and tree item ...
[Debug] [2026-3-25 15:23:07] Begin to update graphic item and tree item ...
[Debug] [2026-3-25 15:23:07] End to update graphic item and tree item ...
[Debug] [2026-3-25 15:23:07] End to deal wiht chain from server.
[Debug] [2026-3-25 15:23:07] end the exec of open cable cmd.
[Debug] [2026-3-25 15:23:07] COMMAND[Open config cable] execute successfully, takes 2.5 secs.
[Debug] [2026-3-25 15:23:07] Log::Print : COMMAND[Open config cable] execute successfully, takes 2.5 secs.
[Debug] [2026-3-25 15:23:08] Begin to send programming cmd...
[Debug] [2026-3-25 15:23:08] Send RPC:4
[Debug] [2026-3-25 15:23:08] Begin to send program data.
[Debug] [2026-3-25 15:23:08] End to send program data.
[Debug] [2026-3-25 15:23:08] Send cmd [Program:20002] OK
[Debug] [2026-3-25 15:23:08] The value of Progress is 6
[Debug] [2026-3-25 15:23:08] The value of Progress is 10
[Debug] [2026-3-25 15:23:08] The value of Progress is 15
[Debug] [2026-3-25 15:23:08] The value of Progress is 20
[Debug] [2026-3-25 15:23:08] The value of Progress is 25
[Debug] [2026-3-25 15:23:08] The value of Progress is 30
[Debug] [2026-3-25 15:23:08] The value of Progress is 35
[Debug] [2026-3-25 15:23:08] The value of Progress is 40
[Debug] [2026-3-25 15:23:09] The value of Progress is 45
[Debug] [2026-3-25 15:23:09] The value of Progress is 50
[Debug] [2026-3-25 15:23:09] The value of Progress is 55
[Debug] [2026-3-25 15:23:09] The value of Progress is 60
[Debug] [2026-3-25 15:23:09] The value of Progress is 65
[Debug] [2026-3-25 15:23:09] The value of Progress is 70
[Debug] [2026-3-25 15:23:09] The value of Progress is 75
[Debug] [2026-3-25 15:23:09] The value of Progress is 80
[Debug] [2026-3-25 15:23:09] The value of Progress is 85
[Debug] [2026-3-25 15:23:09] The value of Progress is 90
[Debug] [2026-3-25 15:23:09] The value of Progress is 95
[Debug] [2026-3-25 15:23:10] The value of Progress is 100
[Debug] [2026-3-25 15:23:10] COMMAND[Program] execute successfully, takes 2.0 secs.
[Debug] [2026-3-25 15:23:10] End to send programming cmd.
[Debug] [2026-3-25 15:23:10] Log::Print : The done bit is 1
[Debug] [2026-3-25 15:23:10] Log::Print : COMMAND[Program] execute successfully, takes 2.0 secs.
[Info] [2026-3-25 15:23:10] /***************************End Configration***************************/
[Info] [2026-3-26 14:13:49] /***************************Start Configuration***************************/
[Info] [2026-3-26 14:13:49] Path: E:/pango/PDS_2022.2-SP6.4/bin
[Info] [2026-3-26 14:13:49] Version: 146967
[Info] [2026-3-26 14:13:50] Current Path: E:/FPGA/TSP_RVmaster/FPGA/pango_cpu
[Info] [2026-3-26 14:13:50] PDS Dir Path: E:/FPGA/TSP_RVmaster/FPGA/pango_cpu
[Info] [2026-3-26 14:13:52] Configuration is not connect with server. connect first then scan chain.
[Debug] [2026-3-26 14:13:53] Client Local host name:LAPTOP-E3CFACBD
[Debug] [2026-3-26 14:13:53] Client Local Address:113.54.185.101
[Debug] [2026-3-26 14:13:53] Server Address:127.0.0.1, Port:65420
[Debug] [2026-3-26 14:13:53] Log::Print : Connecting to server[127.0.0.1 : 65420].
[Info] [2026-3-26 14:13:54] Connect OK, Server: 127.0.0.1  Port: 65420
[Debug] [2026-3-26 14:13:54] Finish.
[Info] [2026-3-26 14:13:54] Connect server succeeded
[Debug] [2026-3-26 14:13:54] Send RPC:1
[Debug] [2026-3-26 14:13:54] Send cmd [check version information:40004] OK
[Debug] [2026-3-26 14:13:54] Log::Print : Connect to server[127.0.0.1 : 65420] successfully.
[Debug] [2026-3-26 14:13:54] Send RPC:2
[Debug] [2026-3-26 14:13:54] Send cmd [get_cable_paras:40010] OK
[Debug] [2026-3-26 14:13:54] Begin to send initialize chain cmd...
[Debug] [2026-3-26 14:13:54] Send RPC:3
[Debug] [2026-3-26 14:13:54] Send cmd [Open config cable:20001] OK
[Debug] [2026-3-26 14:13:54] End to send initialize chain cmd.
[Debug] [2026-3-26 14:13:54] COMMAND[check version information] execute successfully, takes 0.6 secs.
[Debug] [2026-3-26 14:13:54] Log::Print : COMMAND[check version information] execute successfully, takes 0.6 secs.
[Debug] [2026-3-26 14:13:55] COMMAND[get_cable_paras] execute successfully, takes 1.1 secs.
[Debug] [2026-3-26 14:13:55] Log::Print : The cable List : 
Cable index 0:USB Cable II/fffffffffffffffe 

[Debug] [2026-3-26 14:13:55] Log::Print : COMMAND[get_cable_paras] execute successfully, takes 1.1 secs.
[Debug] [2026-3-26 14:13:56] begin the exec of open cable cmd...
[Debug] [2026-3-26 14:13:56] Begin to deal with chain from server...
[Debug] [2026-3-26 14:13:56] Begin to set user chain...
[Debug] [2026-3-26 14:13:56] End to set user chain.
[Debug] [2026-3-26 14:13:56] Begin to update graphic item and tree item ...
[Debug] [2026-3-26 14:13:56] End to update graphic item and tree item ...
[Debug] [2026-3-26 14:13:56] Log::Print : PANGO USB CABLE II cable driver: D2XX DLL
[Debug] [2026-3-26 14:13:56] Log::Print : PGL50G
[Debug] [2026-3-26 14:13:56] Log::Print : This device configure situation (done bit): 1
[Info] [2026-3-26 14:13:57] set OpenLastPath: E:/FPGA/TSP_RVmaster/FPGA/pango_cpu/generate_bitstream/SoC_Top.sbit
[Debug] [2026-3-26 14:13:57] begin to get device info from CFG file...
[Debug] [2026-3-26 14:13:57] end to get device info from CFG file...
[Debug] [2026-3-26 14:13:57] Begin to update graphic item and tree item ...
[Debug] [2026-3-26 14:13:57] End to update graphic item and tree item ...
[Debug] [2026-3-26 14:13:57] Begin to update graphic item and tree item ...
[Debug] [2026-3-26 14:13:57] End to update graphic item and tree item ...
[Debug] [2026-3-26 14:13:57] End to deal wiht chain from server.
[Debug] [2026-3-26 14:13:57] end the exec of open cable cmd.
[Debug] [2026-3-26 14:13:57] COMMAND[Open config cable] execute successfully, takes 2.6 secs.
[Debug] [2026-3-26 14:13:57] Log::Print : COMMAND[Open config cable] execute successfully, takes 2.6 secs.
[Debug] [2026-3-26 14:13:58] Begin to send programming cmd...
[Debug] [2026-3-26 14:13:58] Send RPC:4
[Debug] [2026-3-26 14:13:58] Begin to send program data.
[Debug] [2026-3-26 14:13:58] End to send program data.
[Debug] [2026-3-26 14:13:58] Send cmd [Program:20002] OK
[Debug] [2026-3-26 14:13:58] The value of Progress is 6
[Debug] [2026-3-26 14:13:58] The value of Progress is 10
[Debug] [2026-3-26 14:13:58] The value of Progress is 15
[Debug] [2026-3-26 14:13:58] The value of Progress is 20
[Debug] [2026-3-26 14:13:58] The value of Progress is 25
[Debug] [2026-3-26 14:13:58] The value of Progress is 30
[Debug] [2026-3-26 14:13:58] The value of Progress is 35
[Debug] [2026-3-26 14:13:58] The value of Progress is 40
[Debug] [2026-3-26 14:13:59] The value of Progress is 45
[Debug] [2026-3-26 14:13:59] The value of Progress is 50
[Debug] [2026-3-26 14:13:59] The value of Progress is 55
[Debug] [2026-3-26 14:13:59] The value of Progress is 60
[Debug] [2026-3-26 14:13:59] The value of Progress is 65
[Debug] [2026-3-26 14:13:59] The value of Progress is 70
[Debug] [2026-3-26 14:13:59] The value of Progress is 75
[Debug] [2026-3-26 14:13:59] The value of Progress is 80
[Debug] [2026-3-26 14:13:59] The value of Progress is 85
[Debug] [2026-3-26 14:13:59] The value of Progress is 90
[Debug] [2026-3-26 14:13:59] The value of Progress is 95
[Debug] [2026-3-26 14:13:59] The value of Progress is 100
[Debug] [2026-3-26 14:14:00] COMMAND[Program] execute successfully, takes 2.0 secs.
[Debug] [2026-3-26 14:14:00] End to send programming cmd.
[Debug] [2026-3-26 14:14:00] Log::Print : The done bit is 1
[Debug] [2026-3-26 14:14:00] Log::Print : COMMAND[Program] execute successfully, takes 2.0 secs.
[Info] [2026-3-26 14:14:00] /***************************End Configration***************************/
[Info] [2026-3-26 14:18:00] /***************************Start Configuration***************************/
[Info] [2026-3-26 14:18:00] Path: E:/pango/PDS_2022.2-SP6.4/bin
[Info] [2026-3-26 14:18:00] Version: 146967
[Info] [2026-3-26 14:18:01] Current Path: E:/FPGA/TSP_RVmaster/FPGA/pango_cpu
[Info] [2026-3-26 14:18:01] PDS Dir Path: E:/FPGA/TSP_RVmaster/FPGA/pango_cpu
[Info] [2026-3-26 14:18:03] Configuration is not connect with server. connect first then scan chain.
[Debug] [2026-3-26 14:18:03] Client Local host name:LAPTOP-E3CFACBD
[Debug] [2026-3-26 14:18:03] Client Local Address:113.54.185.101
[Debug] [2026-3-26 14:18:03] Server Address:127.0.0.1, Port:65420
[Debug] [2026-3-26 14:18:03] Log::Print : Connecting to server[127.0.0.1 : 65420].
[Info] [2026-3-26 14:18:04] Connect OK, Server: 127.0.0.1  Port: 65420
[Debug] [2026-3-26 14:18:04] Finish.
[Info] [2026-3-26 14:18:04] Connect server succeeded
[Debug] [2026-3-26 14:18:04] Send RPC:1
[Debug] [2026-3-26 14:18:04] Send cmd [check version information:40004] OK
[Debug] [2026-3-26 14:18:04] Log::Print : Connect to server[127.0.0.1 : 65420] successfully.
[Debug] [2026-3-26 14:18:04] Send RPC:2
[Debug] [2026-3-26 14:18:04] Send cmd [get_cable_paras:40010] OK
[Debug] [2026-3-26 14:18:04] Begin to send initialize chain cmd...
[Debug] [2026-3-26 14:18:04] Send RPC:3
[Debug] [2026-3-26 14:18:04] Send cmd [Open config cable:20001] OK
[Debug] [2026-3-26 14:18:04] End to send initialize chain cmd.
[Debug] [2026-3-26 14:18:04] COMMAND[check version information] execute successfully, takes 0.3 secs.
[Debug] [2026-3-26 14:18:04] Log::Print : COMMAND[check version information] execute successfully, takes 0.3 secs.
[Debug] [2026-3-26 14:18:05] COMMAND[get_cable_paras] execute successfully, takes 1.1 secs.
[Debug] [2026-3-26 14:18:05] Log::Print : The cable List : 
Cable index 0:USB Cable II/fffffffffffffffe 

[Debug] [2026-3-26 14:18:05] Log::Print : COMMAND[get_cable_paras] execute successfully, takes 1.1 secs.
[Debug] [2026-3-26 14:18:05] begin the exec of open cable cmd...
[Debug] [2026-3-26 14:18:05] Begin to deal with chain from server...
[Debug] [2026-3-26 14:18:05] Begin to set user chain...
[Debug] [2026-3-26 14:18:05] End to set user chain.
[Debug] [2026-3-26 14:18:05] Begin to update graphic item and tree item ...
[Debug] [2026-3-26 14:18:05] End to update graphic item and tree item ...
[Debug] [2026-3-26 14:18:06] Log::Print : PANGO USB CABLE II cable driver: D2XX DLL
[Debug] [2026-3-26 14:18:06] Log::Print : PGL50G
[Debug] [2026-3-26 14:18:06] Log::Print : This device configure situation (done bit): 1
[Info] [2026-3-26 14:18:07] set OpenLastPath: E:/FPGA/TSP_RVmaster/FPGA/pango_cpu/generate_bitstream/SoC_Top.sbit
[Debug] [2026-3-26 14:18:07] begin to get device info from CFG file...
[Debug] [2026-3-26 14:18:07] end to get device info from CFG file...
[Debug] [2026-3-26 14:18:07] Begin to update graphic item and tree item ...
[Debug] [2026-3-26 14:18:07] End to update graphic item and tree item ...
[Debug] [2026-3-26 14:18:07] Begin to update graphic item and tree item ...
[Debug] [2026-3-26 14:18:07] End to update graphic item and tree item ...
[Debug] [2026-3-26 14:18:07] End to deal wiht chain from server.
[Debug] [2026-3-26 14:18:07] end the exec of open cable cmd.
[Debug] [2026-3-26 14:18:07] COMMAND[Open config cable] execute successfully, takes 3.0 secs.
[Debug] [2026-3-26 14:18:07] Log::Print : COMMAND[Open config cable] execute successfully, takes 3.0 secs.
[Debug] [2026-3-26 14:18:08] Begin to send programming cmd...
[Debug] [2026-3-26 14:18:08] Send RPC:4
[Debug] [2026-3-26 14:18:08] Begin to send program data.
[Debug] [2026-3-26 14:18:08] End to send program data.
[Debug] [2026-3-26 14:18:08] Send cmd [Program:20002] OK
[Debug] [2026-3-26 14:18:08] The value of Progress is 6
[Debug] [2026-3-26 14:18:08] The value of Progress is 10
[Debug] [2026-3-26 14:18:08] The value of Progress is 15
[Debug] [2026-3-26 14:18:08] The value of Progress is 20
[Debug] [2026-3-26 14:18:09] The value of Progress is 25
[Debug] [2026-3-26 14:18:09] The value of Progress is 30
[Debug] [2026-3-26 14:18:09] The value of Progress is 35
[Debug] [2026-3-26 14:18:09] The value of Progress is 40
[Debug] [2026-3-26 14:18:09] The value of Progress is 45
[Debug] [2026-3-26 14:18:09] The value of Progress is 50
[Debug] [2026-3-26 14:18:09] The value of Progress is 55
[Debug] [2026-3-26 14:18:09] The value of Progress is 60
[Debug] [2026-3-26 14:18:09] The value of Progress is 65
[Debug] [2026-3-26 14:18:09] The value of Progress is 70
[Debug] [2026-3-26 14:18:09] The value of Progress is 75
[Debug] [2026-3-26 14:18:10] The value of Progress is 80
[Debug] [2026-3-26 14:18:10] The value of Progress is 85
[Debug] [2026-3-26 14:18:10] The value of Progress is 90
[Debug] [2026-3-26 14:18:10] The value of Progress is 95
[Debug] [2026-3-26 14:18:10] The value of Progress is 100
[Debug] [2026-3-26 14:18:10] COMMAND[Program] execute successfully, takes 2.0 secs.
[Debug] [2026-3-26 14:18:10] End to send programming cmd.
[Debug] [2026-3-26 14:18:10] Log::Print : The done bit is 1
[Debug] [2026-3-26 14:18:10] Log::Print : COMMAND[Program] execute successfully, takes 2.0 secs.
[Info] [2026-3-26 14:18:10] /***************************End Configration***************************/
[Info] [2026-3-26 14:28:48] /***************************Start Configuration***************************/
[Info] [2026-3-26 14:28:48] Path: E:/pango/PDS_2022.2-SP6.4/bin
[Info] [2026-3-26 14:28:48] Version: 146967
[Info] [2026-3-26 14:28:49] Current Path: E:/FPGA/TSP_RVmaster/FPGA/pango_cpu
[Info] [2026-3-26 14:28:49] PDS Dir Path: E:/FPGA/TSP_RVmaster/FPGA/pango_cpu
[Info] [2026-3-26 14:28:51] Configuration is not connect with server. connect first then scan chain.
[Debug] [2026-3-26 14:28:51] Client Local host name:LAPTOP-E3CFACBD
[Debug] [2026-3-26 14:28:51] Client Local Address:113.54.185.101
[Debug] [2026-3-26 14:28:51] Server Address:127.0.0.1, Port:65420
[Debug] [2026-3-26 14:28:51] Log::Print : Connecting to server[127.0.0.1 : 65420].
[Info] [2026-3-26 14:28:51] Connect OK, Server: 127.0.0.1  Port: 65420
[Debug] [2026-3-26 14:28:51] Finish.
[Info] [2026-3-26 14:28:51] Connect server succeeded
[Debug] [2026-3-26 14:28:51] Send RPC:1
[Debug] [2026-3-26 14:28:51] Send cmd [check version information:40004] OK
[Debug] [2026-3-26 14:28:51] Log::Print : Connect to server[127.0.0.1 : 65420] successfully.
[Debug] [2026-3-26 14:28:52] Send RPC:2
[Debug] [2026-3-26 14:28:52] Send cmd [get_cable_paras:40010] OK
[Debug] [2026-3-26 14:28:52] Begin to send initialize chain cmd...
[Debug] [2026-3-26 14:28:52] Send RPC:3
[Debug] [2026-3-26 14:28:52] Send cmd [Open config cable:20001] OK
[Debug] [2026-3-26 14:28:52] End to send initialize chain cmd.
[Debug] [2026-3-26 14:28:52] COMMAND[check version information] execute successfully, takes 0.3 secs.
[Debug] [2026-3-26 14:28:52] Log::Print : COMMAND[check version information] execute successfully, takes 0.3 secs.
[Debug] [2026-3-26 14:28:53] COMMAND[get_cable_paras] execute successfully, takes 1.1 secs.
[Debug] [2026-3-26 14:28:53] Log::Print : The cable List : 
Cable index 0:USB Cable II/fffffffffffffffe 

[Debug] [2026-3-26 14:28:53] Log::Print : COMMAND[get_cable_paras] execute successfully, takes 1.1 secs.
[Debug] [2026-3-26 14:28:53] begin the exec of open cable cmd...
[Debug] [2026-3-26 14:28:53] Begin to deal with chain from server...
[Debug] [2026-3-26 14:28:53] Begin to set user chain...
[Debug] [2026-3-26 14:28:53] End to set user chain.
[Debug] [2026-3-26 14:28:53] Begin to update graphic item and tree item ...
[Debug] [2026-3-26 14:28:53] End to update graphic item and tree item ...
[Debug] [2026-3-26 14:28:53] Log::Print : PANGO USB CABLE II cable driver: D2XX DLL
[Debug] [2026-3-26 14:28:53] Log::Print : PGL50G
[Debug] [2026-3-26 14:28:53] Log::Print : This device configure situation (done bit): 1
[Info] [2026-3-26 14:28:54] set OpenLastPath: E:/FPGA/TSP_RVmaster/FPGA/pango_cpu/generate_bitstream/SoC_Top.sbit
[Debug] [2026-3-26 14:28:54] begin to get device info from CFG file...
[Debug] [2026-3-26 14:28:54] end to get device info from CFG file...
[Debug] [2026-3-26 14:28:54] Begin to update graphic item and tree item ...
[Debug] [2026-3-26 14:28:54] End to update graphic item and tree item ...
[Debug] [2026-3-26 14:28:54] Begin to update graphic item and tree item ...
[Debug] [2026-3-26 14:28:54] End to update graphic item and tree item ...
[Debug] [2026-3-26 14:28:54] End to deal wiht chain from server.
[Debug] [2026-3-26 14:28:54] end the exec of open cable cmd.
[Debug] [2026-3-26 14:28:54] COMMAND[Open config cable] execute successfully, takes 2.5 secs.
[Debug] [2026-3-26 14:28:54] Log::Print : COMMAND[Open config cable] execute successfully, takes 2.5 secs.
[Debug] [2026-3-26 14:28:55] Begin to send programming cmd...
[Debug] [2026-3-26 14:28:55] Send RPC:4
[Debug] [2026-3-26 14:28:55] Begin to send program data.
[Debug] [2026-3-26 14:28:55] End to send program data.
[Debug] [2026-3-26 14:28:55] Send cmd [Program:20002] OK
[Debug] [2026-3-26 14:28:56] The value of Progress is 6
[Debug] [2026-3-26 14:28:56] The value of Progress is 10
[Debug] [2026-3-26 14:28:56] The value of Progress is 15
[Debug] [2026-3-26 14:28:56] The value of Progress is 20
[Debug] [2026-3-26 14:28:56] The value of Progress is 25
[Debug] [2026-3-26 14:28:56] The value of Progress is 30
[Debug] [2026-3-26 14:28:56] The value of Progress is 35
[Debug] [2026-3-26 14:28:56] The value of Progress is 40
[Debug] [2026-3-26 14:28:56] The value of Progress is 45
[Debug] [2026-3-26 14:28:56] The value of Progress is 50
[Debug] [2026-3-26 14:28:56] The value of Progress is 55
[Debug] [2026-3-26 14:28:56] The value of Progress is 60
[Debug] [2026-3-26 14:28:57] The value of Progress is 65
[Debug] [2026-3-26 14:28:57] The value of Progress is 70
[Debug] [2026-3-26 14:28:57] The value of Progress is 75
[Debug] [2026-3-26 14:28:57] The value of Progress is 80
[Debug] [2026-3-26 14:28:57] The value of Progress is 85
[Debug] [2026-3-26 14:28:57] The value of Progress is 90
[Debug] [2026-3-26 14:28:57] The value of Progress is 95
[Debug] [2026-3-26 14:28:57] The value of Progress is 100
[Debug] [2026-3-26 14:28:57] COMMAND[Program] execute successfully, takes 2.0 secs.
[Debug] [2026-3-26 14:28:57] End to send programming cmd.
[Debug] [2026-3-26 14:28:57] Log::Print : The done bit is 1
[Debug] [2026-3-26 14:28:57] Log::Print : COMMAND[Program] execute successfully, takes 2.0 secs.
[Info] [2026-3-26 14:28:58] /***************************End Configration***************************/
[Info] [2026-3-26 14:33:34] /***************************Start Configuration***************************/
[Info] [2026-3-26 14:33:34] Path: E:/pango/PDS_2022.2-SP6.4/bin
[Info] [2026-3-26 14:33:34] Version: 146967
[Info] [2026-3-26 14:33:36] Current Path: E:/FPGA/TSP_RVmaster/FPGA/pango_cpu
[Info] [2026-3-26 14:33:36] PDS Dir Path: E:/FPGA/TSP_RVmaster/FPGA/pango_cpu
[Info] [2026-3-26 14:33:38] Configuration is not connect with server. connect first then scan chain.
[Debug] [2026-3-26 14:33:38] Client Local host name:LAPTOP-E3CFACBD
[Debug] [2026-3-26 14:33:38] Client Local Address:113.54.185.101
[Debug] [2026-3-26 14:33:38] Server Address:127.0.0.1, Port:65420
[Debug] [2026-3-26 14:33:38] Log::Print : Connecting to server[127.0.0.1 : 65420].
[Info] [2026-3-26 14:33:38] Connect OK, Server: 127.0.0.1  Port: 65420
[Debug] [2026-3-26 14:33:38] Finish.
[Info] [2026-3-26 14:33:38] Connect server succeeded
[Debug] [2026-3-26 14:33:38] Send RPC:1
[Debug] [2026-3-26 14:33:38] Send cmd [check version information:40004] OK
[Debug] [2026-3-26 14:33:38] Log::Print : Connect to server[127.0.0.1 : 65420] successfully.
[Debug] [2026-3-26 14:33:39] Send RPC:2
[Debug] [2026-3-26 14:33:39] Send cmd [get_cable_paras:40010] OK
[Debug] [2026-3-26 14:33:39] Begin to send initialize chain cmd...
[Debug] [2026-3-26 14:33:39] Send RPC:3
[Debug] [2026-3-26 14:33:39] Send cmd [Open config cable:20001] OK
[Debug] [2026-3-26 14:33:39] End to send initialize chain cmd.
[Debug] [2026-3-26 14:33:39] COMMAND[check version information] execute successfully, takes 0.3 secs.
[Debug] [2026-3-26 14:33:39] Log::Print : COMMAND[check version information] execute successfully, takes 0.3 secs.
[Debug] [2026-3-26 14:33:40] COMMAND[get_cable_paras] execute successfully, takes 1.1 secs.
[Debug] [2026-3-26 14:33:40] Log::Print : The cable List : 
Cable index 0:USB Cable II/fffffffffffffffe 

[Debug] [2026-3-26 14:33:40] Log::Print : COMMAND[get_cable_paras] execute successfully, takes 1.1 secs.
[Debug] [2026-3-26 14:33:40] begin the exec of open cable cmd...
[Debug] [2026-3-26 14:33:40] Begin to deal with chain from server...
[Debug] [2026-3-26 14:33:40] Begin to set user chain...
[Debug] [2026-3-26 14:33:40] End to set user chain.
[Debug] [2026-3-26 14:33:40] Begin to update graphic item and tree item ...
[Debug] [2026-3-26 14:33:40] End to update graphic item and tree item ...
[Debug] [2026-3-26 14:33:40] Log::Print : PANGO USB CABLE II cable driver: D2XX DLL
[Debug] [2026-3-26 14:33:40] Log::Print : PGL50G
[Debug] [2026-3-26 14:33:40] Log::Print : This device configure situation (done bit): 1
[Info] [2026-3-26 14:33:41] set OpenLastPath: E:/FPGA/TSP_RVmaster/FPGA/pango_cpu/generate_bitstream/SoC_Top.sbit
[Debug] [2026-3-26 14:33:41] begin to get device info from CFG file...
[Debug] [2026-3-26 14:33:41] end to get device info from CFG file...
[Debug] [2026-3-26 14:33:41] Begin to update graphic item and tree item ...
[Debug] [2026-3-26 14:33:41] End to update graphic item and tree item ...
[Debug] [2026-3-26 14:33:41] Begin to update graphic item and tree item ...
[Debug] [2026-3-26 14:33:41] End to update graphic item and tree item ...
[Debug] [2026-3-26 14:33:41] End to deal wiht chain from server.
[Debug] [2026-3-26 14:33:41] end the exec of open cable cmd.
[Debug] [2026-3-26 14:33:41] COMMAND[Open config cable] execute successfully, takes 2.4 secs.
[Debug] [2026-3-26 14:33:41] Log::Print : COMMAND[Open config cable] execute successfully, takes 2.4 secs.
[Debug] [2026-3-26 14:33:42] Begin to send programming cmd...
[Debug] [2026-3-26 14:33:42] Send RPC:4
[Debug] [2026-3-26 14:33:42] Begin to send program data.
[Debug] [2026-3-26 14:33:42] End to send program data.
[Debug] [2026-3-26 14:33:42] Send cmd [Program:20002] OK
[Debug] [2026-3-26 14:33:42] The value of Progress is 6
[Debug] [2026-3-26 14:33:42] The value of Progress is 10
[Debug] [2026-3-26 14:33:42] The value of Progress is 15
[Debug] [2026-3-26 14:33:42] The value of Progress is 20
[Debug] [2026-3-26 14:33:43] The value of Progress is 25
[Debug] [2026-3-26 14:33:43] The value of Progress is 30
[Debug] [2026-3-26 14:33:43] The value of Progress is 35
[Debug] [2026-3-26 14:33:43] The value of Progress is 40
[Debug] [2026-3-26 14:33:43] The value of Progress is 45
[Debug] [2026-3-26 14:33:43] The value of Progress is 50
[Debug] [2026-3-26 14:33:43] The value of Progress is 55
[Debug] [2026-3-26 14:33:43] The value of Progress is 60
[Debug] [2026-3-26 14:33:43] The value of Progress is 65
[Debug] [2026-3-26 14:33:43] The value of Progress is 70
[Debug] [2026-3-26 14:33:43] The value of Progress is 75
[Debug] [2026-3-26 14:33:44] The value of Progress is 80
[Debug] [2026-3-26 14:33:44] The value of Progress is 85
[Debug] [2026-3-26 14:33:44] The value of Progress is 90
[Debug] [2026-3-26 14:33:44] The value of Progress is 95
[Debug] [2026-3-26 14:33:44] The value of Progress is 100
[Debug] [2026-3-26 14:33:44] COMMAND[Program] execute successfully, takes 2.0 secs.
[Debug] [2026-3-26 14:33:44] End to send programming cmd.
[Debug] [2026-3-26 14:33:44] Log::Print : The done bit is 1
[Debug] [2026-3-26 14:33:44] Log::Print : COMMAND[Program] execute successfully, takes 2.0 secs.
[Info] [2026-3-26 14:33:44] /***************************End Configration***************************/
[Info] [2026-3-26 14:37:18] /***************************Start Configuration***************************/
[Info] [2026-3-26 14:37:18] Path: E:/pango/PDS_2022.2-SP6.4/bin
[Info] [2026-3-26 14:37:18] Version: 146967
[Info] [2026-3-26 14:37:19] Current Path: E:/FPGA/TSP_RVmaster/FPGA/pango_cpu
[Info] [2026-3-26 14:37:19] PDS Dir Path: E:/FPGA/TSP_RVmaster/FPGA/pango_cpu
[Info] [2026-3-26 14:37:21] Configuration is not connect with server. connect first then scan chain.
[Debug] [2026-3-26 14:37:21] Client Local host name:LAPTOP-E3CFACBD
[Debug] [2026-3-26 14:37:21] Client Local Address:113.54.185.101
[Debug] [2026-3-26 14:37:21] Server Address:127.0.0.1, Port:65420
[Debug] [2026-3-26 14:37:21] Log::Print : Connecting to server[127.0.0.1 : 65420].
[Info] [2026-3-26 14:37:22] Connect OK, Server: 127.0.0.1  Port: 65420
[Debug] [2026-3-26 14:37:22] Finish.
[Info] [2026-3-26 14:37:22] Connect server succeeded
[Debug] [2026-3-26 14:37:22] Send RPC:1
[Debug] [2026-3-26 14:37:22] Send cmd [check version information:40004] OK
[Debug] [2026-3-26 14:37:22] Log::Print : Connect to server[127.0.0.1 : 65420] successfully.
[Debug] [2026-3-26 14:37:22] Send RPC:2
[Debug] [2026-3-26 14:37:22] Send cmd [get_cable_paras:40010] OK
[Debug] [2026-3-26 14:37:22] Begin to send initialize chain cmd...
[Debug] [2026-3-26 14:37:22] Send RPC:3
[Debug] [2026-3-26 14:37:22] Send cmd [Open config cable:20001] OK
[Debug] [2026-3-26 14:37:22] End to send initialize chain cmd.
[Debug] [2026-3-26 14:37:22] COMMAND[check version information] execute successfully, takes 0.3 secs.
[Debug] [2026-3-26 14:37:22] Log::Print : COMMAND[check version information] execute successfully, takes 0.3 secs.
[Debug] [2026-3-26 14:37:23] COMMAND[get_cable_paras] execute successfully, takes 1.1 secs.
[Debug] [2026-3-26 14:37:23] Log::Print : The cable List : 
Cable index 0:USB Cable II/fffffffffffffffe 

[Debug] [2026-3-26 14:37:23] Log::Print : COMMAND[get_cable_paras] execute successfully, takes 1.1 secs.
[Debug] [2026-3-26 14:37:24] begin the exec of open cable cmd...
[Debug] [2026-3-26 14:37:24] Begin to deal with chain from server...
[Debug] [2026-3-26 14:37:24] Begin to set user chain...
[Debug] [2026-3-26 14:37:24] End to set user chain.
[Debug] [2026-3-26 14:37:24] Begin to update graphic item and tree item ...
[Debug] [2026-3-26 14:37:24] End to update graphic item and tree item ...
[Debug] [2026-3-26 14:37:24] Log::Print : PANGO USB CABLE II cable driver: D2XX DLL
[Debug] [2026-3-26 14:37:24] Log::Print : PGL50G
[Debug] [2026-3-26 14:37:24] Log::Print : This device configure situation (done bit): 1
[Info] [2026-3-26 14:37:24] set OpenLastPath: E:/FPGA/TSP_RVmaster/FPGA/pango_cpu/generate_bitstream/SoC_Top.sbit
[Debug] [2026-3-26 14:37:24] begin to get device info from CFG file...
[Debug] [2026-3-26 14:37:24] end to get device info from CFG file...
[Debug] [2026-3-26 14:37:24] Begin to update graphic item and tree item ...
[Debug] [2026-3-26 14:37:24] End to update graphic item and tree item ...
[Debug] [2026-3-26 14:37:24] Begin to update graphic item and tree item ...
[Debug] [2026-3-26 14:37:24] End to update graphic item and tree item ...
[Debug] [2026-3-26 14:37:24] End to deal wiht chain from server.
[Debug] [2026-3-26 14:37:24] end the exec of open cable cmd.
[Debug] [2026-3-26 14:37:24] COMMAND[Open config cable] execute successfully, takes 2.4 secs.
[Debug] [2026-3-26 14:37:24] Log::Print : COMMAND[Open config cable] execute successfully, takes 2.4 secs.
[Debug] [2026-3-26 14:37:25] Begin to send programming cmd...
[Debug] [2026-3-26 14:37:25] Send RPC:4
[Debug] [2026-3-26 14:37:25] Begin to send program data.
[Debug] [2026-3-26 14:37:25] End to send program data.
[Debug] [2026-3-26 14:37:25] Send cmd [Program:20002] OK
[Debug] [2026-3-26 14:37:25] The value of Progress is 6
[Debug] [2026-3-26 14:37:26] The value of Progress is 10
[Debug] [2026-3-26 14:37:26] The value of Progress is 15
[Debug] [2026-3-26 14:37:26] The value of Progress is 20
[Debug] [2026-3-26 14:37:26] The value of Progress is 25
[Debug] [2026-3-26 14:37:26] The value of Progress is 30
[Debug] [2026-3-26 14:37:26] The value of Progress is 35
[Debug] [2026-3-26 14:37:26] The value of Progress is 40
[Debug] [2026-3-26 14:37:26] The value of Progress is 45
[Debug] [2026-3-26 14:37:26] The value of Progress is 50
[Debug] [2026-3-26 14:37:26] The value of Progress is 55
[Debug] [2026-3-26 14:37:26] The value of Progress is 60
[Debug] [2026-3-26 14:37:27] The value of Progress is 65
[Debug] [2026-3-26 14:37:27] The value of Progress is 70
[Debug] [2026-3-26 14:37:27] The value of Progress is 75
[Debug] [2026-3-26 14:37:27] The value of Progress is 80
[Debug] [2026-3-26 14:37:27] The value of Progress is 85
[Debug] [2026-3-26 14:37:27] The value of Progress is 90
[Debug] [2026-3-26 14:37:27] The value of Progress is 95
[Debug] [2026-3-26 14:37:27] The value of Progress is 100
[Debug] [2026-3-26 14:37:27] COMMAND[Program] execute successfully, takes 2.0 secs.
[Debug] [2026-3-26 14:37:27] End to send programming cmd.
[Debug] [2026-3-26 14:37:27] Log::Print : The done bit is 1
[Debug] [2026-3-26 14:37:27] Log::Print : COMMAND[Program] execute successfully, takes 2.0 secs.
[Info] [2026-3-26 14:37:28] /***************************End Configration***************************/
[Info] [2026-3-26 14:41:42] /***************************Start Configuration***************************/
[Info] [2026-3-26 14:41:42] Path: E:/pango/PDS_2022.2-SP6.4/bin
[Info] [2026-3-26 14:41:42] Version: 146967
[Info] [2026-3-26 14:41:43] Current Path: E:/FPGA/TSP_RVmaster/FPGA/pango_cpu
[Info] [2026-3-26 14:41:43] PDS Dir Path: E:/FPGA/TSP_RVmaster/FPGA/pango_cpu
[Info] [2026-3-26 14:41:45] Configuration is not connect with server. connect first then scan chain.
[Debug] [2026-3-26 14:41:45] Client Local host name:LAPTOP-E3CFACBD
[Debug] [2026-3-26 14:41:45] Client Local Address:113.54.185.101
[Debug] [2026-3-26 14:41:45] Server Address:127.0.0.1, Port:65420
[Debug] [2026-3-26 14:41:45] Log::Print : Connecting to server[127.0.0.1 : 65420].
[Info] [2026-3-26 14:41:45] Connect OK, Server: 127.0.0.1  Port: 65420
[Debug] [2026-3-26 14:41:45] Finish.
[Info] [2026-3-26 14:41:45] Connect server succeeded
[Debug] [2026-3-26 14:41:45] Send RPC:1
[Debug] [2026-3-26 14:41:45] Send cmd [check version information:40004] OK
[Debug] [2026-3-26 14:41:45] Log::Print : Connect to server[127.0.0.1 : 65420] successfully.
[Debug] [2026-3-26 14:41:46] Send RPC:2
[Debug] [2026-3-26 14:41:46] Send cmd [get_cable_paras:40010] OK
[Debug] [2026-3-26 14:41:46] Begin to send initialize chain cmd...
[Debug] [2026-3-26 14:41:46] Send RPC:3
[Debug] [2026-3-26 14:41:46] Send cmd [Open config cable:20001] OK
[Debug] [2026-3-26 14:41:46] End to send initialize chain cmd.
[Debug] [2026-3-26 14:41:46] COMMAND[check version information] execute successfully, takes 0.3 secs.
[Debug] [2026-3-26 14:41:46] Log::Print : COMMAND[check version information] execute successfully, takes 0.3 secs.
[Debug] [2026-3-26 14:41:47] COMMAND[get_cable_paras] execute successfully, takes 1.2 secs.
[Debug] [2026-3-26 14:41:47] Log::Print : The cable List : 
Cable index 0:USB Cable II/fffffffffffffffe 

[Debug] [2026-3-26 14:41:47] Log::Print : COMMAND[get_cable_paras] execute successfully, takes 1.2 secs.
[Debug] [2026-3-26 14:41:47] begin the exec of open cable cmd...
[Debug] [2026-3-26 14:41:47] Begin to deal with chain from server...
[Debug] [2026-3-26 14:41:47] Begin to set user chain...
[Debug] [2026-3-26 14:41:47] End to set user chain.
[Debug] [2026-3-26 14:41:47] Begin to update graphic item and tree item ...
[Debug] [2026-3-26 14:41:47] End to update graphic item and tree item ...
[Debug] [2026-3-26 14:41:47] Log::Print : PANGO USB CABLE II cable driver: D2XX DLL
[Debug] [2026-3-26 14:41:47] Log::Print : PGL50G
[Debug] [2026-3-26 14:41:47] Log::Print : This device configure situation (done bit): 1
[Info] [2026-3-26 14:41:48] set OpenLastPath: E:/FPGA/TSP_RVmaster/FPGA/pango_cpu/generate_bitstream/SoC_Top.sbit
[Debug] [2026-3-26 14:41:48] begin to get device info from CFG file...
[Debug] [2026-3-26 14:41:48] end to get device info from CFG file...
[Debug] [2026-3-26 14:41:48] Begin to update graphic item and tree item ...
[Debug] [2026-3-26 14:41:48] End to update graphic item and tree item ...
[Debug] [2026-3-26 14:41:48] Begin to update graphic item and tree item ...
[Debug] [2026-3-26 14:41:48] End to update graphic item and tree item ...
[Debug] [2026-3-26 14:41:48] End to deal wiht chain from server.
[Debug] [2026-3-26 14:41:48] end the exec of open cable cmd.
[Debug] [2026-3-26 14:41:48] COMMAND[Open config cable] execute successfully, takes 2.6 secs.
[Debug] [2026-3-26 14:41:48] Log::Print : COMMAND[Open config cable] execute successfully, takes 2.6 secs.
[Debug] [2026-3-26 14:41:49] Begin to send programming cmd...
[Debug] [2026-3-26 14:41:49] Send RPC:4
[Debug] [2026-3-26 14:41:49] Begin to send program data.
[Debug] [2026-3-26 14:41:49] End to send program data.
[Debug] [2026-3-26 14:41:49] Send cmd [Program:20002] OK
[Debug] [2026-3-26 14:41:50] The value of Progress is 6
[Debug] [2026-3-26 14:41:50] The value of Progress is 10
[Debug] [2026-3-26 14:41:50] The value of Progress is 15
[Debug] [2026-3-26 14:41:50] The value of Progress is 20
[Debug] [2026-3-26 14:41:50] The value of Progress is 25
[Debug] [2026-3-26 14:41:50] The value of Progress is 30
[Debug] [2026-3-26 14:41:50] The value of Progress is 35
[Debug] [2026-3-26 14:41:50] The value of Progress is 40
[Debug] [2026-3-26 14:41:50] The value of Progress is 45
[Debug] [2026-3-26 14:41:51] The value of Progress is 50
[Debug] [2026-3-26 14:41:51] The value of Progress is 55
[Debug] [2026-3-26 14:41:51] The value of Progress is 60
[Debug] [2026-3-26 14:41:51] The value of Progress is 65
[Debug] [2026-3-26 14:41:51] The value of Progress is 70
[Debug] [2026-3-26 14:41:51] The value of Progress is 75
[Debug] [2026-3-26 14:41:51] The value of Progress is 80
[Debug] [2026-3-26 14:41:51] The value of Progress is 85
[Debug] [2026-3-26 14:41:51] The value of Progress is 90
[Debug] [2026-3-26 14:41:51] The value of Progress is 95
[Debug] [2026-3-26 14:41:51] The value of Progress is 100
[Debug] [2026-3-26 14:41:52] COMMAND[Program] execute successfully, takes 2.0 secs.
[Debug] [2026-3-26 14:41:52] End to send programming cmd.
[Debug] [2026-3-26 14:41:52] Log::Print : The done bit is 1
[Debug] [2026-3-26 14:41:52] Log::Print : COMMAND[Program] execute successfully, takes 2.0 secs.
[Info] [2026-3-26 14:41:52] /***************************End Configration***************************/
[Info] [2026-3-26 14:50:44] /***************************Start Configuration***************************/
[Info] [2026-3-26 14:50:44] Path: E:/pango/PDS_2022.2-SP6.4/bin
[Info] [2026-3-26 14:50:44] Version: 146967
[Info] [2026-3-26 14:50:45] Current Path: E:/FPGA/TSP_RVmaster/FPGA/pango_cpu
[Info] [2026-3-26 14:50:45] PDS Dir Path: E:/FPGA/TSP_RVmaster/FPGA/pango_cpu
[Info] [2026-3-26 14:50:47] Configuration is not connect with server. connect first then scan chain.
[Debug] [2026-3-26 14:50:47] Client Local host name:LAPTOP-E3CFACBD
[Debug] [2026-3-26 14:50:47] Client Local Address:113.54.185.101
[Debug] [2026-3-26 14:50:47] Server Address:127.0.0.1, Port:65420
[Debug] [2026-3-26 14:50:47] Log::Print : Connecting to server[127.0.0.1 : 65420].
[Info] [2026-3-26 14:50:48] Connect OK, Server: 127.0.0.1  Port: 65420
[Debug] [2026-3-26 14:50:48] Finish.
[Info] [2026-3-26 14:50:48] Connect server succeeded
[Debug] [2026-3-26 14:50:48] Send RPC:1
[Debug] [2026-3-26 14:50:48] Send cmd [check version information:40004] OK
[Debug] [2026-3-26 14:50:48] Log::Print : Connect to server[127.0.0.1 : 65420] successfully.
[Debug] [2026-3-26 14:50:48] Send RPC:2
[Debug] [2026-3-26 14:50:48] Send cmd [get_cable_paras:40010] OK
[Debug] [2026-3-26 14:50:48] Begin to send initialize chain cmd...
[Debug] [2026-3-26 14:50:48] Send RPC:3
[Debug] [2026-3-26 14:50:48] Send cmd [Open config cable:20001] OK
[Debug] [2026-3-26 14:50:48] End to send initialize chain cmd.
[Debug] [2026-3-26 14:50:48] COMMAND[check version information] execute successfully, takes 0.3 secs.
[Debug] [2026-3-26 14:50:48] Log::Print : COMMAND[check version information] execute successfully, takes 0.3 secs.
[Debug] [2026-3-26 14:50:49] COMMAND[get_cable_paras] execute successfully, takes 1.1 secs.
[Debug] [2026-3-26 14:50:49] Log::Print : The cable List : 
Cable index 0:USB Cable II/fffffffffffffffe 

[Debug] [2026-3-26 14:50:49] Log::Print : COMMAND[get_cable_paras] execute successfully, takes 1.1 secs.
[Debug] [2026-3-26 14:50:50] begin the exec of open cable cmd...
[Debug] [2026-3-26 14:50:50] Begin to deal with chain from server...
[Debug] [2026-3-26 14:50:50] Begin to set user chain...
[Debug] [2026-3-26 14:50:50] End to set user chain.
[Debug] [2026-3-26 14:50:50] Begin to update graphic item and tree item ...
[Debug] [2026-3-26 14:50:50] End to update graphic item and tree item ...
[Debug] [2026-3-26 14:50:50] Log::Print : PANGO USB CABLE II cable driver: D2XX DLL
[Debug] [2026-3-26 14:50:50] Log::Print : PGL50G
[Debug] [2026-3-26 14:50:50] Log::Print : This device configure situation (done bit): 1
[Info] [2026-3-26 14:50:51] set OpenLastPath: E:/FPGA/TSP_RVmaster/FPGA/pango_cpu/generate_bitstream/SoC_Top.sbit
[Debug] [2026-3-26 14:50:51] begin to get device info from CFG file...
[Debug] [2026-3-26 14:50:51] end to get device info from CFG file...
[Debug] [2026-3-26 14:50:51] Begin to update graphic item and tree item ...
[Debug] [2026-3-26 14:50:51] End to update graphic item and tree item ...
[Debug] [2026-3-26 14:50:51] Begin to update graphic item and tree item ...
[Debug] [2026-3-26 14:50:51] End to update graphic item and tree item ...
[Debug] [2026-3-26 14:50:51] End to deal wiht chain from server.
[Debug] [2026-3-26 14:50:51] end the exec of open cable cmd.
[Debug] [2026-3-26 14:50:51] COMMAND[Open config cable] execute successfully, takes 2.7 secs.
[Debug] [2026-3-26 14:50:51] Log::Print : COMMAND[Open config cable] execute successfully, takes 2.7 secs.
[Debug] [2026-3-26 14:50:52] Begin to send programming cmd...
[Debug] [2026-3-26 14:50:52] Send RPC:4
[Debug] [2026-3-26 14:50:52] Begin to send program data.
[Debug] [2026-3-26 14:50:52] End to send program data.
[Debug] [2026-3-26 14:50:52] Send cmd [Program:20002] OK
[Debug] [2026-3-26 14:50:52] The value of Progress is 6
[Debug] [2026-3-26 14:50:52] The value of Progress is 10
[Debug] [2026-3-26 14:50:52] The value of Progress is 15
[Debug] [2026-3-26 14:50:52] The value of Progress is 20
[Debug] [2026-3-26 14:50:52] The value of Progress is 25
[Debug] [2026-3-26 14:50:52] The value of Progress is 30
[Debug] [2026-3-26 14:50:53] The value of Progress is 35
[Debug] [2026-3-26 14:50:53] The value of Progress is 40
[Debug] [2026-3-26 14:50:53] The value of Progress is 45
[Debug] [2026-3-26 14:50:53] The value of Progress is 50
[Debug] [2026-3-26 14:50:53] The value of Progress is 55
[Debug] [2026-3-26 14:50:53] The value of Progress is 60
[Debug] [2026-3-26 14:50:53] The value of Progress is 65
[Debug] [2026-3-26 14:50:53] The value of Progress is 70
[Debug] [2026-3-26 14:50:53] The value of Progress is 75
[Debug] [2026-3-26 14:50:53] The value of Progress is 80
[Debug] [2026-3-26 14:50:53] The value of Progress is 85
[Debug] [2026-3-26 14:50:54] The value of Progress is 90
[Debug] [2026-3-26 14:50:54] The value of Progress is 95
[Debug] [2026-3-26 14:50:54] The value of Progress is 100
[Debug] [2026-3-26 14:50:54] COMMAND[Program] execute successfully, takes 2.0 secs.
[Debug] [2026-3-26 14:50:54] End to send programming cmd.
[Debug] [2026-3-26 14:50:54] Log::Print : The done bit is 1
[Debug] [2026-3-26 14:50:54] Log::Print : COMMAND[Program] execute successfully, takes 2.0 secs.
[Info] [2026-3-26 14:50:55] /***************************End Configration***************************/
[Info] [2026-3-26 14:57:16] /***************************Start Configuration***************************/
[Info] [2026-3-26 14:57:16] Path: E:/pango/PDS_2022.2-SP6.4/bin
[Info] [2026-3-26 14:57:16] Version: 146967
[Info] [2026-3-26 14:57:17] Current Path: E:/FPGA/TSP_RVmaster/FPGA/pango_cpu
[Info] [2026-3-26 14:57:17] PDS Dir Path: E:/FPGA/TSP_RVmaster/FPGA/pango_cpu
[Info] [2026-3-26 14:57:20] Configuration is not connect with server. connect first then scan chain.
[Debug] [2026-3-26 14:57:20] Client Local host name:LAPTOP-E3CFACBD
[Debug] [2026-3-26 14:57:20] Client Local Address:113.54.185.101
[Debug] [2026-3-26 14:57:20] Server Address:127.0.0.1, Port:65420
[Debug] [2026-3-26 14:57:20] Log::Print : Connecting to server[127.0.0.1 : 65420].
[Info] [2026-3-26 14:57:20] Connect OK, Server: 127.0.0.1  Port: 65420
[Debug] [2026-3-26 14:57:20] Finish.
[Info] [2026-3-26 14:57:20] Connect server succeeded
[Debug] [2026-3-26 14:57:20] Send RPC:1
[Debug] [2026-3-26 14:57:20] Send cmd [check version information:40004] OK
[Debug] [2026-3-26 14:57:20] Log::Print : Connect to server[127.0.0.1 : 65420] successfully.
[Debug] [2026-3-26 14:57:21] Send RPC:2
[Debug] [2026-3-26 14:57:21] Send cmd [get_cable_paras:40010] OK
[Debug] [2026-3-26 14:57:21] Begin to send initialize chain cmd...
[Debug] [2026-3-26 14:57:21] Send RPC:3
[Debug] [2026-3-26 14:57:21] Send cmd [Open config cable:20001] OK
[Debug] [2026-3-26 14:57:21] End to send initialize chain cmd.
[Debug] [2026-3-26 14:57:21] COMMAND[check version information] execute successfully, takes 0.5 secs.
[Debug] [2026-3-26 14:57:21] Log::Print : COMMAND[check version information] execute successfully, takes 0.5 secs.
[Debug] [2026-3-26 14:57:22] COMMAND[get_cable_paras] execute successfully, takes 1.2 secs.
[Debug] [2026-3-26 14:57:22] Log::Print : The cable List : 
Cable index 0:USB Cable II/fffffffffffffffe 

[Debug] [2026-3-26 14:57:22] Log::Print : COMMAND[get_cable_paras] execute successfully, takes 1.2 secs.
[Debug] [2026-3-26 14:57:23] begin the exec of open cable cmd...
[Debug] [2026-3-26 14:57:23] Begin to deal with chain from server...
[Debug] [2026-3-26 14:57:23] Begin to set user chain...
[Debug] [2026-3-26 14:57:23] End to set user chain.
[Debug] [2026-3-26 14:57:23] Begin to update graphic item and tree item ...
[Debug] [2026-3-26 14:57:23] End to update graphic item and tree item ...
[Debug] [2026-3-26 14:57:23] Log::Print : PANGO USB CABLE II cable driver: D2XX DLL
[Debug] [2026-3-26 14:57:23] Log::Print : PGL50G
[Debug] [2026-3-26 14:57:23] Log::Print : This device configure situation (done bit): 1
[Info] [2026-3-26 14:57:24] set OpenLastPath: E:/FPGA/TSP_RVmaster/FPGA/pango_cpu/generate_bitstream/SoC_Top.sbit
[Debug] [2026-3-26 14:57:24] begin to get device info from CFG file...
[Debug] [2026-3-26 14:57:24] end to get device info from CFG file...
[Debug] [2026-3-26 14:57:24] Begin to update graphic item and tree item ...
[Debug] [2026-3-26 14:57:24] End to update graphic item and tree item ...
[Debug] [2026-3-26 14:57:24] Begin to update graphic item and tree item ...
[Debug] [2026-3-26 14:57:24] End to update graphic item and tree item ...
[Debug] [2026-3-26 14:57:24] End to deal wiht chain from server.
[Debug] [2026-3-26 14:57:24] end the exec of open cable cmd.
[Debug] [2026-3-26 14:57:24] COMMAND[Open config cable] execute successfully, takes 2.9 secs.
[Debug] [2026-3-26 14:57:24] Log::Print : COMMAND[Open config cable] execute successfully, takes 2.9 secs.
[Debug] [2026-3-26 14:57:25] Begin to send programming cmd...
[Debug] [2026-3-26 14:57:25] Send RPC:4
[Debug] [2026-3-26 14:57:25] Begin to send program data.
[Debug] [2026-3-26 14:57:25] End to send program data.
[Debug] [2026-3-26 14:57:25] Send cmd [Program:20002] OK
[Debug] [2026-3-26 14:57:25] The value of Progress is 6
[Debug] [2026-3-26 14:57:25] The value of Progress is 10
[Debug] [2026-3-26 14:57:25] The value of Progress is 15
[Debug] [2026-3-26 14:57:25] The value of Progress is 20
[Debug] [2026-3-26 14:57:25] The value of Progress is 25
[Debug] [2026-3-26 14:57:25] The value of Progress is 30
[Debug] [2026-3-26 14:57:26] The value of Progress is 35
[Debug] [2026-3-26 14:57:26] The value of Progress is 40
[Debug] [2026-3-26 14:57:26] The value of Progress is 45
[Debug] [2026-3-26 14:57:26] The value of Progress is 50
[Debug] [2026-3-26 14:57:26] The value of Progress is 55
[Debug] [2026-3-26 14:57:26] The value of Progress is 60
[Debug] [2026-3-26 14:57:26] The value of Progress is 65
[Debug] [2026-3-26 14:57:26] The value of Progress is 70
[Debug] [2026-3-26 14:57:26] The value of Progress is 75
[Debug] [2026-3-26 14:57:26] The value of Progress is 80
[Debug] [2026-3-26 14:57:26] The value of Progress is 85
[Debug] [2026-3-26 14:57:26] The value of Progress is 90
[Debug] [2026-3-26 14:57:27] The value of Progress is 95
[Debug] [2026-3-26 14:57:27] The value of Progress is 100
[Debug] [2026-3-26 14:57:27] COMMAND[Program] execute successfully, takes 2.0 secs.
[Debug] [2026-3-26 14:57:27] End to send programming cmd.
[Debug] [2026-3-26 14:57:27] Log::Print : The done bit is 1
[Debug] [2026-3-26 14:57:27] Log::Print : COMMAND[Program] execute successfully, takes 2.0 secs.
[Info] [2026-3-26 14:57:27] /***************************End Configration***************************/
[Info] [2026-3-26 15:09:38] /***************************Start Configuration***************************/
[Info] [2026-3-26 15:09:38] Path: E:/pango/PDS_2022.2-SP6.4/bin
[Info] [2026-3-26 15:09:38] Version: 146967
[Info] [2026-3-26 15:09:39] Current Path: E:/FPGA/TSP_RVmaster/FPGA/pango_cpu
[Info] [2026-3-26 15:09:39] PDS Dir Path: E:/FPGA/TSP_RVmaster/FPGA/pango_cpu
[Info] [2026-3-26 15:09:45] Configuration is not connect with server. connect first then scan chain.
[Debug] [2026-3-26 15:09:45] Client Local host name:LAPTOP-E3CFACBD
[Debug] [2026-3-26 15:09:45] Client Local Address:113.54.185.101
[Debug] [2026-3-26 15:09:45] Server Address:127.0.0.1, Port:65420
[Debug] [2026-3-26 15:09:45] Log::Print : Connecting to server[127.0.0.1 : 65420].
[Info] [2026-3-26 15:09:45] Connect OK, Server: 127.0.0.1  Port: 65420
[Debug] [2026-3-26 15:09:45] Finish.
[Info] [2026-3-26 15:09:45] Connect server succeeded
[Debug] [2026-3-26 15:09:45] Send RPC:1
[Debug] [2026-3-26 15:09:45] Send cmd [check version information:40004] OK
[Debug] [2026-3-26 15:09:45] Log::Print : Connect to server[127.0.0.1 : 65420] successfully.
[Debug] [2026-3-26 15:09:45] Send RPC:2
[Debug] [2026-3-26 15:09:45] Send cmd [get_cable_paras:40010] OK
[Debug] [2026-3-26 15:09:45] Begin to send initialize chain cmd...
[Debug] [2026-3-26 15:09:45] Send RPC:3
[Debug] [2026-3-26 15:09:45] Send cmd [Open config cable:20001] OK
[Debug] [2026-3-26 15:09:45] End to send initialize chain cmd.
[Debug] [2026-3-26 15:09:45] COMMAND[check version information] execute successfully, takes 0.4 secs.
[Debug] [2026-3-26 15:09:45] Log::Print : COMMAND[check version information] execute successfully, takes 0.4 secs.
[Debug] [2026-3-26 15:09:47] COMMAND[get_cable_paras] execute successfully, takes 1.2 secs.
[Debug] [2026-3-26 15:09:47] Log::Print : The cable List : 
Cable index 0:USB Cable II/fffffffffffffffe 

[Debug] [2026-3-26 15:09:47] Log::Print : COMMAND[get_cable_paras] execute successfully, takes 1.2 secs.
[Debug] [2026-3-26 15:09:47] begin the exec of open cable cmd...
[Debug] [2026-3-26 15:09:47] Begin to deal with chain from server...
[Debug] [2026-3-26 15:09:47] Begin to set user chain...
[Debug] [2026-3-26 15:09:47] End to set user chain.
[Debug] [2026-3-26 15:09:47] Begin to update graphic item and tree item ...
[Debug] [2026-3-26 15:09:47] End to update graphic item and tree item ...
[Debug] [2026-3-26 15:09:47] Log::Print : PANGO USB CABLE II cable driver: D2XX DLL
[Debug] [2026-3-26 15:09:47] Log::Print : PGL50G
[Debug] [2026-3-26 15:09:47] Log::Print : This device configure situation (done bit): 1
[Info] [2026-3-26 15:09:48] set OpenLastPath: E:/FPGA/TSP_RVmaster/FPGA/pango_cpu/generate_bitstream/SoC_Top.sbit
[Debug] [2026-3-26 15:09:48] begin to get device info from CFG file...
[Debug] [2026-3-26 15:09:48] end to get device info from CFG file...
[Debug] [2026-3-26 15:09:48] Begin to update graphic item and tree item ...
[Debug] [2026-3-26 15:09:48] End to update graphic item and tree item ...
[Debug] [2026-3-26 15:09:48] Begin to update graphic item and tree item ...
[Debug] [2026-3-26 15:09:48] End to update graphic item and tree item ...
[Debug] [2026-3-26 15:09:48] End to deal wiht chain from server.
[Debug] [2026-3-26 15:09:48] end the exec of open cable cmd.
[Debug] [2026-3-26 15:09:48] COMMAND[Open config cable] execute successfully, takes 2.7 secs.
[Debug] [2026-3-26 15:09:48] Log::Print : COMMAND[Open config cable] execute successfully, takes 2.7 secs.
[Debug] [2026-3-26 15:09:49] Begin to send programming cmd...
[Debug] [2026-3-26 15:09:49] Send RPC:4
[Debug] [2026-3-26 15:09:49] Begin to send program data.
[Debug] [2026-3-26 15:09:49] End to send program data.
[Debug] [2026-3-26 15:09:49] Send cmd [Program:20002] OK
[Debug] [2026-3-26 15:09:49] The value of Progress is 6
[Debug] [2026-3-26 15:09:49] The value of Progress is 10
[Debug] [2026-3-26 15:09:49] The value of Progress is 15
[Debug] [2026-3-26 15:09:50] The value of Progress is 20
[Debug] [2026-3-26 15:09:50] The value of Progress is 25
[Debug] [2026-3-26 15:09:50] The value of Progress is 30
[Debug] [2026-3-26 15:09:50] The value of Progress is 35
[Debug] [2026-3-26 15:09:50] The value of Progress is 40
[Debug] [2026-3-26 15:09:50] The value of Progress is 45
[Debug] [2026-3-26 15:09:50] The value of Progress is 50
[Debug] [2026-3-26 15:09:50] The value of Progress is 55
[Debug] [2026-3-26 15:09:50] The value of Progress is 60
[Debug] [2026-3-26 15:09:50] The value of Progress is 65
[Debug] [2026-3-26 15:09:50] The value of Progress is 70
[Debug] [2026-3-26 15:09:50] The value of Progress is 75
[Debug] [2026-3-26 15:09:51] The value of Progress is 80
[Debug] [2026-3-26 15:09:51] The value of Progress is 85
[Debug] [2026-3-26 15:09:51] The value of Progress is 90
[Debug] [2026-3-26 15:09:51] The value of Progress is 95
[Debug] [2026-3-26 15:09:51] The value of Progress is 100
[Debug] [2026-3-26 15:09:51] COMMAND[Program] execute successfully, takes 2.0 secs.
[Debug] [2026-3-26 15:09:51] End to send programming cmd.
[Debug] [2026-3-26 15:09:51] Log::Print : The done bit is 1
[Debug] [2026-3-26 15:09:51] Log::Print : COMMAND[Program] execute successfully, takes 2.0 secs.
[Info] [2026-3-26 15:09:55] /***************************End Configration***************************/
[Info] [2026-3-26 15:15:58] /***************************Start Configuration***************************/
[Info] [2026-3-26 15:15:58] Path: E:/pango/PDS_2022.2-SP6.4/bin
[Info] [2026-3-26 15:15:58] Version: 146967
[Info] [2026-3-26 15:15:59] Current Path: E:/FPGA/TSP_RVmaster/FPGA/pango_cpu
[Info] [2026-3-26 15:15:59] PDS Dir Path: E:/FPGA/TSP_RVmaster/FPGA/pango_cpu
[Info] [2026-3-26 15:16:00] Configuration is not connect with server. connect first then scan chain.
[Debug] [2026-3-26 15:16:00] Client Local host name:LAPTOP-E3CFACBD
[Debug] [2026-3-26 15:16:00] Client Local Address:113.54.185.101
[Debug] [2026-3-26 15:16:00] Server Address:127.0.0.1, Port:65420
[Debug] [2026-3-26 15:16:00] Log::Print : Connecting to server[127.0.0.1 : 65420].
[Info] [2026-3-26 15:16:01] Connect OK, Server: 127.0.0.1  Port: 65420
[Debug] [2026-3-26 15:16:01] Finish.
[Info] [2026-3-26 15:16:01] Connect server succeeded
[Debug] [2026-3-26 15:16:01] Send RPC:1
[Debug] [2026-3-26 15:16:01] Send cmd [check version information:40004] OK
[Debug] [2026-3-26 15:16:01] Log::Print : Connect to server[127.0.0.1 : 65420] successfully.
[Debug] [2026-3-26 15:16:01] Send RPC:2
[Debug] [2026-3-26 15:16:01] Send cmd [get_cable_paras:40010] OK
[Debug] [2026-3-26 15:16:01] Begin to send initialize chain cmd...
[Debug] [2026-3-26 15:16:01] Send RPC:3
[Debug] [2026-3-26 15:16:01] Send cmd [Open config cable:20001] OK
[Debug] [2026-3-26 15:16:01] End to send initialize chain cmd.
[Debug] [2026-3-26 15:16:01] COMMAND[check version information] execute successfully, takes 0.3 secs.
[Debug] [2026-3-26 15:16:01] Log::Print : COMMAND[check version information] execute successfully, takes 0.3 secs.
[Debug] [2026-3-26 15:16:02] COMMAND[get_cable_paras] execute successfully, takes 1.1 secs.
[Debug] [2026-3-26 15:16:02] Log::Print : The cable List : 
Cable index 0:USB Cable II/fffffffffffffffe 

[Debug] [2026-3-26 15:16:02] Log::Print : COMMAND[get_cable_paras] execute successfully, takes 1.1 secs.
[Debug] [2026-3-26 15:16:03] begin the exec of open cable cmd...
[Debug] [2026-3-26 15:16:03] Begin to deal with chain from server...
[Debug] [2026-3-26 15:16:03] Begin to set user chain...
[Debug] [2026-3-26 15:16:03] End to set user chain.
[Debug] [2026-3-26 15:16:03] Begin to update graphic item and tree item ...
[Debug] [2026-3-26 15:16:03] End to update graphic item and tree item ...
[Debug] [2026-3-26 15:16:03] Log::Print : PANGO USB CABLE II cable driver: D2XX DLL
[Debug] [2026-3-26 15:16:03] Log::Print : PGL50G
[Debug] [2026-3-26 15:16:03] Log::Print : This device configure situation (done bit): 1
[Info] [2026-3-26 15:16:04] set OpenLastPath: E:/FPGA/TSP_RVmaster/FPGA/pango_cpu/generate_bitstream/SoC_Top.sbit
[Debug] [2026-3-26 15:16:04] begin to get device info from CFG file...
[Debug] [2026-3-26 15:16:04] end to get device info from CFG file...
[Debug] [2026-3-26 15:16:04] Begin to update graphic item and tree item ...
[Debug] [2026-3-26 15:16:04] End to update graphic item and tree item ...
[Debug] [2026-3-26 15:16:04] Begin to update graphic item and tree item ...
[Debug] [2026-3-26 15:16:04] End to update graphic item and tree item ...
[Debug] [2026-3-26 15:16:04] End to deal wiht chain from server.
[Debug] [2026-3-26 15:16:04] end the exec of open cable cmd.
[Debug] [2026-3-26 15:16:04] COMMAND[Open config cable] execute successfully, takes 2.8 secs.
[Debug] [2026-3-26 15:16:04] Log::Print : COMMAND[Open config cable] execute successfully, takes 2.8 secs.
[Debug] [2026-3-26 15:16:05] Begin to send programming cmd...
[Debug] [2026-3-26 15:16:05] Send RPC:4
[Debug] [2026-3-26 15:16:05] Begin to send program data.
[Debug] [2026-3-26 15:16:05] End to send program data.
[Debug] [2026-3-26 15:16:05] Send cmd [Program:20002] OK
[Debug] [2026-3-26 15:16:05] The value of Progress is 6
[Debug] [2026-3-26 15:16:05] The value of Progress is 10
[Debug] [2026-3-26 15:16:06] The value of Progress is 15
[Debug] [2026-3-26 15:16:06] The value of Progress is 20
[Debug] [2026-3-26 15:16:06] The value of Progress is 25
[Debug] [2026-3-26 15:16:06] The value of Progress is 30
[Debug] [2026-3-26 15:16:06] The value of Progress is 35
[Debug] [2026-3-26 15:16:06] The value of Progress is 40
[Debug] [2026-3-26 15:16:06] The value of Progress is 45
[Debug] [2026-3-26 15:16:06] The value of Progress is 50
[Debug] [2026-3-26 15:16:06] The value of Progress is 55
[Debug] [2026-3-26 15:16:06] The value of Progress is 60
[Debug] [2026-3-26 15:16:06] The value of Progress is 65
[Debug] [2026-3-26 15:16:07] The value of Progress is 70
[Debug] [2026-3-26 15:16:07] The value of Progress is 75
[Debug] [2026-3-26 15:16:07] The value of Progress is 80
[Debug] [2026-3-26 15:16:07] The value of Progress is 85
[Debug] [2026-3-26 15:16:07] The value of Progress is 90
[Debug] [2026-3-26 15:16:07] The value of Progress is 95
[Debug] [2026-3-26 15:16:07] The value of Progress is 100
[Debug] [2026-3-26 15:16:07] COMMAND[Program] execute successfully, takes 2.0 secs.
[Debug] [2026-3-26 15:16:07] End to send programming cmd.
[Debug] [2026-3-26 15:16:07] Log::Print : The done bit is 1
[Debug] [2026-3-26 15:16:07] Log::Print : COMMAND[Program] execute successfully, takes 2.0 secs.
[Info] [2026-3-26 15:16:08] /***************************End Configration***************************/
[Info] [2026-3-26 15:22:56] /***************************Start Configuration***************************/
[Info] [2026-3-26 15:22:56] Path: E:/pango/PDS_2022.2-SP6.4/bin
[Info] [2026-3-26 15:22:56] Version: 146967
[Info] [2026-3-26 15:22:57] Current Path: E:/FPGA/TSP_RVmaster/FPGA/pango_cpu
[Info] [2026-3-26 15:22:57] PDS Dir Path: E:/FPGA/TSP_RVmaster/FPGA/pango_cpu
[Info] [2026-3-26 15:22:59] Configuration is not connect with server. connect first then scan chain.
[Debug] [2026-3-26 15:22:59] Client Local host name:LAPTOP-E3CFACBD
[Debug] [2026-3-26 15:22:59] Client Local Address:113.54.185.101
[Debug] [2026-3-26 15:22:59] Server Address:127.0.0.1, Port:65420
[Debug] [2026-3-26 15:22:59] Log::Print : Connecting to server[127.0.0.1 : 65420].
[Info] [2026-3-26 15:22:59] Connect OK, Server: 127.0.0.1  Port: 65420
[Debug] [2026-3-26 15:22:59] Finish.
[Info] [2026-3-26 15:22:59] Connect server succeeded
[Debug] [2026-3-26 15:22:59] Send RPC:1
[Debug] [2026-3-26 15:22:59] Send cmd [check version information:40004] OK
[Debug] [2026-3-26 15:22:59] Log::Print : Connect to server[127.0.0.1 : 65420] successfully.
[Debug] [2026-3-26 15:22:59] Send RPC:2
[Debug] [2026-3-26 15:22:59] Send cmd [get_cable_paras:40010] OK
[Debug] [2026-3-26 15:22:59] Begin to send initialize chain cmd...
[Debug] [2026-3-26 15:22:59] Send RPC:3
[Debug] [2026-3-26 15:22:59] Send cmd [Open config cable:20001] OK
[Debug] [2026-3-26 15:22:59] End to send initialize chain cmd.
[Debug] [2026-3-26 15:22:59] COMMAND[check version information] execute successfully, takes 0.3 secs.
[Debug] [2026-3-26 15:22:59] Log::Print : COMMAND[check version information] execute successfully, takes 0.3 secs.
[Debug] [2026-3-26 15:23:01] COMMAND[get_cable_paras] execute successfully, takes 1.1 secs.
[Debug] [2026-3-26 15:23:01] Log::Print : The cable List : 
Cable index 0:USB Cable II/fffffffffffffffe 

[Debug] [2026-3-26 15:23:01] Log::Print : COMMAND[get_cable_paras] execute successfully, takes 1.1 secs.
[Debug] [2026-3-26 15:23:01] begin the exec of open cable cmd...
[Debug] [2026-3-26 15:23:01] Begin to deal with chain from server...
[Debug] [2026-3-26 15:23:01] Begin to set user chain...
[Debug] [2026-3-26 15:23:01] End to set user chain.
[Debug] [2026-3-26 15:23:01] Begin to update graphic item and tree item ...
[Debug] [2026-3-26 15:23:01] End to update graphic item and tree item ...
[Debug] [2026-3-26 15:23:01] Log::Print : PANGO USB CABLE II cable driver: D2XX DLL
[Debug] [2026-3-26 15:23:01] Log::Print : PGL50G
[Debug] [2026-3-26 15:23:01] Log::Print : This device configure situation (done bit): 1
[Info] [2026-3-26 15:23:02] set OpenLastPath: E:/FPGA/TSP_RVmaster/FPGA/pango_cpu/generate_bitstream/SoC_Top.sbit
[Debug] [2026-3-26 15:23:02] begin to get device info from CFG file...
[Debug] [2026-3-26 15:23:02] end to get device info from CFG file...
[Debug] [2026-3-26 15:23:02] Begin to update graphic item and tree item ...
[Debug] [2026-3-26 15:23:02] End to update graphic item and tree item ...
[Debug] [2026-3-26 15:23:02] Begin to update graphic item and tree item ...
[Debug] [2026-3-26 15:23:02] End to update graphic item and tree item ...
[Debug] [2026-3-26 15:23:02] End to deal wiht chain from server.
[Debug] [2026-3-26 15:23:02] end the exec of open cable cmd.
[Debug] [2026-3-26 15:23:02] COMMAND[Open config cable] execute successfully, takes 2.6 secs.
[Debug] [2026-3-26 15:23:02] Log::Print : COMMAND[Open config cable] execute successfully, takes 2.6 secs.
[Debug] [2026-3-26 15:23:03] Begin to send programming cmd...
[Debug] [2026-3-26 15:23:03] Send RPC:4
[Debug] [2026-3-26 15:23:03] Begin to send program data.
[Debug] [2026-3-26 15:23:03] End to send program data.
[Debug] [2026-3-26 15:23:03] Send cmd [Program:20002] OK
[Debug] [2026-3-26 15:23:03] The value of Progress is 6
[Debug] [2026-3-26 15:23:04] The value of Progress is 10
[Debug] [2026-3-26 15:23:04] The value of Progress is 15
[Debug] [2026-3-26 15:23:04] The value of Progress is 20
[Debug] [2026-3-26 15:23:04] The value of Progress is 25
[Debug] [2026-3-26 15:23:04] The value of Progress is 30
[Debug] [2026-3-26 15:23:04] The value of Progress is 35
[Debug] [2026-3-26 15:23:04] The value of Progress is 40
[Debug] [2026-3-26 15:23:04] The value of Progress is 45
[Debug] [2026-3-26 15:23:04] The value of Progress is 50
[Debug] [2026-3-26 15:23:04] The value of Progress is 55
[Debug] [2026-3-26 15:23:04] The value of Progress is 60
[Debug] [2026-3-26 15:23:04] The value of Progress is 65
[Debug] [2026-3-26 15:23:05] The value of Progress is 70
[Debug] [2026-3-26 15:23:05] The value of Progress is 75
[Debug] [2026-3-26 15:23:05] The value of Progress is 80
[Debug] [2026-3-26 15:23:05] The value of Progress is 85
[Debug] [2026-3-26 15:23:05] The value of Progress is 90
[Debug] [2026-3-26 15:23:05] The value of Progress is 95
[Debug] [2026-3-26 15:23:05] The value of Progress is 100
[Debug] [2026-3-26 15:23:05] COMMAND[Program] execute successfully, takes 2.0 secs.
[Debug] [2026-3-26 15:23:05] End to send programming cmd.
[Debug] [2026-3-26 15:23:05] Log::Print : The done bit is 1
[Debug] [2026-3-26 15:23:05] Log::Print : COMMAND[Program] execute successfully, takes 2.0 secs.
[Info] [2026-3-26 15:23:05] /***************************End Configration***************************/
[Info] [2026-3-26 15:27:35] /***************************Start Configuration***************************/
[Info] [2026-3-26 15:27:35] Path: E:/pango/PDS_2022.2-SP6.4/bin
[Info] [2026-3-26 15:27:35] Version: 146967
[Info] [2026-3-26 15:27:36] Current Path: E:/FPGA/TSP_RVmaster/FPGA/pango_cpu
[Info] [2026-3-26 15:27:36] PDS Dir Path: E:/FPGA/TSP_RVmaster/FPGA/pango_cpu
[Info] [2026-3-26 15:27:37] Configuration is not connect with server. connect first then scan chain.
[Debug] [2026-3-26 15:27:37] Client Local host name:LAPTOP-E3CFACBD
[Debug] [2026-3-26 15:27:37] Client Local Address:113.54.185.101
[Debug] [2026-3-26 15:27:37] Server Address:127.0.0.1, Port:65420
[Debug] [2026-3-26 15:27:37] Log::Print : Connecting to server[127.0.0.1 : 65420].
[Info] [2026-3-26 15:27:38] Connect OK, Server: 127.0.0.1  Port: 65420
[Debug] [2026-3-26 15:27:38] Finish.
[Info] [2026-3-26 15:27:38] Connect server succeeded
[Debug] [2026-3-26 15:27:38] Send RPC:1
[Debug] [2026-3-26 15:27:38] Send cmd [check version information:40004] OK
[Debug] [2026-3-26 15:27:38] Log::Print : Connect to server[127.0.0.1 : 65420] successfully.
[Debug] [2026-3-26 15:27:38] Send RPC:2
[Debug] [2026-3-26 15:27:38] Send cmd [get_cable_paras:40010] OK
[Debug] [2026-3-26 15:27:38] Begin to send initialize chain cmd...
[Debug] [2026-3-26 15:27:38] Send RPC:3
[Debug] [2026-3-26 15:27:38] Send cmd [Open config cable:20001] OK
[Debug] [2026-3-26 15:27:38] End to send initialize chain cmd.
[Debug] [2026-3-26 15:27:38] COMMAND[check version information] execute successfully, takes 0.4 secs.
[Debug] [2026-3-26 15:27:38] Log::Print : COMMAND[check version information] execute successfully, takes 0.4 secs.
[Debug] [2026-3-26 15:27:39] COMMAND[get_cable_paras] execute successfully, takes 1.2 secs.
[Debug] [2026-3-26 15:27:39] Log::Print : The cable List : 
Cable index 0:USB Cable II/fffffffffffffffe 

[Debug] [2026-3-26 15:27:39] Log::Print : COMMAND[get_cable_paras] execute successfully, takes 1.2 secs.
[Debug] [2026-3-26 15:27:40] begin the exec of open cable cmd...
[Debug] [2026-3-26 15:27:40] Begin to deal with chain from server...
[Debug] [2026-3-26 15:27:40] Begin to set user chain...
[Debug] [2026-3-26 15:27:40] End to set user chain.
[Debug] [2026-3-26 15:27:40] Begin to update graphic item and tree item ...
[Debug] [2026-3-26 15:27:40] End to update graphic item and tree item ...
[Debug] [2026-3-26 15:27:40] Log::Print : PANGO USB CABLE II cable driver: D2XX DLL
[Debug] [2026-3-26 15:27:40] Log::Print : PGL50G
[Debug] [2026-3-26 15:27:40] Log::Print : This device configure situation (done bit): 1
[Info] [2026-3-26 15:27:41] set OpenLastPath: E:/FPGA/TSP_RVmaster/FPGA/pango_cpu/generate_bitstream/SoC_Top.sbit
[Debug] [2026-3-26 15:27:41] begin to get device info from CFG file...
[Debug] [2026-3-26 15:27:41] end to get device info from CFG file...
[Debug] [2026-3-26 15:27:41] Begin to update graphic item and tree item ...
[Debug] [2026-3-26 15:27:41] End to update graphic item and tree item ...
[Debug] [2026-3-26 15:27:41] Begin to update graphic item and tree item ...
[Debug] [2026-3-26 15:27:41] End to update graphic item and tree item ...
[Debug] [2026-3-26 15:27:41] End to deal wiht chain from server.
[Debug] [2026-3-26 15:27:41] end the exec of open cable cmd.
[Debug] [2026-3-26 15:27:41] COMMAND[Open config cable] execute successfully, takes 2.8 secs.
[Debug] [2026-3-26 15:27:41] Log::Print : COMMAND[Open config cable] execute successfully, takes 2.8 secs.
[Debug] [2026-3-26 15:27:46] Begin to Converte file.
[Debug] [2026-3-26 15:27:57] begin to parse sfc file.
[Debug] [2026-3-26 15:27:57] begin to get device info from CFG file...
[Debug] [2026-3-26 15:27:57] end to get device info from CFG file...
[Debug] [2026-3-26 15:27:57] begin to get device info from CFG file...
[Debug] [2026-3-26 15:27:57] end to get device info from CFG file...
[Debug] [2026-3-26 15:27:57] end to parse sfc file.
[Debug] [2026-3-26 15:27:57] Log::Print : The Start Address of bit file E:/FPGA/TSP_RVmaster/FPGA/pango_cpu/generate_bitstream/SoC_Top.sbit: 0x0
[Debug] [2026-3-26 15:27:58] End to Converte file.
[Debug] [2026-3-26 15:28:00] Begin to send scan outer flash cmd...
[Debug] [2026-3-26 15:28:00] Send RPC:4
[Debug] [2026-3-26 15:28:00] Send cmd [Scan Outer SPI Flash:20300] OK
[Debug] [2026-3-26 15:28:00] End to send scan outer flash cmd.
[Debug] [2026-3-26 15:28:01] begin to exec scan jtag flash cmd...
[Debug] [2026-3-26 15:28:01] Begin to initialize JtagFlash for selected FPGA Device...
[Debug] [2026-3-26 15:28:01] Begin to update graphic item and tree item ...
[Debug] [2026-3-26 15:28:01] End to update graphic item and tree item ...
[Info] [2026-3-26 15:28:02] set OpenLastPath: E:/FPGA/TSP_RVmaster/FPGA/pango_cpu/generate_bitstream/SoC_Top.sfc
[Debug] [2026-3-26 15:28:02] begin to check SFC File and Flash Device Read Mode.
[Debug] [2026-3-26 15:28:02] end to check SFC File and Flash Device Read Mode.
[Debug] [2026-3-26 15:28:02] Begin to update graphic item and tree item ...
[Debug] [2026-3-26 15:28:02] End to update graphic item and tree item ...
[Debug] [2026-3-26 15:28:02] End to initialize OuterFlash for selected FPGA Device...
[Debug] [2026-3-26 15:28:02] end to exec scan jtag flash cmd...
[Debug] [2026-3-26 15:28:02] COMMAND[Scan Outer SPI Flash] execute successfully, takes 1.7 secs.
[Debug] [2026-3-26 15:28:02] Log::Print : COMMAND[Scan Outer SPI Flash] execute successfully, takes 1.7 secs.
[Debug] [2026-3-26 15:28:05] begin to send promgram jtag flash cmd.
[Debug] [2026-3-26 15:28:05] begin to send jtag flash erase cmd
[Debug] [2026-3-26 15:28:05] Send RPC:5
[Debug] [2026-3-26 15:28:05] Begin to send embed flash erase data.
[Debug] [2026-3-26 15:28:05] Begin to send flash erase data.
[Debug] [2026-3-26 15:28:05] End to send flash erase data.
[Debug] [2026-3-26 15:28:05] End to send embed flash erase data.
[Debug] [2026-3-26 15:28:05] Send cmd [Erase Outer Flash:20302] OK
[Debug] [2026-3-26 15:28:05] Log::Print : The start address of operating flash is 0x0.
[Debug] [2026-3-26 15:28:05] The value of Progress is 1
[Debug] [2026-3-26 15:28:06] The value of Progress is 6
[Debug] [2026-3-26 15:28:06] The value of Progress is 12
[Debug] [2026-3-26 15:28:06] The value of Progress is 15
[Debug] [2026-3-26 15:28:06] The value of Progress is 21
[Debug] [2026-3-26 15:28:06] The value of Progress is 27
[Debug] [2026-3-26 15:28:06] The value of Progress is 30
[Debug] [2026-3-26 15:28:07] The value of Progress is 36
[Debug] [2026-3-26 15:28:07] The value of Progress is 42
[Debug] [2026-3-26 15:28:07] The value of Progress is 45
[Debug] [2026-3-26 15:28:07] The value of Progress is 51
[Debug] [2026-3-26 15:28:07] The value of Progress is 57
[Debug] [2026-3-26 15:28:08] The value of Progress is 60
[Debug] [2026-3-26 15:28:08] The value of Progress is 66
[Debug] [2026-3-26 15:28:08] The value of Progress is 72
[Debug] [2026-3-26 15:28:08] The value of Progress is 75
[Debug] [2026-3-26 15:28:08] The value of Progress is 81
[Debug] [2026-3-26 15:28:09] The value of Progress is 87
[Debug] [2026-3-26 15:28:09] The value of Progress is 90
[Debug] [2026-3-26 15:28:09] The value of Progress is 96
[Debug] [2026-3-26 15:28:09] The value of Progress is 100
[Debug] [2026-3-26 15:28:09] COMMAND[Erase Outer Flash] execute finish, takes 4.1 secs.
[Debug] [2026-3-26 15:28:09] end to send jtag flash erase cmd.
[Debug] [2026-3-26 15:28:09] Send RPC:6
[Debug] [2026-3-26 15:28:09] Begin to send jtag flash program data.
[Debug] [2026-3-26 15:28:09] Begin to send flash program data.
[Debug] [2026-3-26 15:28:09] End to send flash program data.
[Debug] [2026-3-26 15:28:09] End to send embed flash program data.
[Debug] [2026-3-26 15:28:09] Send cmd [Program Outer Flash:20301] OK
[Debug] [2026-3-26 15:28:09] Log::Print : COMMAND[Erase Outer Flash] execute finish, takes 4.1 secs.
[Debug] [2026-3-26 15:28:09] Log::Print : The start address of operating flash is 0x0.
[Debug] [2026-3-26 15:28:09] The value of Progress is 1
[Error] [2026-3-26 15:28:11] fail to exec Program Outer Flash cmd...
[Debug] [2026-3-26 15:28:11] end to send jtag flash program cmd.
[Error] [2026-3-26 15:28:11] MsgOut: Configuration-0008: The command 'Program Outer Flash' execute fail.
[Debug] [2026-3-26 15:28:22] begin to send promgram jtag flash cmd.
[Debug] [2026-3-26 15:28:22] begin to send jtag flash erase cmd
[Debug] [2026-3-26 15:28:22] Send RPC:7
[Debug] [2026-3-26 15:28:22] Begin to send embed flash erase data.
[Debug] [2026-3-26 15:28:22] Begin to send flash erase data.
[Debug] [2026-3-26 15:28:22] End to send flash erase data.
[Debug] [2026-3-26 15:28:22] End to send embed flash erase data.
[Debug] [2026-3-26 15:28:22] Send cmd [Erase Outer Flash:20302] OK
[Debug] [2026-3-26 15:28:22] Log::Print : The start address of operating flash is 0x0.
[Error] [2026-3-26 15:28:22] fail to exec Erase Outer Flash cmd...
[Debug] [2026-3-26 15:28:22] end to send jtag flash erase cmd.
[Error] [2026-3-26 15:28:22] Flash Erasing failed before programming.
[Error] [2026-3-26 15:28:22] MsgOut: JtagServer-0309: The idcode read from the device doesn't match. Device id is 0x0, expected id is 0xc84018.
[Error] [2026-3-26 15:28:22] MsgOut: Init flash device failed
[Error] [2026-3-26 15:28:22] MsgOut: Configuration-0008: The command 'Erase Outer Flash' execute fail.
[Debug] [2026-3-26 15:28:31] Begin to Converte file.
[Debug] [2026-3-26 15:28:31] End to Converte file.
[Debug] [2026-3-26 15:28:51] begin to parse sfc file.
[Debug] [2026-3-26 15:28:51] begin to get device info from CFG file...
[Debug] [2026-3-26 15:28:51] end to get device info from CFG file...
[Debug] [2026-3-26 15:28:51] begin to get device info from CFG file...
[Debug] [2026-3-26 15:28:51] end to get device info from CFG file...
[Debug] [2026-3-26 15:28:51] end to parse sfc file.
[Debug] [2026-3-26 15:28:51] Log::Print : The Start Address of bit file E:/FPGA/TSP_RVmaster/FPGA/pango_cpu/generate_bitstream/SoC_Top.sbit: 0x0
[Debug] [2026-3-26 15:28:54] begin to send promgram jtag flash cmd.
[Debug] [2026-3-26 15:28:54] begin to send jtag flash erase cmd
[Debug] [2026-3-26 15:28:54] Send RPC:8
[Debug] [2026-3-26 15:28:54] Begin to send embed flash erase data.
[Debug] [2026-3-26 15:28:54] Begin to send flash erase data.
[Debug] [2026-3-26 15:28:54] End to send flash erase data.
[Debug] [2026-3-26 15:28:54] End to send embed flash erase data.
[Debug] [2026-3-26 15:28:54] Send cmd [Erase Outer Flash:20302] OK
[Debug] [2026-3-26 15:28:54] Log::Print : The start address of operating flash is 0x0.
[Error] [2026-3-26 15:28:55] fail to exec Erase Outer Flash cmd...
[Debug] [2026-3-26 15:28:55] end to send jtag flash erase cmd.
[Error] [2026-3-26 15:28:55] Flash Erasing failed before programming.
[Error] [2026-3-26 15:28:55] MsgOut: JtagServer-0309: The idcode read from the device doesn't match. Device id is 0x0, expected id is 0xc84018.
[Error] [2026-3-26 15:28:55] MsgOut: Init flash device failed
[Error] [2026-3-26 15:28:55] MsgOut: Configuration-0008: The command 'Erase Outer Flash' execute fail.
[Debug] [2026-3-26 15:28:57] Begin to send programming cmd...
[Debug] [2026-3-26 15:28:57] Send RPC:9
[Debug] [2026-3-26 15:28:57] Begin to send program data.
[Debug] [2026-3-26 15:28:57] End to send program data.
[Debug] [2026-3-26 15:28:57] Send cmd [Program:20002] OK
[Debug] [2026-3-26 15:28:58] The value of Progress is 6
[Debug] [2026-3-26 15:28:58] The value of Progress is 10
[Debug] [2026-3-26 15:28:58] The value of Progress is 15
[Debug] [2026-3-26 15:28:58] The value of Progress is 20
[Debug] [2026-3-26 15:28:58] The value of Progress is 25
[Debug] [2026-3-26 15:28:58] The value of Progress is 30
[Debug] [2026-3-26 15:28:58] The value of Progress is 35
[Debug] [2026-3-26 15:28:58] The value of Progress is 40
[Debug] [2026-3-26 15:28:58] The value of Progress is 45
[Debug] [2026-3-26 15:28:58] The value of Progress is 50
[Debug] [2026-3-26 15:28:58] The value of Progress is 55
[Debug] [2026-3-26 15:28:59] The value of Progress is 60
[Debug] [2026-3-26 15:28:59] The value of Progress is 65
[Debug] [2026-3-26 15:28:59] The value of Progress is 70
[Debug] [2026-3-26 15:28:59] The value of Progress is 75
[Debug] [2026-3-26 15:28:59] The value of Progress is 80
[Debug] [2026-3-26 15:28:59] The value of Progress is 85
[Debug] [2026-3-26 15:28:59] The value of Progress is 90
[Debug] [2026-3-26 15:28:59] The value of Progress is 95
[Debug] [2026-3-26 15:28:59] The value of Progress is 100
[Debug] [2026-3-26 15:28:59] COMMAND[Program] execute successfully, takes 2.0 secs.
[Debug] [2026-3-26 15:28:59] End to send programming cmd.
[Debug] [2026-3-26 15:28:59] Log::Print : The done bit is 1
[Debug] [2026-3-26 15:28:59] Log::Print : COMMAND[Program] execute successfully, takes 2.0 secs.
[Info] [2026-3-26 15:29:24] /***************************End Configration***************************/
[Info] [2026-3-26 15:46:16] /***************************Start Configuration***************************/
[Info] [2026-3-26 15:46:16] Path: E:/pango/PDS_2022.2-SP6.4/bin
[Info] [2026-3-26 15:46:16] Version: 146967
[Info] [2026-3-26 15:46:17] Current Path: E:/FPGA/TSP_RVmaster/FPGA/pango_cpu
[Info] [2026-3-26 15:46:17] PDS Dir Path: E:/FPGA/TSP_RVmaster/FPGA/pango_cpu
[Info] [2026-3-26 15:46:19] Configuration is not connect with server. connect first then scan chain.
[Debug] [2026-3-26 15:46:19] Client Local host name:LAPTOP-E3CFACBD
[Debug] [2026-3-26 15:46:19] Client Local Address:113.54.185.101
[Debug] [2026-3-26 15:46:19] Server Address:127.0.0.1, Port:65420
[Debug] [2026-3-26 15:46:19] Log::Print : Connecting to server[127.0.0.1 : 65420].
[Info] [2026-3-26 15:46:19] Connect OK, Server: 127.0.0.1  Port: 65420
[Debug] [2026-3-26 15:46:19] Finish.
[Info] [2026-3-26 15:46:19] Connect server succeeded
[Debug] [2026-3-26 15:46:19] Send RPC:1
[Debug] [2026-3-26 15:46:19] Send cmd [check version information:40004] OK
[Debug] [2026-3-26 15:46:19] Log::Print : Connect to server[127.0.0.1 : 65420] successfully.
[Debug] [2026-3-26 15:46:20] Send RPC:2
[Debug] [2026-3-26 15:46:20] Send cmd [get_cable_paras:40010] OK
[Debug] [2026-3-26 15:46:20] Begin to send initialize chain cmd...
[Debug] [2026-3-26 15:46:20] Send RPC:3
[Debug] [2026-3-26 15:46:20] Send cmd [Open config cable:20001] OK
[Debug] [2026-3-26 15:46:20] End to send initialize chain cmd.
[Debug] [2026-3-26 15:46:20] COMMAND[check version information] execute successfully, takes 0.4 secs.
[Debug] [2026-3-26 15:46:20] Log::Print : COMMAND[check version information] execute successfully, takes 0.4 secs.
[Debug] [2026-3-26 15:46:21] COMMAND[get_cable_paras] execute successfully, takes 1.2 secs.
[Debug] [2026-3-26 15:46:21] Log::Print : The cable List : 
Cable index 0:USB Cable II/fffffffffffffffe 

[Debug] [2026-3-26 15:46:21] Log::Print : COMMAND[get_cable_paras] execute successfully, takes 1.2 secs.
[Debug] [2026-3-26 15:46:21] begin the exec of open cable cmd...
[Debug] [2026-3-26 15:46:21] Begin to deal with chain from server...
[Debug] [2026-3-26 15:46:21] Begin to set user chain...
[Debug] [2026-3-26 15:46:21] End to set user chain.
[Debug] [2026-3-26 15:46:21] Begin to update graphic item and tree item ...
[Debug] [2026-3-26 15:46:21] End to update graphic item and tree item ...
[Debug] [2026-3-26 15:46:21] Log::Print : PANGO USB CABLE II cable driver: D2XX DLL
[Debug] [2026-3-26 15:46:21] Log::Print : PGL50G
[Debug] [2026-3-26 15:46:21] Log::Print : This device configure situation (done bit): 1
[Info] [2026-3-26 15:46:22] set OpenLastPath: E:/FPGA/TSP_RVmaster/FPGA/pango_cpu/generate_bitstream/SoC_Top.sbit
[Debug] [2026-3-26 15:46:22] begin to get device info from CFG file...
[Debug] [2026-3-26 15:46:22] end to get device info from CFG file...
[Debug] [2026-3-26 15:46:22] Begin to update graphic item and tree item ...
[Debug] [2026-3-26 15:46:22] End to update graphic item and tree item ...
[Debug] [2026-3-26 15:46:22] Begin to update graphic item and tree item ...
[Debug] [2026-3-26 15:46:22] End to update graphic item and tree item ...
[Debug] [2026-3-26 15:46:22] End to deal wiht chain from server.
[Debug] [2026-3-26 15:46:22] end the exec of open cable cmd.
[Debug] [2026-3-26 15:46:22] COMMAND[Open config cable] execute successfully, takes 2.5 secs.
[Debug] [2026-3-26 15:46:22] Log::Print : COMMAND[Open config cable] execute successfully, takes 2.5 secs.
[Debug] [2026-3-26 15:46:23] Begin to send programming cmd...
[Debug] [2026-3-26 15:46:23] Send RPC:4
[Debug] [2026-3-26 15:46:23] Begin to send program data.
[Debug] [2026-3-26 15:46:23] End to send program data.
[Debug] [2026-3-26 15:46:23] Send cmd [Program:20002] OK
[Debug] [2026-3-26 15:46:23] The value of Progress is 6
[Debug] [2026-3-26 15:46:23] The value of Progress is 10
[Debug] [2026-3-26 15:46:24] The value of Progress is 15
[Debug] [2026-3-26 15:46:24] The value of Progress is 20
[Debug] [2026-3-26 15:46:24] The value of Progress is 25
[Debug] [2026-3-26 15:46:24] The value of Progress is 30
[Debug] [2026-3-26 15:46:24] The value of Progress is 35
[Debug] [2026-3-26 15:46:24] The value of Progress is 40
[Debug] [2026-3-26 15:46:24] The value of Progress is 45
[Debug] [2026-3-26 15:46:24] The value of Progress is 50
[Debug] [2026-3-26 15:46:24] The value of Progress is 55
[Debug] [2026-3-26 15:46:24] The value of Progress is 60
[Debug] [2026-3-26 15:46:24] The value of Progress is 65
[Debug] [2026-3-26 15:46:25] The value of Progress is 70
[Debug] [2026-3-26 15:46:25] The value of Progress is 75
[Debug] [2026-3-26 15:46:25] The value of Progress is 80
[Debug] [2026-3-26 15:46:25] The value of Progress is 85
[Debug] [2026-3-26 15:46:25] The value of Progress is 90
[Debug] [2026-3-26 15:46:25] The value of Progress is 95
[Debug] [2026-3-26 15:46:25] The value of Progress is 100
[Debug] [2026-3-26 15:46:25] COMMAND[Program] execute successfully, takes 2.0 secs.
[Debug] [2026-3-26 15:46:25] End to send programming cmd.
[Debug] [2026-3-26 15:46:25] Log::Print : The done bit is 1
[Debug] [2026-3-26 15:46:25] Log::Print : COMMAND[Program] execute successfully, takes 2.0 secs.
[Info] [2026-3-26 15:46:27] /***************************End Configration***************************/
[Info] [2026-3-26 15:50:42] /***************************Start Configuration***************************/
[Info] [2026-3-26 15:50:42] Path: E:/pango/PDS_2022.2-SP6.4/bin
[Info] [2026-3-26 15:50:42] Version: 146967
[Info] [2026-3-26 15:50:43] Current Path: E:/FPGA/TSP_RVmaster/FPGA/pango_cpu
[Info] [2026-3-26 15:50:43] PDS Dir Path: E:/FPGA/TSP_RVmaster/FPGA/pango_cpu
[Info] [2026-3-26 15:50:44] Configuration is not connect with server. connect first then scan chain.
[Debug] [2026-3-26 15:50:44] Client Local host name:LAPTOP-E3CFACBD
[Debug] [2026-3-26 15:50:44] Client Local Address:113.54.185.101
[Debug] [2026-3-26 15:50:44] Server Address:127.0.0.1, Port:65420
[Debug] [2026-3-26 15:50:45] Log::Print : Connecting to server[127.0.0.1 : 65420].
[Info] [2026-3-26 15:50:45] Connect OK, Server: 127.0.0.1  Port: 65420
[Debug] [2026-3-26 15:50:45] Finish.
[Info] [2026-3-26 15:50:45] Connect server succeeded
[Debug] [2026-3-26 15:50:45] Send RPC:1
[Debug] [2026-3-26 15:50:45] Send cmd [check version information:40004] OK
[Debug] [2026-3-26 15:50:45] Log::Print : Connect to server[127.0.0.1 : 65420] successfully.
[Debug] [2026-3-26 15:50:45] Send RPC:2
[Debug] [2026-3-26 15:50:45] Send cmd [get_cable_paras:40010] OK
[Debug] [2026-3-26 15:50:45] Begin to send initialize chain cmd...
[Debug] [2026-3-26 15:50:45] Send RPC:3
[Debug] [2026-3-26 15:50:45] Send cmd [Open config cable:20001] OK
[Debug] [2026-3-26 15:50:45] End to send initialize chain cmd.
[Debug] [2026-3-26 15:50:45] COMMAND[check version information] execute successfully, takes 0.2 secs.
[Debug] [2026-3-26 15:50:45] Log::Print : COMMAND[check version information] execute successfully, takes 0.2 secs.
[Debug] [2026-3-26 15:50:46] COMMAND[get_cable_paras] execute successfully, takes 1.1 secs.
[Debug] [2026-3-26 15:50:46] Log::Print : The cable List : 
Cable index 0:USB Cable II/fffffffffffffffe 

[Debug] [2026-3-26 15:50:46] Log::Print : COMMAND[get_cable_paras] execute successfully, takes 1.1 secs.
[Debug] [2026-3-26 15:50:47] begin the exec of open cable cmd...
[Debug] [2026-3-26 15:50:47] Begin to deal with chain from server...
[Debug] [2026-3-26 15:50:47] Begin to set user chain...
[Debug] [2026-3-26 15:50:47] End to set user chain.
[Debug] [2026-3-26 15:50:47] Begin to update graphic item and tree item ...
[Debug] [2026-3-26 15:50:47] End to update graphic item and tree item ...
[Debug] [2026-3-26 15:50:47] Log::Print : PANGO USB CABLE II cable driver: D2XX DLL
[Debug] [2026-3-26 15:50:47] Log::Print : PGL50G
[Debug] [2026-3-26 15:50:47] Log::Print : This device configure situation (done bit): 1
[Info] [2026-3-26 15:50:47] set OpenLastPath: E:/FPGA/TSP_RVmaster/FPGA/pango_cpu/generate_bitstream/SoC_Top.sbit
[Debug] [2026-3-26 15:50:47] begin to get device info from CFG file...
[Debug] [2026-3-26 15:50:47] end to get device info from CFG file...
[Debug] [2026-3-26 15:50:47] Begin to update graphic item and tree item ...
[Debug] [2026-3-26 15:50:47] End to update graphic item and tree item ...
[Debug] [2026-3-26 15:50:47] Begin to update graphic item and tree item ...
[Debug] [2026-3-26 15:50:47] End to update graphic item and tree item ...
[Debug] [2026-3-26 15:50:47] End to deal wiht chain from server.
[Debug] [2026-3-26 15:50:47] end the exec of open cable cmd.
[Debug] [2026-3-26 15:50:47] COMMAND[Open config cable] execute successfully, takes 2.2 secs.
[Debug] [2026-3-26 15:50:47] Log::Print : COMMAND[Open config cable] execute successfully, takes 2.2 secs.
[Debug] [2026-3-26 15:50:48] Begin to send programming cmd...
[Debug] [2026-3-26 15:50:48] Send RPC:4
[Debug] [2026-3-26 15:50:48] Begin to send program data.
[Debug] [2026-3-26 15:50:48] End to send program data.
[Debug] [2026-3-26 15:50:48] Send cmd [Program:20002] OK
[Debug] [2026-3-26 15:50:49] The value of Progress is 6
[Debug] [2026-3-26 15:50:49] The value of Progress is 10
[Debug] [2026-3-26 15:50:49] The value of Progress is 15
[Debug] [2026-3-26 15:50:49] The value of Progress is 20
[Debug] [2026-3-26 15:50:49] The value of Progress is 25
[Debug] [2026-3-26 15:50:49] The value of Progress is 30
[Debug] [2026-3-26 15:50:49] The value of Progress is 35
[Debug] [2026-3-26 15:50:49] The value of Progress is 40
[Debug] [2026-3-26 15:50:49] The value of Progress is 45
[Debug] [2026-3-26 15:50:49] The value of Progress is 50
[Debug] [2026-3-26 15:50:49] The value of Progress is 55
[Debug] [2026-3-26 15:50:49] The value of Progress is 60
[Debug] [2026-3-26 15:50:50] The value of Progress is 65
[Debug] [2026-3-26 15:50:50] The value of Progress is 70
[Debug] [2026-3-26 15:50:50] The value of Progress is 75
[Debug] [2026-3-26 15:50:50] The value of Progress is 80
[Debug] [2026-3-26 15:50:50] The value of Progress is 85
[Debug] [2026-3-26 15:50:50] The value of Progress is 90
[Debug] [2026-3-26 15:50:50] The value of Progress is 95
[Debug] [2026-3-26 15:50:50] The value of Progress is 100
[Debug] [2026-3-26 15:50:50] COMMAND[Program] execute successfully, takes 2.0 secs.
[Debug] [2026-3-26 15:50:50] End to send programming cmd.
[Debug] [2026-3-26 15:50:50] Log::Print : The done bit is 1
[Debug] [2026-3-26 15:50:50] Log::Print : COMMAND[Program] execute successfully, takes 2.0 secs.
[Info] [2026-3-26 15:50:51] /***************************End Configration***************************/
[Info] [2026-3-26 16:07:30] /***************************Start Configuration***************************/
[Info] [2026-3-26 16:07:30] Path: E:/pango/PDS_2022.2-SP6.4/bin
[Info] [2026-3-26 16:07:30] Version: 146967
[Info] [2026-3-26 16:07:31] Current Path: E:/FPGA/TSP_RVmaster/FPGA/pango_cpu
[Info] [2026-3-26 16:07:31] PDS Dir Path: E:/FPGA/TSP_RVmaster/FPGA/pango_cpu
[Info] [2026-3-26 16:07:34] Configuration is not connect with server. connect first then scan chain.
[Debug] [2026-3-26 16:07:34] Client Local host name:LAPTOP-E3CFACBD
[Debug] [2026-3-26 16:07:34] Client Local Address:113.54.185.101
[Debug] [2026-3-26 16:07:34] Server Address:127.0.0.1, Port:65420
[Debug] [2026-3-26 16:07:34] Log::Print : Connecting to server[127.0.0.1 : 65420].
[Info] [2026-3-26 16:07:35] Connect OK, Server: 127.0.0.1  Port: 65420
[Debug] [2026-3-26 16:07:35] Finish.
[Info] [2026-3-26 16:07:35] Connect server succeeded
[Debug] [2026-3-26 16:07:35] Send RPC:1
[Debug] [2026-3-26 16:07:35] Send cmd [check version information:40004] OK
[Debug] [2026-3-26 16:07:35] Log::Print : Connect to server[127.0.0.1 : 65420] successfully.
[Debug] [2026-3-26 16:07:35] Send RPC:2
[Debug] [2026-3-26 16:07:35] Send cmd [get_cable_paras:40010] OK
[Debug] [2026-3-26 16:07:35] Begin to send initialize chain cmd...
[Debug] [2026-3-26 16:07:35] Send RPC:3
[Debug] [2026-3-26 16:07:35] Send cmd [Open config cable:20001] OK
[Debug] [2026-3-26 16:07:35] End to send initialize chain cmd.
[Debug] [2026-3-26 16:07:35] COMMAND[check version information] execute successfully, takes 0.3 secs.
[Debug] [2026-3-26 16:07:35] Log::Print : COMMAND[check version information] execute successfully, takes 0.3 secs.
[Debug] [2026-3-26 16:07:36] COMMAND[get_cable_paras] execute successfully, takes 1.2 secs.
[Debug] [2026-3-26 16:07:36] Log::Print : The cable List : 
Cable index 0:USB Cable II/fffffffffffffffe 

[Debug] [2026-3-26 16:07:36] Log::Print : COMMAND[get_cable_paras] execute successfully, takes 1.2 secs.
[Debug] [2026-3-26 16:07:36] begin the exec of open cable cmd...
[Debug] [2026-3-26 16:07:36] Begin to deal with chain from server...
[Debug] [2026-3-26 16:07:36] Begin to set user chain...
[Debug] [2026-3-26 16:07:36] End to set user chain.
[Debug] [2026-3-26 16:07:36] Begin to update graphic item and tree item ...
[Debug] [2026-3-26 16:07:36] End to update graphic item and tree item ...
[Debug] [2026-3-26 16:07:37] Log::Print : PANGO USB CABLE II cable driver: D2XX DLL
[Debug] [2026-3-26 16:07:37] Log::Print : PGL50G
[Debug] [2026-3-26 16:07:37] Log::Print : This device configure situation (done bit): 1
[Info] [2026-3-26 16:07:38] set OpenLastPath: E:/FPGA/TSP_RVmaster/FPGA/pango_cpu/generate_bitstream/SoC_Top.sbit
[Debug] [2026-3-26 16:07:38] begin to get device info from CFG file...
[Debug] [2026-3-26 16:07:38] end to get device info from CFG file...
[Debug] [2026-3-26 16:07:38] Begin to update graphic item and tree item ...
[Debug] [2026-3-26 16:07:38] End to update graphic item and tree item ...
[Debug] [2026-3-26 16:07:38] Begin to update graphic item and tree item ...
[Debug] [2026-3-26 16:07:38] End to update graphic item and tree item ...
[Debug] [2026-3-26 16:07:38] End to deal wiht chain from server.
[Debug] [2026-3-26 16:07:38] end the exec of open cable cmd.
[Debug] [2026-3-26 16:07:38] COMMAND[Open config cable] execute successfully, takes 2.8 secs.
[Debug] [2026-3-26 16:07:38] Log::Print : COMMAND[Open config cable] execute successfully, takes 2.8 secs.
[Debug] [2026-3-26 16:07:38] Begin to send programming cmd...
[Debug] [2026-3-26 16:07:38] Send RPC:4
[Debug] [2026-3-26 16:07:38] Begin to send program data.
[Debug] [2026-3-26 16:07:38] End to send program data.
[Debug] [2026-3-26 16:07:38] Send cmd [Program:20002] OK
[Debug] [2026-3-26 16:07:39] The value of Progress is 6
[Debug] [2026-3-26 16:07:39] The value of Progress is 10
[Debug] [2026-3-26 16:07:39] The value of Progress is 15
[Debug] [2026-3-26 16:07:39] The value of Progress is 20
[Debug] [2026-3-26 16:07:39] The value of Progress is 25
[Debug] [2026-3-26 16:07:39] The value of Progress is 30
[Debug] [2026-3-26 16:07:39] The value of Progress is 35
[Debug] [2026-3-26 16:07:39] The value of Progress is 40
[Debug] [2026-3-26 16:07:39] The value of Progress is 45
[Debug] [2026-3-26 16:07:40] The value of Progress is 50
[Debug] [2026-3-26 16:07:40] The value of Progress is 55
[Debug] [2026-3-26 16:07:40] The value of Progress is 60
[Debug] [2026-3-26 16:07:40] The value of Progress is 65
[Debug] [2026-3-26 16:07:40] The value of Progress is 70
[Debug] [2026-3-26 16:07:40] The value of Progress is 75
[Debug] [2026-3-26 16:07:40] The value of Progress is 80
[Debug] [2026-3-26 16:07:40] The value of Progress is 85
[Debug] [2026-3-26 16:07:40] The value of Progress is 90
[Debug] [2026-3-26 16:07:40] The value of Progress is 95
[Debug] [2026-3-26 16:07:40] The value of Progress is 100
[Debug] [2026-3-26 16:07:40] COMMAND[Program] execute successfully, takes 2.0 secs.
[Debug] [2026-3-26 16:07:40] End to send programming cmd.
[Debug] [2026-3-26 16:07:40] Log::Print : The done bit is 1
[Debug] [2026-3-26 16:07:40] Log::Print : COMMAND[Program] execute successfully, takes 2.0 secs.
[Info] [2026-3-26 16:07:41] /***************************End Configration***************************/
[Info] [2026-3-26 16:18:34] /***************************Start Configuration***************************/
[Info] [2026-3-26 16:18:34] Path: E:/pango/PDS_2022.2-SP6.4/bin
[Info] [2026-3-26 16:18:34] Version: 146967
[Info] [2026-3-26 16:18:35] Current Path: E:/FPGA/TSP_RVmaster/FPGA/pango_cpu
[Info] [2026-3-26 16:18:35] PDS Dir Path: E:/FPGA/TSP_RVmaster/FPGA/pango_cpu
[Info] [2026-3-26 16:18:37] Configuration is not connect with server. connect first then scan chain.
[Debug] [2026-3-26 16:18:37] Client Local host name:LAPTOP-E3CFACBD
[Debug] [2026-3-26 16:18:37] Client Local Address:113.54.185.101
[Debug] [2026-3-26 16:18:37] Server Address:127.0.0.1, Port:65420
[Debug] [2026-3-26 16:18:37] Log::Print : Connecting to server[127.0.0.1 : 65420].
[Info] [2026-3-26 16:18:38] Connect OK, Server: 127.0.0.1  Port: 65420
[Debug] [2026-3-26 16:18:38] Finish.
[Info] [2026-3-26 16:18:38] Connect server succeeded
[Debug] [2026-3-26 16:18:38] Send RPC:1
[Debug] [2026-3-26 16:18:38] Send cmd [check version information:40004] OK
[Debug] [2026-3-26 16:18:38] Log::Print : Connect to server[127.0.0.1 : 65420] successfully.
[Debug] [2026-3-26 16:18:38] Send RPC:2
[Debug] [2026-3-26 16:18:38] Send cmd [get_cable_paras:40010] OK
[Debug] [2026-3-26 16:18:38] Begin to send initialize chain cmd...
[Debug] [2026-3-26 16:18:38] Send RPC:3
[Debug] [2026-3-26 16:18:38] Send cmd [Open config cable:20001] OK
[Debug] [2026-3-26 16:18:38] End to send initialize chain cmd.
[Debug] [2026-3-26 16:18:38] COMMAND[check version information] execute successfully, takes 0.3 secs.
[Debug] [2026-3-26 16:18:38] Log::Print : COMMAND[check version information] execute successfully, takes 0.3 secs.
[Debug] [2026-3-26 16:18:39] COMMAND[get_cable_paras] execute successfully, takes 1.2 secs.
[Debug] [2026-3-26 16:18:39] Log::Print : The cable List : 
Cable index 0:USB Cable II/fffffffffffffffe 

[Debug] [2026-3-26 16:18:39] Log::Print : COMMAND[get_cable_paras] execute successfully, takes 1.2 secs.
[Debug] [2026-3-26 16:18:40] begin the exec of open cable cmd...
[Debug] [2026-3-26 16:18:40] Begin to deal with chain from server...
[Debug] [2026-3-26 16:18:40] Begin to set user chain...
[Debug] [2026-3-26 16:18:40] End to set user chain.
[Debug] [2026-3-26 16:18:40] Begin to update graphic item and tree item ...
[Debug] [2026-3-26 16:18:40] End to update graphic item and tree item ...
[Debug] [2026-3-26 16:18:40] Log::Print : PANGO USB CABLE II cable driver: D2XX DLL
[Debug] [2026-3-26 16:18:40] Log::Print : PGL50G
[Debug] [2026-3-26 16:18:40] Log::Print : This device configure situation (done bit): 1
[Info] [2026-3-26 16:18:40] set OpenLastPath: E:/FPGA/TSP_RVmaster/FPGA/pango_cpu/generate_bitstream/SoC_Top.sbit
[Debug] [2026-3-26 16:18:40] begin to get device info from CFG file...
[Debug] [2026-3-26 16:18:40] end to get device info from CFG file...
[Debug] [2026-3-26 16:18:40] Begin to update graphic item and tree item ...
[Debug] [2026-3-26 16:18:40] End to update graphic item and tree item ...
[Debug] [2026-3-26 16:18:40] Begin to update graphic item and tree item ...
[Debug] [2026-3-26 16:18:40] End to update graphic item and tree item ...
[Debug] [2026-3-26 16:18:40] End to deal wiht chain from server.
[Debug] [2026-3-26 16:18:40] end the exec of open cable cmd.
[Debug] [2026-3-26 16:18:40] COMMAND[Open config cable] execute successfully, takes 2.3 secs.
[Debug] [2026-3-26 16:18:40] Log::Print : COMMAND[Open config cable] execute successfully, takes 2.3 secs.
[Debug] [2026-3-26 16:18:41] Begin to send programming cmd...
[Debug] [2026-3-26 16:18:41] Send RPC:4
[Debug] [2026-3-26 16:18:41] Begin to send program data.
[Debug] [2026-3-26 16:18:41] End to send program data.
[Debug] [2026-3-26 16:18:41] Send cmd [Program:20002] OK
[Debug] [2026-3-26 16:18:42] The value of Progress is 6
[Debug] [2026-3-26 16:18:42] The value of Progress is 10
[Debug] [2026-3-26 16:18:42] The value of Progress is 15
[Debug] [2026-3-26 16:18:42] The value of Progress is 20
[Debug] [2026-3-26 16:18:42] The value of Progress is 25
[Debug] [2026-3-26 16:18:42] The value of Progress is 30
[Debug] [2026-3-26 16:18:42] The value of Progress is 35
[Debug] [2026-3-26 16:18:42] The value of Progress is 40
[Debug] [2026-3-26 16:18:42] The value of Progress is 45
[Debug] [2026-3-26 16:18:42] The value of Progress is 50
[Debug] [2026-3-26 16:18:42] The value of Progress is 55
[Debug] [2026-3-26 16:18:42] The value of Progress is 60
[Debug] [2026-3-26 16:18:43] The value of Progress is 65
[Debug] [2026-3-26 16:18:43] The value of Progress is 70
[Debug] [2026-3-26 16:18:43] The value of Progress is 75
[Debug] [2026-3-26 16:18:43] The value of Progress is 80
[Debug] [2026-3-26 16:18:43] The value of Progress is 85
[Debug] [2026-3-26 16:18:43] The value of Progress is 90
[Debug] [2026-3-26 16:18:43] The value of Progress is 95
[Debug] [2026-3-26 16:18:43] The value of Progress is 100
[Debug] [2026-3-26 16:18:43] COMMAND[Program] execute successfully, takes 2.0 secs.
[Debug] [2026-3-26 16:18:43] End to send programming cmd.
[Debug] [2026-3-26 16:18:43] Log::Print : The done bit is 1
[Debug] [2026-3-26 16:18:43] Log::Print : COMMAND[Program] execute successfully, takes 2.0 secs.
[Info] [2026-3-26 16:18:53] /***************************End Configration***************************/
[Info] [2026-3-26 16:19:06] /***************************Start Configuration***************************/
[Info] [2026-3-26 16:19:06] Path: E:/pango/PDS_2022.2-SP6.4/bin
[Info] [2026-3-26 16:19:06] Version: 146967
[Info] [2026-3-26 16:19:07] Current Path: E:/FPGA/TSP_RVmaster/FPGA/pango_cpu
[Info] [2026-3-26 16:19:07] PDS Dir Path: E:/FPGA/TSP_RVmaster/FPGA/pango_cpu
[Info] [2026-3-26 16:19:08] Configuration is not connect with server. connect first then scan chain.
[Debug] [2026-3-26 16:19:09] Client Local host name:LAPTOP-E3CFACBD
[Debug] [2026-3-26 16:19:09] Client Local Address:113.54.185.101
[Debug] [2026-3-26 16:19:09] Server Address:127.0.0.1, Port:65420
[Debug] [2026-3-26 16:19:09] Log::Print : Connecting to server[127.0.0.1 : 65420].
[Info] [2026-3-26 16:19:09] Connect OK, Server: 127.0.0.1  Port: 65420
[Debug] [2026-3-26 16:19:09] Finish.
[Info] [2026-3-26 16:19:09] Connect server succeeded
[Debug] [2026-3-26 16:19:09] Send RPC:1
[Debug] [2026-3-26 16:19:09] Send cmd [check version information:40004] OK
[Debug] [2026-3-26 16:19:09] Log::Print : Connect to server[127.0.0.1 : 65420] successfully.
[Debug] [2026-3-26 16:19:09] Send RPC:2
[Debug] [2026-3-26 16:19:09] Send cmd [get_cable_paras:40010] OK
[Debug] [2026-3-26 16:19:09] Begin to send initialize chain cmd...
[Debug] [2026-3-26 16:19:09] Send RPC:3
[Debug] [2026-3-26 16:19:09] Send cmd [Open config cable:20001] OK
[Debug] [2026-3-26 16:19:09] End to send initialize chain cmd.
[Debug] [2026-3-26 16:19:09] COMMAND[check version information] execute successfully, takes 0.3 secs.
[Debug] [2026-3-26 16:19:09] Log::Print : COMMAND[check version information] execute successfully, takes 0.3 secs.
[Debug] [2026-3-26 16:19:10] COMMAND[get_cable_paras] execute successfully, takes 1.1 secs.
[Debug] [2026-3-26 16:19:10] Log::Print : The cable List : 
Cable index 0:USB Cable II/fffffffffffffffe 

[Debug] [2026-3-26 16:19:10] Log::Print : COMMAND[get_cable_paras] execute successfully, takes 1.1 secs.
[Debug] [2026-3-26 16:19:11] begin the exec of open cable cmd...
[Debug] [2026-3-26 16:19:11] Begin to deal with chain from server...
[Debug] [2026-3-26 16:19:11] Begin to set user chain...
[Debug] [2026-3-26 16:19:11] End to set user chain.
[Debug] [2026-3-26 16:19:11] Begin to update graphic item and tree item ...
[Debug] [2026-3-26 16:19:11] End to update graphic item and tree item ...
[Debug] [2026-3-26 16:19:11] Log::Print : PANGO USB CABLE II cable driver: D2XX DLL
[Debug] [2026-3-26 16:19:11] Log::Print : PGL50G
[Debug] [2026-3-26 16:19:11] Log::Print : This device configure situation (done bit): 1
[Info] [2026-3-26 16:19:13] set OpenLastPath: E:/FPGA/TSP_RVmaster/FPGA/pango_cpu/generate_bitstream/SoC_Top.sbit
[Debug] [2026-3-26 16:19:13] begin to get device info from CFG file...
[Debug] [2026-3-26 16:19:13] end to get device info from CFG file...
[Debug] [2026-3-26 16:19:13] Begin to update graphic item and tree item ...
[Debug] [2026-3-26 16:19:13] End to update graphic item and tree item ...
[Debug] [2026-3-26 16:19:13] Begin to update graphic item and tree item ...
[Debug] [2026-3-26 16:19:13] End to update graphic item and tree item ...
[Debug] [2026-3-26 16:19:13] End to deal wiht chain from server.
[Debug] [2026-3-26 16:19:13] end the exec of open cable cmd.
[Debug] [2026-3-26 16:19:13] COMMAND[Open config cable] execute successfully, takes 3.4 secs.
[Debug] [2026-3-26 16:19:13] Log::Print : COMMAND[Open config cable] execute successfully, takes 3.4 secs.
[Debug] [2026-3-26 16:19:14] Begin to send programming cmd...
[Debug] [2026-3-26 16:19:14] Send RPC:4
[Debug] [2026-3-26 16:19:14] Begin to send program data.
[Debug] [2026-3-26 16:19:14] End to send program data.
[Debug] [2026-3-26 16:19:14] Send cmd [Program:20002] OK
[Debug] [2026-3-26 16:19:14] The value of Progress is 6
[Debug] [2026-3-26 16:19:14] The value of Progress is 10
[Debug] [2026-3-26 16:19:14] The value of Progress is 15
[Debug] [2026-3-26 16:19:14] The value of Progress is 20
[Debug] [2026-3-26 16:19:14] The value of Progress is 25
[Debug] [2026-3-26 16:19:14] The value of Progress is 30
[Debug] [2026-3-26 16:19:14] The value of Progress is 35
[Debug] [2026-3-26 16:19:14] The value of Progress is 40
[Debug] [2026-3-26 16:19:14] The value of Progress is 45
[Debug] [2026-3-26 16:19:15] The value of Progress is 50
[Debug] [2026-3-26 16:19:15] The value of Progress is 55
[Debug] [2026-3-26 16:19:15] The value of Progress is 60
[Debug] [2026-3-26 16:19:15] The value of Progress is 65
[Debug] [2026-3-26 16:19:15] The value of Progress is 70
[Debug] [2026-3-26 16:19:15] The value of Progress is 75
[Debug] [2026-3-26 16:19:15] The value of Progress is 80
[Debug] [2026-3-26 16:19:15] The value of Progress is 85
[Debug] [2026-3-26 16:19:15] The value of Progress is 90
[Debug] [2026-3-26 16:19:15] The value of Progress is 95
[Debug] [2026-3-26 16:19:15] The value of Progress is 100
[Debug] [2026-3-26 16:19:16] COMMAND[Program] execute successfully, takes 2.0 secs.
[Debug] [2026-3-26 16:19:16] End to send programming cmd.
[Debug] [2026-3-26 16:19:16] Log::Print : The done bit is 1
[Debug] [2026-3-26 16:19:16] Log::Print : COMMAND[Program] execute successfully, takes 2.0 secs.
[Info] [2026-3-26 16:19:18] /***************************End Configration***************************/
[Info] [2026-3-26 18:51:49] /***************************Start Configuration***************************/
[Info] [2026-3-26 18:51:49] Path: E:/pango/PDS_2022.2-SP6.4/bin
[Info] [2026-3-26 18:51:49] Version: 146967
[Info] [2026-3-26 18:51:50] Current Path: E:/FPGA/TSP_RVmaster/FPGA/pango_cpu
[Info] [2026-3-26 18:51:50] PDS Dir Path: E:/FPGA/TSP_RVmaster/FPGA/pango_cpu
[Info] [2026-3-26 18:51:58] Configuration is not connect with server. connect first then scan chain.
[Debug] [2026-3-26 18:51:58] Client Local host name:LAPTOP-E3CFACBD
[Debug] [2026-3-26 18:51:58] Client Local Address:113.54.185.101
[Debug] [2026-3-26 18:51:58] Server Address:127.0.0.1, Port:65420
[Debug] [2026-3-26 18:51:58] Log::Print : Connecting to server[127.0.0.1 : 65420].
[Info] [2026-3-26 18:51:58] Connect OK, Server: 127.0.0.1  Port: 65420
[Debug] [2026-3-26 18:51:58] Finish.
[Info] [2026-3-26 18:51:58] Connect server succeeded
[Debug] [2026-3-26 18:51:58] Send RPC:1
[Debug] [2026-3-26 18:51:58] Send cmd [check version information:40004] OK
[Debug] [2026-3-26 18:51:58] Log::Print : Connect to server[127.0.0.1 : 65420] successfully.
[Debug] [2026-3-26 18:51:58] Send RPC:2
[Debug] [2026-3-26 18:51:58] Send cmd [get_cable_paras:40010] OK
[Debug] [2026-3-26 18:51:58] Begin to send initialize chain cmd...
[Debug] [2026-3-26 18:51:58] Send RPC:3
[Debug] [2026-3-26 18:51:58] Send cmd [Open config cable:20001] OK
[Debug] [2026-3-26 18:51:58] End to send initialize chain cmd.
[Debug] [2026-3-26 18:51:58] COMMAND[check version information] execute successfully, takes 0.3 secs.
[Debug] [2026-3-26 18:51:58] Log::Print : COMMAND[check version information] execute successfully, takes 0.3 secs.
[Debug] [2026-3-26 18:52:00] COMMAND[get_cable_paras] execute successfully, takes 1.1 secs.
[Debug] [2026-3-26 18:52:00] Log::Print : The cable List : 
Cable index 0:USB Cable II/fffffffffffffffe 

[Debug] [2026-3-26 18:52:00] Log::Print : COMMAND[get_cable_paras] execute successfully, takes 1.1 secs.
[Debug] [2026-3-26 18:52:00] begin the exec of open cable cmd...
[Debug] [2026-3-26 18:52:00] Begin to deal with chain from server...
[Debug] [2026-3-26 18:52:00] Begin to set user chain...
[Debug] [2026-3-26 18:52:00] End to set user chain.
[Debug] [2026-3-26 18:52:00] Begin to update graphic item and tree item ...
[Debug] [2026-3-26 18:52:00] End to update graphic item and tree item ...
[Debug] [2026-3-26 18:52:00] Log::Print : PANGO USB CABLE II cable driver: D2XX DLL
[Debug] [2026-3-26 18:52:00] Log::Print : PGL50G
[Debug] [2026-3-26 18:52:00] Log::Print : This device configure situation (done bit): 0
[Info] [2026-3-26 18:52:01] set OpenLastPath: E:/FPGA/TSP_RVmaster/FPGA/pango_cpu/generate_bitstream/SoC_Top.sbit
[Debug] [2026-3-26 18:52:01] begin to get device info from CFG file...
[Debug] [2026-3-26 18:52:01] end to get device info from CFG file...
[Debug] [2026-3-26 18:52:01] Begin to update graphic item and tree item ...
[Debug] [2026-3-26 18:52:01] End to update graphic item and tree item ...
[Debug] [2026-3-26 18:52:01] Begin to update graphic item and tree item ...
[Debug] [2026-3-26 18:52:01] End to update graphic item and tree item ...
[Debug] [2026-3-26 18:52:01] End to deal wiht chain from server.
[Debug] [2026-3-26 18:52:01] end the exec of open cable cmd.
[Debug] [2026-3-26 18:52:01] COMMAND[Open config cable] execute successfully, takes 2.8 secs.
[Debug] [2026-3-26 18:52:01] Log::Print : COMMAND[Open config cable] execute successfully, takes 2.8 secs.
[Debug] [2026-3-26 18:52:02] Begin to send programming cmd...
[Debug] [2026-3-26 18:52:02] Send RPC:4
[Debug] [2026-3-26 18:52:02] Begin to send program data.
[Debug] [2026-3-26 18:52:02] End to send program data.
[Debug] [2026-3-26 18:52:02] Send cmd [Program:20002] OK
[Debug] [2026-3-26 18:52:03] The value of Progress is 6
[Debug] [2026-3-26 18:52:03] The value of Progress is 10
[Debug] [2026-3-26 18:52:03] The value of Progress is 15
[Debug] [2026-3-26 18:52:03] The value of Progress is 20
[Debug] [2026-3-26 18:52:03] The value of Progress is 25
[Debug] [2026-3-26 18:52:03] The value of Progress is 30
[Debug] [2026-3-26 18:52:03] The value of Progress is 35
[Debug] [2026-3-26 18:52:03] The value of Progress is 40
[Debug] [2026-3-26 18:52:03] The value of Progress is 45
[Debug] [2026-3-26 18:52:03] The value of Progress is 50
[Debug] [2026-3-26 18:52:04] The value of Progress is 55
[Debug] [2026-3-26 18:52:04] The value of Progress is 60
[Debug] [2026-3-26 18:52:04] The value of Progress is 65
[Debug] [2026-3-26 18:52:04] The value of Progress is 70
[Debug] [2026-3-26 18:52:04] The value of Progress is 75
[Debug] [2026-3-26 18:52:04] The value of Progress is 80
[Debug] [2026-3-26 18:52:04] The value of Progress is 85
[Debug] [2026-3-26 18:52:04] The value of Progress is 90
[Debug] [2026-3-26 18:52:04] The value of Progress is 95
[Debug] [2026-3-26 18:52:04] The value of Progress is 100
[Debug] [2026-3-26 18:52:04] COMMAND[Program] execute successfully, takes 2.0 secs.
[Debug] [2026-3-26 18:52:04] End to send programming cmd.
[Debug] [2026-3-26 18:52:04] Log::Print : The done bit is 1
[Debug] [2026-3-26 18:52:04] Log::Print : COMMAND[Program] execute successfully, takes 2.0 secs.
[Info] [2026-3-26 18:52:06] /***************************End Configration***************************/
[Info] [2026-3-26 19:02:41] /***************************Start Configuration***************************/
[Info] [2026-3-26 19:02:41] Path: E:/pango/PDS_2022.2-SP6.4/bin
[Info] [2026-3-26 19:02:41] Version: 146967
[Info] [2026-3-26 19:02:42] Current Path: E:/FPGA/TSP_RVmaster/FPGA/pango_cpu
[Info] [2026-3-26 19:02:42] PDS Dir Path: E:/FPGA/TSP_RVmaster/FPGA/pango_cpu
[Info] [2026-3-26 19:02:43] Configuration is not connect with server. connect first then scan chain.
[Debug] [2026-3-26 19:02:43] Client Local host name:LAPTOP-E3CFACBD
[Debug] [2026-3-26 19:02:43] Client Local Address:113.54.185.101
[Debug] [2026-3-26 19:02:43] Server Address:127.0.0.1, Port:65420
[Debug] [2026-3-26 19:02:43] Log::Print : Connecting to server[127.0.0.1 : 65420].
[Info] [2026-3-26 19:02:44] Connect OK, Server: 127.0.0.1  Port: 65420
[Debug] [2026-3-26 19:02:44] Finish.
[Info] [2026-3-26 19:02:44] Connect server succeeded
[Debug] [2026-3-26 19:02:44] Send RPC:1
[Debug] [2026-3-26 19:02:44] Send cmd [check version information:40004] OK
[Debug] [2026-3-26 19:02:44] Log::Print : Connect to server[127.0.0.1 : 65420] successfully.
[Debug] [2026-3-26 19:02:44] Send RPC:2
[Debug] [2026-3-26 19:02:44] Send cmd [get_cable_paras:40010] OK
[Debug] [2026-3-26 19:02:44] Begin to send initialize chain cmd...
[Debug] [2026-3-26 19:02:44] Send RPC:3
[Debug] [2026-3-26 19:02:44] Send cmd [Open config cable:20001] OK
[Debug] [2026-3-26 19:02:44] End to send initialize chain cmd.
[Debug] [2026-3-26 19:02:44] COMMAND[check version information] execute successfully, takes 0.3 secs.
[Debug] [2026-3-26 19:02:44] Log::Print : COMMAND[check version information] execute successfully, takes 0.3 secs.
[Debug] [2026-3-26 19:02:45] COMMAND[get_cable_paras] execute successfully, takes 1.2 secs.
[Debug] [2026-3-26 19:02:45] Log::Print : The cable List : 
Cable index 0:USB Cable II/fffffffffffffffe 

[Debug] [2026-3-26 19:02:45] Log::Print : COMMAND[get_cable_paras] execute successfully, takes 1.2 secs.
[Debug] [2026-3-26 19:02:46] begin the exec of open cable cmd...
[Debug] [2026-3-26 19:02:46] Begin to deal with chain from server...
[Debug] [2026-3-26 19:02:46] Begin to set user chain...
[Debug] [2026-3-26 19:02:46] End to set user chain.
[Debug] [2026-3-26 19:02:46] Begin to update graphic item and tree item ...
[Debug] [2026-3-26 19:02:46] End to update graphic item and tree item ...
[Debug] [2026-3-26 19:02:46] Log::Print : PANGO USB CABLE II cable driver: D2XX DLL
[Debug] [2026-3-26 19:02:46] Log::Print : PGL50G
[Debug] [2026-3-26 19:02:46] Log::Print : This device configure situation (done bit): 1
[Info] [2026-3-26 19:02:47] set OpenLastPath: E:/FPGA/TSP_RVmaster/FPGA/pango_cpu/generate_bitstream/SoC_Top.sbit
[Debug] [2026-3-26 19:02:47] begin to get device info from CFG file...
[Debug] [2026-3-26 19:02:47] end to get device info from CFG file...
[Debug] [2026-3-26 19:02:47] Begin to update graphic item and tree item ...
[Debug] [2026-3-26 19:02:47] End to update graphic item and tree item ...
[Debug] [2026-3-26 19:02:47] Begin to update graphic item and tree item ...
[Debug] [2026-3-26 19:02:47] End to update graphic item and tree item ...
[Debug] [2026-3-26 19:02:47] End to deal wiht chain from server.
[Debug] [2026-3-26 19:02:47] end the exec of open cable cmd.
[Debug] [2026-3-26 19:02:47] COMMAND[Open config cable] execute successfully, takes 2.7 secs.
[Debug] [2026-3-26 19:02:47] Log::Print : COMMAND[Open config cable] execute successfully, takes 2.7 secs.
[Debug] [2026-3-26 19:02:48] Begin to send programming cmd...
[Debug] [2026-3-26 19:02:48] Send RPC:4
[Debug] [2026-3-26 19:02:48] Begin to send program data.
[Debug] [2026-3-26 19:02:48] End to send program data.
[Debug] [2026-3-26 19:02:48] Send cmd [Program:20002] OK
[Debug] [2026-3-26 19:02:48] The value of Progress is 6
[Debug] [2026-3-26 19:02:48] The value of Progress is 10
[Debug] [2026-3-26 19:02:48] The value of Progress is 15
[Debug] [2026-3-26 19:02:48] The value of Progress is 20
[Debug] [2026-3-26 19:02:48] The value of Progress is 25
[Debug] [2026-3-26 19:02:48] The value of Progress is 30
[Debug] [2026-3-26 19:02:49] The value of Progress is 35
[Debug] [2026-3-26 19:02:49] The value of Progress is 40
[Debug] [2026-3-26 19:02:49] The value of Progress is 45
[Debug] [2026-3-26 19:02:49] The value of Progress is 50
[Debug] [2026-3-26 19:02:49] The value of Progress is 55
[Debug] [2026-3-26 19:02:49] The value of Progress is 60
[Debug] [2026-3-26 19:02:49] The value of Progress is 65
[Debug] [2026-3-26 19:02:49] The value of Progress is 70
[Debug] [2026-3-26 19:02:49] The value of Progress is 75
[Debug] [2026-3-26 19:02:49] The value of Progress is 80
[Debug] [2026-3-26 19:02:49] The value of Progress is 85
[Debug] [2026-3-26 19:02:50] The value of Progress is 90
[Debug] [2026-3-26 19:02:50] The value of Progress is 95
[Debug] [2026-3-26 19:02:50] The value of Progress is 100
[Debug] [2026-3-26 19:02:50] COMMAND[Program] execute successfully, takes 2.0 secs.
[Debug] [2026-3-26 19:02:50] End to send programming cmd.
[Debug] [2026-3-26 19:02:50] Log::Print : The done bit is 1
[Debug] [2026-3-26 19:02:50] Log::Print : COMMAND[Program] execute successfully, takes 2.0 secs.
[Info] [2026-3-26 19:02:50] /***************************End Configration***************************/
[Info] [2026-3-26 19:18:28] /***************************Start Configuration***************************/
[Info] [2026-3-26 19:18:28] Path: E:/pango/PDS_2022.2-SP6.4/bin
[Info] [2026-3-26 19:18:28] Version: 146967
[Info] [2026-3-26 19:18:29] Current Path: E:/FPGA/TSP_RVmaster/FPGA/pango_cpu
[Info] [2026-3-26 19:18:29] PDS Dir Path: E:/FPGA/TSP_RVmaster/FPGA/pango_cpu
[Info] [2026-3-26 19:18:32] Configuration is not connect with server. connect first then scan chain.
[Debug] [2026-3-26 19:18:32] Client Local host name:LAPTOP-E3CFACBD
[Debug] [2026-3-26 19:18:32] Client Local Address:113.54.185.101
[Debug] [2026-3-26 19:18:32] Server Address:127.0.0.1, Port:65420
[Debug] [2026-3-26 19:18:33] Log::Print : Connecting to server[127.0.0.1 : 65420].
[Info] [2026-3-26 19:18:33] Connect OK, Server: 127.0.0.1  Port: 65420
[Debug] [2026-3-26 19:18:33] Finish.
[Info] [2026-3-26 19:18:33] Connect server succeeded
[Debug] [2026-3-26 19:18:33] Send RPC:1
[Debug] [2026-3-26 19:18:33] Send cmd [check version information:40004] OK
[Debug] [2026-3-26 19:18:33] Log::Print : Connect to server[127.0.0.1 : 65420] successfully.
[Debug] [2026-3-26 19:18:33] Send RPC:2
[Debug] [2026-3-26 19:18:33] Send cmd [get_cable_paras:40010] OK
[Debug] [2026-3-26 19:18:33] Begin to send initialize chain cmd...
[Debug] [2026-3-26 19:18:33] Send RPC:3
[Debug] [2026-3-26 19:18:33] Send cmd [Open config cable:20001] OK
[Debug] [2026-3-26 19:18:33] End to send initialize chain cmd.
[Debug] [2026-3-26 19:18:33] COMMAND[check version information] execute successfully, takes 0.3 secs.
[Debug] [2026-3-26 19:18:33] Log::Print : COMMAND[check version information] execute successfully, takes 0.3 secs.
[Debug] [2026-3-26 19:18:34] COMMAND[get_cable_paras] execute successfully, takes 1.2 secs.
[Debug] [2026-3-26 19:18:34] Log::Print : The cable List : 
Cable index 0:USB Cable II/fffffffffffffffe 

[Debug] [2026-3-26 19:18:34] Log::Print : COMMAND[get_cable_paras] execute successfully, takes 1.2 secs.
[Debug] [2026-3-26 19:18:35] begin the exec of open cable cmd...
[Debug] [2026-3-26 19:18:35] Begin to deal with chain from server...
[Debug] [2026-3-26 19:18:35] Begin to set user chain...
[Debug] [2026-3-26 19:18:35] End to set user chain.
[Debug] [2026-3-26 19:18:35] Begin to update graphic item and tree item ...
[Debug] [2026-3-26 19:18:35] End to update graphic item and tree item ...
[Debug] [2026-3-26 19:18:35] Log::Print : PANGO USB CABLE II cable driver: D2XX DLL
[Debug] [2026-3-26 19:18:35] Log::Print : PGL50G
[Debug] [2026-3-26 19:18:35] Log::Print : This device configure situation (done bit): 1
[Info] [2026-3-26 19:18:38] set OpenLastPath: E:/FPGA/TSP_RVmaster/FPGA/pango_cpu/generate_bitstream/SoC_Top.sbit
[Debug] [2026-3-26 19:18:38] begin to get device info from CFG file...
[Debug] [2026-3-26 19:18:38] end to get device info from CFG file...
[Debug] [2026-3-26 19:18:38] Begin to update graphic item and tree item ...
[Debug] [2026-3-26 19:18:38] End to update graphic item and tree item ...
[Debug] [2026-3-26 19:18:38] Begin to update graphic item and tree item ...
[Debug] [2026-3-26 19:18:38] End to update graphic item and tree item ...
[Debug] [2026-3-26 19:18:38] End to deal wiht chain from server.
[Debug] [2026-3-26 19:18:38] end the exec of open cable cmd.
[Debug] [2026-3-26 19:18:38] COMMAND[Open config cable] execute successfully, takes 5.1 secs.
[Debug] [2026-3-26 19:18:38] Log::Print : COMMAND[Open config cable] execute successfully, takes 5.1 secs.
[Debug] [2026-3-26 19:18:43] Begin to send programming cmd...
[Debug] [2026-3-26 19:18:43] Send RPC:4
[Debug] [2026-3-26 19:18:43] Begin to send program data.
[Debug] [2026-3-26 19:18:43] End to send program data.
[Debug] [2026-3-26 19:18:43] Send cmd [Program:20002] OK
[Debug] [2026-3-26 19:18:43] The value of Progress is 6
[Debug] [2026-3-26 19:18:43] The value of Progress is 10
[Debug] [2026-3-26 19:18:43] The value of Progress is 15
[Debug] [2026-3-26 19:18:43] The value of Progress is 20
[Debug] [2026-3-26 19:18:43] The value of Progress is 25
[Debug] [2026-3-26 19:18:43] The value of Progress is 30
[Debug] [2026-3-26 19:18:43] The value of Progress is 35
[Debug] [2026-3-26 19:18:43] The value of Progress is 40
[Debug] [2026-3-26 19:18:43] The value of Progress is 45
[Debug] [2026-3-26 19:18:44] The value of Progress is 50
[Debug] [2026-3-26 19:18:44] The value of Progress is 55
[Debug] [2026-3-26 19:18:44] The value of Progress is 60
[Debug] [2026-3-26 19:18:44] The value of Progress is 65
[Debug] [2026-3-26 19:18:44] The value of Progress is 70
[Debug] [2026-3-26 19:18:44] The value of Progress is 75
[Debug] [2026-3-26 19:18:44] The value of Progress is 80
[Debug] [2026-3-26 19:18:44] The value of Progress is 85
[Debug] [2026-3-26 19:18:44] The value of Progress is 90
[Debug] [2026-3-26 19:18:44] The value of Progress is 95
[Debug] [2026-3-26 19:18:44] The value of Progress is 100
[Debug] [2026-3-26 19:18:44] COMMAND[Program] execute successfully, takes 2.0 secs.
[Debug] [2026-3-26 19:18:44] End to send programming cmd.
[Debug] [2026-3-26 19:18:44] Log::Print : The done bit is 1
[Debug] [2026-3-26 19:18:44] Log::Print : COMMAND[Program] execute successfully, takes 2.0 secs.
[Info] [2026-3-26 19:18:47] /***************************End Configration***************************/
[Info] [2026-3-26 19:29:51] /***************************Start Configuration***************************/
[Info] [2026-3-26 19:29:51] Path: E:/pango/PDS_2022.2-SP6.4/bin
[Info] [2026-3-26 19:29:51] Version: 146967
[Info] [2026-3-26 19:29:52] Current Path: E:/FPGA/TSP_RVmaster/FPGA/pango_cpu
[Info] [2026-3-26 19:29:52] PDS Dir Path: E:/FPGA/TSP_RVmaster/FPGA/pango_cpu
[Info] [2026-3-26 19:29:56] Configuration is not connect with server. connect first then scan chain.
[Debug] [2026-3-26 19:29:56] Client Local host name:LAPTOP-E3CFACBD
[Debug] [2026-3-26 19:29:56] Client Local Address:113.54.185.101
[Debug] [2026-3-26 19:29:56] Server Address:127.0.0.1, Port:65420
[Debug] [2026-3-26 19:29:56] Log::Print : Connecting to server[127.0.0.1 : 65420].
[Info] [2026-3-26 19:29:57] Connect OK, Server: 127.0.0.1  Port: 65420
[Debug] [2026-3-26 19:29:57] Finish.
[Info] [2026-3-26 19:29:57] Connect server succeeded
[Debug] [2026-3-26 19:29:57] Send RPC:1
[Debug] [2026-3-26 19:29:57] Send cmd [check version information:40004] OK
[Debug] [2026-3-26 19:29:57] Log::Print : Connect to server[127.0.0.1 : 65420] successfully.
[Debug] [2026-3-26 19:29:57] Send RPC:2
[Debug] [2026-3-26 19:29:57] Send cmd [get_cable_paras:40010] OK
[Debug] [2026-3-26 19:29:57] Begin to send initialize chain cmd...
[Debug] [2026-3-26 19:29:57] Send RPC:3
[Debug] [2026-3-26 19:29:57] Send cmd [Open config cable:20001] OK
[Debug] [2026-3-26 19:29:57] End to send initialize chain cmd.
[Debug] [2026-3-26 19:29:57] COMMAND[check version information] execute successfully, takes 0.2 secs.
[Debug] [2026-3-26 19:29:57] Log::Print : COMMAND[check version information] execute successfully, takes 0.2 secs.
[Debug] [2026-3-26 19:29:58] COMMAND[get_cable_paras] execute successfully, takes 1.1 secs.
[Debug] [2026-3-26 19:29:58] Log::Print : The cable List : 
Cable index 0:USB Cable II/fffffffffffffffe 

[Debug] [2026-3-26 19:29:58] Log::Print : COMMAND[get_cable_paras] execute successfully, takes 1.1 secs.
[Error] [2026-3-26 19:29:58] fail to exec Open config cable cmd...
[Error] [2026-3-26 19:29:58] MsgOut: JtagServer-0006: Fail to open PANGO USB CABLE II cable.
[Error] [2026-3-26 19:29:58] MsgOut: JtagServer-0306: No devices detected while scanning the JTAG chain, failed detecting JTAG device chain.
[Warn] [2026-3-26 19:29:58] MsgOut: Please check the device power, cable connection situation and whether put the chip in the right way or not.
   If these do not work, try to restart the software.
[Error] [2026-3-26 19:29:58] MsgOut: Configuration-0008: The command 'Open config cable' execute fail.
[Info] [2026-3-26 19:30:02] /***************************End Configration***************************/
[Info] [2026-3-26 19:30:04] /***************************Start Configuration***************************/
[Info] [2026-3-26 19:30:04] Path: E:/pango/PDS_2022.2-SP6.4/bin
[Info] [2026-3-26 19:30:04] Version: 146967
[Info] [2026-3-26 19:30:05] Current Path: E:/FPGA/TSP_RVmaster/FPGA/pango_cpu
[Info] [2026-3-26 19:30:05] PDS Dir Path: E:/FPGA/TSP_RVmaster/FPGA/pango_cpu
[Info] [2026-3-26 19:30:08] Configuration is not connect with server. connect first then scan chain.
[Debug] [2026-3-26 19:30:08] Client Local host name:LAPTOP-E3CFACBD
[Debug] [2026-3-26 19:30:08] Client Local Address:113.54.185.101
[Debug] [2026-3-26 19:30:08] Server Address:127.0.0.1, Port:65420
[Debug] [2026-3-26 19:30:08] Log::Print : Connecting to server[127.0.0.1 : 65420].
[Info] [2026-3-26 19:30:09] Connect OK, Server: 127.0.0.1  Port: 65420
[Debug] [2026-3-26 19:30:09] Finish.
[Info] [2026-3-26 19:30:09] Connect server succeeded
[Debug] [2026-3-26 19:30:09] Send RPC:1
[Debug] [2026-3-26 19:30:09] Send cmd [check version information:40004] OK
[Debug] [2026-3-26 19:30:09] Log::Print : Connect to server[127.0.0.1 : 65420] successfully.
[Debug] [2026-3-26 19:30:09] Send RPC:2
[Debug] [2026-3-26 19:30:09] Send cmd [get_cable_paras:40010] OK
[Debug] [2026-3-26 19:30:09] Begin to send initialize chain cmd...
[Debug] [2026-3-26 19:30:09] Send RPC:3
[Debug] [2026-3-26 19:30:09] Send cmd [Open config cable:20001] OK
[Debug] [2026-3-26 19:30:09] End to send initialize chain cmd.
[Debug] [2026-3-26 19:30:09] COMMAND[check version information] execute successfully, takes 0.3 secs.
[Debug] [2026-3-26 19:30:09] Log::Print : COMMAND[check version information] execute successfully, takes 0.3 secs.
[Debug] [2026-3-26 19:30:10] COMMAND[get_cable_paras] execute successfully, takes 1.1 secs.
[Debug] [2026-3-26 19:30:10] Log::Print : The cable List : 
Cable index 0:USB Cable II/fffffffffffffffe 

[Debug] [2026-3-26 19:30:10] Log::Print : COMMAND[get_cable_paras] execute successfully, takes 1.1 secs.
[Debug] [2026-3-26 19:30:11] begin the exec of open cable cmd...
[Debug] [2026-3-26 19:30:11] Begin to deal with chain from server...
[Debug] [2026-3-26 19:30:11] Begin to set user chain...
[Debug] [2026-3-26 19:30:11] End to set user chain.
[Debug] [2026-3-26 19:30:11] Begin to update graphic item and tree item ...
[Debug] [2026-3-26 19:30:11] End to update graphic item and tree item ...
[Debug] [2026-3-26 19:30:11] Log::Print : PANGO USB CABLE II cable driver: D2XX DLL
[Debug] [2026-3-26 19:30:11] Log::Print : PGL50G
[Debug] [2026-3-26 19:30:11] Log::Print : This device configure situation (done bit): 1
[Info] [2026-3-26 19:30:19] set OpenLastPath: E:/FPGA/TSP_RVmaster/FPGA/pango_cpu/generate_bitstream/SoC_Top.sbit
[Debug] [2026-3-26 19:30:19] begin to get device info from CFG file...
[Debug] [2026-3-26 19:30:19] end to get device info from CFG file...
[Debug] [2026-3-26 19:30:19] Begin to update graphic item and tree item ...
[Debug] [2026-3-26 19:30:19] End to update graphic item and tree item ...
[Debug] [2026-3-26 19:30:19] Begin to update graphic item and tree item ...
[Debug] [2026-3-26 19:30:19] End to update graphic item and tree item ...
[Debug] [2026-3-26 19:30:19] End to deal wiht chain from server.
[Debug] [2026-3-26 19:30:19] end the exec of open cable cmd.
[Debug] [2026-3-26 19:30:19] COMMAND[Open config cable] execute successfully, takes 10.1 secs.
[Debug] [2026-3-26 19:30:19] Log::Print : COMMAND[Open config cable] execute successfully, takes 10.1 secs.
[Debug] [2026-3-26 19:30:20] Begin to send programming cmd...
[Debug] [2026-3-26 19:30:20] Send RPC:4
[Debug] [2026-3-26 19:30:20] Begin to send program data.
[Debug] [2026-3-26 19:30:20] End to send program data.
[Debug] [2026-3-26 19:30:20] Send cmd [Program:20002] OK
[Debug] [2026-3-26 19:30:20] The value of Progress is 6
[Debug] [2026-3-26 19:30:20] The value of Progress is 10
[Debug] [2026-3-26 19:30:20] The value of Progress is 15
[Debug] [2026-3-26 19:30:21] The value of Progress is 20
[Debug] [2026-3-26 19:30:21] The value of Progress is 25
[Debug] [2026-3-26 19:30:21] The value of Progress is 30
[Debug] [2026-3-26 19:30:21] The value of Progress is 35
[Debug] [2026-3-26 19:30:21] The value of Progress is 40
[Debug] [2026-3-26 19:30:21] The value of Progress is 45
[Debug] [2026-3-26 19:30:21] The value of Progress is 50
[Debug] [2026-3-26 19:30:21] The value of Progress is 55
[Debug] [2026-3-26 19:30:21] The value of Progress is 60
[Debug] [2026-3-26 19:30:21] The value of Progress is 65
[Debug] [2026-3-26 19:30:21] The value of Progress is 70
[Debug] [2026-3-26 19:30:21] The value of Progress is 75
[Debug] [2026-3-26 19:30:22] The value of Progress is 80
[Debug] [2026-3-26 19:30:22] The value of Progress is 85
[Debug] [2026-3-26 19:30:22] The value of Progress is 90
[Debug] [2026-3-26 19:30:22] The value of Progress is 95
[Debug] [2026-3-26 19:30:22] The value of Progress is 100
[Debug] [2026-3-26 19:30:22] COMMAND[Program] execute successfully, takes 2.0 secs.
[Debug] [2026-3-26 19:30:22] End to send programming cmd.
[Debug] [2026-3-26 19:30:22] Log::Print : The done bit is 1
[Debug] [2026-3-26 19:30:22] Log::Print : COMMAND[Program] execute successfully, takes 2.0 secs.
[Info] [2026-3-26 19:30:28] /***************************End Configration***************************/
[Info] [2026-3-26 20:01:23] /***************************Start Configuration***************************/
[Info] [2026-3-26 20:01:23] Path: E:/pango/PDS_2022.2-SP6.4/bin
[Info] [2026-3-26 20:01:23] Version: 146967
[Info] [2026-3-26 20:01:24] Current Path: E:/FPGA/TSP_RVmaster/FPGA/pango_cpu
[Info] [2026-3-26 20:01:24] PDS Dir Path: E:/FPGA/TSP_RVmaster/FPGA/pango_cpu
[Info] [2026-3-26 20:01:26] Configuration is not connect with server. connect first then scan chain.
[Debug] [2026-3-26 20:01:26] Client Local host name:LAPTOP-E3CFACBD
[Debug] [2026-3-26 20:01:26] Client Local Address:113.54.185.101
[Debug] [2026-3-26 20:01:26] Server Address:127.0.0.1, Port:65420
[Debug] [2026-3-26 20:01:26] Log::Print : Connecting to server[127.0.0.1 : 65420].
[Info] [2026-3-26 20:01:27] Connect OK, Server: 127.0.0.1  Port: 65420
[Debug] [2026-3-26 20:01:27] Finish.
[Info] [2026-3-26 20:01:27] Connect server succeeded
[Debug] [2026-3-26 20:01:27] Send RPC:1
[Debug] [2026-3-26 20:01:27] Send cmd [check version information:40004] OK
[Debug] [2026-3-26 20:01:27] Log::Print : Connect to server[127.0.0.1 : 65420] successfully.
[Debug] [2026-3-26 20:01:27] Send RPC:2
[Debug] [2026-3-26 20:01:27] Send cmd [get_cable_paras:40010] OK
[Debug] [2026-3-26 20:01:27] Begin to send initialize chain cmd...
[Debug] [2026-3-26 20:01:27] Send RPC:3
[Debug] [2026-3-26 20:01:27] Send cmd [Open config cable:20001] OK
[Debug] [2026-3-26 20:01:27] End to send initialize chain cmd.
[Debug] [2026-3-26 20:01:27] COMMAND[check version information] execute successfully, takes 0.2 secs.
[Debug] [2026-3-26 20:01:27] Log::Print : COMMAND[check version information] execute successfully, takes 0.2 secs.
[Debug] [2026-3-26 20:01:28] COMMAND[get_cable_paras] execute successfully, takes 1.0 secs.
[Debug] [2026-3-26 20:01:28] Log::Print : The cable List : 
Cable index 0:USB Cable II/fffffffffffffffe 

[Debug] [2026-3-26 20:01:28] Log::Print : COMMAND[get_cable_paras] execute successfully, takes 1.0 secs.
[Error] [2026-3-26 20:01:28] fail to exec Open config cable cmd...
[Error] [2026-3-26 20:01:28] MsgOut: JtagServer-0006: Fail to open PANGO USB CABLE II cable.
[Error] [2026-3-26 20:01:28] MsgOut: JtagServer-0306: No devices detected while scanning the JTAG chain, failed detecting JTAG device chain.
[Warn] [2026-3-26 20:01:28] MsgOut: Please check the device power, cable connection situation and whether put the chip in the right way or not.
   If these do not work, try to restart the software.
[Error] [2026-3-26 20:01:28] MsgOut: Configuration-0008: The command 'Open config cable' execute fail.
[Info] [2026-3-26 20:01:33] /***************************End Configration***************************/
[Info] [2026-3-26 20:01:35] /***************************Start Configuration***************************/
[Info] [2026-3-26 20:01:35] Path: E:/pango/PDS_2022.2-SP6.4/bin
[Info] [2026-3-26 20:01:35] Version: 146967
[Info] [2026-3-26 20:01:36] Current Path: E:/FPGA/TSP_RVmaster/FPGA/pango_cpu
[Info] [2026-3-26 20:01:36] PDS Dir Path: E:/FPGA/TSP_RVmaster/FPGA/pango_cpu
[Info] [2026-3-26 20:01:38] Configuration is not connect with server. connect first then scan chain.
[Debug] [2026-3-26 20:01:38] Client Local host name:LAPTOP-E3CFACBD
[Debug] [2026-3-26 20:01:38] Client Local Address:113.54.185.101
[Debug] [2026-3-26 20:01:38] Server Address:127.0.0.1, Port:65420
[Debug] [2026-3-26 20:01:38] Log::Print : Connecting to server[127.0.0.1 : 65420].
[Info] [2026-3-26 20:01:38] Connect OK, Server: 127.0.0.1  Port: 65420
[Debug] [2026-3-26 20:01:38] Finish.
[Info] [2026-3-26 20:01:38] Connect server succeeded
[Debug] [2026-3-26 20:01:38] Send RPC:1
[Debug] [2026-3-26 20:01:38] Send cmd [check version information:40004] OK
[Debug] [2026-3-26 20:01:38] Log::Print : Connect to server[127.0.0.1 : 65420] successfully.
[Debug] [2026-3-26 20:01:39] Send RPC:2
[Debug] [2026-3-26 20:01:39] Send cmd [get_cable_paras:40010] OK
[Debug] [2026-3-26 20:01:39] Begin to send initialize chain cmd...
[Debug] [2026-3-26 20:01:39] Send RPC:3
[Debug] [2026-3-26 20:01:39] Send cmd [Open config cable:20001] OK
[Debug] [2026-3-26 20:01:39] End to send initialize chain cmd.
[Debug] [2026-3-26 20:01:39] COMMAND[check version information] execute successfully, takes 0.3 secs.
[Debug] [2026-3-26 20:01:39] Log::Print : COMMAND[check version information] execute successfully, takes 0.3 secs.
[Debug] [2026-3-26 20:01:40] COMMAND[get_cable_paras] execute successfully, takes 1.1 secs.
[Debug] [2026-3-26 20:01:40] Log::Print : The cable List : 
Cable index 0:USB Cable II/fffffffffffffffe 

[Debug] [2026-3-26 20:01:40] Log::Print : COMMAND[get_cable_paras] execute successfully, takes 1.1 secs.
[Debug] [2026-3-26 20:01:40] begin the exec of open cable cmd...
[Debug] [2026-3-26 20:01:40] Begin to deal with chain from server...
[Debug] [2026-3-26 20:01:40] Begin to set user chain...
[Debug] [2026-3-26 20:01:40] End to set user chain.
[Debug] [2026-3-26 20:01:40] Begin to update graphic item and tree item ...
[Debug] [2026-3-26 20:01:40] End to update graphic item and tree item ...
[Debug] [2026-3-26 20:01:40] Log::Print : PANGO USB CABLE II cable driver: D2XX DLL
[Debug] [2026-3-26 20:01:40] Log::Print : PGL50G
[Debug] [2026-3-26 20:01:40] Log::Print : This device configure situation (done bit): 1
[Info] [2026-3-26 20:01:41] set OpenLastPath: E:/FPGA/TSP_RVmaster/FPGA/pango_cpu/generate_bitstream/SoC_Top.sbit
[Debug] [2026-3-26 20:01:41] begin to get device info from CFG file...
[Debug] [2026-3-26 20:01:41] end to get device info from CFG file...
[Debug] [2026-3-26 20:01:41] Begin to update graphic item and tree item ...
[Debug] [2026-3-26 20:01:41] End to update graphic item and tree item ...
[Debug] [2026-3-26 20:01:41] Begin to update graphic item and tree item ...
[Debug] [2026-3-26 20:01:41] End to update graphic item and tree item ...
[Debug] [2026-3-26 20:01:41] End to deal wiht chain from server.
[Debug] [2026-3-26 20:01:41] end the exec of open cable cmd.
[Debug] [2026-3-26 20:01:41] COMMAND[Open config cable] execute successfully, takes 2.4 secs.
[Debug] [2026-3-26 20:01:41] Log::Print : COMMAND[Open config cable] execute successfully, takes 2.4 secs.
[Debug] [2026-3-26 20:01:42] Begin to send programming cmd...
[Debug] [2026-3-26 20:01:42] Send RPC:4
[Debug] [2026-3-26 20:01:42] Begin to send program data.
[Debug] [2026-3-26 20:01:42] End to send program data.
[Debug] [2026-3-26 20:01:42] Send cmd [Program:20002] OK
[Debug] [2026-3-26 20:01:42] The value of Progress is 6
[Debug] [2026-3-26 20:01:43] The value of Progress is 10
[Debug] [2026-3-26 20:01:43] The value of Progress is 15
[Debug] [2026-3-26 20:01:43] The value of Progress is 20
[Debug] [2026-3-26 20:01:43] The value of Progress is 25
[Debug] [2026-3-26 20:01:43] The value of Progress is 30
[Debug] [2026-3-26 20:01:43] The value of Progress is 35
[Debug] [2026-3-26 20:01:43] The value of Progress is 40
[Debug] [2026-3-26 20:01:43] The value of Progress is 45
[Debug] [2026-3-26 20:01:43] The value of Progress is 50
[Debug] [2026-3-26 20:01:43] The value of Progress is 55
[Debug] [2026-3-26 20:01:43] The value of Progress is 60
[Debug] [2026-3-26 20:01:43] The value of Progress is 65
[Debug] [2026-3-26 20:01:44] The value of Progress is 70
[Debug] [2026-3-26 20:01:44] The value of Progress is 75
[Debug] [2026-3-26 20:01:44] The value of Progress is 80
[Debug] [2026-3-26 20:01:44] The value of Progress is 85
[Debug] [2026-3-26 20:01:44] The value of Progress is 90
[Debug] [2026-3-26 20:01:44] The value of Progress is 95
[Debug] [2026-3-26 20:01:44] The value of Progress is 100
[Debug] [2026-3-26 20:01:44] COMMAND[Program] execute successfully, takes 2.0 secs.
[Debug] [2026-3-26 20:01:44] End to send programming cmd.
[Debug] [2026-3-26 20:01:44] Log::Print : The done bit is 1
[Debug] [2026-3-26 20:01:44] Log::Print : COMMAND[Program] execute successfully, takes 2.0 secs.
[Info] [2026-3-26 20:01:45] /***************************End Configration***************************/
[Info] [2026-3-26 20:14:48] /***************************Start Configuration***************************/
[Info] [2026-3-26 20:14:48] Path: E:/pango/PDS_2022.2-SP6.4/bin
[Info] [2026-3-26 20:14:48] Version: 146967
[Info] [2026-3-26 20:14:49] Current Path: E:/FPGA/TSP_RVmaster/FPGA/pango_cpu
[Info] [2026-3-26 20:14:49] PDS Dir Path: E:/FPGA/TSP_RVmaster/FPGA/pango_cpu
[Info] [2026-3-26 20:14:54] Configuration is not connect with server. connect first then scan chain.
[Debug] [2026-3-26 20:14:54] Client Local host name:LAPTOP-E3CFACBD
[Debug] [2026-3-26 20:14:54] Client Local Address:113.54.185.101
[Debug] [2026-3-26 20:14:54] Server Address:127.0.0.1, Port:65420
[Debug] [2026-3-26 20:14:54] Log::Print : Connecting to server[127.0.0.1 : 65420].
[Info] [2026-3-26 20:14:54] Connect OK, Server: 127.0.0.1  Port: 65420
[Debug] [2026-3-26 20:14:54] Finish.
[Info] [2026-3-26 20:14:54] Connect server succeeded
[Debug] [2026-3-26 20:14:54] Send RPC:1
[Debug] [2026-3-26 20:14:54] Send cmd [check version information:40004] OK
[Debug] [2026-3-26 20:14:54] Log::Print : Connect to server[127.0.0.1 : 65420] successfully.
[Debug] [2026-3-26 20:14:55] Send RPC:2
[Debug] [2026-3-26 20:14:55] Send cmd [get_cable_paras:40010] OK
[Debug] [2026-3-26 20:14:55] Begin to send initialize chain cmd...
[Debug] [2026-3-26 20:14:55] Send RPC:3
[Debug] [2026-3-26 20:14:55] Send cmd [Open config cable:20001] OK
[Debug] [2026-3-26 20:14:55] End to send initialize chain cmd.
[Debug] [2026-3-26 20:14:55] COMMAND[check version information] execute successfully, takes 0.3 secs.
[Debug] [2026-3-26 20:14:55] Log::Print : COMMAND[check version information] execute successfully, takes 0.3 secs.
[Debug] [2026-3-26 20:14:56] COMMAND[get_cable_paras] execute successfully, takes 1.1 secs.
[Debug] [2026-3-26 20:14:56] Log::Print : The cable List : 
Cable index 0:USB Cable II/fffffffffffffffe 

[Debug] [2026-3-26 20:14:56] Log::Print : COMMAND[get_cable_paras] execute successfully, takes 1.1 secs.
[Debug] [2026-3-26 20:14:56] begin the exec of open cable cmd...
[Debug] [2026-3-26 20:14:56] Begin to deal with chain from server...
[Debug] [2026-3-26 20:14:56] Begin to set user chain...
[Debug] [2026-3-26 20:14:56] End to set user chain.
[Debug] [2026-3-26 20:14:56] Begin to update graphic item and tree item ...
[Debug] [2026-3-26 20:14:56] End to update graphic item and tree item ...
[Debug] [2026-3-26 20:14:56] Log::Print : PANGO USB CABLE II cable driver: D2XX DLL
[Debug] [2026-3-26 20:14:56] Log::Print : PGL50G
[Debug] [2026-3-26 20:14:56] Log::Print : This device configure situation (done bit): 1
[Info] [2026-3-26 20:14:58] set OpenLastPath: E:/FPGA/TSP_RVmaster/FPGA/pango_cpu/generate_bitstream/SoC_Top.sbit
[Debug] [2026-3-26 20:14:58] begin to get device info from CFG file...
[Debug] [2026-3-26 20:14:58] end to get device info from CFG file...
[Debug] [2026-3-26 20:14:58] Begin to update graphic item and tree item ...
[Debug] [2026-3-26 20:14:58] End to update graphic item and tree item ...
[Debug] [2026-3-26 20:14:58] Begin to update graphic item and tree item ...
[Debug] [2026-3-26 20:14:58] End to update graphic item and tree item ...
[Debug] [2026-3-26 20:14:58] End to deal wiht chain from server.
[Debug] [2026-3-26 20:14:58] end the exec of open cable cmd.
[Debug] [2026-3-26 20:14:58] COMMAND[Open config cable] execute successfully, takes 3.0 secs.
[Debug] [2026-3-26 20:14:58] Log::Print : COMMAND[Open config cable] execute successfully, takes 3.0 secs.
[Debug] [2026-3-26 20:14:59] Begin to send programming cmd...
[Debug] [2026-3-26 20:14:59] Send RPC:4
[Debug] [2026-3-26 20:14:59] Begin to send program data.
[Debug] [2026-3-26 20:14:59] End to send program data.
[Debug] [2026-3-26 20:14:59] Send cmd [Program:20002] OK
[Debug] [2026-3-26 20:14:59] The value of Progress is 6
[Debug] [2026-3-26 20:14:59] The value of Progress is 10
[Debug] [2026-3-26 20:14:59] The value of Progress is 15
[Debug] [2026-3-26 20:14:59] The value of Progress is 20
[Debug] [2026-3-26 20:14:59] The value of Progress is 25
[Debug] [2026-3-26 20:14:59] The value of Progress is 30
[Debug] [2026-3-26 20:14:59] The value of Progress is 35
[Debug] [2026-3-26 20:15:00] The value of Progress is 40
[Debug] [2026-3-26 20:15:00] The value of Progress is 45
[Debug] [2026-3-26 20:15:00] The value of Progress is 50
[Debug] [2026-3-26 20:15:00] The value of Progress is 55
[Debug] [2026-3-26 20:15:00] The value of Progress is 60
[Debug] [2026-3-26 20:15:00] The value of Progress is 65
[Debug] [2026-3-26 20:15:00] The value of Progress is 70
[Debug] [2026-3-26 20:15:00] The value of Progress is 75
[Debug] [2026-3-26 20:15:00] The value of Progress is 80
[Debug] [2026-3-26 20:15:00] The value of Progress is 85
[Debug] [2026-3-26 20:15:00] The value of Progress is 90
[Debug] [2026-3-26 20:15:00] The value of Progress is 95
[Debug] [2026-3-26 20:15:01] The value of Progress is 100
[Debug] [2026-3-26 20:15:01] COMMAND[Program] execute successfully, takes 2.0 secs.
[Debug] [2026-3-26 20:15:01] End to send programming cmd.
[Debug] [2026-3-26 20:15:01] Log::Print : The done bit is 1
[Debug] [2026-3-26 20:15:01] Log::Print : COMMAND[Program] execute successfully, takes 2.0 secs.
[Info] [2026-3-26 20:15:01] /***************************End Configration***************************/
[Info] [2026-3-26 20:37:39] /***************************Start Configuration***************************/
[Info] [2026-3-26 20:37:39] Path: E:/pango/PDS_2022.2-SP6.4/bin
[Info] [2026-3-26 20:37:39] Version: 146967
[Info] [2026-3-26 20:37:40] Current Path: E:/FPGA/TSP_RVmaster/FPGA/pango_cpu
[Info] [2026-3-26 20:37:40] PDS Dir Path: E:/FPGA/TSP_RVmaster/FPGA/pango_cpu
[Info] [2026-3-26 20:37:45] Configuration is not connect with server. connect first then scan chain.
[Debug] [2026-3-26 20:37:46] Client Local host name:LAPTOP-E3CFACBD
[Debug] [2026-3-26 20:37:46] Client Local Address:113.54.185.101
[Debug] [2026-3-26 20:37:46] Server Address:127.0.0.1, Port:65420
[Debug] [2026-3-26 20:37:46] Log::Print : Connecting to server[127.0.0.1 : 65420].
[Info] [2026-3-26 20:37:46] Connect OK, Server: 127.0.0.1  Port: 65420
[Debug] [2026-3-26 20:37:46] Finish.
[Info] [2026-3-26 20:37:46] Connect server succeeded
[Debug] [2026-3-26 20:37:46] Send RPC:1
[Debug] [2026-3-26 20:37:46] Send cmd [check version information:40004] OK
[Debug] [2026-3-26 20:37:46] Log::Print : Connect to server[127.0.0.1 : 65420] successfully.
[Debug] [2026-3-26 20:37:46] Send RPC:2
[Debug] [2026-3-26 20:37:46] Send cmd [get_cable_paras:40010] OK
[Debug] [2026-3-26 20:37:46] Begin to send initialize chain cmd...
[Debug] [2026-3-26 20:37:46] Send RPC:3
[Debug] [2026-3-26 20:37:46] Send cmd [Open config cable:20001] OK
[Debug] [2026-3-26 20:37:46] End to send initialize chain cmd.
[Debug] [2026-3-26 20:37:46] COMMAND[check version information] execute successfully, takes 0.3 secs.
[Debug] [2026-3-26 20:37:46] Log::Print : COMMAND[check version information] execute successfully, takes 0.3 secs.
[Debug] [2026-3-26 20:37:48] COMMAND[get_cable_paras] execute successfully, takes 1.2 secs.
[Debug] [2026-3-26 20:37:48] Log::Print : The cable List : 
Cable index 0:USB Cable II/fffffffffffffffe 

[Debug] [2026-3-26 20:37:48] Log::Print : COMMAND[get_cable_paras] execute successfully, takes 1.2 secs.
[Debug] [2026-3-26 20:37:48] begin the exec of open cable cmd...
[Debug] [2026-3-26 20:37:48] Begin to deal with chain from server...
[Debug] [2026-3-26 20:37:48] Begin to set user chain...
[Debug] [2026-3-26 20:37:48] End to set user chain.
[Debug] [2026-3-26 20:37:48] Begin to update graphic item and tree item ...
[Debug] [2026-3-26 20:37:48] End to update graphic item and tree item ...
[Debug] [2026-3-26 20:37:48] Log::Print : PANGO USB CABLE II cable driver: D2XX DLL
[Debug] [2026-3-26 20:37:48] Log::Print : PGL50G
[Debug] [2026-3-26 20:37:48] Log::Print : This device configure situation (done bit): 1
[Info] [2026-3-26 20:37:49] set OpenLastPath: E:/FPGA/TSP_RVmaster/FPGA/pango_cpu/generate_bitstream/SoC_Top.sbit
[Debug] [2026-3-26 20:37:49] begin to get device info from CFG file...
[Debug] [2026-3-26 20:37:49] end to get device info from CFG file...
[Debug] [2026-3-26 20:37:49] Begin to update graphic item and tree item ...
[Debug] [2026-3-26 20:37:49] End to update graphic item and tree item ...
[Debug] [2026-3-26 20:37:49] Begin to update graphic item and tree item ...
[Debug] [2026-3-26 20:37:49] End to update graphic item and tree item ...
[Debug] [2026-3-26 20:37:49] End to deal wiht chain from server.
[Debug] [2026-3-26 20:37:49] end the exec of open cable cmd.
[Debug] [2026-3-26 20:37:49] COMMAND[Open config cable] execute successfully, takes 2.6 secs.
[Debug] [2026-3-26 20:37:49] Log::Print : COMMAND[Open config cable] execute successfully, takes 2.6 secs.
[Debug] [2026-3-26 20:37:50] Begin to send programming cmd...
[Debug] [2026-3-26 20:37:50] Send RPC:4
[Debug] [2026-3-26 20:37:50] Begin to send program data.
[Debug] [2026-3-26 20:37:50] End to send program data.
[Debug] [2026-3-26 20:37:50] Send cmd [Program:20002] OK
[Debug] [2026-3-26 20:37:50] The value of Progress is 6
[Debug] [2026-3-26 20:37:50] The value of Progress is 10
[Debug] [2026-3-26 20:37:50] The value of Progress is 15
[Debug] [2026-3-26 20:37:50] The value of Progress is 20
[Debug] [2026-3-26 20:37:50] The value of Progress is 25
[Debug] [2026-3-26 20:37:51] The value of Progress is 30
[Debug] [2026-3-26 20:37:51] The value of Progress is 35
[Debug] [2026-3-26 20:37:51] The value of Progress is 40
[Debug] [2026-3-26 20:37:51] The value of Progress is 45
[Debug] [2026-3-26 20:37:51] The value of Progress is 50
[Debug] [2026-3-26 20:37:51] The value of Progress is 55
[Debug] [2026-3-26 20:37:51] The value of Progress is 60
[Debug] [2026-3-26 20:37:51] The value of Progress is 65
[Debug] [2026-3-26 20:37:51] The value of Progress is 70
[Debug] [2026-3-26 20:37:51] The value of Progress is 75
[Debug] [2026-3-26 20:37:51] The value of Progress is 80
[Debug] [2026-3-26 20:37:51] The value of Progress is 85
[Debug] [2026-3-26 20:37:52] The value of Progress is 90
[Debug] [2026-3-26 20:37:52] The value of Progress is 95
[Debug] [2026-3-26 20:37:52] The value of Progress is 100
[Debug] [2026-3-26 20:37:52] COMMAND[Program] execute successfully, takes 2.0 secs.
[Debug] [2026-3-26 20:37:52] End to send programming cmd.
[Debug] [2026-3-26 20:37:52] Log::Print : The done bit is 1
[Debug] [2026-3-26 20:37:52] Log::Print : COMMAND[Program] execute successfully, takes 2.0 secs.
[Info] [2026-3-26 20:37:52] /***************************End Configration***************************/
[Info] [2026-3-26 20:42:03] /***************************Start Configuration***************************/
[Info] [2026-3-26 20:42:03] Path: E:/pango/PDS_2022.2-SP6.4/bin
[Info] [2026-3-26 20:42:03] Version: 146967
[Info] [2026-3-26 20:42:04] Current Path: E:/FPGA/TSP_RVmaster/FPGA/pango_cpu
[Info] [2026-3-26 20:42:04] PDS Dir Path: E:/FPGA/TSP_RVmaster/FPGA/pango_cpu
[Info] [2026-3-26 20:42:05] Configuration is not connect with server. connect first then scan chain.
[Debug] [2026-3-26 20:42:05] Client Local host name:LAPTOP-E3CFACBD
[Debug] [2026-3-26 20:42:05] Client Local Address:113.54.185.101
[Debug] [2026-3-26 20:42:05] Server Address:127.0.0.1, Port:65420
[Debug] [2026-3-26 20:42:05] Log::Print : Connecting to server[127.0.0.1 : 65420].
[Info] [2026-3-26 20:42:06] Connect OK, Server: 127.0.0.1  Port: 65420
[Debug] [2026-3-26 20:42:06] Finish.
[Info] [2026-3-26 20:42:06] Connect server succeeded
[Debug] [2026-3-26 20:42:06] Send RPC:1
[Debug] [2026-3-26 20:42:06] Send cmd [check version information:40004] OK
[Debug] [2026-3-26 20:42:06] Log::Print : Connect to server[127.0.0.1 : 65420] successfully.
[Debug] [2026-3-26 20:42:06] Send RPC:2
[Debug] [2026-3-26 20:42:06] Send cmd [get_cable_paras:40010] OK
[Debug] [2026-3-26 20:42:06] Begin to send initialize chain cmd...
[Debug] [2026-3-26 20:42:06] Send RPC:3
[Debug] [2026-3-26 20:42:06] Send cmd [Open config cable:20001] OK
[Debug] [2026-3-26 20:42:06] End to send initialize chain cmd.
[Debug] [2026-3-26 20:42:06] COMMAND[check version information] execute successfully, takes 0.3 secs.
[Debug] [2026-3-26 20:42:06] Log::Print : COMMAND[check version information] execute successfully, takes 0.3 secs.
[Debug] [2026-3-26 20:42:07] COMMAND[get_cable_paras] execute successfully, takes 1.1 secs.
[Debug] [2026-3-26 20:42:07] Log::Print : The cable List : 
Cable index 0:USB Cable II/fffffffffffffffe 

[Debug] [2026-3-26 20:42:07] Log::Print : COMMAND[get_cable_paras] execute successfully, takes 1.1 secs.
[Debug] [2026-3-26 20:42:08] begin the exec of open cable cmd...
[Debug] [2026-3-26 20:42:08] Begin to deal with chain from server...
[Debug] [2026-3-26 20:42:08] Begin to set user chain...
[Debug] [2026-3-26 20:42:08] End to set user chain.
[Debug] [2026-3-26 20:42:08] Begin to update graphic item and tree item ...
[Debug] [2026-3-26 20:42:08] End to update graphic item and tree item ...
[Debug] [2026-3-26 20:42:08] Log::Print : PANGO USB CABLE II cable driver: D2XX DLL
[Debug] [2026-3-26 20:42:08] Log::Print : PGL50G
[Debug] [2026-3-26 20:42:08] Log::Print : This device configure situation (done bit): 1
[Info] [2026-3-26 20:42:09] set OpenLastPath: E:/FPGA/TSP_RVmaster/FPGA/pango_cpu/generate_bitstream/SoC_Top.sbit
[Debug] [2026-3-26 20:42:09] begin to get device info from CFG file...
[Debug] [2026-3-26 20:42:09] end to get device info from CFG file...
[Debug] [2026-3-26 20:42:09] Begin to update graphic item and tree item ...
[Debug] [2026-3-26 20:42:09] End to update graphic item and tree item ...
[Debug] [2026-3-26 20:42:09] Begin to update graphic item and tree item ...
[Debug] [2026-3-26 20:42:09] End to update graphic item and tree item ...
[Debug] [2026-3-26 20:42:09] End to deal wiht chain from server.
[Debug] [2026-3-26 20:42:09] end the exec of open cable cmd.
[Debug] [2026-3-26 20:42:09] COMMAND[Open config cable] execute successfully, takes 2.7 secs.
[Debug] [2026-3-26 20:42:09] Log::Print : COMMAND[Open config cable] execute successfully, takes 2.7 secs.
[Debug] [2026-3-26 20:42:10] Begin to send programming cmd...
[Debug] [2026-3-26 20:42:10] Send RPC:4
[Debug] [2026-3-26 20:42:10] Begin to send program data.
[Debug] [2026-3-26 20:42:10] End to send program data.
[Debug] [2026-3-26 20:42:10] Send cmd [Program:20002] OK
[Debug] [2026-3-26 20:42:11] The value of Progress is 6
[Debug] [2026-3-26 20:42:11] The value of Progress is 10
[Debug] [2026-3-26 20:42:11] The value of Progress is 15
[Debug] [2026-3-26 20:42:11] The value of Progress is 20
[Debug] [2026-3-26 20:42:11] The value of Progress is 25
[Debug] [2026-3-26 20:42:11] The value of Progress is 30
[Debug] [2026-3-26 20:42:11] The value of Progress is 35
[Debug] [2026-3-26 20:42:11] The value of Progress is 40
[Debug] [2026-3-26 20:42:11] The value of Progress is 45
[Debug] [2026-3-26 20:42:11] The value of Progress is 50
[Debug] [2026-3-26 20:42:12] The value of Progress is 55
[Debug] [2026-3-26 20:42:12] The value of Progress is 60
[Debug] [2026-3-26 20:42:12] The value of Progress is 65
[Debug] [2026-3-26 20:42:12] The value of Progress is 70
[Debug] [2026-3-26 20:42:12] The value of Progress is 75
[Debug] [2026-3-26 20:42:12] The value of Progress is 80
[Debug] [2026-3-26 20:42:12] The value of Progress is 85
[Debug] [2026-3-26 20:42:12] The value of Progress is 90
[Debug] [2026-3-26 20:42:12] The value of Progress is 95
[Debug] [2026-3-26 20:42:12] The value of Progress is 100
[Debug] [2026-3-26 20:42:12] COMMAND[Program] execute successfully, takes 2.0 secs.
[Debug] [2026-3-26 20:42:12] End to send programming cmd.
[Debug] [2026-3-26 20:42:12] Log::Print : The done bit is 1
[Debug] [2026-3-26 20:42:12] Log::Print : COMMAND[Program] execute successfully, takes 2.0 secs.
[Info] [2026-3-26 20:42:13] /***************************End Configration***************************/
[Info] [2026-3-26 20:52:57] /***************************Start Configuration***************************/
[Info] [2026-3-26 20:52:57] Path: E:/pango/PDS_2022.2-SP6.4/bin
[Info] [2026-3-26 20:52:57] Version: 146967
[Info] [2026-3-26 20:52:58] Current Path: E:/FPGA/TSP_RVmaster/FPGA/pango_cpu
[Info] [2026-3-26 20:52:58] PDS Dir Path: E:/FPGA/TSP_RVmaster/FPGA/pango_cpu
[Info] [2026-3-26 20:53:05] Configuration is not connect with server. connect first then scan chain.
[Debug] [2026-3-26 20:53:05] Client Local host name:LAPTOP-E3CFACBD
[Debug] [2026-3-26 20:53:05] Client Local Address:113.54.185.101
[Debug] [2026-3-26 20:53:05] Server Address:127.0.0.1, Port:65420
[Debug] [2026-3-26 20:53:06] Log::Print : Connecting to server[127.0.0.1 : 65420].
[Info] [2026-3-26 20:53:06] Connect OK, Server: 127.0.0.1  Port: 65420
[Debug] [2026-3-26 20:53:06] Finish.
[Info] [2026-3-26 20:53:06] Connect server succeeded
[Debug] [2026-3-26 20:53:06] Send RPC:1
[Debug] [2026-3-26 20:53:06] Send cmd [check version information:40004] OK
[Debug] [2026-3-26 20:53:06] Log::Print : Connect to server[127.0.0.1 : 65420] successfully.
[Debug] [2026-3-26 20:53:06] Send RPC:2
[Debug] [2026-3-26 20:53:06] Send cmd [get_cable_paras:40010] OK
[Debug] [2026-3-26 20:53:06] Begin to send initialize chain cmd...
[Debug] [2026-3-26 20:53:06] Send RPC:3
[Debug] [2026-3-26 20:53:06] Send cmd [Open config cable:20001] OK
[Debug] [2026-3-26 20:53:06] End to send initialize chain cmd.
[Debug] [2026-3-26 20:53:06] COMMAND[check version information] execute successfully, takes 0.6 secs.
[Debug] [2026-3-26 20:53:06] Log::Print : COMMAND[check version information] execute successfully, takes 0.6 secs.
[Debug] [2026-3-26 20:53:08] COMMAND[get_cable_paras] execute successfully, takes 1.5 secs.
[Debug] [2026-3-26 20:53:08] Log::Print : The cable List : 

[Debug] [2026-3-26 20:53:08] Log::Print : COMMAND[get_cable_paras] execute successfully, takes 1.5 secs.
[Error] [2026-3-26 20:53:08] fail to exec Open config cable cmd...
[Error] [2026-3-26 20:53:08] MsgOut: JtagServer-0306: No devices detected while scanning the JTAG chain, failed detecting JTAG device chain.
[Warn] [2026-3-26 20:53:08] MsgOut: Please check the device power, cable connection situation and whether put the chip in the right way or not.
   If these do not work, try to restart the software.
[Error] [2026-3-26 20:53:08] MsgOut: Configuration-0008: The command 'Open config cable' execute fail.
[Debug] [2026-3-26 20:53:15] Begin to send initialize chain cmd...
[Debug] [2026-3-26 20:53:15] Send RPC:4
[Debug] [2026-3-26 20:53:15] Send cmd [Open config cable:20001] OK
[Debug] [2026-3-26 20:53:15] End to send initialize chain cmd.
[Error] [2026-3-26 20:53:15] fail to exec Open config cable cmd...
[Error] [2026-3-26 20:53:15] MsgOut: JtagServer-0306: No devices detected while scanning the JTAG chain, failed detecting JTAG device chain.
[Warn] [2026-3-26 20:53:15] MsgOut: Please check the device power, cable connection situation and whether put the chip in the right way or not.
   If these do not work, try to restart the software.
[Error] [2026-3-26 20:53:15] MsgOut: Configuration-0008: The command 'Open config cable' execute fail.
[Info] [2026-3-26 20:53:16] /***************************End Configration***************************/
[Info] [2026-3-26 20:53:19] /***************************Start Configuration***************************/
[Info] [2026-3-26 20:53:19] Path: E:/pango/PDS_2022.2-SP6.4/bin
[Info] [2026-3-26 20:53:19] Version: 146967
[Info] [2026-3-26 20:53:20] Current Path: E:/FPGA/TSP_RVmaster/FPGA/pango_cpu
[Info] [2026-3-26 20:53:20] PDS Dir Path: E:/FPGA/TSP_RVmaster/FPGA/pango_cpu
[Info] [2026-3-26 20:53:22] Configuration is not connect with server. connect first then scan chain.
[Debug] [2026-3-26 20:53:22] Client Local host name:LAPTOP-E3CFACBD
[Debug] [2026-3-26 20:53:22] Client Local Address:113.54.185.101
[Debug] [2026-3-26 20:53:22] Server Address:127.0.0.1, Port:65420
[Debug] [2026-3-26 20:53:22] Log::Print : Connecting to server[127.0.0.1 : 65420].
[Info] [2026-3-26 20:53:22] Connect OK, Server: 127.0.0.1  Port: 65420
[Debug] [2026-3-26 20:53:22] Finish.
[Info] [2026-3-26 20:53:22] Connect server succeeded
[Debug] [2026-3-26 20:53:22] Send RPC:1
[Debug] [2026-3-26 20:53:22] Send cmd [check version information:40004] OK
[Debug] [2026-3-26 20:53:22] Log::Print : Connect to server[127.0.0.1 : 65420] successfully.
[Debug] [2026-3-26 20:53:23] Send RPC:2
[Debug] [2026-3-26 20:53:23] Send cmd [get_cable_paras:40010] OK
[Debug] [2026-3-26 20:53:23] Begin to send initialize chain cmd...
[Debug] [2026-3-26 20:53:23] Send RPC:3
[Debug] [2026-3-26 20:53:23] Send cmd [Open config cable:20001] OK
[Debug] [2026-3-26 20:53:23] End to send initialize chain cmd.
[Debug] [2026-3-26 20:53:23] COMMAND[check version information] execute successfully, takes 0.3 secs.
[Debug] [2026-3-26 20:53:23] Log::Print : COMMAND[check version information] execute successfully, takes 0.3 secs.
[Debug] [2026-3-26 20:53:24] COMMAND[get_cable_paras] execute successfully, takes 1.1 secs.
[Debug] [2026-3-26 20:53:24] Log::Print : The cable List : 
Cable index 0:USB Cable II/fffffffffffffffe 

[Debug] [2026-3-26 20:53:24] Log::Print : COMMAND[get_cable_paras] execute successfully, takes 1.1 secs.
[Debug] [2026-3-26 20:53:24] begin the exec of open cable cmd...
[Debug] [2026-3-26 20:53:24] Begin to deal with chain from server...
[Debug] [2026-3-26 20:53:24] Begin to set user chain...
[Debug] [2026-3-26 20:53:24] End to set user chain.
[Debug] [2026-3-26 20:53:24] Begin to update graphic item and tree item ...
[Debug] [2026-3-26 20:53:24] End to update graphic item and tree item ...
[Debug] [2026-3-26 20:53:24] Log::Print : PANGO USB CABLE II cable driver: D2XX DLL
[Debug] [2026-3-26 20:53:24] Log::Print : PGL50G
[Debug] [2026-3-26 20:53:24] Log::Print : This device configure situation (done bit): 0
[Info] [2026-3-26 20:53:25] set OpenLastPath: E:/FPGA/TSP_RVmaster/FPGA/pango_cpu/generate_bitstream/SoC_Top.sbit
[Debug] [2026-3-26 20:53:25] begin to get device info from CFG file...
[Debug] [2026-3-26 20:53:25] end to get device info from CFG file...
[Debug] [2026-3-26 20:53:25] Begin to update graphic item and tree item ...
[Debug] [2026-3-26 20:53:25] End to update graphic item and tree item ...
[Debug] [2026-3-26 20:53:25] Begin to update graphic item and tree item ...
[Debug] [2026-3-26 20:53:25] End to update graphic item and tree item ...
[Debug] [2026-3-26 20:53:25] End to deal wiht chain from server.
[Debug] [2026-3-26 20:53:25] end the exec of open cable cmd.
[Debug] [2026-3-26 20:53:25] COMMAND[Open config cable] execute successfully, takes 2.7 secs.
[Debug] [2026-3-26 20:53:25] Log::Print : COMMAND[Open config cable] execute successfully, takes 2.7 secs.
[Debug] [2026-3-26 20:53:26] Begin to send programming cmd...
[Debug] [2026-3-26 20:53:26] Send RPC:4
[Debug] [2026-3-26 20:53:26] Begin to send program data.
[Debug] [2026-3-26 20:53:26] End to send program data.
[Debug] [2026-3-26 20:53:26] Send cmd [Program:20002] OK
[Debug] [2026-3-26 20:53:27] The value of Progress is 6
[Debug] [2026-3-26 20:53:27] The value of Progress is 10
[Debug] [2026-3-26 20:53:27] The value of Progress is 15
[Debug] [2026-3-26 20:53:27] The value of Progress is 20
[Debug] [2026-3-26 20:53:27] The value of Progress is 25
[Debug] [2026-3-26 20:53:27] The value of Progress is 30
[Debug] [2026-3-26 20:53:27] The value of Progress is 35
[Debug] [2026-3-26 20:53:27] The value of Progress is 40
[Debug] [2026-3-26 20:53:27] The value of Progress is 45
[Debug] [2026-3-26 20:53:27] The value of Progress is 50
[Debug] [2026-3-26 20:53:28] The value of Progress is 55
[Debug] [2026-3-26 20:53:28] The value of Progress is 60
[Debug] [2026-3-26 20:53:28] The value of Progress is 65
[Debug] [2026-3-26 20:53:28] The value of Progress is 70
[Debug] [2026-3-26 20:53:28] The value of Progress is 75
[Debug] [2026-3-26 20:53:28] The value of Progress is 80
[Debug] [2026-3-26 20:53:28] The value of Progress is 85
[Debug] [2026-3-26 20:53:28] The value of Progress is 90
[Debug] [2026-3-26 20:53:28] The value of Progress is 95
[Debug] [2026-3-26 20:53:28] The value of Progress is 100
[Debug] [2026-3-26 20:53:28] COMMAND[Program] execute successfully, takes 2.0 secs.
[Debug] [2026-3-26 20:53:28] End to send programming cmd.
[Debug] [2026-3-26 20:53:28] Log::Print : The done bit is 1
[Debug] [2026-3-26 20:53:28] Log::Print : COMMAND[Program] execute successfully, takes 2.0 secs.
[Info] [2026-3-26 20:53:30] /***************************End Configration***************************/
[Info] [2026-3-26 20:56:48] /***************************Start Configuration***************************/
[Info] [2026-3-26 20:56:48] Path: E:/pango/PDS_2022.2-SP6.4/bin
[Info] [2026-3-26 20:56:48] Version: 146967
[Info] [2026-3-26 20:56:49] Current Path: E:/FPGA/TSP_RVmaster/FPGA/pango_cpu
[Info] [2026-3-26 20:56:49] PDS Dir Path: E:/FPGA/TSP_RVmaster/FPGA/pango_cpu
[Info] [2026-3-26 20:56:52] Configuration is not connect with server. connect first then scan chain.
[Debug] [2026-3-26 20:56:52] Client Local host name:LAPTOP-E3CFACBD
[Debug] [2026-3-26 20:56:52] Client Local Address:113.54.185.101
[Debug] [2026-3-26 20:56:52] Server Address:127.0.0.1, Port:65420
[Debug] [2026-3-26 20:56:52] Log::Print : Connecting to server[127.0.0.1 : 65420].
[Info] [2026-3-26 20:56:52] Connect OK, Server: 127.0.0.1  Port: 65420
[Debug] [2026-3-26 20:56:52] Finish.
[Info] [2026-3-26 20:56:52] Connect server succeeded
[Debug] [2026-3-26 20:56:52] Send RPC:1
[Debug] [2026-3-26 20:56:52] Send cmd [check version information:40004] OK
[Debug] [2026-3-26 20:56:52] Log::Print : Connect to server[127.0.0.1 : 65420] successfully.
[Debug] [2026-3-26 20:56:53] Send RPC:2
[Debug] [2026-3-26 20:56:53] Send cmd [get_cable_paras:40010] OK
[Debug] [2026-3-26 20:56:53] Begin to send initialize chain cmd...
[Debug] [2026-3-26 20:56:53] Send RPC:3
[Debug] [2026-3-26 20:56:53] Send cmd [Open config cable:20001] OK
[Debug] [2026-3-26 20:56:53] End to send initialize chain cmd.
[Debug] [2026-3-26 20:56:53] COMMAND[check version information] execute successfully, takes 0.3 secs.
[Debug] [2026-3-26 20:56:53] Log::Print : COMMAND[check version information] execute successfully, takes 0.3 secs.
[Debug] [2026-3-26 20:56:54] COMMAND[get_cable_paras] execute successfully, takes 1.1 secs.
[Debug] [2026-3-26 20:56:54] Log::Print : The cable List : 
Cable index 0:USB Cable II/fffffffffffffffe 

[Debug] [2026-3-26 20:56:54] Log::Print : COMMAND[get_cable_paras] execute successfully, takes 1.1 secs.
[Debug] [2026-3-26 20:56:54] begin the exec of open cable cmd...
[Debug] [2026-3-26 20:56:54] Begin to deal with chain from server...
[Debug] [2026-3-26 20:56:54] Begin to set user chain...
[Debug] [2026-3-26 20:56:54] End to set user chain.
[Debug] [2026-3-26 20:56:54] Begin to update graphic item and tree item ...
[Debug] [2026-3-26 20:56:54] End to update graphic item and tree item ...
[Debug] [2026-3-26 20:56:54] Log::Print : PANGO USB CABLE II cable driver: D2XX DLL
[Debug] [2026-3-26 20:56:54] Log::Print : PGL50G
[Debug] [2026-3-26 20:56:54] Log::Print : This device configure situation (done bit): 1
[Info] [2026-3-26 20:56:56] set OpenLastPath: E:/FPGA/TSP_RVmaster/FPGA/pango_cpu/generate_bitstream/SoC_Top.sbit
[Debug] [2026-3-26 20:56:56] begin to get device info from CFG file...
[Debug] [2026-3-26 20:56:56] end to get device info from CFG file...
[Debug] [2026-3-26 20:56:56] Begin to update graphic item and tree item ...
[Debug] [2026-3-26 20:56:56] End to update graphic item and tree item ...
[Debug] [2026-3-26 20:56:56] Begin to update graphic item and tree item ...
[Debug] [2026-3-26 20:56:56] End to update graphic item and tree item ...
[Debug] [2026-3-26 20:56:56] End to deal wiht chain from server.
[Debug] [2026-3-26 20:56:56] end the exec of open cable cmd.
[Debug] [2026-3-26 20:56:56] COMMAND[Open config cable] execute successfully, takes 3.3 secs.
[Debug] [2026-3-26 20:56:56] Log::Print : COMMAND[Open config cable] execute successfully, takes 3.3 secs.
[Debug] [2026-3-26 20:56:57] Begin to send programming cmd...
[Debug] [2026-3-26 20:56:57] Send RPC:4
[Debug] [2026-3-26 20:56:57] Begin to send program data.
[Debug] [2026-3-26 20:56:57] End to send program data.
[Debug] [2026-3-26 20:56:57] Send cmd [Program:20002] OK
[Debug] [2026-3-26 20:56:57] The value of Progress is 6
[Debug] [2026-3-26 20:56:57] The value of Progress is 10
[Debug] [2026-3-26 20:56:58] The value of Progress is 15
[Debug] [2026-3-26 20:56:58] The value of Progress is 20
[Debug] [2026-3-26 20:56:58] The value of Progress is 25
[Debug] [2026-3-26 20:56:58] The value of Progress is 30
[Debug] [2026-3-26 20:56:58] The value of Progress is 35
[Debug] [2026-3-26 20:56:58] The value of Progress is 40
[Debug] [2026-3-26 20:56:58] The value of Progress is 45
[Debug] [2026-3-26 20:56:58] The value of Progress is 50
[Debug] [2026-3-26 20:56:58] The value of Progress is 55
[Debug] [2026-3-26 20:56:58] The value of Progress is 60
[Debug] [2026-3-26 20:56:58] The value of Progress is 65
[Debug] [2026-3-26 20:56:58] The value of Progress is 70
[Debug] [2026-3-26 20:56:59] The value of Progress is 75
[Debug] [2026-3-26 20:56:59] The value of Progress is 80
[Debug] [2026-3-26 20:56:59] The value of Progress is 85
[Debug] [2026-3-26 20:56:59] The value of Progress is 90
[Debug] [2026-3-26 20:56:59] The value of Progress is 95
[Debug] [2026-3-26 20:56:59] The value of Progress is 100
[Debug] [2026-3-26 20:56:59] COMMAND[Program] execute successfully, takes 2.0 secs.
[Debug] [2026-3-26 20:56:59] End to send programming cmd.
[Debug] [2026-3-26 20:56:59] Log::Print : The done bit is 1
[Debug] [2026-3-26 20:56:59] Log::Print : COMMAND[Program] execute successfully, takes 2.0 secs.
[Info] [2026-3-26 20:56:59] /***************************End Configration***************************/
[Info] [2026-3-26 21:17:02] /***************************Start Configuration***************************/
[Info] [2026-3-26 21:17:02] Path: E:/pango/PDS_2022.2-SP6.4/bin
[Info] [2026-3-26 21:17:02] Version: 146967
[Info] [2026-3-26 21:17:03] Current Path: E:/FPGA/TSP_RVmaster/FPGA/pango_cpu
[Info] [2026-3-26 21:17:03] PDS Dir Path: E:/FPGA/TSP_RVmaster/FPGA/pango_cpu
[Info] [2026-3-26 21:17:07] Configuration is not connect with server. connect first then scan chain.
[Debug] [2026-3-26 21:17:07] Client Local host name:LAPTOP-E3CFACBD
[Debug] [2026-3-26 21:17:07] Client Local Address:113.54.185.101
[Debug] [2026-3-26 21:17:07] Server Address:127.0.0.1, Port:65420
[Debug] [2026-3-26 21:17:08] Log::Print : Connecting to server[127.0.0.1 : 65420].
[Info] [2026-3-26 21:17:08] Connect OK, Server: 127.0.0.1  Port: 65420
[Debug] [2026-3-26 21:17:08] Finish.
[Info] [2026-3-26 21:17:08] Connect server succeeded
[Debug] [2026-3-26 21:17:08] Send RPC:1
[Debug] [2026-3-26 21:17:08] Send cmd [check version information:40004] OK
[Debug] [2026-3-26 21:17:08] Log::Print : Connect to server[127.0.0.1 : 65420] successfully.
[Debug] [2026-3-26 21:17:08] Send RPC:2
[Debug] [2026-3-26 21:17:08] Send cmd [get_cable_paras:40010] OK
[Debug] [2026-3-26 21:17:08] Begin to send initialize chain cmd...
[Debug] [2026-3-26 21:17:08] Send RPC:3
[Debug] [2026-3-26 21:17:08] Send cmd [Open config cable:20001] OK
[Debug] [2026-3-26 21:17:08] End to send initialize chain cmd.
[Debug] [2026-3-26 21:17:08] COMMAND[check version information] execute successfully, takes 0.4 secs.
[Debug] [2026-3-26 21:17:08] Log::Print : COMMAND[check version information] execute successfully, takes 0.4 secs.
[Debug] [2026-3-26 21:17:09] COMMAND[get_cable_paras] execute successfully, takes 1.1 secs.
[Debug] [2026-3-26 21:17:09] Log::Print : The cable List : 
Cable index 0:USB Cable II/fffffffffffffffe 

[Debug] [2026-3-26 21:17:09] Log::Print : COMMAND[get_cable_paras] execute successfully, takes 1.1 secs.
[Debug] [2026-3-26 21:17:10] begin the exec of open cable cmd...
[Debug] [2026-3-26 21:17:10] Begin to deal with chain from server...
[Debug] [2026-3-26 21:17:10] Begin to set user chain...
[Debug] [2026-3-26 21:17:10] End to set user chain.
[Debug] [2026-3-26 21:17:10] Begin to update graphic item and tree item ...
[Debug] [2026-3-26 21:17:10] End to update graphic item and tree item ...
[Debug] [2026-3-26 21:17:10] Log::Print : PANGO USB CABLE II cable driver: D2XX DLL
[Debug] [2026-3-26 21:17:10] Log::Print : PGL50G
[Debug] [2026-3-26 21:17:10] Log::Print : This device configure situation (done bit): 0
[Info] [2026-3-26 21:17:11] set OpenLastPath: E:/FPGA/TSP_RVmaster/FPGA/pango_cpu/generate_bitstream/SoC_Top.sbit
[Debug] [2026-3-26 21:17:11] begin to get device info from CFG file...
[Debug] [2026-3-26 21:17:11] end to get device info from CFG file...
[Debug] [2026-3-26 21:17:11] Begin to update graphic item and tree item ...
[Debug] [2026-3-26 21:17:11] End to update graphic item and tree item ...
[Debug] [2026-3-26 21:17:11] Begin to update graphic item and tree item ...
[Debug] [2026-3-26 21:17:11] End to update graphic item and tree item ...
[Debug] [2026-3-26 21:17:11] End to deal wiht chain from server.
[Debug] [2026-3-26 21:17:11] end the exec of open cable cmd.
[Debug] [2026-3-26 21:17:11] COMMAND[Open config cable] execute successfully, takes 2.4 secs.
[Debug] [2026-3-26 21:17:11] Log::Print : COMMAND[Open config cable] execute successfully, takes 2.4 secs.
[Debug] [2026-3-26 21:17:11] Begin to send programming cmd...
[Debug] [2026-3-26 21:17:11] Send RPC:4
[Debug] [2026-3-26 21:17:11] Begin to send program data.
[Debug] [2026-3-26 21:17:11] End to send program data.
[Debug] [2026-3-26 21:17:11] Send cmd [Program:20002] OK
[Debug] [2026-3-26 21:17:12] The value of Progress is 6
[Debug] [2026-3-26 21:17:12] The value of Progress is 10
[Debug] [2026-3-26 21:17:12] The value of Progress is 15
[Debug] [2026-3-26 21:17:12] The value of Progress is 20
[Debug] [2026-3-26 21:17:12] The value of Progress is 25
[Debug] [2026-3-26 21:17:12] The value of Progress is 30
[Debug] [2026-3-26 21:17:12] The value of Progress is 35
[Debug] [2026-3-26 21:17:12] The value of Progress is 40
[Debug] [2026-3-26 21:17:12] The value of Progress is 45
[Debug] [2026-3-26 21:17:13] The value of Progress is 50
[Debug] [2026-3-26 21:17:13] The value of Progress is 55
[Debug] [2026-3-26 21:17:13] The value of Progress is 60
[Debug] [2026-3-26 21:17:13] The value of Progress is 65
[Debug] [2026-3-26 21:17:13] The value of Progress is 70
[Debug] [2026-3-26 21:17:13] The value of Progress is 75
[Debug] [2026-3-26 21:17:13] The value of Progress is 80
[Debug] [2026-3-26 21:17:13] The value of Progress is 85
[Debug] [2026-3-26 21:17:13] The value of Progress is 90
[Debug] [2026-3-26 21:17:13] The value of Progress is 95
[Debug] [2026-3-26 21:17:13] The value of Progress is 100
[Debug] [2026-3-26 21:17:13] COMMAND[Program] execute successfully, takes 2.0 secs.
[Debug] [2026-3-26 21:17:13] End to send programming cmd.
[Debug] [2026-3-26 21:17:13] Log::Print : The done bit is 1
[Debug] [2026-3-26 21:17:13] Log::Print : COMMAND[Program] execute successfully, takes 2.0 secs.
[Info] [2026-3-26 21:17:14] /***************************End Configration***************************/
[Info] [2026-3-26 21:33:47] /***************************Start Configuration***************************/
[Info] [2026-3-26 21:33:47] Path: E:/pango/PDS_2022.2-SP6.4/bin
[Info] [2026-3-26 21:33:47] Version: 146967
[Info] [2026-3-26 21:33:48] Current Path: E:/FPGA/TSP_RVmaster/FPGA/pango_cpu
[Info] [2026-3-26 21:33:48] PDS Dir Path: E:/FPGA/TSP_RVmaster/FPGA/pango_cpu
[Info] [2026-3-26 21:33:50] Configuration is not connect with server. connect first then scan chain.
[Debug] [2026-3-26 21:33:50] Client Local host name:LAPTOP-E3CFACBD
[Debug] [2026-3-26 21:33:50] Client Local Address:113.54.185.101
[Debug] [2026-3-26 21:33:50] Server Address:127.0.0.1, Port:65420
[Debug] [2026-3-26 21:33:50] Log::Print : Connecting to server[127.0.0.1 : 65420].
[Info] [2026-3-26 21:33:51] Connect OK, Server: 127.0.0.1  Port: 65420
[Debug] [2026-3-26 21:33:51] Finish.
[Info] [2026-3-26 21:33:51] Connect server succeeded
[Debug] [2026-3-26 21:33:51] Send RPC:1
[Debug] [2026-3-26 21:33:51] Send cmd [check version information:40004] OK
[Debug] [2026-3-26 21:33:51] Log::Print : Connect to server[127.0.0.1 : 65420] successfully.
[Debug] [2026-3-26 21:33:51] Send RPC:2
[Debug] [2026-3-26 21:33:51] Send cmd [get_cable_paras:40010] OK
[Debug] [2026-3-26 21:33:51] Begin to send initialize chain cmd...
[Debug] [2026-3-26 21:33:51] Send RPC:3
[Debug] [2026-3-26 21:33:51] Send cmd [Open config cable:20001] OK
[Debug] [2026-3-26 21:33:51] End to send initialize chain cmd.
[Debug] [2026-3-26 21:33:51] COMMAND[check version information] execute successfully, takes 0.3 secs.
[Debug] [2026-3-26 21:33:51] Log::Print : COMMAND[check version information] execute successfully, takes 0.3 secs.
[Debug] [2026-3-26 21:33:52] COMMAND[get_cable_paras] execute successfully, takes 1.1 secs.
[Debug] [2026-3-26 21:33:52] Log::Print : The cable List : 
Cable index 0:USB Cable II/fffffffffffffffe 

[Debug] [2026-3-26 21:33:52] Log::Print : COMMAND[get_cable_paras] execute successfully, takes 1.1 secs.
[Debug] [2026-3-26 21:33:53] begin the exec of open cable cmd...
[Debug] [2026-3-26 21:33:53] Begin to deal with chain from server...
[Debug] [2026-3-26 21:33:53] Begin to set user chain...
[Debug] [2026-3-26 21:33:53] End to set user chain.
[Debug] [2026-3-26 21:33:53] Begin to update graphic item and tree item ...
[Debug] [2026-3-26 21:33:53] End to update graphic item and tree item ...
[Debug] [2026-3-26 21:33:53] Log::Print : PANGO USB CABLE II cable driver: D2XX DLL
[Debug] [2026-3-26 21:33:53] Log::Print : PGL50G
[Debug] [2026-3-26 21:33:53] Log::Print : This device configure situation (done bit): 1
[Info] [2026-3-26 21:33:54] set OpenLastPath: E:/FPGA/TSP_RVmaster/FPGA/pango_cpu/generate_bitstream/SoC_Top.sbit
[Debug] [2026-3-26 21:33:54] begin to get device info from CFG file...
[Debug] [2026-3-26 21:33:54] end to get device info from CFG file...
[Debug] [2026-3-26 21:33:54] Begin to update graphic item and tree item ...
[Debug] [2026-3-26 21:33:54] End to update graphic item and tree item ...
[Debug] [2026-3-26 21:33:54] Begin to update graphic item and tree item ...
[Debug] [2026-3-26 21:33:54] End to update graphic item and tree item ...
[Debug] [2026-3-26 21:33:54] End to deal wiht chain from server.
[Debug] [2026-3-26 21:33:54] end the exec of open cable cmd.
[Debug] [2026-3-26 21:33:54] COMMAND[Open config cable] execute successfully, takes 2.9 secs.
[Debug] [2026-3-26 21:33:54] Log::Print : COMMAND[Open config cable] execute successfully, takes 2.9 secs.
[Debug] [2026-3-26 21:33:55] Begin to send programming cmd...
[Debug] [2026-3-26 21:33:55] Send RPC:4
[Debug] [2026-3-26 21:33:55] Begin to send program data.
[Debug] [2026-3-26 21:33:55] End to send program data.
[Debug] [2026-3-26 21:33:55] Send cmd [Program:20002] OK
[Debug] [2026-3-26 21:33:55] The value of Progress is 6
[Debug] [2026-3-26 21:33:55] The value of Progress is 10
[Debug] [2026-3-26 21:33:55] The value of Progress is 15
[Debug] [2026-3-26 21:33:55] The value of Progress is 20
[Debug] [2026-3-26 21:33:55] The value of Progress is 25
[Debug] [2026-3-26 21:33:55] The value of Progress is 30
[Debug] [2026-3-26 21:33:56] The value of Progress is 35
[Debug] [2026-3-26 21:33:56] The value of Progress is 40
[Debug] [2026-3-26 21:33:56] The value of Progress is 45
[Debug] [2026-3-26 21:33:56] The value of Progress is 50
[Debug] [2026-3-26 21:33:56] The value of Progress is 55
[Debug] [2026-3-26 21:33:56] The value of Progress is 60
[Debug] [2026-3-26 21:33:56] The value of Progress is 65
[Debug] [2026-3-26 21:33:56] The value of Progress is 70
[Debug] [2026-3-26 21:33:56] The value of Progress is 75
[Debug] [2026-3-26 21:33:56] The value of Progress is 80
[Debug] [2026-3-26 21:33:56] The value of Progress is 85
[Debug] [2026-3-26 21:33:56] The value of Progress is 90
[Debug] [2026-3-26 21:33:57] The value of Progress is 95
[Debug] [2026-3-26 21:33:57] The value of Progress is 100
[Debug] [2026-3-26 21:33:57] COMMAND[Program] execute successfully, takes 2.0 secs.
[Debug] [2026-3-26 21:33:57] End to send programming cmd.
[Debug] [2026-3-26 21:33:57] Log::Print : The done bit is 1
[Debug] [2026-3-26 21:33:57] Log::Print : COMMAND[Program] execute successfully, takes 2.0 secs.
[Info] [2026-3-26 21:33:59] /***************************End Configration***************************/
[Info] [2026-3-26 21:46:22] /***************************Start Configuration***************************/
[Info] [2026-3-26 21:46:22] Path: E:/pango/PDS_2022.2-SP6.4/bin
[Info] [2026-3-26 21:46:22] Version: 146967
[Info] [2026-3-26 21:46:23] Current Path: E:/FPGA/TSP_RVmaster/FPGA/pango_cpu
[Info] [2026-3-26 21:46:23] PDS Dir Path: E:/FPGA/TSP_RVmaster/FPGA/pango_cpu
[Info] [2026-3-26 21:46:25] Configuration is not connect with server. connect first then scan chain.
[Debug] [2026-3-26 21:46:25] Client Local host name:LAPTOP-E3CFACBD
[Debug] [2026-3-26 21:46:25] Client Local Address:113.54.185.101
[Debug] [2026-3-26 21:46:25] Server Address:127.0.0.1, Port:65420
[Debug] [2026-3-26 21:46:25] Log::Print : Connecting to server[127.0.0.1 : 65420].
[Info] [2026-3-26 21:46:25] Connect OK, Server: 127.0.0.1  Port: 65420
[Debug] [2026-3-26 21:46:25] Finish.
[Info] [2026-3-26 21:46:25] Connect server succeeded
[Debug] [2026-3-26 21:46:25] Send RPC:1
[Debug] [2026-3-26 21:46:25] Send cmd [check version information:40004] OK
[Debug] [2026-3-26 21:46:25] Log::Print : Connect to server[127.0.0.1 : 65420] successfully.
[Debug] [2026-3-26 21:46:25] Send RPC:2
[Debug] [2026-3-26 21:46:25] Send cmd [get_cable_paras:40010] OK
[Debug] [2026-3-26 21:46:25] Begin to send initialize chain cmd...
[Debug] [2026-3-26 21:46:25] Send RPC:3
[Debug] [2026-3-26 21:46:25] Send cmd [Open config cable:20001] OK
[Debug] [2026-3-26 21:46:25] End to send initialize chain cmd.
[Debug] [2026-3-26 21:46:25] COMMAND[check version information] execute successfully, takes 0.3 secs.
[Debug] [2026-3-26 21:46:25] Log::Print : COMMAND[check version information] execute successfully, takes 0.3 secs.
[Debug] [2026-3-26 21:46:27] COMMAND[get_cable_paras] execute successfully, takes 1.2 secs.
[Debug] [2026-3-26 21:46:27] Log::Print : The cable List : 
Cable index 0:USB Cable II/fffffffffffffffe 

[Debug] [2026-3-26 21:46:27] Log::Print : COMMAND[get_cable_paras] execute successfully, takes 1.2 secs.
[Debug] [2026-3-26 21:46:27] begin the exec of open cable cmd...
[Debug] [2026-3-26 21:46:27] Begin to deal with chain from server...
[Debug] [2026-3-26 21:46:27] Begin to set user chain...
[Debug] [2026-3-26 21:46:27] End to set user chain.
[Debug] [2026-3-26 21:46:27] Begin to update graphic item and tree item ...
[Debug] [2026-3-26 21:46:27] End to update graphic item and tree item ...
[Debug] [2026-3-26 21:46:27] Log::Print : PANGO USB CABLE II cable driver: D2XX DLL
[Debug] [2026-3-26 21:46:27] Log::Print : PGL50G
[Debug] [2026-3-26 21:46:27] Log::Print : This device configure situation (done bit): 1
[Info] [2026-3-26 21:46:28] set OpenLastPath: E:/FPGA/TSP_RVmaster/FPGA/pango_cpu/generate_bitstream/SoC_Top.sbit
[Debug] [2026-3-26 21:46:28] begin to get device info from CFG file...
[Debug] [2026-3-26 21:46:28] end to get device info from CFG file...
[Debug] [2026-3-26 21:46:28] Begin to update graphic item and tree item ...
[Debug] [2026-3-26 21:46:28] End to update graphic item and tree item ...
[Debug] [2026-3-26 21:46:28] Begin to update graphic item and tree item ...
[Debug] [2026-3-26 21:46:28] End to update graphic item and tree item ...
[Debug] [2026-3-26 21:46:28] End to deal wiht chain from server.
[Debug] [2026-3-26 21:46:28] end the exec of open cable cmd.
[Debug] [2026-3-26 21:46:28] COMMAND[Open config cable] execute successfully, takes 2.6 secs.
[Debug] [2026-3-26 21:46:28] Log::Print : COMMAND[Open config cable] execute successfully, takes 2.6 secs.
[Debug] [2026-3-26 21:46:29] Begin to send programming cmd...
[Debug] [2026-3-26 21:46:29] Send RPC:4
[Debug] [2026-3-26 21:46:29] Begin to send program data.
[Debug] [2026-3-26 21:46:29] End to send program data.
[Debug] [2026-3-26 21:46:29] Send cmd [Program:20002] OK
[Debug] [2026-3-26 21:46:29] The value of Progress is 6
[Debug] [2026-3-26 21:46:29] The value of Progress is 10
[Debug] [2026-3-26 21:46:29] The value of Progress is 15
[Debug] [2026-3-26 21:46:29] The value of Progress is 20
[Debug] [2026-3-26 21:46:30] The value of Progress is 25
[Debug] [2026-3-26 21:46:30] The value of Progress is 30
[Debug] [2026-3-26 21:46:30] The value of Progress is 35
[Debug] [2026-3-26 21:46:30] The value of Progress is 40
[Debug] [2026-3-26 21:46:30] The value of Progress is 45
[Debug] [2026-3-26 21:46:30] The value of Progress is 50
[Debug] [2026-3-26 21:46:30] The value of Progress is 55
[Debug] [2026-3-26 21:46:30] The value of Progress is 60
[Debug] [2026-3-26 21:46:30] The value of Progress is 65
[Debug] [2026-3-26 21:46:30] The value of Progress is 70
[Debug] [2026-3-26 21:46:30] The value of Progress is 75
[Debug] [2026-3-26 21:46:30] The value of Progress is 80
[Debug] [2026-3-26 21:46:31] The value of Progress is 85
[Debug] [2026-3-26 21:46:31] The value of Progress is 90
[Debug] [2026-3-26 21:46:31] The value of Progress is 95
[Debug] [2026-3-26 21:46:31] The value of Progress is 100
[Debug] [2026-3-26 21:46:31] COMMAND[Program] execute successfully, takes 2.0 secs.
[Debug] [2026-3-26 21:46:31] End to send programming cmd.
[Debug] [2026-3-26 21:46:31] Log::Print : The done bit is 1
[Debug] [2026-3-26 21:46:31] Log::Print : COMMAND[Program] execute successfully, takes 2.0 secs.
[Info] [2026-3-26 21:46:31] /***************************End Configration***************************/
[Info] [2026-3-26 21:57:33] /***************************Start Configuration***************************/
[Info] [2026-3-26 21:57:33] Path: E:/pango/PDS_2022.2-SP6.4/bin
[Info] [2026-3-26 21:57:33] Version: 146967
[Info] [2026-3-26 21:57:34] Current Path: E:/FPGA/TSP_RVmaster/FPGA/pango_cpu
[Info] [2026-3-26 21:57:34] PDS Dir Path: E:/FPGA/TSP_RVmaster/FPGA/pango_cpu
[Info] [2026-3-26 21:57:36] Configuration is not connect with server. connect first then scan chain.
[Debug] [2026-3-26 21:57:36] Client Local host name:LAPTOP-E3CFACBD
[Debug] [2026-3-26 21:57:36] Client Local Address:113.54.185.101
[Debug] [2026-3-26 21:57:36] Server Address:127.0.0.1, Port:65420
[Debug] [2026-3-26 21:57:36] Log::Print : Connecting to server[127.0.0.1 : 65420].
[Info] [2026-3-26 21:57:36] Connect OK, Server: 127.0.0.1  Port: 65420
[Debug] [2026-3-26 21:57:36] Finish.
[Info] [2026-3-26 21:57:36] Connect server succeeded
[Debug] [2026-3-26 21:57:36] Send RPC:1
[Debug] [2026-3-26 21:57:36] Send cmd [check version information:40004] OK
[Debug] [2026-3-26 21:57:36] Log::Print : Connect to server[127.0.0.1 : 65420] successfully.
[Debug] [2026-3-26 21:57:37] Send RPC:2
[Debug] [2026-3-26 21:57:37] Send cmd [get_cable_paras:40010] OK
[Debug] [2026-3-26 21:57:37] Begin to send initialize chain cmd...
[Debug] [2026-3-26 21:57:37] Send RPC:3
[Debug] [2026-3-26 21:57:37] Send cmd [Open config cable:20001] OK
[Debug] [2026-3-26 21:57:37] End to send initialize chain cmd.
[Debug] [2026-3-26 21:57:37] COMMAND[check version information] execute successfully, takes 0.6 secs.
[Debug] [2026-3-26 21:57:37] Log::Print : COMMAND[check version information] execute successfully, takes 0.6 secs.
[Debug] [2026-3-26 21:57:38] COMMAND[get_cable_paras] execute successfully, takes 1.5 secs.
[Debug] [2026-3-26 21:57:38] Log::Print : The cable List : 

[Debug] [2026-3-26 21:57:38] Log::Print : COMMAND[get_cable_paras] execute successfully, takes 1.5 secs.
[Error] [2026-3-26 21:57:38] fail to exec Open config cable cmd...
[Error] [2026-3-26 21:57:38] MsgOut: JtagServer-0306: No devices detected while scanning the JTAG chain, failed detecting JTAG device chain.
[Warn] [2026-3-26 21:57:38] MsgOut: Please check the device power, cable connection situation and whether put the chip in the right way or not.
   If these do not work, try to restart the software.
[Error] [2026-3-26 21:57:38] MsgOut: Configuration-0008: The command 'Open config cable' execute fail.
[Info] [2026-3-26 21:57:50] /***************************End Configration***************************/
[Info] [2026-3-26 21:57:51] /***************************Start Configuration***************************/
[Info] [2026-3-26 21:57:51] Path: E:/pango/PDS_2022.2-SP6.4/bin
[Info] [2026-3-26 21:57:51] Version: 146967
[Info] [2026-3-26 21:57:52] Current Path: E:/FPGA/TSP_RVmaster/FPGA/pango_cpu
[Info] [2026-3-26 21:57:52] PDS Dir Path: E:/FPGA/TSP_RVmaster/FPGA/pango_cpu
[Info] [2026-3-26 21:57:55] Configuration is not connect with server. connect first then scan chain.
[Debug] [2026-3-26 21:57:55] Client Local host name:LAPTOP-E3CFACBD
[Debug] [2026-3-26 21:57:55] Client Local Address:113.54.185.101
[Debug] [2026-3-26 21:57:55] Server Address:127.0.0.1, Port:65420
[Debug] [2026-3-26 21:57:55] Log::Print : Connecting to server[127.0.0.1 : 65420].
[Info] [2026-3-26 21:57:55] Connect OK, Server: 127.0.0.1  Port: 65420
[Debug] [2026-3-26 21:57:55] Finish.
[Info] [2026-3-26 21:57:55] Connect server succeeded
[Debug] [2026-3-26 21:57:55] Send RPC:1
[Debug] [2026-3-26 21:57:55] Send cmd [check version information:40004] OK
[Debug] [2026-3-26 21:57:55] Log::Print : Connect to server[127.0.0.1 : 65420] successfully.
[Debug] [2026-3-26 21:57:56] Send RPC:2
[Debug] [2026-3-26 21:57:56] Send cmd [get_cable_paras:40010] OK
[Debug] [2026-3-26 21:57:56] Begin to send initialize chain cmd...
[Debug] [2026-3-26 21:57:56] Send RPC:3
[Debug] [2026-3-26 21:57:56] Send cmd [Open config cable:20001] OK
[Debug] [2026-3-26 21:57:56] End to send initialize chain cmd.
[Debug] [2026-3-26 21:57:56] COMMAND[check version information] execute successfully, takes 0.4 secs.
[Debug] [2026-3-26 21:57:56] Log::Print : COMMAND[check version information] execute successfully, takes 0.4 secs.
[Debug] [2026-3-26 21:57:57] COMMAND[get_cable_paras] execute successfully, takes 1.2 secs.
[Debug] [2026-3-26 21:57:57] Log::Print : The cable List : 
Cable index 0:USB Cable II/fffffffffffffffe 

[Debug] [2026-3-26 21:57:57] Log::Print : COMMAND[get_cable_paras] execute successfully, takes 1.2 secs.
[Debug] [2026-3-26 21:57:58] begin the exec of open cable cmd...
[Debug] [2026-3-26 21:57:58] Begin to deal with chain from server...
[Debug] [2026-3-26 21:57:58] Begin to set user chain...
[Debug] [2026-3-26 21:57:58] End to set user chain.
[Debug] [2026-3-26 21:57:58] Begin to update graphic item and tree item ...
[Debug] [2026-3-26 21:57:58] End to update graphic item and tree item ...
[Debug] [2026-3-26 21:57:58] Log::Print : PANGO USB CABLE II cable driver: D2XX DLL
[Debug] [2026-3-26 21:57:58] Log::Print : PGL50G
[Debug] [2026-3-26 21:57:58] Log::Print : This device configure situation (done bit): 0
[Info] [2026-3-26 21:57:58] set OpenLastPath: E:/FPGA/TSP_RVmaster/FPGA/pango_cpu/generate_bitstream/SoC_Top.sbit
[Debug] [2026-3-26 21:57:58] begin to get device info from CFG file...
[Debug] [2026-3-26 21:57:58] end to get device info from CFG file...
[Debug] [2026-3-26 21:57:58] Begin to update graphic item and tree item ...
[Debug] [2026-3-26 21:57:58] End to update graphic item and tree item ...
[Debug] [2026-3-26 21:57:58] Begin to update graphic item and tree item ...
[Debug] [2026-3-26 21:57:58] End to update graphic item and tree item ...
[Debug] [2026-3-26 21:57:58] End to deal wiht chain from server.
[Debug] [2026-3-26 21:57:58] end the exec of open cable cmd.
[Debug] [2026-3-26 21:57:58] COMMAND[Open config cable] execute successfully, takes 2.4 secs.
[Debug] [2026-3-26 21:57:58] Log::Print : COMMAND[Open config cable] execute successfully, takes 2.4 secs.
[Debug] [2026-3-26 21:57:59] Begin to send programming cmd...
[Debug] [2026-3-26 21:57:59] Send RPC:4
[Debug] [2026-3-26 21:57:59] Begin to send program data.
[Debug] [2026-3-26 21:57:59] End to send program data.
[Debug] [2026-3-26 21:57:59] Send cmd [Program:20002] OK
[Debug] [2026-3-26 21:57:59] The value of Progress is 6
[Debug] [2026-3-26 21:57:59] The value of Progress is 10
[Debug] [2026-3-26 21:58:00] The value of Progress is 15
[Debug] [2026-3-26 21:58:00] The value of Progress is 20
[Debug] [2026-3-26 21:58:00] The value of Progress is 25
[Debug] [2026-3-26 21:58:00] The value of Progress is 30
[Debug] [2026-3-26 21:58:00] The value of Progress is 35
[Debug] [2026-3-26 21:58:00] The value of Progress is 40
[Debug] [2026-3-26 21:58:00] The value of Progress is 45
[Debug] [2026-3-26 21:58:00] The value of Progress is 50
[Debug] [2026-3-26 21:58:00] The value of Progress is 55
[Debug] [2026-3-26 21:58:00] The value of Progress is 60
[Debug] [2026-3-26 21:58:00] The value of Progress is 65
[Debug] [2026-3-26 21:58:00] The value of Progress is 70
[Debug] [2026-3-26 21:58:01] The value of Progress is 75
[Debug] [2026-3-26 21:58:01] The value of Progress is 80
[Debug] [2026-3-26 21:58:01] The value of Progress is 85
[Debug] [2026-3-26 21:58:01] The value of Progress is 90
[Debug] [2026-3-26 21:58:01] The value of Progress is 95
[Debug] [2026-3-26 21:58:01] The value of Progress is 100
[Debug] [2026-3-26 21:58:01] COMMAND[Program] execute successfully, takes 1.9 secs.
[Debug] [2026-3-26 21:58:01] End to send programming cmd.
[Debug] [2026-3-26 21:58:01] Log::Print : The done bit is 1
[Debug] [2026-3-26 21:58:01] Log::Print : COMMAND[Program] execute successfully, takes 1.9 secs.
[Info] [2026-3-26 21:58:01] /***************************End Configration***************************/
[Info] [2026-3-26 22:04:07] /***************************Start Configuration***************************/
[Info] [2026-3-26 22:04:07] Path: E:/pango/PDS_2022.2-SP6.4/bin
[Info] [2026-3-26 22:04:07] Version: 146967
[Info] [2026-3-26 22:04:08] Current Path: E:/FPGA/TSP_RVmaster/FPGA/pango_cpu
[Info] [2026-3-26 22:04:08] PDS Dir Path: E:/FPGA/TSP_RVmaster/FPGA/pango_cpu
[Info] [2026-3-26 22:04:13] Configuration is not connect with server. connect first then scan chain.
[Debug] [2026-3-26 22:04:13] Client Local host name:LAPTOP-E3CFACBD
[Debug] [2026-3-26 22:04:13] Client Local Address:113.54.185.101
[Debug] [2026-3-26 22:04:13] Server Address:127.0.0.1, Port:65420
[Debug] [2026-3-26 22:04:13] Log::Print : Connecting to server[127.0.0.1 : 65420].
[Info] [2026-3-26 22:04:13] Connect OK, Server: 127.0.0.1  Port: 65420
[Debug] [2026-3-26 22:04:13] Finish.
[Info] [2026-3-26 22:04:13] Connect server succeeded
[Debug] [2026-3-26 22:04:13] Send RPC:1
[Debug] [2026-3-26 22:04:13] Send cmd [check version information:40004] OK
[Debug] [2026-3-26 22:04:13] Log::Print : Connect to server[127.0.0.1 : 65420] successfully.
[Debug] [2026-3-26 22:04:14] Send RPC:2
[Debug] [2026-3-26 22:04:14] Send cmd [get_cable_paras:40010] OK
[Debug] [2026-3-26 22:04:14] Begin to send initialize chain cmd...
[Debug] [2026-3-26 22:04:14] Send RPC:3
[Debug] [2026-3-26 22:04:14] Send cmd [Open config cable:20001] OK
[Debug] [2026-3-26 22:04:14] End to send initialize chain cmd.
[Debug] [2026-3-26 22:04:14] COMMAND[check version information] execute successfully, takes 0.3 secs.
[Debug] [2026-3-26 22:04:14] Log::Print : COMMAND[check version information] execute successfully, takes 0.3 secs.
[Debug] [2026-3-26 22:04:15] COMMAND[get_cable_paras] execute successfully, takes 1.1 secs.
[Debug] [2026-3-26 22:04:15] Log::Print : The cable List : 
Cable index 0:USB Cable II/fffffffffffffffe 

[Debug] [2026-3-26 22:04:15] Log::Print : COMMAND[get_cable_paras] execute successfully, takes 1.1 secs.
[Debug] [2026-3-26 22:04:15] begin the exec of open cable cmd...
[Debug] [2026-3-26 22:04:15] Begin to deal with chain from server...
[Debug] [2026-3-26 22:04:15] Begin to set user chain...
[Debug] [2026-3-26 22:04:15] End to set user chain.
[Debug] [2026-3-26 22:04:15] Begin to update graphic item and tree item ...
[Debug] [2026-3-26 22:04:15] End to update graphic item and tree item ...
[Debug] [2026-3-26 22:04:15] Log::Print : PANGO USB CABLE II cable driver: D2XX DLL
[Debug] [2026-3-26 22:04:15] Log::Print : PGL50G
[Debug] [2026-3-26 22:04:15] Log::Print : This device configure situation (done bit): 1
[Info] [2026-3-26 22:04:25] set OpenLastPath: E:/FPGA/TSP_RVmaster/FPGA/pango_cpu/generate_bitstream/SoC_Top.sbit
[Debug] [2026-3-26 22:04:25] begin to get device info from CFG file...
[Debug] [2026-3-26 22:04:25] end to get device info from CFG file...
[Debug] [2026-3-26 22:04:25] Begin to update graphic item and tree item ...
[Debug] [2026-3-26 22:04:25] End to update graphic item and tree item ...
[Debug] [2026-3-26 22:04:25] Begin to update graphic item and tree item ...
[Debug] [2026-3-26 22:04:25] End to update graphic item and tree item ...
[Debug] [2026-3-26 22:04:25] End to deal wiht chain from server.
[Debug] [2026-3-26 22:04:25] end the exec of open cable cmd.
[Debug] [2026-3-26 22:04:25] COMMAND[Open config cable] execute successfully, takes 11.5 secs.
[Debug] [2026-3-26 22:04:25] Log::Print : COMMAND[Open config cable] execute successfully, takes 11.5 secs.
[Debug] [2026-3-26 22:04:26] Begin to send programming cmd...
[Debug] [2026-3-26 22:04:26] Send RPC:4
[Debug] [2026-3-26 22:04:26] Begin to send program data.
[Debug] [2026-3-26 22:04:26] End to send program data.
[Debug] [2026-3-26 22:04:26] Send cmd [Program:20002] OK
[Debug] [2026-3-26 22:04:26] The value of Progress is 6
[Debug] [2026-3-26 22:04:26] The value of Progress is 10
[Debug] [2026-3-26 22:04:26] The value of Progress is 15
[Debug] [2026-3-26 22:04:27] The value of Progress is 20
[Debug] [2026-3-26 22:04:27] The value of Progress is 25
[Debug] [2026-3-26 22:04:27] The value of Progress is 30
[Debug] [2026-3-26 22:04:27] The value of Progress is 35
[Debug] [2026-3-26 22:04:27] The value of Progress is 40
[Debug] [2026-3-26 22:04:27] The value of Progress is 45
[Debug] [2026-3-26 22:04:27] The value of Progress is 50
[Debug] [2026-3-26 22:04:27] The value of Progress is 55
[Debug] [2026-3-26 22:04:27] The value of Progress is 60
[Debug] [2026-3-26 22:04:27] The value of Progress is 65
[Debug] [2026-3-26 22:04:27] The value of Progress is 70
[Debug] [2026-3-26 22:04:28] The value of Progress is 75
[Debug] [2026-3-26 22:04:28] The value of Progress is 80
[Debug] [2026-3-26 22:04:28] The value of Progress is 85
[Debug] [2026-3-26 22:04:28] The value of Progress is 90
[Debug] [2026-3-26 22:04:28] The value of Progress is 95
[Debug] [2026-3-26 22:04:28] The value of Progress is 100
[Debug] [2026-3-26 22:04:28] COMMAND[Program] execute successfully, takes 2.0 secs.
[Debug] [2026-3-26 22:04:28] End to send programming cmd.
[Debug] [2026-3-26 22:04:28] Log::Print : The done bit is 1
[Debug] [2026-3-26 22:04:28] Log::Print : COMMAND[Program] execute successfully, takes 2.0 secs.
[Info] [2026-3-26 22:04:28] /***************************End Configration***************************/
[Info] [2026-3-26 22:07:55] /***************************Start Configuration***************************/
[Info] [2026-3-26 22:07:55] Path: E:/pango/PDS_2022.2-SP6.4/bin
[Info] [2026-3-26 22:07:55] Version: 146967
[Info] [2026-3-26 22:07:56] Current Path: E:/FPGA/TSP_RVmaster/FPGA/pango_cpu
[Info] [2026-3-26 22:07:56] PDS Dir Path: E:/FPGA/TSP_RVmaster/FPGA/pango_cpu
[Info] [2026-3-26 22:07:57] Configuration is not connect with server. connect first then scan chain.
[Debug] [2026-3-26 22:07:57] Client Local host name:LAPTOP-E3CFACBD
[Debug] [2026-3-26 22:07:57] Client Local Address:113.54.185.101
[Debug] [2026-3-26 22:07:57] Server Address:127.0.0.1, Port:65420
[Debug] [2026-3-26 22:07:57] Log::Print : Connecting to server[127.0.0.1 : 65420].
[Info] [2026-3-26 22:07:58] Connect OK, Server: 127.0.0.1  Port: 65420
[Debug] [2026-3-26 22:07:58] Finish.
[Info] [2026-3-26 22:07:58] Connect server succeeded
[Debug] [2026-3-26 22:07:58] Send RPC:1
[Debug] [2026-3-26 22:07:58] Send cmd [check version information:40004] OK
[Debug] [2026-3-26 22:07:58] Log::Print : Connect to server[127.0.0.1 : 65420] successfully.
[Debug] [2026-3-26 22:07:58] Send RPC:2
[Debug] [2026-3-26 22:07:58] Send cmd [get_cable_paras:40010] OK
[Debug] [2026-3-26 22:07:58] Begin to send initialize chain cmd...
[Debug] [2026-3-26 22:07:58] Send RPC:3
[Debug] [2026-3-26 22:07:58] Send cmd [Open config cable:20001] OK
[Debug] [2026-3-26 22:07:58] End to send initialize chain cmd.
[Debug] [2026-3-26 22:07:58] COMMAND[check version information] execute successfully, takes 0.2 secs.
[Debug] [2026-3-26 22:07:58] Log::Print : COMMAND[check version information] execute successfully, takes 0.2 secs.
[Debug] [2026-3-26 22:07:59] COMMAND[get_cable_paras] execute successfully, takes 1.1 secs.
[Debug] [2026-3-26 22:07:59] Log::Print : The cable List : 
Cable index 0:USB Cable II/fffffffffffffffe 

[Debug] [2026-3-26 22:07:59] Log::Print : COMMAND[get_cable_paras] execute successfully, takes 1.1 secs.
[Debug] [2026-3-26 22:07:59] begin the exec of open cable cmd...
[Debug] [2026-3-26 22:07:59] Begin to deal with chain from server...
[Debug] [2026-3-26 22:07:59] Begin to set user chain...
[Debug] [2026-3-26 22:07:59] End to set user chain.
[Debug] [2026-3-26 22:07:59] Begin to update graphic item and tree item ...
[Debug] [2026-3-26 22:07:59] End to update graphic item and tree item ...
[Debug] [2026-3-26 22:08:00] Log::Print : PANGO USB CABLE II cable driver: D2XX DLL
[Debug] [2026-3-26 22:08:00] Log::Print : PGL50G
[Debug] [2026-3-26 22:08:00] Log::Print : This device configure situation (done bit): 1
[Info] [2026-3-26 22:08:01] set OpenLastPath: E:/FPGA/TSP_RVmaster/FPGA/pango_cpu/generate_bitstream/SoC_Top.sbit
[Debug] [2026-3-26 22:08:01] begin to get device info from CFG file...
[Debug] [2026-3-26 22:08:01] end to get device info from CFG file...
[Debug] [2026-3-26 22:08:01] Begin to update graphic item and tree item ...
[Debug] [2026-3-26 22:08:01] End to update graphic item and tree item ...
[Debug] [2026-3-26 22:08:01] Begin to update graphic item and tree item ...
[Debug] [2026-3-26 22:08:01] End to update graphic item and tree item ...
[Debug] [2026-3-26 22:08:01] End to deal wiht chain from server.
[Debug] [2026-3-26 22:08:01] end the exec of open cable cmd.
[Debug] [2026-3-26 22:08:01] COMMAND[Open config cable] execute successfully, takes 3.0 secs.
[Debug] [2026-3-26 22:08:01] Log::Print : COMMAND[Open config cable] execute successfully, takes 3.0 secs.
[Debug] [2026-3-26 22:08:02] Begin to send programming cmd...
[Debug] [2026-3-26 22:08:02] Send RPC:4
[Debug] [2026-3-26 22:08:02] Begin to send program data.
[Debug] [2026-3-26 22:08:02] End to send program data.
[Debug] [2026-3-26 22:08:02] Send cmd [Program:20002] OK
[Debug] [2026-3-26 22:08:02] The value of Progress is 6
[Debug] [2026-3-26 22:08:02] The value of Progress is 10
[Debug] [2026-3-26 22:08:02] The value of Progress is 15
[Debug] [2026-3-26 22:08:02] The value of Progress is 20
[Debug] [2026-3-26 22:08:02] The value of Progress is 25
[Debug] [2026-3-26 22:08:03] The value of Progress is 30
[Debug] [2026-3-26 22:08:03] The value of Progress is 35
[Debug] [2026-3-26 22:08:03] The value of Progress is 40
[Debug] [2026-3-26 22:08:03] The value of Progress is 45
[Debug] [2026-3-26 22:08:03] The value of Progress is 50
[Debug] [2026-3-26 22:08:03] The value of Progress is 55
[Debug] [2026-3-26 22:08:03] The value of Progress is 60
[Debug] [2026-3-26 22:08:03] The value of Progress is 65
[Debug] [2026-3-26 22:08:03] The value of Progress is 70
[Debug] [2026-3-26 22:08:03] The value of Progress is 75
[Debug] [2026-3-26 22:08:03] The value of Progress is 80
[Debug] [2026-3-26 22:08:03] The value of Progress is 85
[Debug] [2026-3-26 22:08:04] The value of Progress is 90
[Debug] [2026-3-26 22:08:04] The value of Progress is 95
[Debug] [2026-3-26 22:08:04] The value of Progress is 100
[Debug] [2026-3-26 22:08:04] COMMAND[Program] execute successfully, takes 2.0 secs.
[Debug] [2026-3-26 22:08:04] End to send programming cmd.
[Debug] [2026-3-26 22:08:04] Log::Print : The done bit is 1
[Debug] [2026-3-26 22:08:04] Log::Print : COMMAND[Program] execute successfully, takes 2.0 secs.
[Info] [2026-3-26 22:08:04] /***************************End Configration***************************/
[Info] [2026-3-26 22:20:05] /***************************Start Configuration***************************/
[Info] [2026-3-26 22:20:05] Path: E:/pango/PDS_2022.2-SP6.4/bin
[Info] [2026-3-26 22:20:05] Version: 146967
[Info] [2026-3-26 22:20:06] Current Path: E:/FPGA/TSP_RVmaster/FPGA/pango_cpu
[Info] [2026-3-26 22:20:06] PDS Dir Path: E:/FPGA/TSP_RVmaster/FPGA/pango_cpu
[Info] [2026-3-26 22:20:08] Configuration is not connect with server. connect first then scan chain.
[Debug] [2026-3-26 22:20:08] Client Local host name:LAPTOP-E3CFACBD
[Debug] [2026-3-26 22:20:08] Client Local Address:113.54.185.101
[Debug] [2026-3-26 22:20:08] Server Address:127.0.0.1, Port:65420
[Debug] [2026-3-26 22:20:08] Log::Print : Connecting to server[127.0.0.1 : 65420].
[Info] [2026-3-26 22:20:08] Connect OK, Server: 127.0.0.1  Port: 65420
[Debug] [2026-3-26 22:20:08] Finish.
[Info] [2026-3-26 22:20:08] Connect server succeeded
[Debug] [2026-3-26 22:20:08] Send RPC:1
[Debug] [2026-3-26 22:20:08] Send cmd [check version information:40004] OK
[Debug] [2026-3-26 22:20:08] Log::Print : Connect to server[127.0.0.1 : 65420] successfully.
[Debug] [2026-3-26 22:20:08] Send RPC:2
[Debug] [2026-3-26 22:20:08] Send cmd [get_cable_paras:40010] OK
[Debug] [2026-3-26 22:20:08] Begin to send initialize chain cmd...
[Debug] [2026-3-26 22:20:08] Send RPC:3
[Debug] [2026-3-26 22:20:08] Send cmd [Open config cable:20001] OK
[Debug] [2026-3-26 22:20:08] End to send initialize chain cmd.
[Debug] [2026-3-26 22:20:08] COMMAND[check version information] execute successfully, takes 0.3 secs.
[Debug] [2026-3-26 22:20:08] Log::Print : COMMAND[check version information] execute successfully, takes 0.3 secs.
[Debug] [2026-3-26 22:20:10] COMMAND[get_cable_paras] execute successfully, takes 1.2 secs.
[Debug] [2026-3-26 22:20:10] Log::Print : The cable List : 
Cable index 0:USB Cable II/fffffffffffffffe 

[Debug] [2026-3-26 22:20:10] Log::Print : COMMAND[get_cable_paras] execute successfully, takes 1.2 secs.
[Debug] [2026-3-26 22:20:10] begin the exec of open cable cmd...
[Debug] [2026-3-26 22:20:10] Begin to deal with chain from server...
[Debug] [2026-3-26 22:20:10] Begin to set user chain...
[Debug] [2026-3-26 22:20:10] End to set user chain.
[Debug] [2026-3-26 22:20:10] Begin to update graphic item and tree item ...
[Debug] [2026-3-26 22:20:10] End to update graphic item and tree item ...
[Debug] [2026-3-26 22:20:10] Log::Print : PANGO USB CABLE II cable driver: D2XX DLL
[Debug] [2026-3-26 22:20:10] Log::Print : PGL50G
[Debug] [2026-3-26 22:20:10] Log::Print : This device configure situation (done bit): 1
[Info] [2026-3-26 22:20:12] set OpenLastPath: E:/FPGA/TSP_RVmaster/FPGA/pango_cpu/generate_bitstream/SoC_Top.sbit
[Debug] [2026-3-26 22:20:12] begin to get device info from CFG file...
[Debug] [2026-3-26 22:20:12] end to get device info from CFG file...
[Debug] [2026-3-26 22:20:12] Begin to update graphic item and tree item ...
[Debug] [2026-3-26 22:20:12] End to update graphic item and tree item ...
[Debug] [2026-3-26 22:20:12] Begin to update graphic item and tree item ...
[Debug] [2026-3-26 22:20:12] End to update graphic item and tree item ...
[Debug] [2026-3-26 22:20:12] End to deal wiht chain from server.
[Debug] [2026-3-26 22:20:12] end the exec of open cable cmd.
[Debug] [2026-3-26 22:20:12] COMMAND[Open config cable] execute successfully, takes 3.1 secs.
[Debug] [2026-3-26 22:20:12] Log::Print : COMMAND[Open config cable] execute successfully, takes 3.1 secs.
[Debug] [2026-3-26 22:20:12] Begin to send programming cmd...
[Debug] [2026-3-26 22:20:12] Send RPC:4
[Debug] [2026-3-26 22:20:12] Begin to send program data.
[Debug] [2026-3-26 22:20:12] End to send program data.
[Debug] [2026-3-26 22:20:12] Send cmd [Program:20002] OK
[Debug] [2026-3-26 22:20:13] The value of Progress is 6
[Debug] [2026-3-26 22:20:13] The value of Progress is 10
[Debug] [2026-3-26 22:20:13] The value of Progress is 15
[Debug] [2026-3-26 22:20:13] The value of Progress is 20
[Debug] [2026-3-26 22:20:13] The value of Progress is 25
[Debug] [2026-3-26 22:20:13] The value of Progress is 30
[Debug] [2026-3-26 22:20:13] The value of Progress is 35
[Debug] [2026-3-26 22:20:13] The value of Progress is 40
[Debug] [2026-3-26 22:20:13] The value of Progress is 45
[Debug] [2026-3-26 22:20:13] The value of Progress is 50
[Debug] [2026-3-26 22:20:14] The value of Progress is 55
[Debug] [2026-3-26 22:20:14] The value of Progress is 60
[Debug] [2026-3-26 22:20:14] The value of Progress is 65
[Debug] [2026-3-26 22:20:14] The value of Progress is 70
[Debug] [2026-3-26 22:20:14] The value of Progress is 75
[Debug] [2026-3-26 22:20:14] The value of Progress is 80
[Debug] [2026-3-26 22:20:14] The value of Progress is 85
[Debug] [2026-3-26 22:20:14] The value of Progress is 90
[Debug] [2026-3-26 22:20:14] The value of Progress is 95
[Debug] [2026-3-26 22:20:14] The value of Progress is 100
[Debug] [2026-3-26 22:20:14] COMMAND[Program] execute successfully, takes 2.0 secs.
[Debug] [2026-3-26 22:20:14] End to send programming cmd.
[Debug] [2026-3-26 22:20:14] Log::Print : The done bit is 1
[Debug] [2026-3-26 22:20:14] Log::Print : COMMAND[Program] execute successfully, takes 2.0 secs.
[Info] [2026-3-26 22:20:15] /***************************End Configration***************************/
[Info] [2026-3-27 12:53:27] /***************************Start Configuration***************************/
[Info] [2026-3-27 12:53:27] Path: E:/pango/PDS_2022.2-SP6.4/bin
[Info] [2026-3-27 12:53:27] Version: 146967
[Info] [2026-3-27 12:53:28] Current Path: E:/FPGA/TSP_RVmaster/FPGA/pango_cpu
[Info] [2026-3-27 12:53:28] PDS Dir Path: E:/FPGA/TSP_RVmaster/FPGA/pango_cpu
[Info] [2026-3-27 12:53:34] Configuration is not connect with server. connect first then scan chain.
[Debug] [2026-3-27 12:53:35] Client Local host name:LAPTOP-E3CFACBD
[Debug] [2026-3-27 12:53:35] Client Local Address:113.54.162.77
[Debug] [2026-3-27 12:53:35] Server Address:127.0.0.1, Port:65420
[Debug] [2026-3-27 12:53:35] Log::Print : Connecting to server[127.0.0.1 : 65420].
[Info] [2026-3-27 12:53:35] Connect OK, Server: 127.0.0.1  Port: 65420
[Debug] [2026-3-27 12:53:35] Finish.
[Info] [2026-3-27 12:53:35] Connect server succeeded
[Debug] [2026-3-27 12:53:35] Send RPC:1
[Debug] [2026-3-27 12:53:35] Send cmd [check version information:40004] OK
[Debug] [2026-3-27 12:53:35] Log::Print : Connect to server[127.0.0.1 : 65420] successfully.
[Debug] [2026-3-27 12:53:36] Send RPC:2
[Debug] [2026-3-27 12:53:36] Send cmd [get_cable_paras:40010] OK
[Debug] [2026-3-27 12:53:36] Begin to send initialize chain cmd...
[Debug] [2026-3-27 12:53:36] Send RPC:3
[Debug] [2026-3-27 12:53:36] Send cmd [Open config cable:20001] OK
[Debug] [2026-3-27 12:53:36] End to send initialize chain cmd.
[Debug] [2026-3-27 12:53:36] COMMAND[check version information] execute successfully, takes 0.5 secs.
[Debug] [2026-3-27 12:53:36] Log::Print : COMMAND[check version information] execute successfully, takes 0.5 secs.
[Debug] [2026-3-27 12:53:37] COMMAND[get_cable_paras] execute successfully, takes 1.4 secs.
[Debug] [2026-3-27 12:53:37] Log::Print : The cable List : 

[Debug] [2026-3-27 12:53:37] Log::Print : COMMAND[get_cable_paras] execute successfully, takes 1.4 secs.
[Error] [2026-3-27 12:53:37] fail to exec Open config cable cmd...
[Error] [2026-3-27 12:53:37] MsgOut: JtagServer-0306: No devices detected while scanning the JTAG chain, failed detecting JTAG device chain.
[Warn] [2026-3-27 12:53:37] MsgOut: Please check the device power, cable connection situation and whether put the chip in the right way or not.
   If these do not work, try to restart the software.
[Error] [2026-3-27 12:53:37] MsgOut: Configuration-0008: The command 'Open config cable' execute fail.
[Info] [2026-3-27 12:53:50] /***************************End Configration***************************/
[Info] [2026-3-27 12:53:51] /***************************Start Configuration***************************/
[Info] [2026-3-27 12:53:51] Path: E:/pango/PDS_2022.2-SP6.4/bin
[Info] [2026-3-27 12:53:51] Version: 146967
[Info] [2026-3-27 12:53:52] Current Path: E:/FPGA/TSP_RVmaster/FPGA/pango_cpu
[Info] [2026-3-27 12:53:52] PDS Dir Path: E:/FPGA/TSP_RVmaster/FPGA/pango_cpu
[Info] [2026-3-27 12:53:54] Configuration is not connect with server. connect first then scan chain.
[Debug] [2026-3-27 12:53:55] Client Local host name:LAPTOP-E3CFACBD
[Debug] [2026-3-27 12:53:55] Client Local Address:113.54.162.77
[Debug] [2026-3-27 12:53:55] Server Address:127.0.0.1, Port:65420
[Debug] [2026-3-27 12:53:55] Log::Print : Connecting to server[127.0.0.1 : 65420].
[Info] [2026-3-27 12:53:55] Connect OK, Server: 127.0.0.1  Port: 65420
[Debug] [2026-3-27 12:53:55] Finish.
[Info] [2026-3-27 12:53:55] Connect server succeeded
[Debug] [2026-3-27 12:53:55] Send RPC:1
[Debug] [2026-3-27 12:53:55] Send cmd [check version information:40004] OK
[Debug] [2026-3-27 12:53:55] Log::Print : Connect to server[127.0.0.1 : 65420] successfully.
[Debug] [2026-3-27 12:53:55] Send RPC:2
[Debug] [2026-3-27 12:53:55] Send cmd [get_cable_paras:40010] OK
[Debug] [2026-3-27 12:53:55] Begin to send initialize chain cmd...
[Debug] [2026-3-27 12:53:55] Send RPC:3
[Debug] [2026-3-27 12:53:55] Send cmd [Open config cable:20001] OK
[Debug] [2026-3-27 12:53:55] End to send initialize chain cmd.
[Debug] [2026-3-27 12:53:55] COMMAND[check version information] execute successfully, takes 0.3 secs.
[Debug] [2026-3-27 12:53:55] Log::Print : COMMAND[check version information] execute successfully, takes 0.3 secs.
[Debug] [2026-3-27 12:53:56] COMMAND[get_cable_paras] execute successfully, takes 1.1 secs.
[Debug] [2026-3-27 12:53:56] Log::Print : The cable List : 
Cable index 0:USB Cable II/fffffffffffffffe 

[Debug] [2026-3-27 12:53:56] Log::Print : COMMAND[get_cable_paras] execute successfully, takes 1.1 secs.
[Debug] [2026-3-27 12:53:57] begin the exec of open cable cmd...
[Debug] [2026-3-27 12:53:57] Begin to deal with chain from server...
[Debug] [2026-3-27 12:53:57] Begin to set user chain...
[Debug] [2026-3-27 12:53:57] End to set user chain.
[Debug] [2026-3-27 12:53:57] Begin to update graphic item and tree item ...
[Debug] [2026-3-27 12:53:57] End to update graphic item and tree item ...
[Debug] [2026-3-27 12:53:57] Log::Print : PANGO USB CABLE II cable driver: D2XX DLL
[Debug] [2026-3-27 12:53:57] Log::Print : PGL50G
[Debug] [2026-3-27 12:53:57] Log::Print : This device configure situation (done bit): 0
[Info] [2026-3-27 12:53:58] set OpenLastPath: E:/FPGA/TSP_RVmaster/FPGA/pango_cpu/generate_bitstream/SoC_Top.sbit
[Debug] [2026-3-27 12:53:58] begin to get device info from CFG file...
[Debug] [2026-3-27 12:53:58] end to get device info from CFG file...
[Debug] [2026-3-27 12:53:58] Begin to update graphic item and tree item ...
[Debug] [2026-3-27 12:53:58] End to update graphic item and tree item ...
[Debug] [2026-3-27 12:53:58] Begin to update graphic item and tree item ...
[Debug] [2026-3-27 12:53:58] End to update graphic item and tree item ...
[Debug] [2026-3-27 12:53:58] End to deal wiht chain from server.
[Debug] [2026-3-27 12:53:58] end the exec of open cable cmd.
[Debug] [2026-3-27 12:53:58] COMMAND[Open config cable] execute successfully, takes 2.7 secs.
[Debug] [2026-3-27 12:53:58] Log::Print : COMMAND[Open config cable] execute successfully, takes 2.7 secs.
[Debug] [2026-3-27 12:53:59] Begin to send programming cmd...
[Debug] [2026-3-27 12:53:59] Send RPC:4
[Debug] [2026-3-27 12:53:59] Begin to send program data.
[Debug] [2026-3-27 12:53:59] End to send program data.
[Debug] [2026-3-27 12:53:59] Send cmd [Program:20002] OK
[Debug] [2026-3-27 12:53:59] The value of Progress is 6
[Debug] [2026-3-27 12:53:59] The value of Progress is 10
[Debug] [2026-3-27 12:53:59] The value of Progress is 15
[Debug] [2026-3-27 12:54:00] The value of Progress is 20
[Debug] [2026-3-27 12:54:00] The value of Progress is 25
[Debug] [2026-3-27 12:54:00] The value of Progress is 30
[Debug] [2026-3-27 12:54:00] The value of Progress is 35
[Debug] [2026-3-27 12:54:00] The value of Progress is 40
[Debug] [2026-3-27 12:54:00] The value of Progress is 45
[Debug] [2026-3-27 12:54:00] The value of Progress is 50
[Debug] [2026-3-27 12:54:00] The value of Progress is 55
[Debug] [2026-3-27 12:54:00] The value of Progress is 60
[Debug] [2026-3-27 12:54:00] The value of Progress is 65
[Debug] [2026-3-27 12:54:00] The value of Progress is 70
[Debug] [2026-3-27 12:54:00] The value of Progress is 75
[Debug] [2026-3-27 12:54:01] The value of Progress is 80
[Debug] [2026-3-27 12:54:01] The value of Progress is 85
[Debug] [2026-3-27 12:54:01] The value of Progress is 90
[Debug] [2026-3-27 12:54:01] The value of Progress is 95
[Debug] [2026-3-27 12:54:01] The value of Progress is 100
[Debug] [2026-3-27 12:54:01] COMMAND[Program] execute successfully, takes 1.9 secs.
[Debug] [2026-3-27 12:54:01] End to send programming cmd.
[Debug] [2026-3-27 12:54:01] Log::Print : The done bit is 1
[Debug] [2026-3-27 12:54:01] Log::Print : COMMAND[Program] execute successfully, takes 1.9 secs.
[Info] [2026-3-27 12:54:01] /***************************End Configration***************************/
[Info] [2026-3-27 13:00:09] /***************************Start Configuration***************************/
[Info] [2026-3-27 13:00:09] Path: E:/pango/PDS_2022.2-SP6.4/bin
[Info] [2026-3-27 13:00:09] Version: 146967
[Info] [2026-3-27 13:00:10] Current Path: E:/FPGA/TSP_RVmaster/FPGA/pango_cpu
[Info] [2026-3-27 13:00:10] PDS Dir Path: E:/FPGA/TSP_RVmaster/FPGA/pango_cpu
[Info] [2026-3-27 13:00:11] Configuration is not connect with server. connect first then scan chain.
[Debug] [2026-3-27 13:00:11] Client Local host name:LAPTOP-E3CFACBD
[Debug] [2026-3-27 13:00:11] Client Local Address:113.54.162.77
[Debug] [2026-3-27 13:00:11] Server Address:127.0.0.1, Port:65420
[Debug] [2026-3-27 13:00:11] Log::Print : Connecting to server[127.0.0.1 : 65420].
[Info] [2026-3-27 13:00:12] Connect OK, Server: 127.0.0.1  Port: 65420
[Debug] [2026-3-27 13:00:12] Finish.
[Info] [2026-3-27 13:00:12] Connect server succeeded
[Debug] [2026-3-27 13:00:12] Send RPC:1
[Debug] [2026-3-27 13:00:12] Send cmd [check version information:40004] OK
[Debug] [2026-3-27 13:00:12] Log::Print : Connect to server[127.0.0.1 : 65420] successfully.
[Debug] [2026-3-27 13:00:12] Send RPC:2
[Debug] [2026-3-27 13:00:12] Send cmd [get_cable_paras:40010] OK
[Debug] [2026-3-27 13:00:12] Begin to send initialize chain cmd...
[Debug] [2026-3-27 13:00:12] Send RPC:3
[Debug] [2026-3-27 13:00:12] Send cmd [Open config cable:20001] OK
[Debug] [2026-3-27 13:00:12] End to send initialize chain cmd.
[Debug] [2026-3-27 13:00:12] COMMAND[check version information] execute successfully, takes 0.3 secs.
[Debug] [2026-3-27 13:00:12] Log::Print : COMMAND[check version information] execute successfully, takes 0.3 secs.
[Debug] [2026-3-27 13:00:13] COMMAND[get_cable_paras] execute successfully, takes 1.1 secs.
[Debug] [2026-3-27 13:00:13] Log::Print : The cable List : 
Cable index 0:USB Cable II/fffffffffffffffe 

[Debug] [2026-3-27 13:00:13] Log::Print : COMMAND[get_cable_paras] execute successfully, takes 1.1 secs.
[Debug] [2026-3-27 13:00:14] begin the exec of open cable cmd...
[Debug] [2026-3-27 13:00:14] Begin to deal with chain from server...
[Debug] [2026-3-27 13:00:14] Begin to set user chain...
[Debug] [2026-3-27 13:00:14] End to set user chain.
[Debug] [2026-3-27 13:00:14] Begin to update graphic item and tree item ...
[Debug] [2026-3-27 13:00:14] End to update graphic item and tree item ...
[Debug] [2026-3-27 13:00:14] Log::Print : PANGO USB CABLE II cable driver: D2XX DLL
[Debug] [2026-3-27 13:00:14] Log::Print : PGL50G
[Debug] [2026-3-27 13:00:14] Log::Print : This device configure situation (done bit): 1
[Info] [2026-3-27 13:00:15] set OpenLastPath: E:/FPGA/TSP_RVmaster/FPGA/pango_cpu/generate_bitstream/SoC_Top.sbit
[Debug] [2026-3-27 13:00:15] begin to get device info from CFG file...
[Debug] [2026-3-27 13:00:15] end to get device info from CFG file...
[Debug] [2026-3-27 13:00:15] Begin to update graphic item and tree item ...
[Debug] [2026-3-27 13:00:15] End to update graphic item and tree item ...
[Debug] [2026-3-27 13:00:15] Begin to update graphic item and tree item ...
[Debug] [2026-3-27 13:00:15] End to update graphic item and tree item ...
[Debug] [2026-3-27 13:00:15] End to deal wiht chain from server.
[Debug] [2026-3-27 13:00:15] end the exec of open cable cmd.
[Debug] [2026-3-27 13:00:15] COMMAND[Open config cable] execute successfully, takes 2.4 secs.
[Debug] [2026-3-27 13:00:15] Log::Print : COMMAND[Open config cable] execute successfully, takes 2.4 secs.
[Debug] [2026-3-27 13:00:15] Begin to send programming cmd...
[Debug] [2026-3-27 13:00:15] Send RPC:4
[Debug] [2026-3-27 13:00:15] Begin to send program data.
[Debug] [2026-3-27 13:00:15] End to send program data.
[Debug] [2026-3-27 13:00:15] Send cmd [Program:20002] OK
[Debug] [2026-3-27 13:00:16] The value of Progress is 6
[Debug] [2026-3-27 13:00:16] The value of Progress is 10
[Debug] [2026-3-27 13:00:16] The value of Progress is 15
[Debug] [2026-3-27 13:00:16] The value of Progress is 20
[Debug] [2026-3-27 13:00:16] The value of Progress is 25
[Debug] [2026-3-27 13:00:16] The value of Progress is 30
[Debug] [2026-3-27 13:00:16] The value of Progress is 35
[Debug] [2026-3-27 13:00:16] The value of Progress is 40
[Debug] [2026-3-27 13:00:16] The value of Progress is 45
[Debug] [2026-3-27 13:00:17] The value of Progress is 50
[Debug] [2026-3-27 13:00:17] The value of Progress is 55
[Debug] [2026-3-27 13:00:17] The value of Progress is 60
[Debug] [2026-3-27 13:00:17] The value of Progress is 65
[Debug] [2026-3-27 13:00:17] The value of Progress is 70
[Debug] [2026-3-27 13:00:17] The value of Progress is 75
[Debug] [2026-3-27 13:00:17] The value of Progress is 80
[Debug] [2026-3-27 13:00:17] The value of Progress is 85
[Debug] [2026-3-27 13:00:17] The value of Progress is 90
[Debug] [2026-3-27 13:00:17] The value of Progress is 95
[Debug] [2026-3-27 13:00:17] The value of Progress is 100
[Debug] [2026-3-27 13:00:17] COMMAND[Program] execute successfully, takes 2.0 secs.
[Debug] [2026-3-27 13:00:17] End to send programming cmd.
[Debug] [2026-3-27 13:00:17] Log::Print : The done bit is 1
[Debug] [2026-3-27 13:00:17] Log::Print : COMMAND[Program] execute successfully, takes 2.0 secs.
[Info] [2026-3-27 13:00:18] /***************************End Configration***************************/
[Info] [2026-3-27 17:16:30] /***************************Start Configuration***************************/
[Info] [2026-3-27 17:16:30] Path: E:/pango/PDS_2022.2-SP6.4/bin
[Info] [2026-3-27 17:16:30] Version: 146967
[Info] [2026-3-27 17:16:31] Current Path: E:/FPGA/TSP_RVmaster/FPGA/pango_cpu
[Info] [2026-3-27 17:16:31] PDS Dir Path: E:/FPGA/TSP_RVmaster/FPGA/pango_cpu
[Info] [2026-3-27 17:16:33] Configuration is not connect with server. connect first then scan chain.
[Debug] [2026-3-27 17:16:33] Client Local host name:LAPTOP-E3CFACBD
[Debug] [2026-3-27 17:16:33] Client Local Address:113.54.162.77
[Debug] [2026-3-27 17:16:33] Server Address:127.0.0.1, Port:65420
[Debug] [2026-3-27 17:16:33] Log::Print : Connecting to server[127.0.0.1 : 65420].
[Info] [2026-3-27 17:16:33] Connect OK, Server: 127.0.0.1  Port: 65420
[Debug] [2026-3-27 17:16:33] Finish.
[Info] [2026-3-27 17:16:33] Connect server succeeded
[Debug] [2026-3-27 17:16:33] Send RPC:1
[Debug] [2026-3-27 17:16:33] Send cmd [check version information:40004] OK
[Debug] [2026-3-27 17:16:33] Log::Print : Connect to server[127.0.0.1 : 65420] successfully.
[Debug] [2026-3-27 17:16:34] Send RPC:2
[Debug] [2026-3-27 17:16:34] Send cmd [get_cable_paras:40010] OK
[Debug] [2026-3-27 17:16:34] Begin to send initialize chain cmd...
[Debug] [2026-3-27 17:16:34] Send RPC:3
[Debug] [2026-3-27 17:16:34] Send cmd [Open config cable:20001] OK
[Debug] [2026-3-27 17:16:34] End to send initialize chain cmd.
[Debug] [2026-3-27 17:16:34] COMMAND[check version information] execute successfully, takes 0.3 secs.
[Debug] [2026-3-27 17:16:34] Log::Print : COMMAND[check version information] execute successfully, takes 0.3 secs.
[Debug] [2026-3-27 17:16:35] COMMAND[get_cable_paras] execute successfully, takes 1.1 secs.
[Debug] [2026-3-27 17:16:35] Log::Print : The cable List : 
Cable index 0:USB Cable II/fffffffffffffffe 

[Debug] [2026-3-27 17:16:35] Log::Print : COMMAND[get_cable_paras] execute successfully, takes 1.1 secs.
[Debug] [2026-3-27 17:16:35] begin the exec of open cable cmd...
[Debug] [2026-3-27 17:16:35] Begin to deal with chain from server...
[Debug] [2026-3-27 17:16:35] Begin to set user chain...
[Debug] [2026-3-27 17:16:35] End to set user chain.
[Debug] [2026-3-27 17:16:35] Begin to update graphic item and tree item ...
[Debug] [2026-3-27 17:16:35] End to update graphic item and tree item ...
[Debug] [2026-3-27 17:16:35] Log::Print : PANGO USB CABLE II cable driver: D2XX DLL
[Debug] [2026-3-27 17:16:35] Log::Print : PGL50G
[Debug] [2026-3-27 17:16:35] Log::Print : This device configure situation (done bit): 0
[Info] [2026-3-27 17:16:36] set OpenLastPath: E:/FPGA/TSP_RVmaster/FPGA/pango_cpu/generate_bitstream/SoC_Top.sbit
[Debug] [2026-3-27 17:16:36] begin to get device info from CFG file...
[Debug] [2026-3-27 17:16:36] end to get device info from CFG file...
[Debug] [2026-3-27 17:16:36] Begin to update graphic item and tree item ...
[Debug] [2026-3-27 17:16:36] End to update graphic item and tree item ...
[Debug] [2026-3-27 17:16:36] Begin to update graphic item and tree item ...
[Debug] [2026-3-27 17:16:36] End to update graphic item and tree item ...
[Debug] [2026-3-27 17:16:36] End to deal wiht chain from server.
[Debug] [2026-3-27 17:16:36] end the exec of open cable cmd.
[Debug] [2026-3-27 17:16:36] COMMAND[Open config cable] execute successfully, takes 2.6 secs.
[Debug] [2026-3-27 17:16:36] Log::Print : COMMAND[Open config cable] execute successfully, takes 2.6 secs.
[Debug] [2026-3-27 17:16:37] Begin to send programming cmd...
[Debug] [2026-3-27 17:16:37] Send RPC:4
[Debug] [2026-3-27 17:16:37] Begin to send program data.
[Debug] [2026-3-27 17:16:37] End to send program data.
[Debug] [2026-3-27 17:16:37] Send cmd [Program:20002] OK
[Debug] [2026-3-27 17:16:38] The value of Progress is 6
[Debug] [2026-3-27 17:16:38] The value of Progress is 10
[Debug] [2026-3-27 17:16:38] The value of Progress is 15
[Debug] [2026-3-27 17:16:38] The value of Progress is 20
[Debug] [2026-3-27 17:16:38] The value of Progress is 25
[Debug] [2026-3-27 17:16:38] The value of Progress is 30
[Debug] [2026-3-27 17:16:38] The value of Progress is 35
[Debug] [2026-3-27 17:16:38] The value of Progress is 40
[Debug] [2026-3-27 17:16:38] The value of Progress is 45
[Debug] [2026-3-27 17:16:38] The value of Progress is 50
[Debug] [2026-3-27 17:16:38] The value of Progress is 55
[Debug] [2026-3-27 17:16:38] The value of Progress is 60
[Debug] [2026-3-27 17:16:39] The value of Progress is 65
[Debug] [2026-3-27 17:16:39] The value of Progress is 70
[Debug] [2026-3-27 17:16:39] The value of Progress is 75
[Debug] [2026-3-27 17:16:39] The value of Progress is 80
[Debug] [2026-3-27 17:16:39] The value of Progress is 85
[Debug] [2026-3-27 17:16:39] The value of Progress is 90
[Debug] [2026-3-27 17:16:39] The value of Progress is 95
[Debug] [2026-3-27 17:16:39] The value of Progress is 100
[Debug] [2026-3-27 17:16:39] COMMAND[Program] execute successfully, takes 2.0 secs.
[Debug] [2026-3-27 17:16:39] End to send programming cmd.
[Debug] [2026-3-27 17:16:39] Log::Print : The done bit is 1
[Debug] [2026-3-27 17:16:39] Log::Print : COMMAND[Program] execute successfully, takes 2.0 secs.
[Info] [2026-3-27 17:16:40] /***************************End Configration***************************/
[Info] [2026-3-27 18:42:47] /***************************Start Configuration***************************/
[Info] [2026-3-27 18:42:47] Path: E:/pango/PDS_2022.2-SP6.4/bin
[Info] [2026-3-27 18:42:47] Version: 146967
[Info] [2026-3-27 18:42:48] Current Path: E:/FPGA/TSP_RVmaster/FPGA/pango_cpu
[Info] [2026-3-27 18:42:48] PDS Dir Path: E:/FPGA/TSP_RVmaster/FPGA/pango_cpu
[Info] [2026-3-27 18:42:50] Configuration is not connect with server. connect first then scan chain.
[Debug] [2026-3-27 18:42:50] Client Local host name:LAPTOP-E3CFACBD
[Debug] [2026-3-27 18:42:50] Client Local Address:113.54.162.77
[Debug] [2026-3-27 18:42:50] Server Address:127.0.0.1, Port:65420
[Debug] [2026-3-27 18:42:51] Log::Print : Connecting to server[127.0.0.1 : 65420].
[Info] [2026-3-27 18:42:51] Connect OK, Server: 127.0.0.1  Port: 65420
[Debug] [2026-3-27 18:42:51] Finish.
[Info] [2026-3-27 18:42:51] Connect server succeeded
[Debug] [2026-3-27 18:42:51] Send RPC:1
[Debug] [2026-3-27 18:42:51] Send cmd [check version information:40004] OK
[Debug] [2026-3-27 18:42:51] Log::Print : Connect to server[127.0.0.1 : 65420] successfully.
[Debug] [2026-3-27 18:42:51] Send RPC:2
[Debug] [2026-3-27 18:42:51] Send cmd [get_cable_paras:40010] OK
[Debug] [2026-3-27 18:42:51] Begin to send initialize chain cmd...
[Debug] [2026-3-27 18:42:51] Send RPC:3
[Debug] [2026-3-27 18:42:51] Send cmd [Open config cable:20001] OK
[Debug] [2026-3-27 18:42:51] End to send initialize chain cmd.
[Debug] [2026-3-27 18:42:51] COMMAND[check version information] execute successfully, takes 0.3 secs.
[Debug] [2026-3-27 18:42:51] Log::Print : COMMAND[check version information] execute successfully, takes 0.3 secs.
[Debug] [2026-3-27 18:42:52] COMMAND[get_cable_paras] execute successfully, takes 1.1 secs.
[Debug] [2026-3-27 18:42:52] Log::Print : The cable List : 
Cable index 0:USB Cable II/fffffffffffffffe 

[Debug] [2026-3-27 18:42:52] Log::Print : COMMAND[get_cable_paras] execute successfully, takes 1.1 secs.
[Debug] [2026-3-27 18:42:53] begin the exec of open cable cmd...
[Debug] [2026-3-27 18:42:53] Begin to deal with chain from server...
[Debug] [2026-3-27 18:42:53] Begin to set user chain...
[Debug] [2026-3-27 18:42:53] End to set user chain.
[Debug] [2026-3-27 18:42:53] Begin to update graphic item and tree item ...
[Debug] [2026-3-27 18:42:53] End to update graphic item and tree item ...
[Debug] [2026-3-27 18:42:53] Log::Print : PANGO USB CABLE II cable driver: D2XX DLL
[Debug] [2026-3-27 18:42:53] Log::Print : PGL50G
[Debug] [2026-3-27 18:42:53] Log::Print : This device configure situation (done bit): 0
[Info] [2026-3-27 18:42:54] set OpenLastPath: E:/FPGA/TSP_RVmaster/FPGA/pango_cpu/generate_bitstream/SoC_Top.sbit
[Debug] [2026-3-27 18:42:54] begin to get device info from CFG file...
[Debug] [2026-3-27 18:42:54] end to get device info from CFG file...
[Debug] [2026-3-27 18:42:54] Begin to update graphic item and tree item ...
[Debug] [2026-3-27 18:42:54] End to update graphic item and tree item ...
[Debug] [2026-3-27 18:42:54] Begin to update graphic item and tree item ...
[Debug] [2026-3-27 18:42:54] End to update graphic item and tree item ...
[Debug] [2026-3-27 18:42:54] End to deal wiht chain from server.
[Debug] [2026-3-27 18:42:54] end the exec of open cable cmd.
[Debug] [2026-3-27 18:42:54] COMMAND[Open config cable] execute successfully, takes 2.5 secs.
[Debug] [2026-3-27 18:42:54] Log::Print : COMMAND[Open config cable] execute successfully, takes 2.5 secs.
[Debug] [2026-3-27 18:42:55] Begin to send programming cmd...
[Debug] [2026-3-27 18:42:55] Send RPC:4
[Debug] [2026-3-27 18:42:55] Begin to send program data.
[Debug] [2026-3-27 18:42:55] End to send program data.
[Debug] [2026-3-27 18:42:55] Send cmd [Program:20002] OK
[Debug] [2026-3-27 18:42:55] The value of Progress is 6
[Debug] [2026-3-27 18:42:55] The value of Progress is 10
[Debug] [2026-3-27 18:42:55] The value of Progress is 15
[Debug] [2026-3-27 18:42:55] The value of Progress is 20
[Debug] [2026-3-27 18:42:55] The value of Progress is 25
[Debug] [2026-3-27 18:42:55] The value of Progress is 30
[Debug] [2026-3-27 18:42:55] The value of Progress is 35
[Debug] [2026-3-27 18:42:56] The value of Progress is 40
[Debug] [2026-3-27 18:42:56] The value of Progress is 45
[Debug] [2026-3-27 18:42:56] The value of Progress is 50
[Debug] [2026-3-27 18:42:56] The value of Progress is 55
[Debug] [2026-3-27 18:42:56] The value of Progress is 60
[Debug] [2026-3-27 18:42:56] The value of Progress is 65
[Debug] [2026-3-27 18:42:56] The value of Progress is 70
[Debug] [2026-3-27 18:42:56] The value of Progress is 75
[Debug] [2026-3-27 18:42:56] The value of Progress is 80
[Debug] [2026-3-27 18:42:56] The value of Progress is 85
[Debug] [2026-3-27 18:42:56] The value of Progress is 90
[Debug] [2026-3-27 18:42:56] The value of Progress is 95
[Debug] [2026-3-27 18:42:57] The value of Progress is 100
[Debug] [2026-3-27 18:42:57] COMMAND[Program] execute successfully, takes 2.0 secs.
[Debug] [2026-3-27 18:42:57] End to send programming cmd.
[Debug] [2026-3-27 18:42:57] Log::Print : The done bit is 1
[Debug] [2026-3-27 18:42:57] Log::Print : COMMAND[Program] execute successfully, takes 2.0 secs.
[Info] [2026-3-27 18:42:57] /***************************End Configration***************************/
[Info] [2026-3-27 18:57:45] /***************************Start Configuration***************************/
[Info] [2026-3-27 18:57:45] Path: E:/pango/PDS_2022.2-SP6.4/bin
[Info] [2026-3-27 18:57:45] Version: 146967
[Info] [2026-3-27 18:57:46] Current Path: E:/FPGA/TSP_RVmaster/FPGA/pango_cpu
[Info] [2026-3-27 18:57:46] PDS Dir Path: E:/FPGA/TSP_RVmaster/FPGA/pango_cpu
[Info] [2026-3-27 18:57:49] Configuration is not connect with server. connect first then scan chain.
[Debug] [2026-3-27 18:57:49] Client Local host name:LAPTOP-E3CFACBD
[Debug] [2026-3-27 18:57:49] Client Local Address:113.54.162.77
[Debug] [2026-3-27 18:57:49] Server Address:127.0.0.1, Port:65420
[Debug] [2026-3-27 18:57:49] Log::Print : Connecting to server[127.0.0.1 : 65420].
[Info] [2026-3-27 18:57:49] Connect OK, Server: 127.0.0.1  Port: 65420
[Debug] [2026-3-27 18:57:49] Finish.
[Info] [2026-3-27 18:57:49] Connect server succeeded
[Debug] [2026-3-27 18:57:49] Send RPC:1
[Debug] [2026-3-27 18:57:49] Send cmd [check version information:40004] OK
[Debug] [2026-3-27 18:57:49] Log::Print : Connect to server[127.0.0.1 : 65420] successfully.
[Debug] [2026-3-27 18:57:49] Send RPC:2
[Debug] [2026-3-27 18:57:49] Send cmd [get_cable_paras:40010] OK
[Debug] [2026-3-27 18:57:49] Begin to send initialize chain cmd...
[Debug] [2026-3-27 18:57:49] Send RPC:3
[Debug] [2026-3-27 18:57:49] Send cmd [Open config cable:20001] OK
[Debug] [2026-3-27 18:57:49] End to send initialize chain cmd.
[Debug] [2026-3-27 18:57:49] COMMAND[check version information] execute successfully, takes 0.3 secs.
[Debug] [2026-3-27 18:57:49] Log::Print : COMMAND[check version information] execute successfully, takes 0.3 secs.
[Debug] [2026-3-27 18:57:51] COMMAND[get_cable_paras] execute successfully, takes 1.2 secs.
[Debug] [2026-3-27 18:57:51] Log::Print : The cable List : 
Cable index 0:USB Cable II/fffffffffffffffe 

[Debug] [2026-3-27 18:57:51] Log::Print : COMMAND[get_cable_paras] execute successfully, takes 1.2 secs.
[Debug] [2026-3-27 18:57:51] begin the exec of open cable cmd...
[Debug] [2026-3-27 18:57:51] Begin to deal with chain from server...
[Debug] [2026-3-27 18:57:51] Begin to set user chain...
[Debug] [2026-3-27 18:57:51] End to set user chain.
[Debug] [2026-3-27 18:57:51] Begin to update graphic item and tree item ...
[Debug] [2026-3-27 18:57:51] End to update graphic item and tree item ...
[Debug] [2026-3-27 18:57:51] Log::Print : PANGO USB CABLE II cable driver: D2XX DLL
[Debug] [2026-3-27 18:57:51] Log::Print : PGL50G
[Debug] [2026-3-27 18:57:51] Log::Print : This device configure situation (done bit): 1
[Debug] [2026-3-27 18:57:55] selected file name is empty and ignore.
[Debug] [2026-3-27 18:57:55] Begin to update graphic item and tree item ...
[Debug] [2026-3-27 18:57:55] End to update graphic item and tree item ...
[Debug] [2026-3-27 18:57:55] End to deal wiht chain from server.
[Debug] [2026-3-27 18:57:55] end the exec of open cable cmd.
[Debug] [2026-3-27 18:57:55] COMMAND[Open config cable] execute successfully, takes 5.6 secs.
[Debug] [2026-3-27 18:57:55] Log::Print : COMMAND[Open config cable] execute successfully, takes 5.6 secs.
[Info] [2026-3-27 18:57:56] /***************************End Configration***************************/
[Info] [2026-3-27 18:57:59] /***************************Start Configuration***************************/
[Info] [2026-3-27 18:57:59] Path: E:/pango/PDS_2022.2-SP6.4/bin
[Info] [2026-3-27 18:57:59] Version: 146967
[Info] [2026-3-27 18:58:00] Current Path: E:/FPGA/TSP_RVmaster/FPGA/pango_cpu
[Info] [2026-3-27 18:58:00] PDS Dir Path: E:/FPGA/TSP_RVmaster/FPGA/pango_cpu
[Info] [2026-3-27 18:58:02] Configuration is not connect with server. connect first then scan chain.
[Debug] [2026-3-27 18:58:02] Client Local host name:LAPTOP-E3CFACBD
[Debug] [2026-3-27 18:58:02] Client Local Address:113.54.162.77
[Debug] [2026-3-27 18:58:02] Server Address:127.0.0.1, Port:65420
[Debug] [2026-3-27 18:58:02] Log::Print : Connecting to server[127.0.0.1 : 65420].
[Info] [2026-3-27 18:58:03] Connect OK, Server: 127.0.0.1  Port: 65420
[Debug] [2026-3-27 18:58:03] Finish.
[Info] [2026-3-27 18:58:03] Connect server succeeded
[Debug] [2026-3-27 18:58:03] Send RPC:1
[Debug] [2026-3-27 18:58:03] Send cmd [check version information:40004] OK
[Debug] [2026-3-27 18:58:03] Log::Print : Connect to server[127.0.0.1 : 65420] successfully.
[Debug] [2026-3-27 18:58:03] Send RPC:2
[Debug] [2026-3-27 18:58:03] Send cmd [get_cable_paras:40010] OK
[Debug] [2026-3-27 18:58:03] Begin to send initialize chain cmd...
[Debug] [2026-3-27 18:58:03] Send RPC:3
[Debug] [2026-3-27 18:58:03] Send cmd [Open config cable:20001] OK
[Debug] [2026-3-27 18:58:03] End to send initialize chain cmd.
[Debug] [2026-3-27 18:58:03] COMMAND[check version information] execute successfully, takes 0.2 secs.
[Debug] [2026-3-27 18:58:03] Log::Print : COMMAND[check version information] execute successfully, takes 0.2 secs.
[Debug] [2026-3-27 18:58:04] COMMAND[get_cable_paras] execute successfully, takes 1.1 secs.
[Debug] [2026-3-27 18:58:04] Log::Print : The cable List : 
Cable index 0:USB Cable II/fffffffffffffffe 

[Debug] [2026-3-27 18:58:04] Log::Print : COMMAND[get_cable_paras] execute successfully, takes 1.1 secs.
[Debug] [2026-3-27 18:58:04] begin the exec of open cable cmd...
[Debug] [2026-3-27 18:58:04] Begin to deal with chain from server...
[Debug] [2026-3-27 18:58:04] Begin to set user chain...
[Debug] [2026-3-27 18:58:04] End to set user chain.
[Debug] [2026-3-27 18:58:04] Begin to update graphic item and tree item ...
[Debug] [2026-3-27 18:58:04] End to update graphic item and tree item ...
[Debug] [2026-3-27 18:58:05] Log::Print : PANGO USB CABLE II cable driver: D2XX DLL
[Debug] [2026-3-27 18:58:05] Log::Print : PGL50G
[Debug] [2026-3-27 18:58:05] Log::Print : This device configure situation (done bit): 1
[Info] [2026-3-27 18:58:05] set OpenLastPath: E:/FPGA/TSP_RVmaster/FPGA/pango_cpu/generate_bitstream/SoC_Top.sbit
[Debug] [2026-3-27 18:58:05] begin to get device info from CFG file...
[Debug] [2026-3-27 18:58:05] end to get device info from CFG file...
[Debug] [2026-3-27 18:58:05] Begin to update graphic item and tree item ...
[Debug] [2026-3-27 18:58:05] End to update graphic item and tree item ...
[Debug] [2026-3-27 18:58:05] Begin to update graphic item and tree item ...
[Debug] [2026-3-27 18:58:05] End to update graphic item and tree item ...
[Debug] [2026-3-27 18:58:05] End to deal wiht chain from server.
[Debug] [2026-3-27 18:58:05] end the exec of open cable cmd.
[Debug] [2026-3-27 18:58:05] COMMAND[Open config cable] execute successfully, takes 2.2 secs.
[Debug] [2026-3-27 18:58:05] Log::Print : COMMAND[Open config cable] execute successfully, takes 2.2 secs.
[Debug] [2026-3-27 18:58:06] Begin to send programming cmd...
[Debug] [2026-3-27 18:58:06] Send RPC:4
[Debug] [2026-3-27 18:58:06] Begin to send program data.
[Debug] [2026-3-27 18:58:06] End to send program data.
[Debug] [2026-3-27 18:58:06] Send cmd [Program:20002] OK
[Debug] [2026-3-27 18:58:06] The value of Progress is 6
[Debug] [2026-3-27 18:58:06] The value of Progress is 10
[Debug] [2026-3-27 18:58:07] The value of Progress is 15
[Debug] [2026-3-27 18:58:07] The value of Progress is 20
[Debug] [2026-3-27 18:58:07] The value of Progress is 25
[Debug] [2026-3-27 18:58:07] The value of Progress is 30
[Debug] [2026-3-27 18:58:07] The value of Progress is 35
[Debug] [2026-3-27 18:58:07] The value of Progress is 40
[Debug] [2026-3-27 18:58:07] The value of Progress is 45
[Debug] [2026-3-27 18:58:07] The value of Progress is 50
[Debug] [2026-3-27 18:58:07] The value of Progress is 55
[Debug] [2026-3-27 18:58:07] The value of Progress is 60
[Debug] [2026-3-27 18:58:07] The value of Progress is 65
[Debug] [2026-3-27 18:58:07] The value of Progress is 70
[Debug] [2026-3-27 18:58:08] The value of Progress is 75
[Debug] [2026-3-27 18:58:08] The value of Progress is 80
[Debug] [2026-3-27 18:58:08] The value of Progress is 85
[Debug] [2026-3-27 18:58:08] The value of Progress is 90
[Debug] [2026-3-27 18:58:08] The value of Progress is 95
[Debug] [2026-3-27 18:58:08] The value of Progress is 100
[Debug] [2026-3-27 18:58:08] COMMAND[Program] execute successfully, takes 2.0 secs.
[Debug] [2026-3-27 18:58:08] End to send programming cmd.
[Debug] [2026-3-27 18:58:08] Log::Print : The done bit is 1
[Debug] [2026-3-27 18:58:08] Log::Print : COMMAND[Program] execute successfully, takes 2.0 secs.
[Info] [2026-3-27 18:58:08] /***************************End Configration***************************/
[Info] [2026-3-28 11:16:44] /***************************Start Configuration***************************/
[Info] [2026-3-28 11:16:44] Path: E:/pango/PDS_2022.2-SP6.4/bin
[Info] [2026-3-28 11:16:44] Version: 146967
[Info] [2026-3-28 11:16:45] Current Path: E:/FPGA/TSP_RVmaster/FPGA/pango_cpu
[Info] [2026-3-28 11:16:45] PDS Dir Path: E:/FPGA/TSP_RVmaster/FPGA/pango_cpu
[Info] [2026-3-28 11:16:51] Configuration is not connect with server. connect first then scan chain.
[Debug] [2026-3-28 11:16:52] Client Local host name:LAPTOP-E3CFACBD
[Debug] [2026-3-28 11:16:52] Client Local Address:113.54.195.13
[Debug] [2026-3-28 11:16:52] Server Address:127.0.0.1, Port:65420
[Debug] [2026-3-28 11:16:52] Log::Print : Connecting to server[127.0.0.1 : 65420].
[Info] [2026-3-28 11:16:52] Connect OK, Server: 127.0.0.1  Port: 65420
[Debug] [2026-3-28 11:16:52] Finish.
[Info] [2026-3-28 11:16:52] Connect server succeeded
[Debug] [2026-3-28 11:16:52] Send RPC:1
[Debug] [2026-3-28 11:16:52] Send cmd [check version information:40004] OK
[Debug] [2026-3-28 11:16:52] Log::Print : Connect to server[127.0.0.1 : 65420] successfully.
[Debug] [2026-3-28 11:16:53] Send RPC:2
[Debug] [2026-3-28 11:16:53] Send cmd [get_cable_paras:40010] OK
[Debug] [2026-3-28 11:16:53] Begin to send initialize chain cmd...
[Debug] [2026-3-28 11:16:53] Send RPC:3
[Debug] [2026-3-28 11:16:53] Send cmd [Open config cable:20001] OK
[Debug] [2026-3-28 11:16:53] End to send initialize chain cmd.
[Debug] [2026-3-28 11:16:53] COMMAND[check version information] execute successfully, takes 0.4 secs.
[Debug] [2026-3-28 11:16:53] Log::Print : COMMAND[check version information] execute successfully, takes 0.4 secs.
[Debug] [2026-3-28 11:16:54] COMMAND[get_cable_paras] execute successfully, takes 1.2 secs.
[Debug] [2026-3-28 11:16:54] Log::Print : The cable List : 
Cable index 0:USB Cable II/fffffffffffffffe 

[Debug] [2026-3-28 11:16:54] Log::Print : COMMAND[get_cable_paras] execute successfully, takes 1.2 secs.
[Debug] [2026-3-28 11:16:54] begin the exec of open cable cmd...
[Debug] [2026-3-28 11:16:54] Begin to deal with chain from server...
[Debug] [2026-3-28 11:16:54] Begin to set user chain...
[Debug] [2026-3-28 11:16:54] End to set user chain.
[Debug] [2026-3-28 11:16:54] Begin to update graphic item and tree item ...
[Debug] [2026-3-28 11:16:54] End to update graphic item and tree item ...
[Debug] [2026-3-28 11:16:54] Log::Print : PANGO USB CABLE II cable driver: D2XX DLL
[Debug] [2026-3-28 11:16:54] Log::Print : PGL50G
[Debug] [2026-3-28 11:16:54] Log::Print : This device configure situation (done bit): 0
[Info] [2026-3-28 11:16:55] set OpenLastPath: E:/FPGA/TSP_RVmaster/FPGA/pango_cpu/generate_bitstream/SoC_Top.sbit
[Debug] [2026-3-28 11:16:55] begin to get device info from CFG file...
[Debug] [2026-3-28 11:16:55] end to get device info from CFG file...
[Debug] [2026-3-28 11:16:55] Begin to update graphic item and tree item ...
[Debug] [2026-3-28 11:16:55] End to update graphic item and tree item ...
[Debug] [2026-3-28 11:16:55] Begin to update graphic item and tree item ...
[Debug] [2026-3-28 11:16:55] End to update graphic item and tree item ...
[Debug] [2026-3-28 11:16:55] End to deal wiht chain from server.
[Debug] [2026-3-28 11:16:55] end the exec of open cable cmd.
[Debug] [2026-3-28 11:16:55] COMMAND[Open config cable] execute successfully, takes 2.7 secs.
[Debug] [2026-3-28 11:16:55] Log::Print : COMMAND[Open config cable] execute successfully, takes 2.7 secs.
[Debug] [2026-3-28 11:16:57] Begin to Converte file.
[Debug] [2026-3-28 11:17:16] begin to parse sfc file.
[Debug] [2026-3-28 11:17:16] begin to get device info from CFG file...
[Debug] [2026-3-28 11:17:16] end to get device info from CFG file...
[Debug] [2026-3-28 11:17:16] begin to get device info from CFG file...
[Debug] [2026-3-28 11:17:16] end to get device info from CFG file...
[Debug] [2026-3-28 11:17:16] end to parse sfc file.
[Debug] [2026-3-28 11:17:16] Log::Print : The Start Address of bit file E:/FPGA/TSP_RVmaster/FPGA/pango_cpu/generate_bitstream/SoC_Top.sbit: 0x0
[Debug] [2026-3-28 11:17:17] End to Converte file.
[Debug] [2026-3-28 11:17:18] Begin to send scan outer flash cmd...
[Debug] [2026-3-28 11:17:18] Send RPC:4
[Debug] [2026-3-28 11:17:18] Send cmd [Scan Outer SPI Flash:20300] OK
[Debug] [2026-3-28 11:17:18] End to send scan outer flash cmd.
[Debug] [2026-3-28 11:17:19] begin to exec scan jtag flash cmd...
[Debug] [2026-3-28 11:17:19] Begin to initialize JtagFlash for selected FPGA Device...
[Debug] [2026-3-28 11:17:19] Begin to update graphic item and tree item ...
[Debug] [2026-3-28 11:17:19] End to update graphic item and tree item ...
[Info] [2026-3-28 11:17:20] set OpenLastPath: E:/FPGA/TSP_RVmaster/FPGA/pango_cpu/generate_bitstream/SoC_Top.sfc
[Debug] [2026-3-28 11:17:20] begin to check SFC File and Flash Device Read Mode.
[Error] [2026-3-28 11:17:20] device GD25Q128C can't support SPI X1, 32-bit address read mode.
[Error] [2026-3-28 11:17:20] Device doesn't match the given file.
[Error] [2026-3-28 11:17:20] MsgOut: Configuration-0027: The read mode info from bitstream file is 'SPI X1, 32-bit address', current device 'GD25Q128C' doesn't support this read mode.
[Debug] [2026-3-28 11:17:22] End to initialize OuterFlash for selected FPGA Device...
[Debug] [2026-3-28 11:17:22] end to exec scan jtag flash cmd...
[Debug] [2026-3-28 11:17:22] COMMAND[Scan Outer SPI Flash] execute successfully, takes 4.1 secs.
[Error] [2026-3-28 11:17:22] MsgOut: Configuration-0009: Operation error :
 Assign new configuration file to FPGA device fail.
[Debug] [2026-3-28 11:17:22] Log::Print : COMMAND[Scan Outer SPI Flash] execute successfully, takes 4.1 secs.
[Debug] [2026-3-28 11:17:25] Begin to Converte file.
[Debug] [2026-3-28 11:17:25] End to Converte file.
[Debug] [2026-3-28 11:17:30] begin to parse sfc file.
[Debug] [2026-3-28 11:17:30] begin to get device info from CFG file...
[Debug] [2026-3-28 11:17:30] end to get device info from CFG file...
[Debug] [2026-3-28 11:17:30] begin to get device info from CFG file...
[Debug] [2026-3-28 11:17:30] end to get device info from CFG file...
[Debug] [2026-3-28 11:17:30] end to parse sfc file.
[Debug] [2026-3-28 11:17:30] Log::Print : The Start Address of bit file E:/FPGA/TSP_RVmaster/FPGA/pango_cpu/generate_bitstream/SoC_Top.sbit: 0x0
[Debug] [2026-3-28 11:17:35] Begin to send scan outer flash cmd...
[Debug] [2026-3-28 11:17:35] Send RPC:5
[Debug] [2026-3-28 11:17:35] Send cmd [Scan Outer SPI Flash:20300] OK
[Debug] [2026-3-28 11:17:35] End to send scan outer flash cmd.
[Debug] [2026-3-28 11:17:35] begin to exec scan jtag flash cmd...
[Debug] [2026-3-28 11:17:35] Begin to initialize JtagFlash for selected FPGA Device...
[Debug] [2026-3-28 11:17:35] Begin to update graphic item and tree item ...
[Debug] [2026-3-28 11:17:35] End to update graphic item and tree item ...
[Info] [2026-3-28 11:17:36] set OpenLastPath: E:/FPGA/TSP_RVmaster/FPGA/pango_cpu/generate_bitstream/SoC_Top.sfc
[Debug] [2026-3-28 11:17:36] begin to check SFC File and Flash Device Read Mode.
[Debug] [2026-3-28 11:17:36] end to check SFC File and Flash Device Read Mode.
[Debug] [2026-3-28 11:17:36] Begin to update graphic item and tree item ...
[Debug] [2026-3-28 11:17:36] End to update graphic item and tree item ...
[Debug] [2026-3-28 11:17:36] End to initialize OuterFlash for selected FPGA Device...
[Debug] [2026-3-28 11:17:36] end to exec scan jtag flash cmd...
[Debug] [2026-3-28 11:17:36] COMMAND[Scan Outer SPI Flash] execute successfully, takes 1.4 secs.
[Debug] [2026-3-28 11:17:36] Log::Print : COMMAND[Scan Outer SPI Flash] execute successfully, takes 1.4 secs.
[Debug] [2026-3-28 11:17:38] begin to send promgram jtag flash cmd.
[Debug] [2026-3-28 11:17:38] begin to send jtag flash erase cmd
[Debug] [2026-3-28 11:17:38] Send RPC:6
[Debug] [2026-3-28 11:17:38] Begin to send embed flash erase data.
[Debug] [2026-3-28 11:17:38] Begin to send flash erase data.
[Debug] [2026-3-28 11:17:38] End to send flash erase data.
[Debug] [2026-3-28 11:17:38] End to send embed flash erase data.
[Debug] [2026-3-28 11:17:38] Send cmd [Erase Outer Flash:20302] OK
[Debug] [2026-3-28 11:17:38] Log::Print : The start address of operating flash is 0x0.
[Debug] [2026-3-28 11:17:38] The value of Progress is 1
[Debug] [2026-3-28 11:17:38] The value of Progress is 6
[Debug] [2026-3-28 11:17:38] The value of Progress is 12
[Debug] [2026-3-28 11:17:38] The value of Progress is 15
[Debug] [2026-3-28 11:17:39] The value of Progress is 21
[Debug] [2026-3-28 11:17:39] The value of Progress is 27
[Debug] [2026-3-28 11:17:39] The value of Progress is 30
[Debug] [2026-3-28 11:17:39] The value of Progress is 36
[Debug] [2026-3-28 11:17:39] The value of Progress is 42
[Debug] [2026-3-28 11:17:39] The value of Progress is 45
[Debug] [2026-3-28 11:17:40] The value of Progress is 51
[Debug] [2026-3-28 11:17:40] The value of Progress is 57
[Debug] [2026-3-28 11:17:40] The value of Progress is 60
[Debug] [2026-3-28 11:17:40] The value of Progress is 66
[Debug] [2026-3-28 11:17:40] The value of Progress is 72
[Debug] [2026-3-28 11:17:41] The value of Progress is 75
[Debug] [2026-3-28 11:17:41] The value of Progress is 81
[Debug] [2026-3-28 11:17:41] The value of Progress is 87
[Debug] [2026-3-28 11:17:41] The value of Progress is 90
[Debug] [2026-3-28 11:17:41] The value of Progress is 96
[Debug] [2026-3-28 11:17:41] The value of Progress is 100
[Debug] [2026-3-28 11:17:42] COMMAND[Erase Outer Flash] execute finish, takes 4.0 secs.
[Debug] [2026-3-28 11:17:42] end to send jtag flash erase cmd.
[Debug] [2026-3-28 11:17:42] Send RPC:7
[Debug] [2026-3-28 11:17:42] Begin to send jtag flash program data.
[Debug] [2026-3-28 11:17:42] Begin to send flash program data.
[Debug] [2026-3-28 11:17:42] End to send flash program data.
[Debug] [2026-3-28 11:17:42] End to send embed flash program data.
[Debug] [2026-3-28 11:17:42] Send cmd [Program Outer Flash:20301] OK
[Debug] [2026-3-28 11:17:42] Log::Print : COMMAND[Erase Outer Flash] execute finish, takes 4.0 secs.
[Debug] [2026-3-28 11:17:42] Log::Print : The start address of operating flash is 0x0.
[Debug] [2026-3-28 11:17:42] The value of Progress is 1
[Debug] [2026-3-28 11:17:44] The value of Progress is 6
[Debug] [2026-3-28 11:17:45] The value of Progress is 10
[Debug] [2026-3-28 11:17:47] The value of Progress is 15
[Debug] [2026-3-28 11:17:48] The value of Progress is 20
[Debug] [2026-3-28 11:17:50] The value of Progress is 25
[Debug] [2026-3-28 11:17:52] The value of Progress is 30
[Debug] [2026-3-28 11:17:53] The value of Progress is 35
[Debug] [2026-3-28 11:17:55] The value of Progress is 40
[Debug] [2026-3-28 11:17:57] The value of Progress is 45
[Debug] [2026-3-28 11:17:58] The value of Progress is 50
[Debug] [2026-3-28 11:18:00] The value of Progress is 55
[Debug] [2026-3-28 11:18:01] The value of Progress is 60
[Debug] [2026-3-28 11:18:03] The value of Progress is 65
[Debug] [2026-3-28 11:18:05] The value of Progress is 70
[Debug] [2026-3-28 11:18:06] The value of Progress is 75
[Debug] [2026-3-28 11:18:08] The value of Progress is 80
[Debug] [2026-3-28 11:18:10] The value of Progress is 85
[Debug] [2026-3-28 11:18:11] The value of Progress is 90
[Debug] [2026-3-28 11:18:13] The value of Progress is 95
[Debug] [2026-3-28 11:18:15] The value of Progress is 100
[Debug] [2026-3-28 11:18:15] COMMAND[Program Outer Flash] execute finish, takes 33.1 secs.
[Debug] [2026-3-28 11:18:15] begin to send jtag flash verify cmd
[Debug] [2026-3-28 11:18:15] Send RPC:8
[Debug] [2026-3-28 11:18:15] Begin to send embed flash verify data.
[Debug] [2026-3-28 11:18:15] Begin to send flash verify data.
[Debug] [2026-3-28 11:18:15] End to send flash verify data.
[Debug] [2026-3-28 11:18:15] End to send embed flash verify data.
[Debug] [2026-3-28 11:18:15] Send cmd [Verify Outer Flash:20303] OK
[Debug] [2026-3-28 11:18:15] Log::Print : COMMAND[Program Outer Flash] execute finish, takes 33.1 secs.
[Debug] [2026-3-28 11:18:15] Log::Print : The start address of operating flash is 0x0.
[Debug] [2026-3-28 11:18:15] The value of Progress is 1
[Debug] [2026-3-28 11:18:15] The value of Progress is 6
[Debug] [2026-3-28 11:18:15] The value of Progress is 10
[Debug] [2026-3-28 11:18:15] The value of Progress is 15
[Debug] [2026-3-28 11:18:15] The value of Progress is 20
[Debug] [2026-3-28 11:18:15] The value of Progress is 25
[Debug] [2026-3-28 11:18:16] The value of Progress is 30
[Debug] [2026-3-28 11:18:16] The value of Progress is 35
[Debug] [2026-3-28 11:18:16] The value of Progress is 40
[Debug] [2026-3-28 11:18:16] The value of Progress is 45
[Debug] [2026-3-28 11:18:16] The value of Progress is 50
[Debug] [2026-3-28 11:18:16] The value of Progress is 55
[Debug] [2026-3-28 11:18:16] The value of Progress is 60
[Debug] [2026-3-28 11:18:16] The value of Progress is 65
[Debug] [2026-3-28 11:18:16] The value of Progress is 70
[Debug] [2026-3-28 11:18:16] The value of Progress is 75
[Debug] [2026-3-28 11:18:17] The value of Progress is 80
[Debug] [2026-3-28 11:18:17] The value of Progress is 85
[Debug] [2026-3-28 11:18:17] The value of Progress is 90
[Debug] [2026-3-28 11:18:17] The value of Progress is 95
[Debug] [2026-3-28 11:18:17] The value of Progress is 100
[Debug] [2026-3-28 11:18:17] COMMAND[Verify Outer Flash] execute successfully, takes 2.5 secs.
[Debug] [2026-3-28 11:18:17] end to send jtag flash verify cmd
[Debug] [2026-3-28 11:18:17] end to send jtag flash program cmd.
[Debug] [2026-3-28 11:18:17] Log::Print : COMMAND[Verify Outer Flash] execute successfully, takes 2.5 secs.
[Info] [2026-3-28 11:18:18] /***************************End Configration***************************/
