[Info] [2026-3-25 15:00:37] /***************************Start jtagserver***************************/
[Info] [2026-3-25 15:00:37] Path: E:/pango/PDS_2022.2-SP6.4/bin
[Info] [2026-3-25 15:00:37] Version: 146967
[Debug] [2026-3-25 15:00:38] Add a new user_thread, socket descriptor is 1168 user_thread id is 0000000000005E28
[Debug] [2026-3-25 15:00:38] After adding, map size is : 1
[Debug] [2026-3-25 15:00:38] Add a new user_thread, socket descriptor is 1196 user_thread id is 0000000000005E28
[Debug] [2026-3-25 15:00:38] After adding, map size is : 2
[Debug] [2026-3-25 15:00:38] IP address of connecting client is : ::ffff:127.0.0.1
[Debug] [2026-3-25 15:00:38] IP address of connecting client is : ::ffff:127.0.0.1IP address of connecting client is : ::ffff:127.0.0.1
[Debug] [2026-3-25 15:00:38] Remove the header data from the client, index : 0
[Debug] [2026-3-25 15:00:38] _total_bytes_size : 160
[Debug] [2026-3-25 15:00:38] Remove the header data from the client, index : 0
[Debug] [2026-3-25 15:00:38] _total_bytes_size : 96
[Debug] [2026-3-25 15:00:38] cmd id :40010cmd name : get_cable_paras
[Debug] [2026-3-25 15:00:39] cmd operation get_cable_paras releases locker
[Debug] [2026-3-25 15:00:39] Remove the header data from the client, index : 0
[Debug] [2026-3-25 15:00:39] _total_bytes_size : 101
[Debug] [2026-3-25 15:00:39] cmd id :20001cmd name : Open config cable
[Error] [2026-3-25 15:00:39] Hardware handler is invalid
[Debug] [2026-3-25 15:00:39] cmd operation Open config cable releases locker
[Info] [2026-3-25 15:00:49] /***************************Start jtagserver***************************/
[Info] [2026-3-25 15:00:49] Path: E:/pango/PDS_2022.2-SP6.4/bin
[Info] [2026-3-25 15:00:49] Version: 146967
[Debug] [2026-3-25 15:00:50] Add a new user_thread, socket descriptor is 980 user_thread id is 0000000000006A74
[Debug] [2026-3-25 15:00:50] After adding, map size is : 1
[Debug] [2026-3-25 15:00:50] Add a new user_thread, socket descriptor is 984 user_thread id is 0000000000006A74
[Debug] [2026-3-25 15:00:50] After adding, map size is : 2
[Debug] [2026-3-25 15:00:50] IP address of connecting client is : ::ffff:127.0.0.1
[Debug] [2026-3-25 15:00:50] IP address of connecting client is : ::ffff:127.0.0.1
[Debug] [2026-3-25 15:00:50] Remove the header data from the client, index : 0
[Debug] [2026-3-25 15:00:50] _total_bytes_size : 160
[Debug] [2026-3-25 15:00:50] Remove the header data from the client, index : 0
[Debug] [2026-3-25 15:00:50] _total_bytes_size : 96
[Debug] [2026-3-25 15:00:50] cmd id :40010cmd name : get_cable_paras
[Debug] [2026-3-25 15:00:51] cmd operation get_cable_paras releases locker
[Debug] [2026-3-25 15:00:51] Remove the header data from the client, index : 0
[Debug] [2026-3-25 15:00:51] _total_bytes_size : 101
[Debug] [2026-3-25 15:00:51] cmd id :20001cmd name : Open config cable
[Error] [2026-3-25 15:00:51] Hardware handler is invalid
[Debug] [2026-3-25 15:00:51] cmd operation Open config cable releases locker
[Info] [2026-3-25 15:00:57] /***************************Start jtagserver***************************/
[Info] [2026-3-25 15:00:57] Path: E:/pango/PDS_2022.2-SP6.4/bin
[Info] [2026-3-25 15:00:57] Version: 146967
[Debug] [2026-3-25 15:00:58] Add a new user_thread, socket descriptor is 988 user_thread id is 0000000000005D08
[Debug] [2026-3-25 15:00:58] After adding, map size is : 1
[Debug] [2026-3-25 15:00:58] Add a new user_thread, socket descriptor is 1028 user_thread id is 0000000000005D08
[Debug] [2026-3-25 15:00:58] After adding, map size is : 2
[Debug] [2026-3-25 15:00:58] IP address of connecting client is : ::ffff:127.0.0.1
[Debug] [2026-3-25 15:00:58] IP address of connecting client is : ::ffff:127.0.0.1IP address of connecting client is : ::ffff:127.0.0.1
[Debug] [2026-3-25 15:00:58] Remove the header data from the client, index : 0
[Debug] [2026-3-25 15:00:58] _total_bytes_size : 160
[Debug] [2026-3-25 15:00:58] Remove the header data from the client, index : 0
[Debug] [2026-3-25 15:00:58] _total_bytes_size : 96
[Debug] [2026-3-25 15:00:58] cmd id :40010cmd name : get_cable_paras
[Debug] [2026-3-25 15:00:59] cmd operation get_cable_paras releases locker
[Debug] [2026-3-25 15:00:59] Remove the header data from the client, index : 0
[Debug] [2026-3-25 15:00:59] _total_bytes_size : 101
[Debug] [2026-3-25 15:00:59] cmd id :20001cmd name : Open config cable
[Error] [2026-3-25 15:00:59] Hardware handler is invalid
[Debug] [2026-3-25 15:00:59] cmd operation Open config cable releases locker
[Info] [2026-3-25 15:01:12] /***************************Start jtagserver***************************/
[Info] [2026-3-25 15:01:12] Path: E:/pango/PDS_2022.2-SP6.4/bin
[Info] [2026-3-25 15:01:12] Version: 146967
[Debug] [2026-3-25 15:01:13] Add a new user_thread, socket descriptor is 1004 user_thread id is 00000000000033D0
[Debug] [2026-3-25 15:01:13] After adding, map size is : 1
[Debug] [2026-3-25 15:01:13] Add a new user_thread, socket descriptor is 1188 user_thread id is 00000000000033D0
[Debug] [2026-3-25 15:01:13] After adding, map size is : 2
[Debug] [2026-3-25 15:01:13] IP address of connecting client is : ::ffff:127.0.0.1
[Debug] [2026-3-25 15:01:13] 
[Debug] [2026-3-25 15:01:13] Remove the header data from the client, index : 0
[Debug] [2026-3-25 15:01:13] _total_bytes_size : 160
[Debug] [2026-3-25 15:01:13] Remove the header data from the client, index : 0
[Debug] [2026-3-25 15:01:13] _total_bytes_size : 96
[Debug] [2026-3-25 15:01:13] cmd id :40010cmd name : get_cable_paras
[Debug] [2026-3-25 15:01:14] cmd operation get_cable_paras releases locker
[Debug] [2026-3-25 15:01:14] Remove the header data from the client, index : 0
[Debug] [2026-3-25 15:01:14] _total_bytes_size : 101
[Debug] [2026-3-25 15:01:14] cmd id :20001cmd name : Open config cable
[Debug] [2026-3-25 15:01:14] the idcode from the scanning is: 0x105a1899
[Debug] [2026-3-25 15:01:14] the idcode from the scanning is: 0x0
[Debug] [2026-3-25 15:01:14] the idcode from the scanning is: 0x0
[Debug] [2026-3-25 15:01:14] the idcode from the scanning is: 0x0
[Debug] [2026-3-25 15:01:14] the idcode from the scanning is: 0x0
[Debug] [2026-3-25 15:01:14] cmd operation Open config cable releases locker
[Debug] [2026-3-25 15:01:16] Remove the header data from the client, index : 0
[Debug] [2026-3-25 15:01:16] _total_bytes_size : 23e
[Debug] [2026-3-25 15:01:16] cmd id :4e22cmd name : Program
[Debug] [2026-3-25 15:01:16] the idcode from the scanning is: 0x105a1899
[Debug] [2026-3-25 15:01:16] the idcode from the scanning is: 0x0
[Debug] [2026-3-25 15:01:16] the idcode from the scanning is: 0x0
[Debug] [2026-3-25 15:01:16] the idcode from the scanning is: 0x0
[Debug] [2026-3-25 15:01:16] the idcode from the scanning is: 0x0
[Debug] [2026-3-25 15:01:16] begin to read back config registerregAddr is 4
[Debug] [2026-3-25 15:01:16] progress bar is 6
[Debug] [2026-3-25 15:01:16] progress bar is 10
[Debug] [2026-3-25 15:01:17] progress bar is 15
[Debug] [2026-3-25 15:01:17] progress bar is 20
[Debug] [2026-3-25 15:01:17] progress bar is 25
[Debug] [2026-3-25 15:01:17] progress bar is 30
[Debug] [2026-3-25 15:01:17] progress bar is 35
[Debug] [2026-3-25 15:01:17] progress bar is 40
[Debug] [2026-3-25 15:01:17] progress bar is 45
[Debug] [2026-3-25 15:01:17] progress bar is 50
[Debug] [2026-3-25 15:01:17] progress bar is 55
[Debug] [2026-3-25 15:01:17] progress bar is 60
[Debug] [2026-3-25 15:01:17] progress bar is 65
[Debug] [2026-3-25 15:01:18] progress bar is 70
[Debug] [2026-3-25 15:01:18] progress bar is 75
[Debug] [2026-3-25 15:01:18] progress bar is 80
[Debug] [2026-3-25 15:01:18] progress bar is 85
[Debug] [2026-3-25 15:01:18] progress bar is 90
[Debug] [2026-3-25 15:01:18] progress bar is 95
[Debug] [2026-3-25 15:01:18] progress bar is 100
[Debug] [2026-3-25 15:01:18] the value in the status register is :2096288
[Debug] [2026-3-25 15:01:18] cmd operation Program releases locker
[Info] [2026-3-25 15:23:03] /***************************Start jtagserver***************************/
[Info] [2026-3-25 15:23:03] Path: E:/pango/PDS_2022.2-SP6.4/bin
[Info] [2026-3-25 15:23:03] Version: 146967
[Debug] [2026-3-25 15:23:04] Add a new user_thread, socket descriptor is 1000 user_thread id is 0000000000005C20
[Debug] [2026-3-25 15:23:04] After adding, map size is : 1
[Debug] [2026-3-25 15:23:04] Add a new user_thread, socket descriptor is 1012 user_thread id is 0000000000005C20
[Debug] [2026-3-25 15:23:04] After adding, map size is : 2
[Debug] [2026-3-25 15:23:04] IP address of connecting client is : ::ffff:127.0.0.1
[Debug] [2026-3-25 15:23:04] IP address of connecting client is : ::ffff:127.0.0.1IP address of connecting client is : ::ffff:127.0.0.1
[Debug] [2026-3-25 15:23:04] Remove the header data from the client, index : 0
[Debug] [2026-3-25 15:23:04] _total_bytes_size : 160
[Debug] [2026-3-25 15:23:04] Remove the header data from the client, index : 0
[Debug] [2026-3-25 15:23:04] _total_bytes_size : 96
[Debug] [2026-3-25 15:23:04] cmd id :40010cmd name : get_cable_paras
[Debug] [2026-3-25 15:23:05] cmd operation get_cable_paras releases locker
[Debug] [2026-3-25 15:23:05] Remove the header data from the client, index : 0
[Debug] [2026-3-25 15:23:05] _total_bytes_size : 101
[Debug] [2026-3-25 15:23:05] cmd id :20001cmd name : Open config cable
[Debug] [2026-3-25 15:23:06] the idcode from the scanning is: 0x105a1899
[Debug] [2026-3-25 15:23:06] the idcode from the scanning is: 0x0
[Debug] [2026-3-25 15:23:06] the idcode from the scanning is: 0x0
[Debug] [2026-3-25 15:23:06] the idcode from the scanning is: 0x0
[Debug] [2026-3-25 15:23:06] the idcode from the scanning is: 0x0
[Debug] [2026-3-25 15:23:06] cmd operation Open config cable releases locker
[Debug] [2026-3-25 15:23:08] Remove the header data from the client, index : 0
[Debug] [2026-3-25 15:23:08] _total_bytes_size : 23e
[Debug] [2026-3-25 15:23:08] cmd id :4e22cmd name : Program
[Debug] [2026-3-25 15:23:08] the idcode from the scanning is: 0x105a1899
[Debug] [2026-3-25 15:23:08] the idcode from the scanning is: 0x0
[Debug] [2026-3-25 15:23:08] the idcode from the scanning is: 0x0
[Debug] [2026-3-25 15:23:08] the idcode from the scanning is: 0x0
[Debug] [2026-3-25 15:23:08] the idcode from the scanning is: 0x0
[Debug] [2026-3-25 15:23:08] begin to read back config registerregAddr is 4
[Debug] [2026-3-25 15:23:08] progress bar is 6
[Debug] [2026-3-25 15:23:08] progress bar is 10
[Debug] [2026-3-25 15:23:08] progress bar is 15
[Debug] [2026-3-25 15:23:08] progress bar is 20
[Debug] [2026-3-25 15:23:08] progress bar is 25
[Debug] [2026-3-25 15:23:08] progress bar is 30
[Debug] [2026-3-25 15:23:08] progress bar is 35
[Debug] [2026-3-25 15:23:08] progress bar is 40
[Debug] [2026-3-25 15:23:09] progress bar is 45
[Debug] [2026-3-25 15:23:09] progress bar is 50
[Debug] [2026-3-25 15:23:09] progress bar is 55
[Debug] [2026-3-25 15:23:09] progress bar is 60
[Debug] [2026-3-25 15:23:09] progress bar is 65
[Debug] [2026-3-25 15:23:09] progress bar is 70
[Debug] [2026-3-25 15:23:09] progress bar is 75
[Debug] [2026-3-25 15:23:09] progress bar is 80
[Debug] [2026-3-25 15:23:09] progress bar is 85
[Debug] [2026-3-25 15:23:09] progress bar is 90
[Debug] [2026-3-25 15:23:09] progress bar is 95
[Debug] [2026-3-25 15:23:10] progress bar is 100
[Debug] [2026-3-25 15:23:10] the value in the status register is :2096288
[Debug] [2026-3-25 15:23:10] cmd operation Program releases locker
[Info] [2026-3-26 14:13:53] /***************************Start jtagserver***************************/
[Info] [2026-3-26 14:13:53] Path: E:/pango/PDS_2022.2-SP6.4/bin
[Info] [2026-3-26 14:13:53] Version: 146967
[Debug] [2026-3-26 14:13:54] Add a new user_thread, socket descriptor is 1128 user_thread id is 000000000000395C
[Debug] [2026-3-26 14:13:54] After adding, map size is : 1
[Debug] [2026-3-26 14:13:54] Add a new user_thread, socket descriptor is 1012 user_thread id is 000000000000395C
[Debug] [2026-3-26 14:13:54] After adding, map size is : 2
[Debug] [2026-3-26 14:13:54] IP address of connecting client is : ::ffff:127.0.0.1
[Debug] [2026-3-26 14:13:54] IP address of connecting client is : ::ffff:127.0.0.1IP address of connecting client is : ::ffff:127.0.0.1
[Debug] [2026-3-26 14:13:54] Remove the header data from the client, index : 0
[Debug] [2026-3-26 14:13:54] _total_bytes_size : 160
[Debug] [2026-3-26 14:13:54] Remove the header data from the client, index : 0
[Debug] [2026-3-26 14:13:54] _total_bytes_size : 96
[Debug] [2026-3-26 14:13:54] cmd id :40010cmd name : get_cable_paras
[Debug] [2026-3-26 14:13:55] cmd operation get_cable_paras releases locker
[Debug] [2026-3-26 14:13:55] Remove the header data from the client, index : 0
[Debug] [2026-3-26 14:13:55] _total_bytes_size : 101
[Debug] [2026-3-26 14:13:55] cmd id :20001cmd name : Open config cable
[Debug] [2026-3-26 14:13:55] the idcode from the scanning is: 0x105a1899
[Debug] [2026-3-26 14:13:55] the idcode from the scanning is: 0x0
[Debug] [2026-3-26 14:13:55] the idcode from the scanning is: 0x0
[Debug] [2026-3-26 14:13:55] the idcode from the scanning is: 0x0
[Debug] [2026-3-26 14:13:55] the idcode from the scanning is: 0x0
[Debug] [2026-3-26 14:13:56] cmd operation Open config cable releases locker
[Debug] [2026-3-26 14:13:58] Remove the header data from the client, index : 0
[Debug] [2026-3-26 14:13:58] _total_bytes_size : 23e
[Debug] [2026-3-26 14:13:58] cmd id :4e22cmd name : Program
[Debug] [2026-3-26 14:13:58] the idcode from the scanning is: 0x105a1899
[Debug] [2026-3-26 14:13:58] the idcode from the scanning is: 0x0
[Debug] [2026-3-26 14:13:58] the idcode from the scanning is: 0x0
[Debug] [2026-3-26 14:13:58] the idcode from the scanning is: 0x0
[Debug] [2026-3-26 14:13:58] the idcode from the scanning is: 0x0
[Debug] [2026-3-26 14:13:58] begin to read back config registerregAddr is 4
[Debug] [2026-3-26 14:13:58] progress bar is 6
[Debug] [2026-3-26 14:13:58] progress bar is 10
[Debug] [2026-3-26 14:13:58] progress bar is 15
[Debug] [2026-3-26 14:13:58] progress bar is 20
[Debug] [2026-3-26 14:13:58] progress bar is 25
[Debug] [2026-3-26 14:13:58] progress bar is 30
[Debug] [2026-3-26 14:13:58] progress bar is 35
[Debug] [2026-3-26 14:13:58] progress bar is 40
[Debug] [2026-3-26 14:13:59] progress bar is 45
[Debug] [2026-3-26 14:13:59] progress bar is 50
[Debug] [2026-3-26 14:13:59] progress bar is 55
[Debug] [2026-3-26 14:13:59] progress bar is 60
[Debug] [2026-3-26 14:13:59] progress bar is 65
[Debug] [2026-3-26 14:13:59] progress bar is 70
[Debug] [2026-3-26 14:13:59] progress bar is 75
[Debug] [2026-3-26 14:13:59] progress bar is 80
[Debug] [2026-3-26 14:13:59] progress bar is 85
[Debug] [2026-3-26 14:13:59] progress bar is 90
[Debug] [2026-3-26 14:13:59] progress bar is 95
[Debug] [2026-3-26 14:13:59] progress bar is 100
[Debug] [2026-3-26 14:13:59] the value in the status register is :2096288
[Debug] [2026-3-26 14:14:00] cmd operation Program releases locker
[Info] [2026-3-26 14:18:03] /***************************Start jtagserver***************************/
[Info] [2026-3-26 14:18:03] Path: E:/pango/PDS_2022.2-SP6.4/bin
[Info] [2026-3-26 14:18:03] Version: 146967
[Debug] [2026-3-26 14:18:04] Add a new user_thread, socket descriptor is 1176 user_thread id is 00000000000087D8
[Debug] [2026-3-26 14:18:04] After adding, map size is : 1
[Debug] [2026-3-26 14:18:04] Add a new user_thread, socket descriptor is 172 user_thread id is 00000000000087D8
[Debug] [2026-3-26 14:18:04] After adding, map size is : 2
[Debug] [2026-3-26 14:18:04] IP address of connecting client is : ::ffff:127.0.0.1
[Debug] [2026-3-26 14:18:04] IP address of connecting client is : ::ffff:127.0.0.1
[Debug] [2026-3-26 14:18:04] Remove the header data from the client, index : 0
[Debug] [2026-3-26 14:18:04] _total_bytes_size : 160
[Debug] [2026-3-26 14:18:04] Remove the header data from the client, index : 0
[Debug] [2026-3-26 14:18:04] _total_bytes_size : 96
[Debug] [2026-3-26 14:18:04] cmd id :40010cmd name : get_cable_paras
[Debug] [2026-3-26 14:18:05] cmd operation get_cable_paras releases locker
[Debug] [2026-3-26 14:18:05] Remove the header data from the client, index : 0
[Debug] [2026-3-26 14:18:05] _total_bytes_size : 101
[Debug] [2026-3-26 14:18:05] cmd id :20001cmd name : Open config cable
[Debug] [2026-3-26 14:18:05] the idcode from the scanning is: 0x105a1899
[Debug] [2026-3-26 14:18:05] the idcode from the scanning is: 0x0
[Debug] [2026-3-26 14:18:05] the idcode from the scanning is: 0x0
[Debug] [2026-3-26 14:18:05] the idcode from the scanning is: 0x0
[Debug] [2026-3-26 14:18:05] the idcode from the scanning is: 0x0
[Debug] [2026-3-26 14:18:05] cmd operation Open config cable releases locker
[Debug] [2026-3-26 14:18:08] Remove the header data from the client, index : 0
[Debug] [2026-3-26 14:18:08] _total_bytes_size : 23e
[Debug] [2026-3-26 14:18:08] cmd id :4e22cmd name : Program
[Debug] [2026-3-26 14:18:08] the idcode from the scanning is: 0x105a1899
[Debug] [2026-3-26 14:18:08] the idcode from the scanning is: 0x0
[Debug] [2026-3-26 14:18:08] the idcode from the scanning is: 0x0
[Debug] [2026-3-26 14:18:08] the idcode from the scanning is: 0x0
[Debug] [2026-3-26 14:18:08] the idcode from the scanning is: 0x0
[Debug] [2026-3-26 14:18:08] begin to read back config registerregAddr is 4
[Debug] [2026-3-26 14:18:08] progress bar is 6
[Debug] [2026-3-26 14:18:08] progress bar is 10
[Debug] [2026-3-26 14:18:08] progress bar is 15
[Debug] [2026-3-26 14:18:08] progress bar is 20
[Debug] [2026-3-26 14:18:09] progress bar is 25
[Debug] [2026-3-26 14:18:09] progress bar is 30
[Debug] [2026-3-26 14:18:09] progress bar is 35
[Debug] [2026-3-26 14:18:09] progress bar is 40
[Debug] [2026-3-26 14:18:09] progress bar is 45
[Debug] [2026-3-26 14:18:09] progress bar is 50
[Debug] [2026-3-26 14:18:09] progress bar is 55
[Debug] [2026-3-26 14:18:09] progress bar is 60
[Debug] [2026-3-26 14:18:09] progress bar is 65
[Debug] [2026-3-26 14:18:09] progress bar is 70
[Debug] [2026-3-26 14:18:09] progress bar is 75
[Debug] [2026-3-26 14:18:10] progress bar is 80
[Debug] [2026-3-26 14:18:10] progress bar is 85
[Debug] [2026-3-26 14:18:10] progress bar is 90
[Debug] [2026-3-26 14:18:10] progress bar is 95
[Debug] [2026-3-26 14:18:10] progress bar is 100
[Debug] [2026-3-26 14:18:10] the value in the status register is :2096288
[Debug] [2026-3-26 14:18:10] cmd operation Program releases locker
[Info] [2026-3-26 14:28:51] /***************************Start jtagserver***************************/
[Info] [2026-3-26 14:28:51] Path: E:/pango/PDS_2022.2-SP6.4/bin
[Info] [2026-3-26 14:28:51] Version: 146967
[Debug] [2026-3-26 14:28:52] Add a new user_thread, socket descriptor is 1044 user_thread id is 0000000000003B2C
[Debug] [2026-3-26 14:28:52] After adding, map size is : 1
[Debug] [2026-3-26 14:28:52] Add a new user_thread, socket descriptor is 960 user_thread id is 0000000000003B2C
[Debug] [2026-3-26 14:28:52] After adding, map size is : 2
[Debug] [2026-3-26 14:28:52] IP address of connecting client is : ::ffff:127.0.0.1
[Debug] [2026-3-26 14:28:52] IP address of connecting client is : ::ffff:127.0.0.1
[Debug] [2026-3-26 14:28:52] Remove the header data from the client, index : 0
[Debug] [2026-3-26 14:28:52] _total_bytes_size : 160
[Debug] [2026-3-26 14:28:52] Remove the header data from the client, index : 0
[Debug] [2026-3-26 14:28:52] _total_bytes_size : 96
[Debug] [2026-3-26 14:28:52] cmd id :40010cmd name : get_cable_paras
[Debug] [2026-3-26 14:28:53] cmd operation get_cable_paras releases locker
[Debug] [2026-3-26 14:28:53] Remove the header data from the client, index : 0
[Debug] [2026-3-26 14:28:53] _total_bytes_size : 101
[Debug] [2026-3-26 14:28:53] cmd id :20001cmd name : Open config cable
[Debug] [2026-3-26 14:28:53] the idcode from the scanning is: 0x105a1899
[Debug] [2026-3-26 14:28:53] the idcode from the scanning is: 0x0
[Debug] [2026-3-26 14:28:53] the idcode from the scanning is: 0x0
[Debug] [2026-3-26 14:28:53] the idcode from the scanning is: 0x0
[Debug] [2026-3-26 14:28:53] the idcode from the scanning is: 0x0
[Debug] [2026-3-26 14:28:53] cmd operation Open config cable releases locker
[Debug] [2026-3-26 14:28:55] Remove the header data from the client, index : 0
[Debug] [2026-3-26 14:28:55] _total_bytes_size : 23e
[Debug] [2026-3-26 14:28:55] cmd id :4e22cmd name : Program
[Debug] [2026-3-26 14:28:55] the idcode from the scanning is: 0x105a1899
[Debug] [2026-3-26 14:28:55] the idcode from the scanning is: 0x0
[Debug] [2026-3-26 14:28:55] the idcode from the scanning is: 0x0
[Debug] [2026-3-26 14:28:55] the idcode from the scanning is: 0x0
[Debug] [2026-3-26 14:28:55] the idcode from the scanning is: 0x0
[Debug] [2026-3-26 14:28:55] begin to read back config registerregAddr is 4
[Debug] [2026-3-26 14:28:56] progress bar is 6
[Debug] [2026-3-26 14:28:56] progress bar is 10
[Debug] [2026-3-26 14:28:56] progress bar is 15
[Debug] [2026-3-26 14:28:56] progress bar is 20
[Debug] [2026-3-26 14:28:56] progress bar is 25
[Debug] [2026-3-26 14:28:56] progress bar is 30
[Debug] [2026-3-26 14:28:56] progress bar is 35
[Debug] [2026-3-26 14:28:56] progress bar is 40
[Debug] [2026-3-26 14:28:56] progress bar is 45
[Debug] [2026-3-26 14:28:56] progress bar is 50
[Debug] [2026-3-26 14:28:56] progress bar is 55
[Debug] [2026-3-26 14:28:56] progress bar is 60
[Debug] [2026-3-26 14:28:57] progress bar is 65
[Debug] [2026-3-26 14:28:57] progress bar is 70
[Debug] [2026-3-26 14:28:57] progress bar is 75
[Debug] [2026-3-26 14:28:57] progress bar is 80
[Debug] [2026-3-26 14:28:57] progress bar is 85
[Debug] [2026-3-26 14:28:57] progress bar is 90
[Debug] [2026-3-26 14:28:57] progress bar is 95
[Debug] [2026-3-26 14:28:57] progress bar is 100
[Debug] [2026-3-26 14:28:57] the value in the status register is :2096288
[Debug] [2026-3-26 14:28:57] cmd operation Program releases locker
[Info] [2026-3-26 14:33:38] /***************************Start jtagserver***************************/
[Info] [2026-3-26 14:33:38] Path: E:/pango/PDS_2022.2-SP6.4/bin
[Info] [2026-3-26 14:33:38] Version: 146967
[Debug] [2026-3-26 14:33:39] Add a new user_thread, socket descriptor is 1152 user_thread id is 0000000000003034
[Debug] [2026-3-26 14:33:39] After adding, map size is : 1
[Debug] [2026-3-26 14:33:39] Add a new user_thread, socket descriptor is 1160 user_thread id is 0000000000003034
[Debug] [2026-3-26 14:33:39] After adding, map size is : 2
[Debug] [2026-3-26 14:33:39] IP address of connecting client is : ::ffff:127.0.0.1
[Debug] [2026-3-26 14:33:39] IP address of connecting client is : ::ffff:127.0.0.1
[Debug] [2026-3-26 14:33:39] Remove the header data from the client, index : 0
[Debug] [2026-3-26 14:33:39] _total_bytes_size : 160
[Debug] [2026-3-26 14:33:39] Remove the header data from the client, index : 0
[Debug] [2026-3-26 14:33:39] _total_bytes_size : 96
[Debug] [2026-3-26 14:33:39] cmd id :40010cmd name : get_cable_paras
[Debug] [2026-3-26 14:33:40] cmd operation get_cable_paras releases locker
[Debug] [2026-3-26 14:33:40] Remove the header data from the client, index : 0
[Debug] [2026-3-26 14:33:40] _total_bytes_size : 101
[Debug] [2026-3-26 14:33:40] cmd id :20001cmd name : Open config cable
[Debug] [2026-3-26 14:33:40] the idcode from the scanning is: 0x105a1899
[Debug] [2026-3-26 14:33:40] the idcode from the scanning is: 0x0
[Debug] [2026-3-26 14:33:40] the idcode from the scanning is: 0x0
[Debug] [2026-3-26 14:33:40] the idcode from the scanning is: 0x0
[Debug] [2026-3-26 14:33:40] the idcode from the scanning is: 0x0
[Debug] [2026-3-26 14:33:40] cmd operation Open config cable releases locker
[Debug] [2026-3-26 14:33:42] Remove the header data from the client, index : 0
[Debug] [2026-3-26 14:33:42] _total_bytes_size : 23e
[Debug] [2026-3-26 14:33:42] cmd id :4e22cmd name : Program
[Debug] [2026-3-26 14:33:42] the idcode from the scanning is: 0x105a1899
[Debug] [2026-3-26 14:33:42] the idcode from the scanning is: 0x0
[Debug] [2026-3-26 14:33:42] the idcode from the scanning is: 0x0
[Debug] [2026-3-26 14:33:42] the idcode from the scanning is: 0x0
[Debug] [2026-3-26 14:33:42] the idcode from the scanning is: 0x0
[Debug] [2026-3-26 14:33:42] begin to read back config registerregAddr is 4
[Debug] [2026-3-26 14:33:42] progress bar is 6
[Debug] [2026-3-26 14:33:42] progress bar is 10
[Debug] [2026-3-26 14:33:42] progress bar is 15
[Debug] [2026-3-26 14:33:42] progress bar is 20
[Debug] [2026-3-26 14:33:43] progress bar is 25
[Debug] [2026-3-26 14:33:43] progress bar is 30
[Debug] [2026-3-26 14:33:43] progress bar is 35
[Debug] [2026-3-26 14:33:43] progress bar is 40
[Debug] [2026-3-26 14:33:43] progress bar is 45
[Debug] [2026-3-26 14:33:43] progress bar is 50
[Debug] [2026-3-26 14:33:43] progress bar is 55
[Debug] [2026-3-26 14:33:43] progress bar is 60
[Debug] [2026-3-26 14:33:43] progress bar is 65
[Debug] [2026-3-26 14:33:43] progress bar is 70
[Debug] [2026-3-26 14:33:43] progress bar is 75
[Debug] [2026-3-26 14:33:44] progress bar is 80
[Debug] [2026-3-26 14:33:44] progress bar is 85
[Debug] [2026-3-26 14:33:44] progress bar is 90
[Debug] [2026-3-26 14:33:44] progress bar is 95
[Debug] [2026-3-26 14:33:44] progress bar is 100
[Debug] [2026-3-26 14:33:44] the value in the status register is :2096288
[Debug] [2026-3-26 14:33:44] cmd operation Program releases locker
[Info] [2026-3-26 14:37:21] /***************************Start jtagserver***************************/
[Info] [2026-3-26 14:37:21] Path: E:/pango/PDS_2022.2-SP6.4/bin
[Info] [2026-3-26 14:37:21] Version: 146967
[Debug] [2026-3-26 14:37:22] Add a new user_thread, socket descriptor is 1132 user_thread id is 0000000000002518
[Debug] [2026-3-26 14:37:22] After adding, map size is : 1
[Debug] [2026-3-26 14:37:22] Add a new user_thread, socket descriptor is 1020 user_thread id is 0000000000002518
[Debug] [2026-3-26 14:37:22] After adding, map size is : 2
[Debug] [2026-3-26 14:37:22] IP address of connecting client is : ::ffff:127.0.0.1
[Debug] [2026-3-26 14:37:22] IP address of connecting client is : ::ffff:127.0.0.1
[Debug] [2026-3-26 14:37:22] Remove the header data from the client, index : 0
[Debug] [2026-3-26 14:37:22] _total_bytes_size : 160
[Debug] [2026-3-26 14:37:22] Remove the header data from the client, index : 0
[Debug] [2026-3-26 14:37:22] _total_bytes_size : 96
[Debug] [2026-3-26 14:37:22] cmd id :40010cmd name : get_cable_paras
[Debug] [2026-3-26 14:37:23] cmd operation get_cable_paras releases locker
[Debug] [2026-3-26 14:37:23] Remove the header data from the client, index : 0
[Debug] [2026-3-26 14:37:23] _total_bytes_size : 101
[Debug] [2026-3-26 14:37:23] cmd id :20001cmd name : Open config cable
[Debug] [2026-3-26 14:37:23] the idcode from the scanning is: 0x105a1899
[Debug] [2026-3-26 14:37:23] the idcode from the scanning is: 0x0
[Debug] [2026-3-26 14:37:23] the idcode from the scanning is: 0x0
[Debug] [2026-3-26 14:37:23] the idcode from the scanning is: 0x0
[Debug] [2026-3-26 14:37:23] the idcode from the scanning is: 0x0
[Debug] [2026-3-26 14:37:24] cmd operation Open config cable releases locker
[Debug] [2026-3-26 14:37:25] Remove the header data from the client, index : 0
[Debug] [2026-3-26 14:37:25] _total_bytes_size : 23e
[Debug] [2026-3-26 14:37:25] cmd id :4e22cmd name : Program
[Debug] [2026-3-26 14:37:25] the idcode from the scanning is: 0x105a1899
[Debug] [2026-3-26 14:37:25] the idcode from the scanning is: 0x0
[Debug] [2026-3-26 14:37:25] the idcode from the scanning is: 0x0
[Debug] [2026-3-26 14:37:25] the idcode from the scanning is: 0x0
[Debug] [2026-3-26 14:37:25] the idcode from the scanning is: 0x0
[Debug] [2026-3-26 14:37:25] begin to read back config registerregAddr is 4
[Debug] [2026-3-26 14:37:25] progress bar is 6
[Debug] [2026-3-26 14:37:26] progress bar is 10
[Debug] [2026-3-26 14:37:26] progress bar is 15
[Debug] [2026-3-26 14:37:26] progress bar is 20
[Debug] [2026-3-26 14:37:26] progress bar is 25
[Debug] [2026-3-26 14:37:26] progress bar is 30
[Debug] [2026-3-26 14:37:26] progress bar is 35
[Debug] [2026-3-26 14:37:26] progress bar is 40
[Debug] [2026-3-26 14:37:26] progress bar is 45
[Debug] [2026-3-26 14:37:26] progress bar is 50
[Debug] [2026-3-26 14:37:26] progress bar is 55
[Debug] [2026-3-26 14:37:26] progress bar is 60
[Debug] [2026-3-26 14:37:27] progress bar is 65
[Debug] [2026-3-26 14:37:27] progress bar is 70
[Debug] [2026-3-26 14:37:27] progress bar is 75
[Debug] [2026-3-26 14:37:27] progress bar is 80
[Debug] [2026-3-26 14:37:27] progress bar is 85
[Debug] [2026-3-26 14:37:27] progress bar is 90
[Debug] [2026-3-26 14:37:27] progress bar is 95
[Debug] [2026-3-26 14:37:27] progress bar is 100
[Debug] [2026-3-26 14:37:27] the value in the status register is :2096288
[Debug] [2026-3-26 14:37:27] cmd operation Program releases locker
[Info] [2026-3-26 14:41:45] /***************************Start jtagserver***************************/
[Info] [2026-3-26 14:41:45] Path: E:/pango/PDS_2022.2-SP6.4/bin
[Info] [2026-3-26 14:41:45] Version: 146967
[Debug] [2026-3-26 14:41:46] Add a new user_thread, socket descriptor is 1080 user_thread id is 000000000000206C
[Debug] [2026-3-26 14:41:46] After adding, map size is : 1
[Debug] [2026-3-26 14:41:46] Add a new user_thread, socket descriptor is 1088 user_thread id is 000000000000206C
[Debug] [2026-3-26 14:41:46] After adding, map size is : 2
[Debug] [2026-3-26 14:41:46] IP address of connecting client is : ::ffff:127.0.0.1
[Debug] [2026-3-26 14:41:46] IP address of connecting client is : ::ffff:127.0.0.1
[Debug] [2026-3-26 14:41:46] Remove the header data from the client, index : 0
[Debug] [2026-3-26 14:41:46] _total_bytes_size : 160
[Debug] [2026-3-26 14:41:46] Remove the header data from the client, index : 0
[Debug] [2026-3-26 14:41:46] _total_bytes_size : 96
[Debug] [2026-3-26 14:41:46] cmd id :40010cmd name : get_cable_paras
[Debug] [2026-3-26 14:41:47] cmd operation get_cable_paras releases locker
[Debug] [2026-3-26 14:41:47] Remove the header data from the client, index : 0
[Debug] [2026-3-26 14:41:47] _total_bytes_size : 101
[Debug] [2026-3-26 14:41:47] cmd id :20001cmd name : Open config cable
[Debug] [2026-3-26 14:41:47] the idcode from the scanning is: 0x105a1899
[Debug] [2026-3-26 14:41:47] the idcode from the scanning is: 0x0
[Debug] [2026-3-26 14:41:47] the idcode from the scanning is: 0x0
[Debug] [2026-3-26 14:41:47] the idcode from the scanning is: 0x0
[Debug] [2026-3-26 14:41:47] the idcode from the scanning is: 0x0
[Debug] [2026-3-26 14:41:47] cmd operation Open config cable releases locker
[Debug] [2026-3-26 14:41:49] Remove the header data from the client, index : 0
[Debug] [2026-3-26 14:41:49] _total_bytes_size : 23e
[Debug] [2026-3-26 14:41:49] cmd id :4e22cmd name : Program
[Debug] [2026-3-26 14:41:50] the idcode from the scanning is: 0x105a1899
[Debug] [2026-3-26 14:41:50] the idcode from the scanning is: 0x0
[Debug] [2026-3-26 14:41:50] the idcode from the scanning is: 0x0
[Debug] [2026-3-26 14:41:50] the idcode from the scanning is: 0x0
[Debug] [2026-3-26 14:41:50] the idcode from the scanning is: 0x0
[Debug] [2026-3-26 14:41:50] begin to read back config registerregAddr is 4
[Debug] [2026-3-26 14:41:50] progress bar is 6
[Debug] [2026-3-26 14:41:50] progress bar is 10
[Debug] [2026-3-26 14:41:50] progress bar is 15
[Debug] [2026-3-26 14:41:50] progress bar is 20
[Debug] [2026-3-26 14:41:50] progress bar is 25
[Debug] [2026-3-26 14:41:50] progress bar is 30
[Debug] [2026-3-26 14:41:50] progress bar is 35
[Debug] [2026-3-26 14:41:50] progress bar is 40
[Debug] [2026-3-26 14:41:50] progress bar is 45
[Debug] [2026-3-26 14:41:51] progress bar is 50
[Debug] [2026-3-26 14:41:51] progress bar is 55
[Debug] [2026-3-26 14:41:51] progress bar is 60
[Debug] [2026-3-26 14:41:51] progress bar is 65
[Debug] [2026-3-26 14:41:51] progress bar is 70
[Debug] [2026-3-26 14:41:51] progress bar is 75
[Debug] [2026-3-26 14:41:51] progress bar is 80
[Debug] [2026-3-26 14:41:51] progress bar is 85
[Debug] [2026-3-26 14:41:51] progress bar is 90
[Debug] [2026-3-26 14:41:51] progress bar is 95
[Debug] [2026-3-26 14:41:51] progress bar is 100
[Debug] [2026-3-26 14:41:51] the value in the status register is :2096288
[Debug] [2026-3-26 14:41:52] cmd operation Program releases locker
[Info] [2026-3-26 14:50:47] /***************************Start jtagserver***************************/
[Info] [2026-3-26 14:50:47] Path: E:/pango/PDS_2022.2-SP6.4/bin
[Info] [2026-3-26 14:50:47] Version: 146967
[Debug] [2026-3-26 14:50:48] Add a new user_thread, socket descriptor is 1144 user_thread id is 00000000000073B0
[Debug] [2026-3-26 14:50:48] After adding, map size is : 1
[Debug] [2026-3-26 14:50:48] Add a new user_thread, socket descriptor is 1040 user_thread id is 00000000000073B0
[Debug] [2026-3-26 14:50:48] After adding, map size is : 2
[Debug] [2026-3-26 14:50:48] IP address of connecting client is : ::ffff:127.0.0.1
[Debug] [2026-3-26 14:50:48] IP address of connecting client is : ::ffff:127.0.0.1IP address of connecting client is : ::ffff:127.0.0.1
[Debug] [2026-3-26 14:50:48] Remove the header data from the client, index : 0
[Debug] [2026-3-26 14:50:48] _total_bytes_size : 160
[Debug] [2026-3-26 14:50:48] Remove the header data from the client, index : 0
[Debug] [2026-3-26 14:50:48] _total_bytes_size : 96
[Debug] [2026-3-26 14:50:48] cmd id :40010cmd name : get_cable_paras
[Debug] [2026-3-26 14:50:49] cmd operation get_cable_paras releases locker
[Debug] [2026-3-26 14:50:49] Remove the header data from the client, index : 0
[Debug] [2026-3-26 14:50:49] _total_bytes_size : 101
[Debug] [2026-3-26 14:50:49] cmd id :20001cmd name : Open config cable
[Debug] [2026-3-26 14:50:49] the idcode from the scanning is: 0x105a1899
[Debug] [2026-3-26 14:50:49] the idcode from the scanning is: 0x0
[Debug] [2026-3-26 14:50:49] the idcode from the scanning is: 0x0
[Debug] [2026-3-26 14:50:49] the idcode from the scanning is: 0x0
[Debug] [2026-3-26 14:50:49] the idcode from the scanning is: 0x0
[Debug] [2026-3-26 14:50:50] cmd operation Open config cable releases locker
[Debug] [2026-3-26 14:50:52] Remove the header data from the client, index : 0
[Debug] [2026-3-26 14:50:52] _total_bytes_size : 23e
[Debug] [2026-3-26 14:50:52] cmd id :4e22cmd name : Program
[Debug] [2026-3-26 14:50:52] the idcode from the scanning is: 0x105a1899
[Debug] [2026-3-26 14:50:52] the idcode from the scanning is: 0x0
[Debug] [2026-3-26 14:50:52] the idcode from the scanning is: 0x0
[Debug] [2026-3-26 14:50:52] the idcode from the scanning is: 0x0
[Debug] [2026-3-26 14:50:52] the idcode from the scanning is: 0x0
[Debug] [2026-3-26 14:50:52] begin to read back config registerregAddr is 4
[Debug] [2026-3-26 14:50:52] progress bar is 6
[Debug] [2026-3-26 14:50:52] progress bar is 10
[Debug] [2026-3-26 14:50:52] progress bar is 15
[Debug] [2026-3-26 14:50:52] progress bar is 20
[Debug] [2026-3-26 14:50:52] progress bar is 25
[Debug] [2026-3-26 14:50:52] progress bar is 30
[Debug] [2026-3-26 14:50:53] progress bar is 35
[Debug] [2026-3-26 14:50:53] progress bar is 40
[Debug] [2026-3-26 14:50:53] progress bar is 45
[Debug] [2026-3-26 14:50:53] progress bar is 50
[Debug] [2026-3-26 14:50:53] progress bar is 55
[Debug] [2026-3-26 14:50:53] progress bar is 60
[Debug] [2026-3-26 14:50:53] progress bar is 65
[Debug] [2026-3-26 14:50:53] progress bar is 70
[Debug] [2026-3-26 14:50:53] progress bar is 75
[Debug] [2026-3-26 14:50:53] progress bar is 80
[Debug] [2026-3-26 14:50:53] progress bar is 85
[Debug] [2026-3-26 14:50:54] progress bar is 90
[Debug] [2026-3-26 14:50:54] progress bar is 95
[Debug] [2026-3-26 14:50:54] progress bar is 100
[Debug] [2026-3-26 14:50:54] the value in the status register is :2096288
[Debug] [2026-3-26 14:50:54] cmd operation Program releases locker
[Info] [2026-3-26 14:57:20] /***************************Start jtagserver***************************/
[Info] [2026-3-26 14:57:20] Path: E:/pango/PDS_2022.2-SP6.4/bin
[Info] [2026-3-26 14:57:20] Version: 146967
[Debug] [2026-3-26 14:57:21] Add a new user_thread, socket descriptor is 1068 user_thread id is 0000000000003D2C
[Debug] [2026-3-26 14:57:21] After adding, map size is : 1
[Debug] [2026-3-26 14:57:21] Add a new user_thread, socket descriptor is 1208 user_thread id is 0000000000003D2C
[Debug] [2026-3-26 14:57:21] After adding, map size is : 2
[Debug] [2026-3-26 14:57:21] IP address of connecting client is : ::ffff:127.0.0.1
[Debug] [2026-3-26 14:57:21] IP address of connecting client is : ::ffff:127.0.0.1
[Debug] [2026-3-26 14:57:21] Remove the header data from the client, index : 0
[Debug] [2026-3-26 14:57:21] _total_bytes_size : 160
[Debug] [2026-3-26 14:57:21] Remove the header data from the client, index : 0
[Debug] [2026-3-26 14:57:21] _total_bytes_size : 96
[Debug] [2026-3-26 14:57:21] cmd id :40010cmd name : get_cable_paras
[Debug] [2026-3-26 14:57:22] cmd operation get_cable_paras releases locker
[Debug] [2026-3-26 14:57:22] Remove the header data from the client, index : 0
[Debug] [2026-3-26 14:57:22] _total_bytes_size : 101
[Debug] [2026-3-26 14:57:22] cmd id :20001cmd name : Open config cable
[Debug] [2026-3-26 14:57:22] the idcode from the scanning is: 0x105a1899
[Debug] [2026-3-26 14:57:22] the idcode from the scanning is: 0x0
[Debug] [2026-3-26 14:57:22] the idcode from the scanning is: 0x0
[Debug] [2026-3-26 14:57:22] the idcode from the scanning is: 0x0
[Debug] [2026-3-26 14:57:22] the idcode from the scanning is: 0x0
[Debug] [2026-3-26 14:57:23] cmd operation Open config cable releases locker
[Debug] [2026-3-26 14:57:25] Remove the header data from the client, index : 0
[Debug] [2026-3-26 14:57:25] _total_bytes_size : 23e
[Debug] [2026-3-26 14:57:25] cmd id :4e22cmd name : Program
[Debug] [2026-3-26 14:57:25] the idcode from the scanning is: 0x105a1899
[Debug] [2026-3-26 14:57:25] the idcode from the scanning is: 0x0
[Debug] [2026-3-26 14:57:25] the idcode from the scanning is: 0x0
[Debug] [2026-3-26 14:57:25] the idcode from the scanning is: 0x0
[Debug] [2026-3-26 14:57:25] the idcode from the scanning is: 0x0
[Debug] [2026-3-26 14:57:25] begin to read back config registerregAddr is 4
[Debug] [2026-3-26 14:57:25] progress bar is 6
[Debug] [2026-3-26 14:57:25] progress bar is 10
[Debug] [2026-3-26 14:57:25] progress bar is 15
[Debug] [2026-3-26 14:57:25] progress bar is 20
[Debug] [2026-3-26 14:57:25] progress bar is 25
[Debug] [2026-3-26 14:57:25] progress bar is 30
[Debug] [2026-3-26 14:57:26] progress bar is 35
[Debug] [2026-3-26 14:57:26] progress bar is 40
[Debug] [2026-3-26 14:57:26] progress bar is 45
[Debug] [2026-3-26 14:57:26] progress bar is 50
[Debug] [2026-3-26 14:57:26] progress bar is 55
[Debug] [2026-3-26 14:57:26] progress bar is 60
[Debug] [2026-3-26 14:57:26] progress bar is 65
[Debug] [2026-3-26 14:57:26] progress bar is 70
[Debug] [2026-3-26 14:57:26] progress bar is 75
[Debug] [2026-3-26 14:57:26] progress bar is 80
[Debug] [2026-3-26 14:57:26] progress bar is 85
[Debug] [2026-3-26 14:57:26] progress bar is 90
[Debug] [2026-3-26 14:57:27] progress bar is 95
[Debug] [2026-3-26 14:57:27] progress bar is 100
[Debug] [2026-3-26 14:57:27] the value in the status register is :2096288
[Debug] [2026-3-26 14:57:27] cmd operation Program releases locker
[Info] [2026-3-26 15:09:45] /***************************Start jtagserver***************************/
[Info] [2026-3-26 15:09:45] Path: E:/pango/PDS_2022.2-SP6.4/bin
[Info] [2026-3-26 15:09:45] Version: 146967
[Debug] [2026-3-26 15:09:45] Add a new user_thread, socket descriptor is 1200 user_thread id is 0000000000006640
[Debug] [2026-3-26 15:09:45] After adding, map size is : 1
[Debug] [2026-3-26 15:09:45] Add a new user_thread, socket descriptor is 1208 user_thread id is 0000000000006640
[Debug] [2026-3-26 15:09:45] After adding, map size is : 2
[Debug] [2026-3-26 15:09:45] IP address of connecting client is : ::ffff:127.0.0.1
[Debug] [2026-3-26 15:09:45] IP address of connecting client is : ::ffff:127.0.0.1
[Debug] [2026-3-26 15:09:45] Remove the header data from the client, index : 0
[Debug] [2026-3-26 15:09:45] _total_bytes_size : 160
[Debug] [2026-3-26 15:09:45] Remove the header data from the client, index : 0
[Debug] [2026-3-26 15:09:45] _total_bytes_size : 96
[Debug] [2026-3-26 15:09:45] cmd id :40010cmd name : get_cable_paras
[Debug] [2026-3-26 15:09:47] cmd operation get_cable_paras releases locker
[Debug] [2026-3-26 15:09:47] Remove the header data from the client, index : 0
[Debug] [2026-3-26 15:09:47] _total_bytes_size : 101
[Debug] [2026-3-26 15:09:47] cmd id :20001cmd name : Open config cable
[Debug] [2026-3-26 15:09:47] the idcode from the scanning is: 0x105a1899
[Debug] [2026-3-26 15:09:47] the idcode from the scanning is: 0x0
[Debug] [2026-3-26 15:09:47] the idcode from the scanning is: 0x0
[Debug] [2026-3-26 15:09:47] the idcode from the scanning is: 0x0
[Debug] [2026-3-26 15:09:47] the idcode from the scanning is: 0x0
[Debug] [2026-3-26 15:09:47] cmd operation Open config cable releases locker
[Debug] [2026-3-26 15:09:49] Remove the header data from the client, index : 0
[Debug] [2026-3-26 15:09:49] _total_bytes_size : 23e
[Debug] [2026-3-26 15:09:49] cmd id :4e22cmd name : Program
[Debug] [2026-3-26 15:09:49] the idcode from the scanning is: 0x105a1899
[Debug] [2026-3-26 15:09:49] the idcode from the scanning is: 0x0
[Debug] [2026-3-26 15:09:49] the idcode from the scanning is: 0x0
[Debug] [2026-3-26 15:09:49] the idcode from the scanning is: 0x0
[Debug] [2026-3-26 15:09:49] the idcode from the scanning is: 0x0
[Debug] [2026-3-26 15:09:49] begin to read back config registerregAddr is 4
[Debug] [2026-3-26 15:09:49] progress bar is 6
[Debug] [2026-3-26 15:09:49] progress bar is 10
[Debug] [2026-3-26 15:09:49] progress bar is 15
[Debug] [2026-3-26 15:09:50] progress bar is 20
[Debug] [2026-3-26 15:09:50] progress bar is 25
[Debug] [2026-3-26 15:09:50] progress bar is 30
[Debug] [2026-3-26 15:09:50] progress bar is 35
[Debug] [2026-3-26 15:09:50] progress bar is 40
[Debug] [2026-3-26 15:09:50] progress bar is 45
[Debug] [2026-3-26 15:09:50] progress bar is 50
[Debug] [2026-3-26 15:09:50] progress bar is 55
[Debug] [2026-3-26 15:09:50] progress bar is 60
[Debug] [2026-3-26 15:09:50] progress bar is 65
[Debug] [2026-3-26 15:09:50] progress bar is 70
[Debug] [2026-3-26 15:09:50] progress bar is 75
[Debug] [2026-3-26 15:09:51] progress bar is 80
[Debug] [2026-3-26 15:09:51] progress bar is 85
[Debug] [2026-3-26 15:09:51] progress bar is 90
[Debug] [2026-3-26 15:09:51] progress bar is 95
[Debug] [2026-3-26 15:09:51] progress bar is 100
[Debug] [2026-3-26 15:09:51] the value in the status register is :2096288
[Debug] [2026-3-26 15:09:51] cmd operation Program releases locker
[Info] [2026-3-26 15:16:01] /***************************Start jtagserver***************************/
[Info] [2026-3-26 15:16:01] Path: E:/pango/PDS_2022.2-SP6.4/bin
[Info] [2026-3-26 15:16:01] Version: 146967
[Debug] [2026-3-26 15:16:01] Add a new user_thread, socket descriptor is 1192 user_thread id is 0000000000004190
[Debug] [2026-3-26 15:16:01] After adding, map size is : 1
[Debug] [2026-3-26 15:16:01] Add a new user_thread, socket descriptor is 984 user_thread id is 0000000000004190
[Debug] [2026-3-26 15:16:01] After adding, map size is : 2
[Debug] [2026-3-26 15:16:01] IP address of connecting client is : ::ffff:127.0.0.1
[Debug] [2026-3-26 15:16:01] IP address of connecting client is : ::ffff:127.0.0.1
[Debug] [2026-3-26 15:16:01] Remove the header data from the client, index : 0
[Debug] [2026-3-26 15:16:01] _total_bytes_size : 160
[Debug] [2026-3-26 15:16:01] Remove the header data from the client, index : 0
[Debug] [2026-3-26 15:16:01] _total_bytes_size : 96
[Debug] [2026-3-26 15:16:01] cmd id :40010cmd name : get_cable_paras
[Debug] [2026-3-26 15:16:02] cmd operation get_cable_paras releases locker
[Debug] [2026-3-26 15:16:02] Remove the header data from the client, index : 0
[Debug] [2026-3-26 15:16:02] _total_bytes_size : 101
[Debug] [2026-3-26 15:16:02] cmd id :20001cmd name : Open config cable
[Debug] [2026-3-26 15:16:03] the idcode from the scanning is: 0x105a1899
[Debug] [2026-3-26 15:16:03] the idcode from the scanning is: 0x0
[Debug] [2026-3-26 15:16:03] the idcode from the scanning is: 0x0
[Debug] [2026-3-26 15:16:03] the idcode from the scanning is: 0x0
[Debug] [2026-3-26 15:16:03] the idcode from the scanning is: 0x0
[Debug] [2026-3-26 15:16:03] cmd operation Open config cable releases locker
[Debug] [2026-3-26 15:16:05] Remove the header data from the client, index : 0
[Debug] [2026-3-26 15:16:05] _total_bytes_size : 23e
[Debug] [2026-3-26 15:16:05] cmd id :4e22cmd name : Program
[Debug] [2026-3-26 15:16:05] the idcode from the scanning is: 0x105a1899
[Debug] [2026-3-26 15:16:05] the idcode from the scanning is: 0x0
[Debug] [2026-3-26 15:16:05] the idcode from the scanning is: 0x0
[Debug] [2026-3-26 15:16:05] the idcode from the scanning is: 0x0
[Debug] [2026-3-26 15:16:05] the idcode from the scanning is: 0x0
[Debug] [2026-3-26 15:16:05] begin to read back config registerregAddr is 4
[Debug] [2026-3-26 15:16:05] progress bar is 6
[Debug] [2026-3-26 15:16:05] progress bar is 10
[Debug] [2026-3-26 15:16:06] progress bar is 15
[Debug] [2026-3-26 15:16:06] progress bar is 20
[Debug] [2026-3-26 15:16:06] progress bar is 25
[Debug] [2026-3-26 15:16:06] progress bar is 30
[Debug] [2026-3-26 15:16:06] progress bar is 35
[Debug] [2026-3-26 15:16:06] progress bar is 40
[Debug] [2026-3-26 15:16:06] progress bar is 45
[Debug] [2026-3-26 15:16:06] progress bar is 50
[Debug] [2026-3-26 15:16:06] progress bar is 55
[Debug] [2026-3-26 15:16:06] progress bar is 60
[Debug] [2026-3-26 15:16:06] progress bar is 65
[Debug] [2026-3-26 15:16:07] progress bar is 70
[Debug] [2026-3-26 15:16:07] progress bar is 75
[Debug] [2026-3-26 15:16:07] progress bar is 80
[Debug] [2026-3-26 15:16:07] progress bar is 85
[Debug] [2026-3-26 15:16:07] progress bar is 90
[Debug] [2026-3-26 15:16:07] progress bar is 95
[Debug] [2026-3-26 15:16:07] progress bar is 100
[Debug] [2026-3-26 15:16:07] the value in the status register is :2096288
[Debug] [2026-3-26 15:16:07] cmd operation Program releases locker
[Info] [2026-3-26 15:22:59] /***************************Start jtagserver***************************/
[Info] [2026-3-26 15:22:59] Path: E:/pango/PDS_2022.2-SP6.4/bin
[Info] [2026-3-26 15:22:59] Version: 146967
[Debug] [2026-3-26 15:22:59] Add a new user_thread, socket descriptor is 1084 user_thread id is 000000000000737C
[Debug] [2026-3-26 15:22:59] After adding, map size is : 1
[Debug] [2026-3-26 15:22:59] Add a new user_thread, socket descriptor is 1068 user_thread id is 000000000000737C
[Debug] [2026-3-26 15:22:59] After adding, map size is : 2
[Debug] [2026-3-26 15:22:59] IP address of connecting client is : ::ffff:127.0.0.1
[Debug] [2026-3-26 15:22:59] IP address of connecting client is : ::ffff:127.0.0.1
[Debug] [2026-3-26 15:22:59] Remove the header data from the client, index : 0
[Debug] [2026-3-26 15:22:59] _total_bytes_size : 160
[Debug] [2026-3-26 15:22:59] Remove the header data from the client, index : 0
[Debug] [2026-3-26 15:22:59] _total_bytes_size : 96
[Debug] [2026-3-26 15:22:59] cmd id :40010cmd name : get_cable_paras
[Debug] [2026-3-26 15:23:01] cmd operation get_cable_paras releases locker
[Debug] [2026-3-26 15:23:01] Remove the header data from the client, index : 0
[Debug] [2026-3-26 15:23:01] _total_bytes_size : 101
[Debug] [2026-3-26 15:23:01] cmd id :20001cmd name : Open config cable
[Debug] [2026-3-26 15:23:01] the idcode from the scanning is: 0x105a1899
[Debug] [2026-3-26 15:23:01] the idcode from the scanning is: 0x0
[Debug] [2026-3-26 15:23:01] the idcode from the scanning is: 0x0
[Debug] [2026-3-26 15:23:01] the idcode from the scanning is: 0x0
[Debug] [2026-3-26 15:23:01] the idcode from the scanning is: 0x0
[Debug] [2026-3-26 15:23:01] cmd operation Open config cable releases locker
[Debug] [2026-3-26 15:23:03] Remove the header data from the client, index : 0
[Debug] [2026-3-26 15:23:03] _total_bytes_size : 23e
[Debug] [2026-3-26 15:23:03] cmd id :4e22cmd name : Program
[Debug] [2026-3-26 15:23:03] the idcode from the scanning is: 0x105a1899
[Debug] [2026-3-26 15:23:03] the idcode from the scanning is: 0x0
[Debug] [2026-3-26 15:23:03] the idcode from the scanning is: 0x0
[Debug] [2026-3-26 15:23:03] the idcode from the scanning is: 0x0
[Debug] [2026-3-26 15:23:03] the idcode from the scanning is: 0x0
[Debug] [2026-3-26 15:23:03] begin to read back config registerregAddr is 4
[Debug] [2026-3-26 15:23:03] progress bar is 6
[Debug] [2026-3-26 15:23:04] progress bar is 10
[Debug] [2026-3-26 15:23:04] progress bar is 15
[Debug] [2026-3-26 15:23:04] progress bar is 20
[Debug] [2026-3-26 15:23:04] progress bar is 25
[Debug] [2026-3-26 15:23:04] progress bar is 30
[Debug] [2026-3-26 15:23:04] progress bar is 35
[Debug] [2026-3-26 15:23:04] progress bar is 40
[Debug] [2026-3-26 15:23:04] progress bar is 45
[Debug] [2026-3-26 15:23:04] progress bar is 50
[Debug] [2026-3-26 15:23:04] progress bar is 55
[Debug] [2026-3-26 15:23:04] progress bar is 60
[Debug] [2026-3-26 15:23:04] progress bar is 65
[Debug] [2026-3-26 15:23:05] progress bar is 70
[Debug] [2026-3-26 15:23:05] progress bar is 75
[Debug] [2026-3-26 15:23:05] progress bar is 80
[Debug] [2026-3-26 15:23:05] progress bar is 85
[Debug] [2026-3-26 15:23:05] progress bar is 90
[Debug] [2026-3-26 15:23:05] progress bar is 95
[Debug] [2026-3-26 15:23:05] progress bar is 100
[Debug] [2026-3-26 15:23:05] the value in the status register is :2096288
[Debug] [2026-3-26 15:23:05] cmd operation Program releases locker
[Info] [2026-3-26 15:27:37] /***************************Start jtagserver***************************/
[Info] [2026-3-26 15:27:37] Path: E:/pango/PDS_2022.2-SP6.4/bin
[Info] [2026-3-26 15:27:37] Version: 146967
[Debug] [2026-3-26 15:27:38] Add a new user_thread, socket descriptor is 1180 user_thread id is 00000000000084F8
[Debug] [2026-3-26 15:27:38] After adding, map size is : 1
[Debug] [2026-3-26 15:27:38] Add a new user_thread, socket descriptor is 1032 user_thread id is 00000000000084F8
[Debug] [2026-3-26 15:27:38] After adding, map size is : 2
[Debug] [2026-3-26 15:27:38] IP address of connecting client is : ::ffff:127.0.0.1
[Debug] [2026-3-26 15:27:38] IP address of connecting client is : ::ffff:127.0.0.1
[Debug] [2026-3-26 15:27:38] Remove the header data from the client, index : 0
[Debug] [2026-3-26 15:27:38] _total_bytes_size : 160
[Debug] [2026-3-26 15:27:38] Remove the header data from the client, index : 0
[Debug] [2026-3-26 15:27:38] _total_bytes_size : 96
[Debug] [2026-3-26 15:27:38] cmd id :40010cmd name : get_cable_paras
[Debug] [2026-3-26 15:27:39] cmd operation get_cable_paras releases locker
[Debug] [2026-3-26 15:27:39] Remove the header data from the client, index : 0
[Debug] [2026-3-26 15:27:39] _total_bytes_size : 101
[Debug] [2026-3-26 15:27:39] cmd id :20001cmd name : Open config cable
[Debug] [2026-3-26 15:27:40] the idcode from the scanning is: 0x105a1899
[Debug] [2026-3-26 15:27:40] the idcode from the scanning is: 0x0
[Debug] [2026-3-26 15:27:40] the idcode from the scanning is: 0x0
[Debug] [2026-3-26 15:27:40] the idcode from the scanning is: 0x0
[Debug] [2026-3-26 15:27:40] the idcode from the scanning is: 0x0
[Debug] [2026-3-26 15:27:40] cmd operation Open config cable releases locker
[Debug] [2026-3-26 15:28:00] Remove the header data from the client, index : 0
[Debug] [2026-3-26 15:28:00] _total_bytes_size : 257
[Debug] [2026-3-26 15:28:00] cmd id :4f4ccmd name : Scan Outer SPI Flash
[Debug] [2026-3-26 15:28:01] the idcode from the scanning is: 0x105a1899
[Debug] [2026-3-26 15:28:01] the idcode from the scanning is: 0x0
[Debug] [2026-3-26 15:28:01] the idcode from the scanning is: 0x0
[Debug] [2026-3-26 15:28:01] the idcode from the scanning is: 0x0
[Debug] [2026-3-26 15:28:01] the idcode from the scanning is: 0x0
[Debug] [2026-3-26 15:28:01] the value in the status register is :1ffca0
[Debug] [2026-3-26 15:28:01] flash_id is c84018
[Debug] [2026-3-26 15:28:01] cmd operation Scan Outer SPI Flash releases locker
[Debug] [2026-3-26 15:28:05] Remove the header data from the client, index : 0
[Debug] [2026-3-26 15:28:05] _total_bytes_size : 3b4
[Debug] [2026-3-26 15:28:05] cmd id :4f4ecmd name : Erase Outer Flash
[Debug] [2026-3-26 15:28:05] begin to operate flash: cmd id = 4f4e
[Debug] [2026-3-26 15:28:05] the idcode from the scanning is: 0x105a1899
[Debug] [2026-3-26 15:28:05] the idcode from the scanning is: 0x0
[Debug] [2026-3-26 15:28:05] the idcode from the scanning is: 0x0
[Debug] [2026-3-26 15:28:05] the idcode from the scanning is: 0x0
[Debug] [2026-3-26 15:28:05] the idcode from the scanning is: 0x0
[Debug] [2026-3-26 15:28:05] the value in the status register is :1ffca0
[Debug] [2026-3-26 15:28:05] flash_id is c84018
[Debug] [2026-3-26 15:28:05] the value in the status register is :1ffca0
[Debug] [2026-3-26 15:28:05] progress bar is 1
[Debug] [2026-3-26 15:28:06] progress bar is 6
[Debug] [2026-3-26 15:28:06] progress bar is 12
[Debug] [2026-3-26 15:28:06] progress bar is 15
[Debug] [2026-3-26 15:28:06] progress bar is 21
[Debug] [2026-3-26 15:28:06] progress bar is 27
[Debug] [2026-3-26 15:28:06] progress bar is 30
[Debug] [2026-3-26 15:28:07] progress bar is 36
[Debug] [2026-3-26 15:28:07] progress bar is 42
[Debug] [2026-3-26 15:28:07] progress bar is 45
[Debug] [2026-3-26 15:28:07] progress bar is 51
[Debug] [2026-3-26 15:28:07] progress bar is 57
[Debug] [2026-3-26 15:28:08] progress bar is 60
[Debug] [2026-3-26 15:28:08] progress bar is 66
[Debug] [2026-3-26 15:28:08] progress bar is 72
[Debug] [2026-3-26 15:28:08] progress bar is 75
[Debug] [2026-3-26 15:28:08] progress bar is 81
[Debug] [2026-3-26 15:28:09] progress bar is 87
[Debug] [2026-3-26 15:28:09] progress bar is 90
[Error] [2026-3-26 15:28:09] WaitForWIPFinish timeout, wait second ms:100
[Debug] [2026-3-26 15:28:09] progress bar is 96
[Debug] [2026-3-26 15:28:09] progress bar is 100
[Debug] [2026-3-26 15:28:09] end to operate flash: cmd id = 20302
[Debug] [2026-3-26 15:28:09] cmd operation Erase Outer Flash releases locker
[Debug] [2026-3-26 15:28:09] Remove the header data from the client, index : 0
[Debug] [2026-3-26 15:28:09] _total_bytes_size : 945
[Debug] [2026-3-26 15:28:09] cmd id :20301cmd name : Program Outer Flash
[Debug] [2026-3-26 15:28:09] begin to operate flash: cmd id = 20301
[Debug] [2026-3-26 15:28:09] the idcode from the scanning is: 0x105a1899
[Debug] [2026-3-26 15:28:09] the idcode from the scanning is: 0x0
[Debug] [2026-3-26 15:28:09] the idcode from the scanning is: 0x0
[Debug] [2026-3-26 15:28:09] the idcode from the scanning is: 0x0
[Debug] [2026-3-26 15:28:09] the idcode from the scanning is: 0x0
[Debug] [2026-3-26 15:28:09] the value in the status register is :1ffca0
[Debug] [2026-3-26 15:28:09] flash_id is c84018
[Debug] [2026-3-26 15:28:09] The value of GigaDevice status register 1 is 0x
[Debug] [2026-3-26 15:28:09] The value write to GigaDevice status register 1 is 0x
[Debug] [2026-3-26 15:28:09] After write the value ,the value of GigaDevice status register 1 is 0x
[Debug] [2026-3-26 15:28:09] progress bar is 1
[Error] [2026-3-26 15:28:11] the mask bit is low and initialization is not finished, ple chk the hardware. 2
[Debug] [2026-3-26 15:28:11] Write enable bit is invalid
[Debug] [2026-3-26 15:28:11] end to operate flash: cmd id = 20301
[Debug] [2026-3-26 15:28:11] cmd operation Program Outer Flash releases locker
[Debug] [2026-3-26 15:28:22] Remove the header data from the client, index : 0
[Debug] [2026-3-26 15:28:22] _total_bytes_size : 948
[Debug] [2026-3-26 15:28:22] cmd id :20302cmd name : Erase Outer Flash
[Debug] [2026-3-26 15:28:22] begin to operate flash: cmd id = 20302
[Debug] [2026-3-26 15:28:22] the idcode from the scanning is: 0x105a1899
[Debug] [2026-3-26 15:28:22] the idcode from the scanning is: 0x0
[Debug] [2026-3-26 15:28:22] the idcode from the scanning is: 0x0
[Debug] [2026-3-26 15:28:22] the idcode from the scanning is: 0x0
[Debug] [2026-3-26 15:28:22] the idcode from the scanning is: 0x0
[Debug] [2026-3-26 15:28:22] the value in the status register is :1ffca0
[Debug] [2026-3-26 15:28:22] flash_id is 0
[Debug] [2026-3-26 15:28:22] end to operate flash: cmd id = 4f4e
[Debug] [2026-3-26 15:28:22] cmd operation Erase Outer Flash releases locker
[Debug] [2026-3-26 15:28:54] Remove the header data from the client, index : 0
[Debug] [2026-3-26 15:28:54] _total_bytes_size : 3b4
[Debug] [2026-3-26 15:28:54] cmd id :4f4ecmd name : Erase Outer Flash
[Debug] [2026-3-26 15:28:54] begin to operate flash: cmd id = 4f4e
[Debug] [2026-3-26 15:28:55] the idcode from the scanning is: 0x105a1899
[Debug] [2026-3-26 15:28:55] the idcode from the scanning is: 0x0
[Debug] [2026-3-26 15:28:55] the idcode from the scanning is: 0x0
[Debug] [2026-3-26 15:28:55] the idcode from the scanning is: 0x0
[Debug] [2026-3-26 15:28:55] the idcode from the scanning is: 0x0
[Debug] [2026-3-26 15:28:55] the value in the status register is :1ffca0
[Debug] [2026-3-26 15:28:55] flash_id is 0
[Debug] [2026-3-26 15:28:55] end to operate flash: cmd id = 4f4e
[Debug] [2026-3-26 15:28:55] cmd operation Erase Outer Flash releases locker
[Debug] [2026-3-26 15:28:57] Remove the header data from the client, index : 0
[Debug] [2026-3-26 15:28:57] _total_bytes_size : 23e
[Debug] [2026-3-26 15:28:57] cmd id :4e22cmd name : Program
[Debug] [2026-3-26 15:28:57] the idcode from the scanning is: 0x105a1899
[Debug] [2026-3-26 15:28:57] the idcode from the scanning is: 0x0
[Debug] [2026-3-26 15:28:57] the idcode from the scanning is: 0x0
[Debug] [2026-3-26 15:28:57] the idcode from the scanning is: 0x0
[Debug] [2026-3-26 15:28:57] the idcode from the scanning is: 0x0
[Debug] [2026-3-26 15:28:57] begin to read back config registerregAddr is 4
[Debug] [2026-3-26 15:28:58] progress bar is 6
[Debug] [2026-3-26 15:28:58] progress bar is 10
[Debug] [2026-3-26 15:28:58] progress bar is 15
[Debug] [2026-3-26 15:28:58] progress bar is 20
[Debug] [2026-3-26 15:28:58] progress bar is 25
[Debug] [2026-3-26 15:28:58] progress bar is 30
[Debug] [2026-3-26 15:28:58] progress bar is 35
[Debug] [2026-3-26 15:28:58] progress bar is 40
[Debug] [2026-3-26 15:28:58] progress bar is 45
[Debug] [2026-3-26 15:28:58] progress bar is 50
[Debug] [2026-3-26 15:28:58] progress bar is 55
[Debug] [2026-3-26 15:28:59] progress bar is 60
[Debug] [2026-3-26 15:28:59] progress bar is 65
[Debug] [2026-3-26 15:28:59] progress bar is 70
[Debug] [2026-3-26 15:28:59] progress bar is 75
[Debug] [2026-3-26 15:28:59] progress bar is 80
[Debug] [2026-3-26 15:28:59] progress bar is 85
[Debug] [2026-3-26 15:28:59] progress bar is 90
[Debug] [2026-3-26 15:28:59] progress bar is 95
[Debug] [2026-3-26 15:28:59] progress bar is 100
[Debug] [2026-3-26 15:28:59] the value in the status register is :2096288
[Debug] [2026-3-26 15:28:59] cmd operation Program releases locker
[Info] [2026-3-26 15:46:19] /***************************Start jtagserver***************************/
[Info] [2026-3-26 15:46:19] Path: E:/pango/PDS_2022.2-SP6.4/bin
[Info] [2026-3-26 15:46:19] Version: 146967
[Debug] [2026-3-26 15:46:20] Add a new user_thread, socket descriptor is 1048 user_thread id is 0000000000005848
[Debug] [2026-3-26 15:46:20] After adding, map size is : 1
[Debug] [2026-3-26 15:46:20] Add a new user_thread, socket descriptor is 992 user_thread id is 0000000000005848
[Debug] [2026-3-26 15:46:20] After adding, map size is : 2
[Debug] [2026-3-26 15:46:20] IP address of connecting client is : ::ffff:127.0.0.1
[Debug] [2026-3-26 15:46:20] IP address of connecting client is : ::ffff:127.0.0.1IP address of connecting client is : ::ffff:127.0.0.1
[Debug] [2026-3-26 15:46:20] Remove the header data from the client, index : 0
[Debug] [2026-3-26 15:46:20] _total_bytes_size : 160
[Debug] [2026-3-26 15:46:20] Remove the header data from the client, index : 0
[Debug] [2026-3-26 15:46:20] _total_bytes_size : 96
[Debug] [2026-3-26 15:46:20] cmd id :40010cmd name : get_cable_paras
[Debug] [2026-3-26 15:46:21] cmd operation get_cable_paras releases locker
[Debug] [2026-3-26 15:46:21] Remove the header data from the client, index : 0
[Debug] [2026-3-26 15:46:21] _total_bytes_size : 101
[Debug] [2026-3-26 15:46:21] cmd id :20001cmd name : Open config cable
[Debug] [2026-3-26 15:46:21] the idcode from the scanning is: 0x105a1899
[Debug] [2026-3-26 15:46:21] the idcode from the scanning is: 0x0
[Debug] [2026-3-26 15:46:21] the idcode from the scanning is: 0x0
[Debug] [2026-3-26 15:46:21] the idcode from the scanning is: 0x0
[Debug] [2026-3-26 15:46:21] the idcode from the scanning is: 0x0
[Debug] [2026-3-26 15:46:21] cmd operation Open config cable releases locker
[Debug] [2026-3-26 15:46:23] Remove the header data from the client, index : 0
[Debug] [2026-3-26 15:46:23] _total_bytes_size : 23e
[Debug] [2026-3-26 15:46:23] cmd id :4e22cmd name : Program
[Debug] [2026-3-26 15:46:23] the idcode from the scanning is: 0x105a1899
[Debug] [2026-3-26 15:46:23] the idcode from the scanning is: 0x0
[Debug] [2026-3-26 15:46:23] the idcode from the scanning is: 0x0
[Debug] [2026-3-26 15:46:23] the idcode from the scanning is: 0x0
[Debug] [2026-3-26 15:46:23] the idcode from the scanning is: 0x0
[Debug] [2026-3-26 15:46:23] begin to read back config registerregAddr is 4
[Debug] [2026-3-26 15:46:23] progress bar is 6
[Debug] [2026-3-26 15:46:23] progress bar is 10
[Debug] [2026-3-26 15:46:24] progress bar is 15
[Debug] [2026-3-26 15:46:24] progress bar is 20
[Debug] [2026-3-26 15:46:24] progress bar is 25
[Debug] [2026-3-26 15:46:24] progress bar is 30
[Debug] [2026-3-26 15:46:24] progress bar is 35
[Debug] [2026-3-26 15:46:24] progress bar is 40
[Debug] [2026-3-26 15:46:24] progress bar is 45
[Debug] [2026-3-26 15:46:24] progress bar is 50
[Debug] [2026-3-26 15:46:24] progress bar is 55
[Debug] [2026-3-26 15:46:24] progress bar is 60
[Debug] [2026-3-26 15:46:24] progress bar is 65
[Debug] [2026-3-26 15:46:25] progress bar is 70
[Debug] [2026-3-26 15:46:25] progress bar is 75
[Debug] [2026-3-26 15:46:25] progress bar is 80
[Debug] [2026-3-26 15:46:25] progress bar is 85
[Debug] [2026-3-26 15:46:25] progress bar is 90
[Debug] [2026-3-26 15:46:25] progress bar is 95
[Debug] [2026-3-26 15:46:25] progress bar is 100
[Debug] [2026-3-26 15:46:25] the value in the status register is :2096288
[Debug] [2026-3-26 15:46:25] cmd operation Program releases locker
[Info] [2026-3-26 15:50:45] /***************************Start jtagserver***************************/
[Info] [2026-3-26 15:50:45] Path: E:/pango/PDS_2022.2-SP6.4/bin
[Info] [2026-3-26 15:50:45] Version: 146967
[Debug] [2026-3-26 15:50:45] Add a new user_thread, socket descriptor is 1012 user_thread id is 0000000000006BC0
[Debug] [2026-3-26 15:50:45] After adding, map size is : 1
[Debug] [2026-3-26 15:50:45] Add a new user_thread, socket descriptor is 1032 user_thread id is 0000000000006BC0
[Debug] [2026-3-26 15:50:45] After adding, map size is : 2
[Debug] [2026-3-26 15:50:45] IP address of connecting client is : ::ffff:127.0.0.1
[Debug] [2026-3-26 15:50:45] IP address of connecting client is : ::ffff:127.0.0.1
[Debug] [2026-3-26 15:50:45] Remove the header data from the client, index : 0
[Debug] [2026-3-26 15:50:45] _total_bytes_size : 160
[Debug] [2026-3-26 15:50:45] Remove the header data from the client, index : 0
[Debug] [2026-3-26 15:50:45] _total_bytes_size : 96
[Debug] [2026-3-26 15:50:45] cmd id :40010cmd name : get_cable_paras
[Debug] [2026-3-26 15:50:46] cmd operation get_cable_paras releases locker
[Debug] [2026-3-26 15:50:46] Remove the header data from the client, index : 0
[Debug] [2026-3-26 15:50:46] _total_bytes_size : 101
[Debug] [2026-3-26 15:50:46] cmd id :20001cmd name : Open config cable
[Debug] [2026-3-26 15:50:46] the idcode from the scanning is: 0x105a1899
[Debug] [2026-3-26 15:50:46] the idcode from the scanning is: 0x0
[Debug] [2026-3-26 15:50:46] the idcode from the scanning is: 0x0
[Debug] [2026-3-26 15:50:46] the idcode from the scanning is: 0x0
[Debug] [2026-3-26 15:50:46] the idcode from the scanning is: 0x0
[Debug] [2026-3-26 15:50:47] cmd operation Open config cable releases locker
[Debug] [2026-3-26 15:50:48] Remove the header data from the client, index : 0
[Debug] [2026-3-26 15:50:48] _total_bytes_size : 23e
[Debug] [2026-3-26 15:50:48] cmd id :4e22cmd name : Program
[Debug] [2026-3-26 15:50:48] the idcode from the scanning is: 0x105a1899
[Debug] [2026-3-26 15:50:48] the idcode from the scanning is: 0x0
[Debug] [2026-3-26 15:50:48] the idcode from the scanning is: 0x0
[Debug] [2026-3-26 15:50:48] the idcode from the scanning is: 0x0
[Debug] [2026-3-26 15:50:48] the idcode from the scanning is: 0x0
[Debug] [2026-3-26 15:50:48] begin to read back config registerregAddr is 4
[Debug] [2026-3-26 15:50:49] progress bar is 6
[Debug] [2026-3-26 15:50:49] progress bar is 10
[Debug] [2026-3-26 15:50:49] progress bar is 15
[Debug] [2026-3-26 15:50:49] progress bar is 20
[Debug] [2026-3-26 15:50:49] progress bar is 25
[Debug] [2026-3-26 15:50:49] progress bar is 30
[Debug] [2026-3-26 15:50:49] progress bar is 35
[Debug] [2026-3-26 15:50:49] progress bar is 40
[Debug] [2026-3-26 15:50:49] progress bar is 45
[Debug] [2026-3-26 15:50:49] progress bar is 50
[Debug] [2026-3-26 15:50:49] progress bar is 55
[Debug] [2026-3-26 15:50:49] progress bar is 60
[Debug] [2026-3-26 15:50:50] progress bar is 65
[Debug] [2026-3-26 15:50:50] progress bar is 70
[Debug] [2026-3-26 15:50:50] progress bar is 75
[Debug] [2026-3-26 15:50:50] progress bar is 80
[Debug] [2026-3-26 15:50:50] progress bar is 85
[Debug] [2026-3-26 15:50:50] progress bar is 90
[Debug] [2026-3-26 15:50:50] progress bar is 95
[Debug] [2026-3-26 15:50:50] progress bar is 100
[Debug] [2026-3-26 15:50:50] the value in the status register is :2096288
[Debug] [2026-3-26 15:50:50] cmd operation Program releases locker
[Info] [2026-3-26 16:07:34] /***************************Start jtagserver***************************/
[Info] [2026-3-26 16:07:34] Path: E:/pango/PDS_2022.2-SP6.4/bin
[Info] [2026-3-26 16:07:34] Version: 146967
[Debug] [2026-3-26 16:07:35] Add a new user_thread, socket descriptor is 1160 user_thread id is 0000000000007D70
[Debug] [2026-3-26 16:07:35] After adding, map size is : 1
[Debug] [2026-3-26 16:07:35] Add a new user_thread, socket descriptor is 1172 user_thread id is 0000000000007D70
[Debug] [2026-3-26 16:07:35] After adding, map size is : 2
[Debug] [2026-3-26 16:07:35] IP address of connecting client is : ::ffff:127.0.0.1
[Debug] [2026-3-26 16:07:35] IP address of connecting client is : ::ffff:127.0.0.1
[Debug] [2026-3-26 16:07:35] Remove the header data from the client, index : 0
[Debug] [2026-3-26 16:07:35] _total_bytes_size : 160
[Debug] [2026-3-26 16:07:35] Remove the header data from the client, index : 0
[Debug] [2026-3-26 16:07:35] _total_bytes_size : 96
[Debug] [2026-3-26 16:07:35] cmd id :40010cmd name : get_cable_paras
[Debug] [2026-3-26 16:07:36] cmd operation get_cable_paras releases locker
[Debug] [2026-3-26 16:07:36] Remove the header data from the client, index : 0
[Debug] [2026-3-26 16:07:36] _total_bytes_size : 101
[Debug] [2026-3-26 16:07:36] cmd id :20001cmd name : Open config cable
[Debug] [2026-3-26 16:07:36] the idcode from the scanning is: 0x105a1899
[Debug] [2026-3-26 16:07:36] the idcode from the scanning is: 0x0
[Debug] [2026-3-26 16:07:36] the idcode from the scanning is: 0x0
[Debug] [2026-3-26 16:07:36] the idcode from the scanning is: 0x0
[Debug] [2026-3-26 16:07:36] the idcode from the scanning is: 0x0
[Debug] [2026-3-26 16:07:36] cmd operation Open config cable releases locker
[Debug] [2026-3-26 16:07:38] Remove the header data from the client, index : 0
[Debug] [2026-3-26 16:07:38] _total_bytes_size : 23e
[Debug] [2026-3-26 16:07:38] cmd id :4e22cmd name : Program
[Debug] [2026-3-26 16:07:39] the idcode from the scanning is: 0x105a1899
[Debug] [2026-3-26 16:07:39] the idcode from the scanning is: 0x0
[Debug] [2026-3-26 16:07:39] the idcode from the scanning is: 0x0
[Debug] [2026-3-26 16:07:39] the idcode from the scanning is: 0x0
[Debug] [2026-3-26 16:07:39] the idcode from the scanning is: 0x0
[Debug] [2026-3-26 16:07:39] begin to read back config registerregAddr is 4
[Debug] [2026-3-26 16:07:39] progress bar is 6
[Debug] [2026-3-26 16:07:39] progress bar is 10
[Debug] [2026-3-26 16:07:39] progress bar is 15
[Debug] [2026-3-26 16:07:39] progress bar is 20
[Debug] [2026-3-26 16:07:39] progress bar is 25
[Debug] [2026-3-26 16:07:39] progress bar is 30
[Debug] [2026-3-26 16:07:39] progress bar is 35
[Debug] [2026-3-26 16:07:39] progress bar is 40
[Debug] [2026-3-26 16:07:39] progress bar is 45
[Debug] [2026-3-26 16:07:40] progress bar is 50
[Debug] [2026-3-26 16:07:40] progress bar is 55
[Debug] [2026-3-26 16:07:40] progress bar is 60
[Debug] [2026-3-26 16:07:40] progress bar is 65
[Debug] [2026-3-26 16:07:40] progress bar is 70
[Debug] [2026-3-26 16:07:40] progress bar is 75
[Debug] [2026-3-26 16:07:40] progress bar is 80
[Debug] [2026-3-26 16:07:40] progress bar is 85
[Debug] [2026-3-26 16:07:40] progress bar is 90
[Debug] [2026-3-26 16:07:40] progress bar is 95
[Debug] [2026-3-26 16:07:40] progress bar is 100
[Debug] [2026-3-26 16:07:40] the value in the status register is :2096288
[Debug] [2026-3-26 16:07:40] cmd operation Program releases locker
[Info] [2026-3-26 16:18:37] /***************************Start jtagserver***************************/
[Info] [2026-3-26 16:18:37] Path: E:/pango/PDS_2022.2-SP6.4/bin
[Info] [2026-3-26 16:18:37] Version: 146967
[Debug] [2026-3-26 16:18:38] Add a new user_thread, socket descriptor is 1132 user_thread id is 00000000000059FC
[Debug] [2026-3-26 16:18:38] After adding, map size is : 1
[Debug] [2026-3-26 16:18:38] Add a new user_thread, socket descriptor is 1020 user_thread id is 00000000000059FC
[Debug] [2026-3-26 16:18:38] After adding, map size is : 2
[Debug] [2026-3-26 16:18:38] IP address of connecting client is : ::ffff:127.0.0.1
[Debug] [2026-3-26 16:18:38] IP address of connecting client is : ::ffff:127.0.0.1
[Debug] [2026-3-26 16:18:38] Remove the header data from the client, index : 0
[Debug] [2026-3-26 16:18:38] _total_bytes_size : 160
[Debug] [2026-3-26 16:18:38] Remove the header data from the client, index : 0
[Debug] [2026-3-26 16:18:38] _total_bytes_size : 96
[Debug] [2026-3-26 16:18:38] cmd id :40010cmd name : get_cable_paras
[Debug] [2026-3-26 16:18:39] cmd operation get_cable_paras releases locker
[Debug] [2026-3-26 16:18:39] Remove the header data from the client, index : 0
[Debug] [2026-3-26 16:18:39] _total_bytes_size : 101
[Debug] [2026-3-26 16:18:39] cmd id :20001cmd name : Open config cable
[Debug] [2026-3-26 16:18:39] the idcode from the scanning is: 0x105a1899
[Debug] [2026-3-26 16:18:39] the idcode from the scanning is: 0x0
[Debug] [2026-3-26 16:18:39] the idcode from the scanning is: 0x0
[Debug] [2026-3-26 16:18:39] the idcode from the scanning is: 0x0
[Debug] [2026-3-26 16:18:39] the idcode from the scanning is: 0x0
[Debug] [2026-3-26 16:18:40] cmd operation Open config cable releases locker
[Debug] [2026-3-26 16:18:41] Remove the header data from the client, index : 0
[Debug] [2026-3-26 16:18:41] _total_bytes_size : 23e
[Debug] [2026-3-26 16:18:41] cmd id :4e22cmd name : Program
[Debug] [2026-3-26 16:18:41] the idcode from the scanning is: 0x105a1899
[Debug] [2026-3-26 16:18:41] the idcode from the scanning is: 0x0
[Debug] [2026-3-26 16:18:41] the idcode from the scanning is: 0x0
[Debug] [2026-3-26 16:18:41] the idcode from the scanning is: 0x0
[Debug] [2026-3-26 16:18:41] the idcode from the scanning is: 0x0
[Debug] [2026-3-26 16:18:41] begin to read back config registerregAddr is 4
[Debug] [2026-3-26 16:18:42] progress bar is 6
[Debug] [2026-3-26 16:18:42] progress bar is 10
[Debug] [2026-3-26 16:18:42] progress bar is 15
[Debug] [2026-3-26 16:18:42] progress bar is 20
[Debug] [2026-3-26 16:18:42] progress bar is 25
[Debug] [2026-3-26 16:18:42] progress bar is 30
[Debug] [2026-3-26 16:18:42] progress bar is 35
[Debug] [2026-3-26 16:18:42] progress bar is 40
[Debug] [2026-3-26 16:18:42] progress bar is 45
[Debug] [2026-3-26 16:18:42] progress bar is 50
[Debug] [2026-3-26 16:18:42] progress bar is 55
[Debug] [2026-3-26 16:18:42] progress bar is 60
[Debug] [2026-3-26 16:18:43] progress bar is 65
[Debug] [2026-3-26 16:18:43] progress bar is 70
[Debug] [2026-3-26 16:18:43] progress bar is 75
[Debug] [2026-3-26 16:18:43] progress bar is 80
[Debug] [2026-3-26 16:18:43] progress bar is 85
[Debug] [2026-3-26 16:18:43] progress bar is 90
[Debug] [2026-3-26 16:18:43] progress bar is 95
[Debug] [2026-3-26 16:18:43] progress bar is 100
[Debug] [2026-3-26 16:18:43] the value in the status register is :2096288
[Debug] [2026-3-26 16:18:43] cmd operation Program releases locker
[Info] [2026-3-26 16:19:09] /***************************Start jtagserver***************************/
[Info] [2026-3-26 16:19:09] Path: E:/pango/PDS_2022.2-SP6.4/bin
[Info] [2026-3-26 16:19:09] Version: 146967
[Debug] [2026-3-26 16:19:09] Add a new user_thread, socket descriptor is 940 user_thread id is 000000000000455C
[Debug] [2026-3-26 16:19:09] After adding, map size is : 1
[Debug] [2026-3-26 16:19:09] Add a new user_thread, socket descriptor is 1120 user_thread id is 000000000000455C
[Debug] [2026-3-26 16:19:09] After adding, map size is : 2
[Debug] [2026-3-26 16:19:09] IP address of connecting client is : ::ffff:127.0.0.1
[Debug] [2026-3-26 16:19:09] IP address of connecting client is : ::ffff:127.0.0.1IP address of connecting client is : ::ffff:127.0.0.1
[Debug] [2026-3-26 16:19:09] Remove the header data from the client, index : 0
[Debug] [2026-3-26 16:19:09] _total_bytes_size : 160
[Debug] [2026-3-26 16:19:09] Remove the header data from the client, index : 0
[Debug] [2026-3-26 16:19:09] _total_bytes_size : 96
[Debug] [2026-3-26 16:19:09] cmd id :40010cmd name : get_cable_paras
[Debug] [2026-3-26 16:19:10] cmd operation get_cable_paras releases locker
[Debug] [2026-3-26 16:19:10] Remove the header data from the client, index : 0
[Debug] [2026-3-26 16:19:10] _total_bytes_size : 101
[Debug] [2026-3-26 16:19:10] cmd id :20001cmd name : Open config cable
[Debug] [2026-3-26 16:19:11] the idcode from the scanning is: 0x105a1899
[Debug] [2026-3-26 16:19:11] the idcode from the scanning is: 0x0
[Debug] [2026-3-26 16:19:11] the idcode from the scanning is: 0x0
[Debug] [2026-3-26 16:19:11] the idcode from the scanning is: 0x0
[Debug] [2026-3-26 16:19:11] the idcode from the scanning is: 0x0
[Debug] [2026-3-26 16:19:11] cmd operation Open config cable releases locker
[Debug] [2026-3-26 16:19:14] Remove the header data from the client, index : 0
[Debug] [2026-3-26 16:19:14] _total_bytes_size : 23e
[Debug] [2026-3-26 16:19:14] cmd id :4e22cmd name : Program
[Debug] [2026-3-26 16:19:14] the idcode from the scanning is: 0x105a1899
[Debug] [2026-3-26 16:19:14] the idcode from the scanning is: 0x0
[Debug] [2026-3-26 16:19:14] the idcode from the scanning is: 0x0
[Debug] [2026-3-26 16:19:14] the idcode from the scanning is: 0x0
[Debug] [2026-3-26 16:19:14] the idcode from the scanning is: 0x0
[Debug] [2026-3-26 16:19:14] begin to read back config registerregAddr is 4
[Debug] [2026-3-26 16:19:14] progress bar is 6
[Debug] [2026-3-26 16:19:14] progress bar is 10
[Debug] [2026-3-26 16:19:14] progress bar is 15
[Debug] [2026-3-26 16:19:14] progress bar is 20
[Debug] [2026-3-26 16:19:14] progress bar is 25
[Debug] [2026-3-26 16:19:14] progress bar is 30
[Debug] [2026-3-26 16:19:14] progress bar is 35
[Debug] [2026-3-26 16:19:14] progress bar is 40
[Debug] [2026-3-26 16:19:14] progress bar is 45
[Debug] [2026-3-26 16:19:15] progress bar is 50
[Debug] [2026-3-26 16:19:15] progress bar is 55
[Debug] [2026-3-26 16:19:15] progress bar is 60
[Debug] [2026-3-26 16:19:15] progress bar is 65
[Debug] [2026-3-26 16:19:15] progress bar is 70
[Debug] [2026-3-26 16:19:15] progress bar is 75
[Debug] [2026-3-26 16:19:15] progress bar is 80
[Debug] [2026-3-26 16:19:15] progress bar is 85
[Debug] [2026-3-26 16:19:15] progress bar is 90
[Debug] [2026-3-26 16:19:15] progress bar is 95
[Debug] [2026-3-26 16:19:15] progress bar is 100
[Debug] [2026-3-26 16:19:15] the value in the status register is :2096288
[Debug] [2026-3-26 16:19:16] cmd operation Program releases locker
[Info] [2026-3-26 18:51:58] /***************************Start jtagserver***************************/
[Info] [2026-3-26 18:51:58] Path: E:/pango/PDS_2022.2-SP6.4/bin
[Info] [2026-3-26 18:51:58] Version: 146967
[Debug] [2026-3-26 18:51:58] Add a new user_thread, socket descriptor is 1040 user_thread id is 000000000000591C
[Debug] [2026-3-26 18:51:58] After adding, map size is : 1
[Debug] [2026-3-26 18:51:58] Add a new user_thread, socket descriptor is 1088 user_thread id is 000000000000591C
[Debug] [2026-3-26 18:51:58] After adding, map size is : 2
[Debug] [2026-3-26 18:51:58] IP address of connecting client is : ::ffff:127.0.0.1
[Debug] [2026-3-26 18:51:58] IP address of connecting client is : ::ffff:127.0.0.1
[Debug] [2026-3-26 18:51:58] Remove the header data from the client, index : 0
[Debug] [2026-3-26 18:51:58] _total_bytes_size : 160
[Debug] [2026-3-26 18:51:58] Remove the header data from the client, index : 0
[Debug] [2026-3-26 18:51:58] _total_bytes_size : 96
[Debug] [2026-3-26 18:51:58] cmd id :40010cmd name : get_cable_paras
[Debug] [2026-3-26 18:52:00] cmd operation get_cable_paras releases locker
[Debug] [2026-3-26 18:52:00] Remove the header data from the client, index : 0
[Debug] [2026-3-26 18:52:00] _total_bytes_size : 101
[Debug] [2026-3-26 18:52:00] cmd id :20001cmd name : Open config cable
[Debug] [2026-3-26 18:52:00] the idcode from the scanning is: 0x105a1899
[Debug] [2026-3-26 18:52:00] the idcode from the scanning is: 0x0
[Debug] [2026-3-26 18:52:00] the idcode from the scanning is: 0x0
[Debug] [2026-3-26 18:52:00] the idcode from the scanning is: 0x0
[Debug] [2026-3-26 18:52:00] the idcode from the scanning is: 0x0
[Debug] [2026-3-26 18:52:00] cmd operation Open config cable releases locker
[Debug] [2026-3-26 18:52:02] Remove the header data from the client, index : 0
[Debug] [2026-3-26 18:52:02] _total_bytes_size : 23e
[Debug] [2026-3-26 18:52:02] cmd id :4e22cmd name : Program
[Debug] [2026-3-26 18:52:03] the idcode from the scanning is: 0x105a1899
[Debug] [2026-3-26 18:52:03] the idcode from the scanning is: 0x0
[Debug] [2026-3-26 18:52:03] the idcode from the scanning is: 0x0
[Debug] [2026-3-26 18:52:03] the idcode from the scanning is: 0x0
[Debug] [2026-3-26 18:52:03] the idcode from the scanning is: 0x0
[Debug] [2026-3-26 18:52:03] begin to read back config registerregAddr is 4
[Debug] [2026-3-26 18:52:03] progress bar is 6
[Debug] [2026-3-26 18:52:03] progress bar is 10
[Debug] [2026-3-26 18:52:03] progress bar is 15
[Debug] [2026-3-26 18:52:03] progress bar is 20
[Debug] [2026-3-26 18:52:03] progress bar is 25
[Debug] [2026-3-26 18:52:03] progress bar is 30
[Debug] [2026-3-26 18:52:03] progress bar is 35
[Debug] [2026-3-26 18:52:03] progress bar is 40
[Debug] [2026-3-26 18:52:03] progress bar is 45
[Debug] [2026-3-26 18:52:03] progress bar is 50
[Debug] [2026-3-26 18:52:04] progress bar is 55
[Debug] [2026-3-26 18:52:04] progress bar is 60
[Debug] [2026-3-26 18:52:04] progress bar is 65
[Debug] [2026-3-26 18:52:04] progress bar is 70
[Debug] [2026-3-26 18:52:04] progress bar is 75
[Debug] [2026-3-26 18:52:04] progress bar is 80
[Debug] [2026-3-26 18:52:04] progress bar is 85
[Debug] [2026-3-26 18:52:04] progress bar is 90
[Debug] [2026-3-26 18:52:04] progress bar is 95
[Debug] [2026-3-26 18:52:04] progress bar is 100
[Debug] [2026-3-26 18:52:04] the value in the status register is :2096288
[Debug] [2026-3-26 18:52:04] cmd operation Program releases locker
[Info] [2026-3-26 19:02:43] /***************************Start jtagserver***************************/
[Info] [2026-3-26 19:02:43] Path: E:/pango/PDS_2022.2-SP6.4/bin
[Info] [2026-3-26 19:02:43] Version: 146967
[Debug] [2026-3-26 19:02:44] Add a new user_thread, socket descriptor is 1032 user_thread id is 0000000000008508
[Debug] [2026-3-26 19:02:44] After adding, map size is : 1
[Debug] [2026-3-26 19:02:44] Add a new user_thread, socket descriptor is 1004 user_thread id is 0000000000008508
[Debug] [2026-3-26 19:02:44] After adding, map size is : 2
[Debug] [2026-3-26 19:02:44] IP address of connecting client is : ::ffff:127.0.0.1
[Debug] [2026-3-26 19:02:44] IP address of connecting client is : ::ffff:127.0.0.1
[Debug] [2026-3-26 19:02:44] Remove the header data from the client, index : 0
[Debug] [2026-3-26 19:02:44] _total_bytes_size : 160
[Debug] [2026-3-26 19:02:44] Remove the header data from the client, index : 0
[Debug] [2026-3-26 19:02:44] _total_bytes_size : 96
[Debug] [2026-3-26 19:02:44] cmd id :40010cmd name : get_cable_paras
[Debug] [2026-3-26 19:02:45] cmd operation get_cable_paras releases locker
[Debug] [2026-3-26 19:02:45] Remove the header data from the client, index : 0
[Debug] [2026-3-26 19:02:45] _total_bytes_size : 101
[Debug] [2026-3-26 19:02:45] cmd id :20001cmd name : Open config cable
[Debug] [2026-3-26 19:02:45] the idcode from the scanning is: 0x105a1899
[Debug] [2026-3-26 19:02:45] the idcode from the scanning is: 0x0
[Debug] [2026-3-26 19:02:45] the idcode from the scanning is: 0x0
[Debug] [2026-3-26 19:02:45] the idcode from the scanning is: 0x0
[Debug] [2026-3-26 19:02:45] the idcode from the scanning is: 0x0
[Debug] [2026-3-26 19:02:46] cmd operation Open config cable releases locker
[Debug] [2026-3-26 19:02:48] Remove the header data from the client, index : 0
[Debug] [2026-3-26 19:02:48] _total_bytes_size : 23e
[Debug] [2026-3-26 19:02:48] cmd id :4e22cmd name : Program
[Debug] [2026-3-26 19:02:48] the idcode from the scanning is: 0x105a1899
[Debug] [2026-3-26 19:02:48] the idcode from the scanning is: 0x0
[Debug] [2026-3-26 19:02:48] the idcode from the scanning is: 0x0
[Debug] [2026-3-26 19:02:48] the idcode from the scanning is: 0x0
[Debug] [2026-3-26 19:02:48] the idcode from the scanning is: 0x0
[Debug] [2026-3-26 19:02:48] begin to read back config registerregAddr is 4
[Debug] [2026-3-26 19:02:48] progress bar is 6
[Debug] [2026-3-26 19:02:48] progress bar is 10
[Debug] [2026-3-26 19:02:48] progress bar is 15
[Debug] [2026-3-26 19:02:48] progress bar is 20
[Debug] [2026-3-26 19:02:48] progress bar is 25
[Debug] [2026-3-26 19:02:48] progress bar is 30
[Debug] [2026-3-26 19:02:49] progress bar is 35
[Debug] [2026-3-26 19:02:49] progress bar is 40
[Debug] [2026-3-26 19:02:49] progress bar is 45
[Debug] [2026-3-26 19:02:49] progress bar is 50
[Debug] [2026-3-26 19:02:49] progress bar is 55
[Debug] [2026-3-26 19:02:49] progress bar is 60
[Debug] [2026-3-26 19:02:49] progress bar is 65
[Debug] [2026-3-26 19:02:49] progress bar is 70
[Debug] [2026-3-26 19:02:49] progress bar is 75
[Debug] [2026-3-26 19:02:49] progress bar is 80
[Debug] [2026-3-26 19:02:49] progress bar is 85
[Debug] [2026-3-26 19:02:50] progress bar is 90
[Debug] [2026-3-26 19:02:50] progress bar is 95
[Debug] [2026-3-26 19:02:50] progress bar is 100
[Debug] [2026-3-26 19:02:50] the value in the status register is :2096288
[Debug] [2026-3-26 19:02:50] cmd operation Program releases locker
[Info] [2026-3-26 19:18:32] /***************************Start jtagserver***************************/
[Info] [2026-3-26 19:18:32] Path: E:/pango/PDS_2022.2-SP6.4/bin
[Info] [2026-3-26 19:18:32] Version: 146967
[Debug] [2026-3-26 19:18:33] Add a new user_thread, socket descriptor is 1188 user_thread id is 00000000000052F4
[Debug] [2026-3-26 19:18:33] After adding, map size is : 1
[Debug] [2026-3-26 19:18:33] Add a new user_thread, socket descriptor is 1196 user_thread id is 00000000000052F4
[Debug] [2026-3-26 19:18:33] After adding, map size is : 2
[Debug] [2026-3-26 19:18:33] IP address of connecting client is : ::ffff:127.0.0.1
[Debug] [2026-3-26 19:18:33] IP address of connecting client is : ::ffff:127.0.0.1
[Debug] [2026-3-26 19:18:33] Remove the header data from the client, index : 0
[Debug] [2026-3-26 19:18:33] _total_bytes_size : 160
[Debug] [2026-3-26 19:18:33] Remove the header data from the client, index : 0
[Debug] [2026-3-26 19:18:33] _total_bytes_size : 96
[Debug] [2026-3-26 19:18:33] cmd id :40010cmd name : get_cable_paras
[Debug] [2026-3-26 19:18:34] cmd operation get_cable_paras releases locker
[Debug] [2026-3-26 19:18:34] Remove the header data from the client, index : 0
[Debug] [2026-3-26 19:18:34] _total_bytes_size : 101
[Debug] [2026-3-26 19:18:34] cmd id :20001cmd name : Open config cable
[Debug] [2026-3-26 19:18:35] the idcode from the scanning is: 0x105a1899
[Debug] [2026-3-26 19:18:35] the idcode from the scanning is: 0x0
[Debug] [2026-3-26 19:18:35] the idcode from the scanning is: 0x0
[Debug] [2026-3-26 19:18:35] the idcode from the scanning is: 0x0
[Debug] [2026-3-26 19:18:35] the idcode from the scanning is: 0x0
[Debug] [2026-3-26 19:18:35] cmd operation Open config cable releases locker
[Debug] [2026-3-26 19:18:43] Remove the header data from the client, index : 0
[Debug] [2026-3-26 19:18:43] _total_bytes_size : 23e
[Debug] [2026-3-26 19:18:43] cmd id :4e22cmd name : Program
[Debug] [2026-3-26 19:18:43] the idcode from the scanning is: 0x105a1899
[Debug] [2026-3-26 19:18:43] the idcode from the scanning is: 0x0
[Debug] [2026-3-26 19:18:43] the idcode from the scanning is: 0x0
[Debug] [2026-3-26 19:18:43] the idcode from the scanning is: 0x0
[Debug] [2026-3-26 19:18:43] the idcode from the scanning is: 0x0
[Debug] [2026-3-26 19:18:43] begin to read back config registerregAddr is 4
[Debug] [2026-3-26 19:18:43] progress bar is 6
[Debug] [2026-3-26 19:18:43] progress bar is 10
[Debug] [2026-3-26 19:18:43] progress bar is 15
[Debug] [2026-3-26 19:18:43] progress bar is 20
[Debug] [2026-3-26 19:18:43] progress bar is 25
[Debug] [2026-3-26 19:18:43] progress bar is 30
[Debug] [2026-3-26 19:18:43] progress bar is 35
[Debug] [2026-3-26 19:18:43] progress bar is 40
[Debug] [2026-3-26 19:18:43] progress bar is 45
[Debug] [2026-3-26 19:18:44] progress bar is 50
[Debug] [2026-3-26 19:18:44] progress bar is 55
[Debug] [2026-3-26 19:18:44] progress bar is 60
[Debug] [2026-3-26 19:18:44] progress bar is 65
[Debug] [2026-3-26 19:18:44] progress bar is 70
[Debug] [2026-3-26 19:18:44] progress bar is 75
[Debug] [2026-3-26 19:18:44] progress bar is 80
[Debug] [2026-3-26 19:18:44] progress bar is 85
[Debug] [2026-3-26 19:18:44] progress bar is 90
[Debug] [2026-3-26 19:18:44] progress bar is 95
[Debug] [2026-3-26 19:18:44] progress bar is 100
[Debug] [2026-3-26 19:18:44] the value in the status register is :2096288
[Debug] [2026-3-26 19:18:44] cmd operation Program releases locker
[Info] [2026-3-26 19:29:56] /***************************Start jtagserver***************************/
[Info] [2026-3-26 19:29:56] Path: E:/pango/PDS_2022.2-SP6.4/bin
[Info] [2026-3-26 19:29:56] Version: 146967
[Debug] [2026-3-26 19:29:57] Add a new user_thread, socket descriptor is 1132 user_thread id is 00000000000043DC
[Debug] [2026-3-26 19:29:57] After adding, map size is : 1
[Debug] [2026-3-26 19:29:57] Add a new user_thread, socket descriptor is 1140 user_thread id is 00000000000043DC
[Debug] [2026-3-26 19:29:57] After adding, map size is : 2
[Debug] [2026-3-26 19:29:57] IP address of connecting client is : ::ffff:127.0.0.1
[Debug] [2026-3-26 19:29:57] IP address of connecting client is : ::ffff:127.0.0.1
[Debug] [2026-3-26 19:29:57] Remove the header data from the client, index : 0
[Debug] [2026-3-26 19:29:57] _total_bytes_size : 160
[Debug] [2026-3-26 19:29:57] Remove the header data from the client, index : 0
[Debug] [2026-3-26 19:29:57] _total_bytes_size : 96
[Debug] [2026-3-26 19:29:57] cmd id :40010cmd name : get_cable_paras
[Debug] [2026-3-26 19:29:58] cmd operation get_cable_paras releases locker
[Debug] [2026-3-26 19:29:58] Remove the header data from the client, index : 0
[Debug] [2026-3-26 19:29:58] _total_bytes_size : 101
[Debug] [2026-3-26 19:29:58] cmd id :20001cmd name : Open config cable
[Error] [2026-3-26 19:29:58] E:CM Error: Open FTDI2232H channel b error. In function cdt_cable_manager::PgUsbIIOperator::Init at line 124 in file g:\wf\2022.2\output_files\oem\FAB_Develop\branches\pds_2022.2\source\sw\cdt\cablemgr\CablePgUsb.cpp compiled at Jan 31 2024.
[Error] [2026-3-26 19:29:58] E:CM Error: Cable open failed. In function cdt_cable_manager::CablePgUsb::Open at line 1994 in file g:\wf\2022.2\output_files\oem\FAB_Develop\branches\pds_2022.2\source\sw\cdt\cablemgr\CablePgUsb.cpp compiled at Jan 31 2024.
[Error] [2026-3-26 19:29:58] E:CM Error: Open FTDI2232H channel b error. In function cdt_cable_manager::PgUsbIIOperator::Init at line 124 in file g:\wf\2022.2\output_files\oem\FAB_Develop\branches\pds_2022.2\source\sw\cdt\cablemgr\CablePgUsb.cpp compiled at Jan 31 2024.
[Error] [2026-3-26 19:29:58] E:CM Error: Cable open failed. In function cdt_cable_manager::CablePgUsb::Open at line 1994 in file g:\wf\2022.2\output_files\oem\FAB_Develop\branches\pds_2022.2\source\sw\cdt\cablemgr\CablePgUsb.cpp compiled at Jan 31 2024.
[Error] [2026-3-26 19:29:58] E:CM Error: Open FTDI2232H channel b error. In function cdt_cable_manager::PgUsbIIOperator::Init at line 124 in file g:\wf\2022.2\output_files\oem\FAB_Develop\branches\pds_2022.2\source\sw\cdt\cablemgr\CablePgUsb.cpp compiled at Jan 31 2024.
[Error] [2026-3-26 19:29:58] E:CM Error: Cable open failed. In function cdt_cable_manager::CablePgUsb::Open at line 1994 in file g:\wf\2022.2\output_files\oem\FAB_Develop\branches\pds_2022.2\source\sw\cdt\cablemgr\CablePgUsb.cpp compiled at Jan 31 2024.
[Error] [2026-3-26 19:29:58] E:CM Error: Open FTDI2232H channel b error. In function cdt_cable_manager::PgUsbIIOperator::Init at line 124 in file g:\wf\2022.2\output_files\oem\FAB_Develop\branches\pds_2022.2\source\sw\cdt\cablemgr\CablePgUsb.cpp compiled at Jan 31 2024.
[Error] [2026-3-26 19:29:58] E:CM Error: Cable open failed. In function cdt_cable_manager::CablePgUsb::Open at line 1994 in file g:\wf\2022.2\output_files\oem\FAB_Develop\branches\pds_2022.2\source\sw\cdt\cablemgr\CablePgUsb.cpp compiled at Jan 31 2024.
[Error] [2026-3-26 19:29:58] E:CM Error: Open FTDI2232H channel b error. In function cdt_cable_manager::PgUsbIIOperator::Init at line 124 in file g:\wf\2022.2\output_files\oem\FAB_Develop\branches\pds_2022.2\source\sw\cdt\cablemgr\CablePgUsb.cpp compiled at Jan 31 2024.
[Error] [2026-3-26 19:29:58] E:CM Error: Cable open failed. In function cdt_cable_manager::CablePgUsb::Open at line 1994 in file g:\wf\2022.2\output_files\oem\FAB_Develop\branches\pds_2022.2\source\sw\cdt\cablemgr\CablePgUsb.cpp compiled at Jan 31 2024.
[Error] [2026-3-26 19:29:58] E:CM Error: Open FTDI2232H channel b error. In function cdt_cable_manager::PgUsbIIOperator::Init at line 124 in file g:\wf\2022.2\output_files\oem\FAB_Develop\branches\pds_2022.2\source\sw\cdt\cablemgr\CablePgUsb.cpp compiled at Jan 31 2024.
[Error] [2026-3-26 19:29:58] E:CM Error: Cable open failed. In function cdt_cable_manager::CablePgUsb::Open at line 1994 in file g:\wf\2022.2\output_files\oem\FAB_Develop\branches\pds_2022.2\source\sw\cdt\cablemgr\CablePgUsb.cpp compiled at Jan 31 2024.
[Error] [2026-3-26 19:29:58] E:CM Error: Open FTDI2232H channel b error. In function cdt_cable_manager::PgUsbIIOperator::Init at line 124 in file g:\wf\2022.2\output_files\oem\FAB_Develop\branches\pds_2022.2\source\sw\cdt\cablemgr\CablePgUsb.cpp compiled at Jan 31 2024.
[Error] [2026-3-26 19:29:58] E:CM Error: Cable open failed. In function cdt_cable_manager::CablePgUsb::Open at line 1994 in file g:\wf\2022.2\output_files\oem\FAB_Develop\branches\pds_2022.2\source\sw\cdt\cablemgr\CablePgUsb.cpp compiled at Jan 31 2024.
[Error] [2026-3-26 19:29:58] E:CM Error: Open FTDI2232H channel b error. In function cdt_cable_manager::PgUsbIIOperator::Init at line 124 in file g:\wf\2022.2\output_files\oem\FAB_Develop\branches\pds_2022.2\source\sw\cdt\cablemgr\CablePgUsb.cpp compiled at Jan 31 2024.
[Error] [2026-3-26 19:29:58] E:CM Error: Cable open failed. In function cdt_cable_manager::CablePgUsb::Open at line 1994 in file g:\wf\2022.2\output_files\oem\FAB_Develop\branches\pds_2022.2\source\sw\cdt\cablemgr\CablePgUsb.cpp compiled at Jan 31 2024.
[Error] [2026-3-26 19:29:58] E:CM Error: Open FTDI2232H channel b error. In function cdt_cable_manager::PgUsbIIOperator::Init at line 124 in file g:\wf\2022.2\output_files\oem\FAB_Develop\branches\pds_2022.2\source\sw\cdt\cablemgr\CablePgUsb.cpp compiled at Jan 31 2024.
[Error] [2026-3-26 19:29:58] E:CM Error: Cable open failed. In function cdt_cable_manager::CablePgUsb::Open at line 1994 in file g:\wf\2022.2\output_files\oem\FAB_Develop\branches\pds_2022.2\source\sw\cdt\cablemgr\CablePgUsb.cpp compiled at Jan 31 2024.
[Error] [2026-3-26 19:29:58] E:CM Error: Open FTDI2232H channel b error. In function cdt_cable_manager::PgUsbIIOperator::Init at line 124 in file g:\wf\2022.2\output_files\oem\FAB_Develop\branches\pds_2022.2\source\sw\cdt\cablemgr\CablePgUsb.cpp compiled at Jan 31 2024.
[Error] [2026-3-26 19:29:58] E:CM Error: Cable open failed. In function cdt_cable_manager::CablePgUsb::Open at line 1994 in file g:\wf\2022.2\output_files\oem\FAB_Develop\branches\pds_2022.2\source\sw\cdt\cablemgr\CablePgUsb.cpp compiled at Jan 31 2024.
[Error] [2026-3-26 19:29:58] Hardware handler is invalid
[Debug] [2026-3-26 19:29:58] cmd operation Open config cable releases locker
[Info] [2026-3-26 19:30:08] /***************************Start jtagserver***************************/
[Info] [2026-3-26 19:30:08] Path: E:/pango/PDS_2022.2-SP6.4/bin
[Info] [2026-3-26 19:30:08] Version: 146967
[Debug] [2026-3-26 19:30:09] Add a new user_thread, socket descriptor is 1052 user_thread id is 000000000000658C
[Debug] [2026-3-26 19:30:09] After adding, map size is : 1
[Debug] [2026-3-26 19:30:09] Add a new user_thread, socket descriptor is 1184 user_thread id is 000000000000658C
[Debug] [2026-3-26 19:30:09] After adding, map size is : 2
[Debug] [2026-3-26 19:30:09] IP address of connecting client is : ::ffff:127.0.0.1
[Debug] [2026-3-26 19:30:09] IP address of connecting client is : ::ffff:127.0.0.1IP address of connecting client is : ::ffff:127.0.0.1
[Debug] [2026-3-26 19:30:09] Remove the header data from the client, index : 0
[Debug] [2026-3-26 19:30:09] _total_bytes_size : 160
[Debug] [2026-3-26 19:30:09] Remove the header data from the client, index : 0
[Debug] [2026-3-26 19:30:09] _total_bytes_size : 96
[Debug] [2026-3-26 19:30:09] cmd id :40010cmd name : get_cable_paras
[Debug] [2026-3-26 19:30:10] cmd operation get_cable_paras releases locker
[Debug] [2026-3-26 19:30:10] Remove the header data from the client, index : 0
[Debug] [2026-3-26 19:30:10] _total_bytes_size : 101
[Debug] [2026-3-26 19:30:10] cmd id :20001cmd name : Open config cable
[Debug] [2026-3-26 19:30:10] the idcode from the scanning is: 0x105a1899
[Debug] [2026-3-26 19:30:10] the idcode from the scanning is: 0x0
[Debug] [2026-3-26 19:30:10] the idcode from the scanning is: 0x0
[Debug] [2026-3-26 19:30:10] the idcode from the scanning is: 0x0
[Debug] [2026-3-26 19:30:10] the idcode from the scanning is: 0x0
[Debug] [2026-3-26 19:30:11] cmd operation Open config cable releases locker
[Debug] [2026-3-26 19:30:20] Remove the header data from the client, index : 0
[Debug] [2026-3-26 19:30:20] _total_bytes_size : 23e
[Debug] [2026-3-26 19:30:20] cmd id :4e22cmd name : Program
[Debug] [2026-3-26 19:30:20] the idcode from the scanning is: 0x105a1899
[Debug] [2026-3-26 19:30:20] the idcode from the scanning is: 0x0
[Debug] [2026-3-26 19:30:20] the idcode from the scanning is: 0x0
[Debug] [2026-3-26 19:30:20] the idcode from the scanning is: 0x0
[Debug] [2026-3-26 19:30:20] the idcode from the scanning is: 0x0
[Debug] [2026-3-26 19:30:20] begin to read back config registerregAddr is 4
[Debug] [2026-3-26 19:30:20] progress bar is 6
[Debug] [2026-3-26 19:30:20] progress bar is 10
[Debug] [2026-3-26 19:30:20] progress bar is 15
[Debug] [2026-3-26 19:30:21] progress bar is 20
[Debug] [2026-3-26 19:30:21] progress bar is 25
[Debug] [2026-3-26 19:30:21] progress bar is 30
[Debug] [2026-3-26 19:30:21] progress bar is 35
[Debug] [2026-3-26 19:30:21] progress bar is 40
[Debug] [2026-3-26 19:30:21] progress bar is 45
[Debug] [2026-3-26 19:30:21] progress bar is 50
[Debug] [2026-3-26 19:30:21] progress bar is 55
[Debug] [2026-3-26 19:30:21] progress bar is 60
[Debug] [2026-3-26 19:30:21] progress bar is 65
[Debug] [2026-3-26 19:30:21] progress bar is 70
[Debug] [2026-3-26 19:30:21] progress bar is 75
[Debug] [2026-3-26 19:30:22] progress bar is 80
[Debug] [2026-3-26 19:30:22] progress bar is 85
[Debug] [2026-3-26 19:30:22] progress bar is 90
[Debug] [2026-3-26 19:30:22] progress bar is 95
[Debug] [2026-3-26 19:30:22] progress bar is 100
[Debug] [2026-3-26 19:30:22] the value in the status register is :2096288
[Debug] [2026-3-26 19:30:22] cmd operation Program releases locker
[Info] [2026-3-26 20:01:26] /***************************Start jtagserver***************************/
[Info] [2026-3-26 20:01:26] Path: E:/pango/PDS_2022.2-SP6.4/bin
[Info] [2026-3-26 20:01:26] Version: 146967
[Debug] [2026-3-26 20:01:27] Add a new user_thread, socket descriptor is 1084 user_thread id is 0000000000001354
[Debug] [2026-3-26 20:01:27] After adding, map size is : 1
[Debug] [2026-3-26 20:01:27] Add a new user_thread, socket descriptor is 964 user_thread id is 0000000000001354
[Debug] [2026-3-26 20:01:27] After adding, map size is : 2
[Debug] [2026-3-26 20:01:27] IP address of connecting client is : ::ffff:127.0.0.1
[Debug] [2026-3-26 20:01:27] IP address of connecting client is : ::ffff:127.0.0.1IP address of connecting client is : ::ffff:127.0.0.1
[Debug] [2026-3-26 20:01:27] Remove the header data from the client, index : 0
[Debug] [2026-3-26 20:01:27] _total_bytes_size : 160
[Debug] [2026-3-26 20:01:27] Remove the header data from the client, index : 0
[Debug] [2026-3-26 20:01:27] _total_bytes_size : 96
[Debug] [2026-3-26 20:01:27] cmd id :40010cmd name : get_cable_paras
[Debug] [2026-3-26 20:01:28] cmd operation get_cable_paras releases locker
[Debug] [2026-3-26 20:01:28] Remove the header data from the client, index : 0
[Debug] [2026-3-26 20:01:28] _total_bytes_size : 101
[Debug] [2026-3-26 20:01:28] cmd id :20001cmd name : Open config cable
[Error] [2026-3-26 20:01:28] E:CM Error: Open FTDI2232H channel b error. In function cdt_cable_manager::PgUsbIIOperator::Init at line 124 in file g:\wf\2022.2\output_files\oem\FAB_Develop\branches\pds_2022.2\source\sw\cdt\cablemgr\CablePgUsb.cpp compiled at Jan 31 2024.
[Error] [2026-3-26 20:01:28] E:CM Error: Cable open failed. In function cdt_cable_manager::CablePgUsb::Open at line 1994 in file g:\wf\2022.2\output_files\oem\FAB_Develop\branches\pds_2022.2\source\sw\cdt\cablemgr\CablePgUsb.cpp compiled at Jan 31 2024.
[Error] [2026-3-26 20:01:28] E:CM Error: Open FTDI2232H channel b error. In function cdt_cable_manager::PgUsbIIOperator::Init at line 124 in file g:\wf\2022.2\output_files\oem\FAB_Develop\branches\pds_2022.2\source\sw\cdt\cablemgr\CablePgUsb.cpp compiled at Jan 31 2024.
[Error] [2026-3-26 20:01:28] E:CM Error: Cable open failed. In function cdt_cable_manager::CablePgUsb::Open at line 1994 in file g:\wf\2022.2\output_files\oem\FAB_Develop\branches\pds_2022.2\source\sw\cdt\cablemgr\CablePgUsb.cpp compiled at Jan 31 2024.
[Error] [2026-3-26 20:01:28] E:CM Error: Open FTDI2232H channel b error. In function cdt_cable_manager::PgUsbIIOperator::Init at line 124 in file g:\wf\2022.2\output_files\oem\FAB_Develop\branches\pds_2022.2\source\sw\cdt\cablemgr\CablePgUsb.cpp compiled at Jan 31 2024.
[Error] [2026-3-26 20:01:28] E:CM Error: Cable open failed. In function cdt_cable_manager::CablePgUsb::Open at line 1994 in file g:\wf\2022.2\output_files\oem\FAB_Develop\branches\pds_2022.2\source\sw\cdt\cablemgr\CablePgUsb.cpp compiled at Jan 31 2024.
[Error] [2026-3-26 20:01:28] E:CM Error: Open FTDI2232H channel b error. In function cdt_cable_manager::PgUsbIIOperator::Init at line 124 in file g:\wf\2022.2\output_files\oem\FAB_Develop\branches\pds_2022.2\source\sw\cdt\cablemgr\CablePgUsb.cpp compiled at Jan 31 2024.
[Error] [2026-3-26 20:01:28] E:CM Error: Cable open failed. In function cdt_cable_manager::CablePgUsb::Open at line 1994 in file g:\wf\2022.2\output_files\oem\FAB_Develop\branches\pds_2022.2\source\sw\cdt\cablemgr\CablePgUsb.cpp compiled at Jan 31 2024.
[Error] [2026-3-26 20:01:28] E:CM Error: Open FTDI2232H channel b error. In function cdt_cable_manager::PgUsbIIOperator::Init at line 124 in file g:\wf\2022.2\output_files\oem\FAB_Develop\branches\pds_2022.2\source\sw\cdt\cablemgr\CablePgUsb.cpp compiled at Jan 31 2024.
[Error] [2026-3-26 20:01:28] E:CM Error: Cable open failed. In function cdt_cable_manager::CablePgUsb::Open at line 1994 in file g:\wf\2022.2\output_files\oem\FAB_Develop\branches\pds_2022.2\source\sw\cdt\cablemgr\CablePgUsb.cpp compiled at Jan 31 2024.
[Error] [2026-3-26 20:01:28] E:CM Error: Open FTDI2232H channel b error. In function cdt_cable_manager::PgUsbIIOperator::Init at line 124 in file g:\wf\2022.2\output_files\oem\FAB_Develop\branches\pds_2022.2\source\sw\cdt\cablemgr\CablePgUsb.cpp compiled at Jan 31 2024.
[Error] [2026-3-26 20:01:28] E:CM Error: Cable open failed. In function cdt_cable_manager::CablePgUsb::Open at line 1994 in file g:\wf\2022.2\output_files\oem\FAB_Develop\branches\pds_2022.2\source\sw\cdt\cablemgr\CablePgUsb.cpp compiled at Jan 31 2024.
[Error] [2026-3-26 20:01:28] E:CM Error: Open FTDI2232H channel b error. In function cdt_cable_manager::PgUsbIIOperator::Init at line 124 in file g:\wf\2022.2\output_files\oem\FAB_Develop\branches\pds_2022.2\source\sw\cdt\cablemgr\CablePgUsb.cpp compiled at Jan 31 2024.
[Error] [2026-3-26 20:01:28] E:CM Error: Cable open failed. In function cdt_cable_manager::CablePgUsb::Open at line 1994 in file g:\wf\2022.2\output_files\oem\FAB_Develop\branches\pds_2022.2\source\sw\cdt\cablemgr\CablePgUsb.cpp compiled at Jan 31 2024.
[Error] [2026-3-26 20:01:28] E:CM Error: Open FTDI2232H channel b error. In function cdt_cable_manager::PgUsbIIOperator::Init at line 124 in file g:\wf\2022.2\output_files\oem\FAB_Develop\branches\pds_2022.2\source\sw\cdt\cablemgr\CablePgUsb.cpp compiled at Jan 31 2024.
[Error] [2026-3-26 20:01:28] E:CM Error: Cable open failed. In function cdt_cable_manager::CablePgUsb::Open at line 1994 in file g:\wf\2022.2\output_files\oem\FAB_Develop\branches\pds_2022.2\source\sw\cdt\cablemgr\CablePgUsb.cpp compiled at Jan 31 2024.
[Error] [2026-3-26 20:01:28] E:CM Error: Open FTDI2232H channel b error. In function cdt_cable_manager::PgUsbIIOperator::Init at line 124 in file g:\wf\2022.2\output_files\oem\FAB_Develop\branches\pds_2022.2\source\sw\cdt\cablemgr\CablePgUsb.cpp compiled at Jan 31 2024.
[Error] [2026-3-26 20:01:28] E:CM Error: Cable open failed. In function cdt_cable_manager::CablePgUsb::Open at line 1994 in file g:\wf\2022.2\output_files\oem\FAB_Develop\branches\pds_2022.2\source\sw\cdt\cablemgr\CablePgUsb.cpp compiled at Jan 31 2024.
[Error] [2026-3-26 20:01:28] E:CM Error: Open FTDI2232H channel b error. In function cdt_cable_manager::PgUsbIIOperator::Init at line 124 in file g:\wf\2022.2\output_files\oem\FAB_Develop\branches\pds_2022.2\source\sw\cdt\cablemgr\CablePgUsb.cpp compiled at Jan 31 2024.
[Error] [2026-3-26 20:01:28] E:CM Error: Cable open failed. In function cdt_cable_manager::CablePgUsb::Open at line 1994 in file g:\wf\2022.2\output_files\oem\FAB_Develop\branches\pds_2022.2\source\sw\cdt\cablemgr\CablePgUsb.cpp compiled at Jan 31 2024.
[Error] [2026-3-26 20:01:28] Hardware handler is invalid
[Debug] [2026-3-26 20:01:28] cmd operation Open config cable releases locker
[Info] [2026-3-26 20:01:38] /***************************Start jtagserver***************************/
[Info] [2026-3-26 20:01:38] Path: E:/pango/PDS_2022.2-SP6.4/bin
[Info] [2026-3-26 20:01:38] Version: 146967
[Debug] [2026-3-26 20:01:39] Add a new user_thread, socket descriptor is 1244 user_thread id is 00000000000087A4
[Debug] [2026-3-26 20:01:39] After adding, map size is : 1
[Debug] [2026-3-26 20:01:39] Add a new user_thread, socket descriptor is 1256 user_thread id is 00000000000087A4
[Debug] [2026-3-26 20:01:39] After adding, map size is : 2
[Debug] [2026-3-26 20:01:39] IP address of connecting client is : ::ffff:127.0.0.1
[Debug] [2026-3-26 20:01:39] IP address of connecting client is : ::ffff:127.0.0.1
[Debug] [2026-3-26 20:01:39] Remove the header data from the client, index : 0
[Debug] [2026-3-26 20:01:39] _total_bytes_size : 160
[Debug] [2026-3-26 20:01:39] Remove the header data from the client, index : 0
[Debug] [2026-3-26 20:01:39] _total_bytes_size : 96
[Debug] [2026-3-26 20:01:39] cmd id :40010cmd name : get_cable_paras
[Debug] [2026-3-26 20:01:40] cmd operation get_cable_paras releases locker
[Debug] [2026-3-26 20:01:40] Remove the header data from the client, index : 0
[Debug] [2026-3-26 20:01:40] _total_bytes_size : 101
[Debug] [2026-3-26 20:01:40] cmd id :20001cmd name : Open config cable
[Debug] [2026-3-26 20:01:40] the idcode from the scanning is: 0x105a1899
[Debug] [2026-3-26 20:01:40] the idcode from the scanning is: 0x0
[Debug] [2026-3-26 20:01:40] the idcode from the scanning is: 0x0
[Debug] [2026-3-26 20:01:40] the idcode from the scanning is: 0x0
[Debug] [2026-3-26 20:01:40] the idcode from the scanning is: 0x0
[Debug] [2026-3-26 20:01:40] cmd operation Open config cable releases locker
[Debug] [2026-3-26 20:01:42] Remove the header data from the client, index : 0
[Debug] [2026-3-26 20:01:42] _total_bytes_size : 23e
[Debug] [2026-3-26 20:01:42] cmd id :4e22cmd name : Program
[Debug] [2026-3-26 20:01:42] the idcode from the scanning is: 0x105a1899
[Debug] [2026-3-26 20:01:42] the idcode from the scanning is: 0x0
[Debug] [2026-3-26 20:01:42] the idcode from the scanning is: 0x0
[Debug] [2026-3-26 20:01:42] the idcode from the scanning is: 0x0
[Debug] [2026-3-26 20:01:42] the idcode from the scanning is: 0x0
[Debug] [2026-3-26 20:01:42] begin to read back config registerregAddr is 4
[Debug] [2026-3-26 20:01:42] progress bar is 6
[Debug] [2026-3-26 20:01:43] progress bar is 10
[Debug] [2026-3-26 20:01:43] progress bar is 15
[Debug] [2026-3-26 20:01:43] progress bar is 20
[Debug] [2026-3-26 20:01:43] progress bar is 25
[Debug] [2026-3-26 20:01:43] progress bar is 30
[Debug] [2026-3-26 20:01:43] progress bar is 35
[Debug] [2026-3-26 20:01:43] progress bar is 40
[Debug] [2026-3-26 20:01:43] progress bar is 45
[Debug] [2026-3-26 20:01:43] progress bar is 50
[Debug] [2026-3-26 20:01:43] progress bar is 55
[Debug] [2026-3-26 20:01:43] progress bar is 60
[Debug] [2026-3-26 20:01:43] progress bar is 65
[Debug] [2026-3-26 20:01:44] progress bar is 70
[Debug] [2026-3-26 20:01:44] progress bar is 75
[Debug] [2026-3-26 20:01:44] progress bar is 80
[Debug] [2026-3-26 20:01:44] progress bar is 85
[Debug] [2026-3-26 20:01:44] progress bar is 90
[Debug] [2026-3-26 20:01:44] progress bar is 95
[Debug] [2026-3-26 20:01:44] progress bar is 100
[Debug] [2026-3-26 20:01:44] the value in the status register is :2096288
[Debug] [2026-3-26 20:01:44] cmd operation Program releases locker
[Info] [2026-3-26 20:14:54] /***************************Start jtagserver***************************/
[Info] [2026-3-26 20:14:54] Path: E:/pango/PDS_2022.2-SP6.4/bin
[Info] [2026-3-26 20:14:54] Version: 146967
[Debug] [2026-3-26 20:14:55] Add a new user_thread, socket descriptor is 1160 user_thread id is 0000000000006F50
[Debug] [2026-3-26 20:14:55] After adding, map size is : 1
[Debug] [2026-3-26 20:14:55] Add a new user_thread, socket descriptor is 1016 user_thread id is 0000000000006F50
[Debug] [2026-3-26 20:14:55] After adding, map size is : 2
[Debug] [2026-3-26 20:14:55] IP address of connecting client is : ::ffff:127.0.0.1
[Debug] [2026-3-26 20:14:55] IP address of connecting client is : ::ffff:127.0.0.1
[Debug] [2026-3-26 20:14:55] Remove the header data from the client, index : 0
[Debug] [2026-3-26 20:14:55] _total_bytes_size : 160
[Debug] [2026-3-26 20:14:55] Remove the header data from the client, index : 0
[Debug] [2026-3-26 20:14:55] _total_bytes_size : 96
[Debug] [2026-3-26 20:14:55] cmd id :40010cmd name : get_cable_paras
[Debug] [2026-3-26 20:14:56] cmd operation get_cable_paras releases locker
[Debug] [2026-3-26 20:14:56] Remove the header data from the client, index : 0
[Debug] [2026-3-26 20:14:56] _total_bytes_size : 101
[Debug] [2026-3-26 20:14:56] cmd id :20001cmd name : Open config cable
[Debug] [2026-3-26 20:14:56] the idcode from the scanning is: 0x105a1899
[Debug] [2026-3-26 20:14:56] the idcode from the scanning is: 0x0
[Debug] [2026-3-26 20:14:56] the idcode from the scanning is: 0x0
[Debug] [2026-3-26 20:14:56] the idcode from the scanning is: 0x0
[Debug] [2026-3-26 20:14:56] the idcode from the scanning is: 0x0
[Debug] [2026-3-26 20:14:56] cmd operation Open config cable releases locker
[Debug] [2026-3-26 20:14:59] Remove the header data from the client, index : 0
[Debug] [2026-3-26 20:14:59] _total_bytes_size : 23e
[Debug] [2026-3-26 20:14:59] cmd id :4e22cmd name : Program
[Debug] [2026-3-26 20:14:59] the idcode from the scanning is: 0x105a1899
[Debug] [2026-3-26 20:14:59] the idcode from the scanning is: 0x0
[Debug] [2026-3-26 20:14:59] the idcode from the scanning is: 0x0
[Debug] [2026-3-26 20:14:59] the idcode from the scanning is: 0x0
[Debug] [2026-3-26 20:14:59] the idcode from the scanning is: 0x0
[Debug] [2026-3-26 20:14:59] begin to read back config registerregAddr is 4
[Debug] [2026-3-26 20:14:59] progress bar is 6
[Debug] [2026-3-26 20:14:59] progress bar is 10
[Debug] [2026-3-26 20:14:59] progress bar is 15
[Debug] [2026-3-26 20:14:59] progress bar is 20
[Debug] [2026-3-26 20:14:59] progress bar is 25
[Debug] [2026-3-26 20:14:59] progress bar is 30
[Debug] [2026-3-26 20:14:59] progress bar is 35
[Debug] [2026-3-26 20:15:00] progress bar is 40
[Debug] [2026-3-26 20:15:00] progress bar is 45
[Debug] [2026-3-26 20:15:00] progress bar is 50
[Debug] [2026-3-26 20:15:00] progress bar is 55
[Debug] [2026-3-26 20:15:00] progress bar is 60
[Debug] [2026-3-26 20:15:00] progress bar is 65
[Debug] [2026-3-26 20:15:00] progress bar is 70
[Debug] [2026-3-26 20:15:00] progress bar is 75
[Debug] [2026-3-26 20:15:00] progress bar is 80
[Debug] [2026-3-26 20:15:00] progress bar is 85
[Debug] [2026-3-26 20:15:00] progress bar is 90
[Debug] [2026-3-26 20:15:00] progress bar is 95
[Debug] [2026-3-26 20:15:01] progress bar is 100
[Debug] [2026-3-26 20:15:01] the value in the status register is :2096288
[Debug] [2026-3-26 20:15:01] cmd operation Program releases locker
[Info] [2026-3-26 20:37:46] /***************************Start jtagserver***************************/
[Info] [2026-3-26 20:37:46] Path: E:/pango/PDS_2022.2-SP6.4/bin
[Info] [2026-3-26 20:37:46] Version: 146967
[Debug] [2026-3-26 20:37:46] Add a new user_thread, socket descriptor is 1088 user_thread id is 0000000000004990
[Debug] [2026-3-26 20:37:46] After adding, map size is : 1
[Debug] [2026-3-26 20:37:46] Add a new user_thread, socket descriptor is 1044 user_thread id is 0000000000004990
[Debug] [2026-3-26 20:37:46] After adding, map size is : 2
[Debug] [2026-3-26 20:37:46] IP address of connecting client is : ::ffff:127.0.0.1
[Debug] [2026-3-26 20:37:46] IP address of connecting client is : ::ffff:127.0.0.1IP address of connecting client is : ::ffff:127.0.0.1
[Debug] [2026-3-26 20:37:46] Remove the header data from the client, index : 0
[Debug] [2026-3-26 20:37:46] _total_bytes_size : 160
[Debug] [2026-3-26 20:37:46] Remove the header data from the client, index : 0
[Debug] [2026-3-26 20:37:46] _total_bytes_size : 96
[Debug] [2026-3-26 20:37:46] cmd id :40010cmd name : get_cable_paras
[Debug] [2026-3-26 20:37:47] cmd operation get_cable_paras releases locker
[Debug] [2026-3-26 20:37:47] Remove the header data from the client, index : 0
[Debug] [2026-3-26 20:37:47] _total_bytes_size : 101
[Debug] [2026-3-26 20:37:47] cmd id :20001cmd name : Open config cable
[Debug] [2026-3-26 20:37:48] the idcode from the scanning is: 0x105a1899
[Debug] [2026-3-26 20:37:48] the idcode from the scanning is: 0x0
[Debug] [2026-3-26 20:37:48] the idcode from the scanning is: 0x0
[Debug] [2026-3-26 20:37:48] the idcode from the scanning is: 0x0
[Debug] [2026-3-26 20:37:48] the idcode from the scanning is: 0x0
[Debug] [2026-3-26 20:37:48] cmd operation Open config cable releases locker
[Debug] [2026-3-26 20:37:50] Remove the header data from the client, index : 0
[Debug] [2026-3-26 20:37:50] _total_bytes_size : 23e
[Debug] [2026-3-26 20:37:50] cmd id :4e22cmd name : Program
[Debug] [2026-3-26 20:37:50] the idcode from the scanning is: 0x105a1899
[Debug] [2026-3-26 20:37:50] the idcode from the scanning is: 0x0
[Debug] [2026-3-26 20:37:50] the idcode from the scanning is: 0x0
[Debug] [2026-3-26 20:37:50] the idcode from the scanning is: 0x0
[Debug] [2026-3-26 20:37:50] the idcode from the scanning is: 0x0
[Debug] [2026-3-26 20:37:50] begin to read back config registerregAddr is 4
[Debug] [2026-3-26 20:37:50] progress bar is 6
[Debug] [2026-3-26 20:37:50] progress bar is 10
[Debug] [2026-3-26 20:37:50] progress bar is 15
[Debug] [2026-3-26 20:37:50] progress bar is 20
[Debug] [2026-3-26 20:37:50] progress bar is 25
[Debug] [2026-3-26 20:37:51] progress bar is 30
[Debug] [2026-3-26 20:37:51] progress bar is 35
[Debug] [2026-3-26 20:37:51] progress bar is 40
[Debug] [2026-3-26 20:37:51] progress bar is 45
[Debug] [2026-3-26 20:37:51] progress bar is 50
[Debug] [2026-3-26 20:37:51] progress bar is 55
[Debug] [2026-3-26 20:37:51] progress bar is 60
[Debug] [2026-3-26 20:37:51] progress bar is 65
[Debug] [2026-3-26 20:37:51] progress bar is 70
[Debug] [2026-3-26 20:37:51] progress bar is 75
[Debug] [2026-3-26 20:37:51] progress bar is 80
[Debug] [2026-3-26 20:37:51] progress bar is 85
[Debug] [2026-3-26 20:37:52] progress bar is 90
[Debug] [2026-3-26 20:37:52] progress bar is 95
[Debug] [2026-3-26 20:37:52] progress bar is 100
[Debug] [2026-3-26 20:37:52] the value in the status register is :2096288
[Debug] [2026-3-26 20:37:52] cmd operation Program releases locker
[Info] [2026-3-26 20:42:05] /***************************Start jtagserver***************************/
[Info] [2026-3-26 20:42:05] Path: E:/pango/PDS_2022.2-SP6.4/bin
[Info] [2026-3-26 20:42:05] Version: 146967
[Debug] [2026-3-26 20:42:06] Add a new user_thread, socket descriptor is 1116 user_thread id is 0000000000003CFC
[Debug] [2026-3-26 20:42:06] After adding, map size is : 1
[Debug] [2026-3-26 20:42:06] Add a new user_thread, socket descriptor is 1180 user_thread id is 0000000000003CFC
[Debug] [2026-3-26 20:42:06] After adding, map size is : 2
[Debug] [2026-3-26 20:42:06] IP address of connecting client is : ::ffff:127.0.0.1
[Debug] [2026-3-26 20:42:06] IP address of connecting client is : ::ffff:127.0.0.1
[Debug] [2026-3-26 20:42:06] Remove the header data from the client, index : 0
[Debug] [2026-3-26 20:42:06] _total_bytes_size : 160
[Debug] [2026-3-26 20:42:06] Remove the header data from the client, index : 0
[Debug] [2026-3-26 20:42:06] _total_bytes_size : 96
[Debug] [2026-3-26 20:42:06] cmd id :40010cmd name : get_cable_paras
[Debug] [2026-3-26 20:42:07] cmd operation get_cable_paras releases locker
[Debug] [2026-3-26 20:42:07] Remove the header data from the client, index : 0
[Debug] [2026-3-26 20:42:07] _total_bytes_size : 101
[Debug] [2026-3-26 20:42:07] cmd id :20001cmd name : Open config cable
[Debug] [2026-3-26 20:42:07] the idcode from the scanning is: 0x105a1899
[Debug] [2026-3-26 20:42:07] the idcode from the scanning is: 0x0
[Debug] [2026-3-26 20:42:07] the idcode from the scanning is: 0x0
[Debug] [2026-3-26 20:42:07] the idcode from the scanning is: 0x0
[Debug] [2026-3-26 20:42:07] the idcode from the scanning is: 0x0
[Debug] [2026-3-26 20:42:08] cmd operation Open config cable releases locker
[Debug] [2026-3-26 20:42:10] Remove the header data from the client, index : 0
[Debug] [2026-3-26 20:42:10] _total_bytes_size : 23e
[Debug] [2026-3-26 20:42:10] cmd id :4e22cmd name : Program
[Debug] [2026-3-26 20:42:11] the idcode from the scanning is: 0x105a1899
[Debug] [2026-3-26 20:42:11] the idcode from the scanning is: 0x0
[Debug] [2026-3-26 20:42:11] the idcode from the scanning is: 0x0
[Debug] [2026-3-26 20:42:11] the idcode from the scanning is: 0x0
[Debug] [2026-3-26 20:42:11] the idcode from the scanning is: 0x0
[Debug] [2026-3-26 20:42:11] begin to read back config registerregAddr is 4
[Debug] [2026-3-26 20:42:11] progress bar is 6
[Debug] [2026-3-26 20:42:11] progress bar is 10
[Debug] [2026-3-26 20:42:11] progress bar is 15
[Debug] [2026-3-26 20:42:11] progress bar is 20
[Debug] [2026-3-26 20:42:11] progress bar is 25
[Debug] [2026-3-26 20:42:11] progress bar is 30
[Debug] [2026-3-26 20:42:11] progress bar is 35
[Debug] [2026-3-26 20:42:11] progress bar is 40
[Debug] [2026-3-26 20:42:11] progress bar is 45
[Debug] [2026-3-26 20:42:11] progress bar is 50
[Debug] [2026-3-26 20:42:12] progress bar is 55
[Debug] [2026-3-26 20:42:12] progress bar is 60
[Debug] [2026-3-26 20:42:12] progress bar is 65
[Debug] [2026-3-26 20:42:12] progress bar is 70
[Debug] [2026-3-26 20:42:12] progress bar is 75
[Debug] [2026-3-26 20:42:12] progress bar is 80
[Debug] [2026-3-26 20:42:12] progress bar is 85
[Debug] [2026-3-26 20:42:12] progress bar is 90
[Debug] [2026-3-26 20:42:12] progress bar is 95
[Debug] [2026-3-26 20:42:12] progress bar is 100
[Debug] [2026-3-26 20:42:12] the value in the status register is :2096288
[Debug] [2026-3-26 20:42:12] cmd operation Program releases locker
[Info] [2026-3-26 20:53:05] /***************************Start jtagserver***************************/
[Info] [2026-3-26 20:53:05] Path: E:/pango/PDS_2022.2-SP6.4/bin
[Info] [2026-3-26 20:53:05] Version: 146967
[Debug] [2026-3-26 20:53:06] Add a new user_thread, socket descriptor is 1204 user_thread id is 0000000000007BB4
[Debug] [2026-3-26 20:53:06] After adding, map size is : 1
[Debug] [2026-3-26 20:53:06] Add a new user_thread, socket descriptor is 1216 user_thread id is 0000000000007BB4
[Debug] [2026-3-26 20:53:06] After adding, map size is : 2
[Debug] [2026-3-26 20:53:06] IP address of connecting client is : ::ffff:127.0.0.1
[Debug] [2026-3-26 20:53:06] IP address of connecting client is : ::ffff:127.0.0.1
[Debug] [2026-3-26 20:53:06] Remove the header data from the client, index : 0
[Debug] [2026-3-26 20:53:06] _total_bytes_size : 160
[Debug] [2026-3-26 20:53:06] Remove the header data from the client, index : 0
[Debug] [2026-3-26 20:53:06] _total_bytes_size : 96
[Debug] [2026-3-26 20:53:06] cmd id :40010cmd name : get_cable_paras
[Debug] [2026-3-26 20:53:08] cmd operation get_cable_paras releases locker
[Debug] [2026-3-26 20:53:08] Remove the header data from the client, index : 0
[Debug] [2026-3-26 20:53:08] _total_bytes_size : 101
[Debug] [2026-3-26 20:53:08] cmd id :20001cmd name : Open config cable
[Error] [2026-3-26 20:53:08] Hardware handler is invalid
[Debug] [2026-3-26 20:53:08] cmd operation Open config cable releases locker
[Debug] [2026-3-26 20:53:15] Remove the header data from the client, index : 0
[Debug] [2026-3-26 20:53:15] _total_bytes_size : 101
[Debug] [2026-3-26 20:53:15] cmd id :20001cmd name : Open config cable
[Error] [2026-3-26 20:53:15] Hardware handler is invalid
[Debug] [2026-3-26 20:53:15] cmd operation Open config cable releases locker
[Info] [2026-3-26 20:53:22] /***************************Start jtagserver***************************/
[Info] [2026-3-26 20:53:22] Path: E:/pango/PDS_2022.2-SP6.4/bin
[Info] [2026-3-26 20:53:22] Version: 146967
[Debug] [2026-3-26 20:53:22] Add a new user_thread, socket descriptor is 1228 user_thread id is 0000000000003F18
[Debug] [2026-3-26 20:53:22] After adding, map size is : 1
[Debug] [2026-3-26 20:53:22] Add a new user_thread, socket descriptor is 1236 user_thread id is 0000000000003F18
[Debug] [2026-3-26 20:53:22] After adding, map size is : 2
[Debug] [2026-3-26 20:53:23] IP address of connecting client is : ::ffff:127.0.0.1
[Debug] [2026-3-26 20:53:23] IP address of connecting client is : ::ffff:127.0.0.1
[Debug] [2026-3-26 20:53:23] Remove the header data from the client, index : 0
[Debug] [2026-3-26 20:53:23] _total_bytes_size : 160
[Debug] [2026-3-26 20:53:23] Remove the header data from the client, index : 0
[Debug] [2026-3-26 20:53:23] _total_bytes_size : 96
[Debug] [2026-3-26 20:53:23] cmd id :40010cmd name : get_cable_paras
[Debug] [2026-3-26 20:53:24] cmd operation get_cable_paras releases locker
[Debug] [2026-3-26 20:53:24] Remove the header data from the client, index : 0
[Debug] [2026-3-26 20:53:24] _total_bytes_size : 101
[Debug] [2026-3-26 20:53:24] cmd id :20001cmd name : Open config cable
[Debug] [2026-3-26 20:53:24] the idcode from the scanning is: 0x105a1899
[Debug] [2026-3-26 20:53:24] the idcode from the scanning is: 0x0
[Debug] [2026-3-26 20:53:24] the idcode from the scanning is: 0x0
[Debug] [2026-3-26 20:53:24] the idcode from the scanning is: 0x0
[Debug] [2026-3-26 20:53:24] the idcode from the scanning is: 0x0
[Debug] [2026-3-26 20:53:24] cmd operation Open config cable releases locker
[Debug] [2026-3-26 20:53:26] Remove the header data from the client, index : 0
[Debug] [2026-3-26 20:53:26] _total_bytes_size : 23e
[Debug] [2026-3-26 20:53:26] cmd id :4e22cmd name : Program
[Debug] [2026-3-26 20:53:27] the idcode from the scanning is: 0x105a1899
[Debug] [2026-3-26 20:53:27] the idcode from the scanning is: 0x0
[Debug] [2026-3-26 20:53:27] the idcode from the scanning is: 0x0
[Debug] [2026-3-26 20:53:27] the idcode from the scanning is: 0x0
[Debug] [2026-3-26 20:53:27] the idcode from the scanning is: 0x0
[Debug] [2026-3-26 20:53:27] begin to read back config registerregAddr is 4
[Debug] [2026-3-26 20:53:27] progress bar is 6
[Debug] [2026-3-26 20:53:27] progress bar is 10
[Debug] [2026-3-26 20:53:27] progress bar is 15
[Debug] [2026-3-26 20:53:27] progress bar is 20
[Debug] [2026-3-26 20:53:27] progress bar is 25
[Debug] [2026-3-26 20:53:27] progress bar is 30
[Debug] [2026-3-26 20:53:27] progress bar is 35
[Debug] [2026-3-26 20:53:27] progress bar is 40
[Debug] [2026-3-26 20:53:27] progress bar is 45
[Debug] [2026-3-26 20:53:27] progress bar is 50
[Debug] [2026-3-26 20:53:28] progress bar is 55
[Debug] [2026-3-26 20:53:28] progress bar is 60
[Debug] [2026-3-26 20:53:28] progress bar is 65
[Debug] [2026-3-26 20:53:28] progress bar is 70
[Debug] [2026-3-26 20:53:28] progress bar is 75
[Debug] [2026-3-26 20:53:28] progress bar is 80
[Debug] [2026-3-26 20:53:28] progress bar is 85
[Debug] [2026-3-26 20:53:28] progress bar is 90
[Debug] [2026-3-26 20:53:28] progress bar is 95
[Debug] [2026-3-26 20:53:28] progress bar is 100
[Debug] [2026-3-26 20:53:28] the value in the status register is :2096288
[Debug] [2026-3-26 20:53:28] cmd operation Program releases locker
[Info] [2026-3-26 20:56:52] /***************************Start jtagserver***************************/
[Info] [2026-3-26 20:56:52] Path: E:/pango/PDS_2022.2-SP6.4/bin
[Info] [2026-3-26 20:56:52] Version: 146967
[Debug] [2026-3-26 20:56:53] Add a new user_thread, socket descriptor is 964 user_thread id is 0000000000006D98
[Debug] [2026-3-26 20:56:53] After adding, map size is : 1
[Debug] [2026-3-26 20:56:53] Add a new user_thread, socket descriptor is 1156 user_thread id is 0000000000006D98
[Debug] [2026-3-26 20:56:53] After adding, map size is : 2
[Debug] [2026-3-26 20:56:53] IP address of connecting client is : ::ffff:127.0.0.1
[Debug] [2026-3-26 20:56:53] IP address of connecting client is : ::ffff:127.0.0.1
[Debug] [2026-3-26 20:56:53] Remove the header data from the client, index : 0
[Debug] [2026-3-26 20:56:53] _total_bytes_size : 160
[Debug] [2026-3-26 20:56:53] Remove the header data from the client, index : 0
[Debug] [2026-3-26 20:56:53] _total_bytes_size : 96
[Debug] [2026-3-26 20:56:53] cmd id :40010cmd name : get_cable_paras
[Debug] [2026-3-26 20:56:54] cmd operation get_cable_paras releases locker
[Debug] [2026-3-26 20:56:54] Remove the header data from the client, index : 0
[Debug] [2026-3-26 20:56:54] _total_bytes_size : 101
[Debug] [2026-3-26 20:56:54] cmd id :20001cmd name : Open config cable
[Debug] [2026-3-26 20:56:54] the idcode from the scanning is: 0x105a1899
[Debug] [2026-3-26 20:56:54] the idcode from the scanning is: 0x0
[Debug] [2026-3-26 20:56:54] the idcode from the scanning is: 0x0
[Debug] [2026-3-26 20:56:54] the idcode from the scanning is: 0x0
[Debug] [2026-3-26 20:56:54] the idcode from the scanning is: 0x0
[Debug] [2026-3-26 20:56:54] cmd operation Open config cable releases locker
[Debug] [2026-3-26 20:56:57] Remove the header data from the client, index : 0
[Debug] [2026-3-26 20:56:57] _total_bytes_size : 23e
[Debug] [2026-3-26 20:56:57] cmd id :4e22cmd name : Program
[Debug] [2026-3-26 20:56:57] the idcode from the scanning is: 0x105a1899
[Debug] [2026-3-26 20:56:57] the idcode from the scanning is: 0x0
[Debug] [2026-3-26 20:56:57] the idcode from the scanning is: 0x0
[Debug] [2026-3-26 20:56:57] the idcode from the scanning is: 0x0
[Debug] [2026-3-26 20:56:57] the idcode from the scanning is: 0x0
[Debug] [2026-3-26 20:56:57] begin to read back config registerregAddr is 4
[Debug] [2026-3-26 20:56:57] progress bar is 6
[Debug] [2026-3-26 20:56:57] progress bar is 10
[Debug] [2026-3-26 20:56:58] progress bar is 15
[Debug] [2026-3-26 20:56:58] progress bar is 20
[Debug] [2026-3-26 20:56:58] progress bar is 25
[Debug] [2026-3-26 20:56:58] progress bar is 30
[Debug] [2026-3-26 20:56:58] progress bar is 35
[Debug] [2026-3-26 20:56:58] progress bar is 40
[Debug] [2026-3-26 20:56:58] progress bar is 45
[Debug] [2026-3-26 20:56:58] progress bar is 50
[Debug] [2026-3-26 20:56:58] progress bar is 55
[Debug] [2026-3-26 20:56:58] progress bar is 60
[Debug] [2026-3-26 20:56:58] progress bar is 65
[Debug] [2026-3-26 20:56:58] progress bar is 70
[Debug] [2026-3-26 20:56:59] progress bar is 75
[Debug] [2026-3-26 20:56:59] progress bar is 80
[Debug] [2026-3-26 20:56:59] progress bar is 85
[Debug] [2026-3-26 20:56:59] progress bar is 90
[Debug] [2026-3-26 20:56:59] progress bar is 95
[Debug] [2026-3-26 20:56:59] progress bar is 100
[Debug] [2026-3-26 20:56:59] the value in the status register is :2096288
[Debug] [2026-3-26 20:56:59] cmd operation Program releases locker
[Info] [2026-3-26 21:17:07] /***************************Start jtagserver***************************/
[Info] [2026-3-26 21:17:07] Path: E:/pango/PDS_2022.2-SP6.4/bin
[Info] [2026-3-26 21:17:07] Version: 146967
[Debug] [2026-3-26 21:17:08] Add a new user_thread, socket descriptor is 996 user_thread id is 0000000000006F48
[Debug] [2026-3-26 21:17:08] After adding, map size is : 1
[Debug] [2026-3-26 21:17:08] Add a new user_thread, socket descriptor is 1140 user_thread id is 0000000000006F48
[Debug] [2026-3-26 21:17:08] After adding, map size is : 2
[Debug] [2026-3-26 21:17:08] IP address of connecting client is : ::ffff:127.0.0.1
[Debug] [2026-3-26 21:17:08] IP address of connecting client is : ::ffff:127.0.0.1
[Debug] [2026-3-26 21:17:08] Remove the header data from the client, index : 0
[Debug] [2026-3-26 21:17:08] _total_bytes_size : 160
[Debug] [2026-3-26 21:17:08] Remove the header data from the client, index : 0
[Debug] [2026-3-26 21:17:08] _total_bytes_size : 96
[Debug] [2026-3-26 21:17:08] cmd id :40010cmd name : get_cable_paras
[Debug] [2026-3-26 21:17:09] cmd operation get_cable_paras releases locker
[Debug] [2026-3-26 21:17:09] Remove the header data from the client, index : 0
[Debug] [2026-3-26 21:17:09] _total_bytes_size : 101
[Debug] [2026-3-26 21:17:09] cmd id :20001cmd name : Open config cable
[Debug] [2026-3-26 21:17:10] the idcode from the scanning is: 0x105a1899
[Debug] [2026-3-26 21:17:10] the idcode from the scanning is: 0x0
[Debug] [2026-3-26 21:17:10] the idcode from the scanning is: 0x0
[Debug] [2026-3-26 21:17:10] the idcode from the scanning is: 0x0
[Debug] [2026-3-26 21:17:10] the idcode from the scanning is: 0x0
[Debug] [2026-3-26 21:17:10] cmd operation Open config cable releases locker
[Debug] [2026-3-26 21:17:11] Remove the header data from the client, index : 0
[Debug] [2026-3-26 21:17:11] _total_bytes_size : 23e
[Debug] [2026-3-26 21:17:11] cmd id :4e22cmd name : Program
[Debug] [2026-3-26 21:17:12] the idcode from the scanning is: 0x105a1899
[Debug] [2026-3-26 21:17:12] the idcode from the scanning is: 0x0
[Debug] [2026-3-26 21:17:12] the idcode from the scanning is: 0x0
[Debug] [2026-3-26 21:17:12] the idcode from the scanning is: 0x0
[Debug] [2026-3-26 21:17:12] the idcode from the scanning is: 0x0
[Debug] [2026-3-26 21:17:12] begin to read back config registerregAddr is 4
[Debug] [2026-3-26 21:17:12] progress bar is 6
[Debug] [2026-3-26 21:17:12] progress bar is 10
[Debug] [2026-3-26 21:17:12] progress bar is 15
[Debug] [2026-3-26 21:17:12] progress bar is 20
[Debug] [2026-3-26 21:17:12] progress bar is 25
[Debug] [2026-3-26 21:17:12] progress bar is 30
[Debug] [2026-3-26 21:17:12] progress bar is 35
[Debug] [2026-3-26 21:17:12] progress bar is 40
[Debug] [2026-3-26 21:17:12] progress bar is 45
[Debug] [2026-3-26 21:17:13] progress bar is 50
[Debug] [2026-3-26 21:17:13] progress bar is 55
[Debug] [2026-3-26 21:17:13] progress bar is 60
[Debug] [2026-3-26 21:17:13] progress bar is 65
[Debug] [2026-3-26 21:17:13] progress bar is 70
[Debug] [2026-3-26 21:17:13] progress bar is 75
[Debug] [2026-3-26 21:17:13] progress bar is 80
[Debug] [2026-3-26 21:17:13] progress bar is 85
[Debug] [2026-3-26 21:17:13] progress bar is 90
[Debug] [2026-3-26 21:17:13] progress bar is 95
[Debug] [2026-3-26 21:17:13] progress bar is 100
[Debug] [2026-3-26 21:17:13] the value in the status register is :2096288
[Debug] [2026-3-26 21:17:13] cmd operation Program releases locker
[Info] [2026-3-26 21:33:50] /***************************Start jtagserver***************************/
[Info] [2026-3-26 21:33:50] Path: E:/pango/PDS_2022.2-SP6.4/bin
[Info] [2026-3-26 21:33:50] Version: 146967
[Debug] [2026-3-26 21:33:51] Add a new user_thread, socket descriptor is 1004 user_thread id is 0000000000003840
[Debug] [2026-3-26 21:33:51] After adding, map size is : 1
[Debug] [2026-3-26 21:33:51] Add a new user_thread, socket descriptor is 948 user_thread id is 0000000000003840
[Debug] [2026-3-26 21:33:51] After adding, map size is : 2
[Debug] [2026-3-26 21:33:51] IP address of connecting client is : ::ffff:127.0.0.1
[Debug] [2026-3-26 21:33:51] IP address of connecting client is : ::ffff:127.0.0.1IP address of connecting client is : ::ffff:127.0.0.1
[Debug] [2026-3-26 21:33:51] Remove the header data from the client, index : 0
[Debug] [2026-3-26 21:33:51] _total_bytes_size : 160
[Debug] [2026-3-26 21:33:51] Remove the header data from the client, index : 0
[Debug] [2026-3-26 21:33:51] _total_bytes_size : 96
[Debug] [2026-3-26 21:33:51] cmd id :40010cmd name : get_cable_paras
[Debug] [2026-3-26 21:33:52] cmd operation get_cable_paras releases locker
[Debug] [2026-3-26 21:33:52] Remove the header data from the client, index : 0
[Debug] [2026-3-26 21:33:52] _total_bytes_size : 101
[Debug] [2026-3-26 21:33:52] cmd id :20001cmd name : Open config cable
[Debug] [2026-3-26 21:33:52] the idcode from the scanning is: 0x105a1899
[Debug] [2026-3-26 21:33:52] the idcode from the scanning is: 0x0
[Debug] [2026-3-26 21:33:52] the idcode from the scanning is: 0x0
[Debug] [2026-3-26 21:33:52] the idcode from the scanning is: 0x0
[Debug] [2026-3-26 21:33:52] the idcode from the scanning is: 0x0
[Debug] [2026-3-26 21:33:53] cmd operation Open config cable releases locker
[Debug] [2026-3-26 21:33:55] Remove the header data from the client, index : 0
[Debug] [2026-3-26 21:33:55] _total_bytes_size : 23e
[Debug] [2026-3-26 21:33:55] cmd id :4e22cmd name : Program
[Debug] [2026-3-26 21:33:55] the idcode from the scanning is: 0x105a1899
[Debug] [2026-3-26 21:33:55] the idcode from the scanning is: 0x0
[Debug] [2026-3-26 21:33:55] the idcode from the scanning is: 0x0
[Debug] [2026-3-26 21:33:55] the idcode from the scanning is: 0x0
[Debug] [2026-3-26 21:33:55] the idcode from the scanning is: 0x0
[Debug] [2026-3-26 21:33:55] begin to read back config registerregAddr is 4
[Debug] [2026-3-26 21:33:55] progress bar is 6
[Debug] [2026-3-26 21:33:55] progress bar is 10
[Debug] [2026-3-26 21:33:55] progress bar is 15
[Debug] [2026-3-26 21:33:55] progress bar is 20
[Debug] [2026-3-26 21:33:55] progress bar is 25
[Debug] [2026-3-26 21:33:55] progress bar is 30
[Debug] [2026-3-26 21:33:56] progress bar is 35
[Debug] [2026-3-26 21:33:56] progress bar is 40
[Debug] [2026-3-26 21:33:56] progress bar is 45
[Debug] [2026-3-26 21:33:56] progress bar is 50
[Debug] [2026-3-26 21:33:56] progress bar is 55
[Debug] [2026-3-26 21:33:56] progress bar is 60
[Debug] [2026-3-26 21:33:56] progress bar is 65
[Debug] [2026-3-26 21:33:56] progress bar is 70
[Debug] [2026-3-26 21:33:56] progress bar is 75
[Debug] [2026-3-26 21:33:56] progress bar is 80
[Debug] [2026-3-26 21:33:56] progress bar is 85
[Debug] [2026-3-26 21:33:56] progress bar is 90
[Debug] [2026-3-26 21:33:57] progress bar is 95
[Debug] [2026-3-26 21:33:57] progress bar is 100
[Debug] [2026-3-26 21:33:57] the value in the status register is :2096288
[Debug] [2026-3-26 21:33:57] cmd operation Program releases locker
[Info] [2026-3-26 21:46:25] /***************************Start jtagserver***************************/
[Info] [2026-3-26 21:46:25] Path: E:/pango/PDS_2022.2-SP6.4/bin
[Info] [2026-3-26 21:46:25] Version: 146967
[Debug] [2026-3-26 21:46:25] Add a new user_thread, socket descriptor is 1180 user_thread id is 00000000000082D0
[Debug] [2026-3-26 21:46:25] After adding, map size is : 1
[Debug] [2026-3-26 21:46:25] Add a new user_thread, socket descriptor is 1164 user_thread id is 00000000000082D0
[Debug] [2026-3-26 21:46:25] After adding, map size is : 2
[Debug] [2026-3-26 21:46:25] IP address of connecting client is : ::ffff:127.0.0.1
[Debug] [2026-3-26 21:46:25] IP address of connecting client is : ::ffff:127.0.0.1
[Debug] [2026-3-26 21:46:25] Remove the header data from the client, index : 0
[Debug] [2026-3-26 21:46:25] _total_bytes_size : 160
[Debug] [2026-3-26 21:46:25] Remove the header data from the client, index : 0
[Debug] [2026-3-26 21:46:25] _total_bytes_size : 96
[Debug] [2026-3-26 21:46:25] cmd id :40010cmd name : get_cable_paras
[Debug] [2026-3-26 21:46:27] cmd operation get_cable_paras releases locker
[Debug] [2026-3-26 21:46:27] Remove the header data from the client, index : 0
[Debug] [2026-3-26 21:46:27] _total_bytes_size : 101
[Debug] [2026-3-26 21:46:27] cmd id :20001cmd name : Open config cable
[Debug] [2026-3-26 21:46:27] the idcode from the scanning is: 0x105a1899
[Debug] [2026-3-26 21:46:27] the idcode from the scanning is: 0x0
[Debug] [2026-3-26 21:46:27] the idcode from the scanning is: 0x0
[Debug] [2026-3-26 21:46:27] the idcode from the scanning is: 0x0
[Debug] [2026-3-26 21:46:27] the idcode from the scanning is: 0x0
[Debug] [2026-3-26 21:46:27] cmd operation Open config cable releases locker
[Debug] [2026-3-26 21:46:29] Remove the header data from the client, index : 0
[Debug] [2026-3-26 21:46:29] _total_bytes_size : 23e
[Debug] [2026-3-26 21:46:29] cmd id :4e22cmd name : Program
[Debug] [2026-3-26 21:46:29] the idcode from the scanning is: 0x105a1899
[Debug] [2026-3-26 21:46:29] the idcode from the scanning is: 0x0
[Debug] [2026-3-26 21:46:29] the idcode from the scanning is: 0x0
[Debug] [2026-3-26 21:46:29] the idcode from the scanning is: 0x0
[Debug] [2026-3-26 21:46:29] the idcode from the scanning is: 0x0
[Debug] [2026-3-26 21:46:29] begin to read back config registerregAddr is 4
[Debug] [2026-3-26 21:46:29] progress bar is 6
[Debug] [2026-3-26 21:46:29] progress bar is 10
[Debug] [2026-3-26 21:46:29] progress bar is 15
[Debug] [2026-3-26 21:46:29] progress bar is 20
[Debug] [2026-3-26 21:46:30] progress bar is 25
[Debug] [2026-3-26 21:46:30] progress bar is 30
[Debug] [2026-3-26 21:46:30] progress bar is 35
[Debug] [2026-3-26 21:46:30] progress bar is 40
[Debug] [2026-3-26 21:46:30] progress bar is 45
[Debug] [2026-3-26 21:46:30] progress bar is 50
[Debug] [2026-3-26 21:46:30] progress bar is 55
[Debug] [2026-3-26 21:46:30] progress bar is 60
[Debug] [2026-3-26 21:46:30] progress bar is 65
[Debug] [2026-3-26 21:46:30] progress bar is 70
[Debug] [2026-3-26 21:46:30] progress bar is 75
[Debug] [2026-3-26 21:46:30] progress bar is 80
[Debug] [2026-3-26 21:46:31] progress bar is 85
[Debug] [2026-3-26 21:46:31] progress bar is 90
[Debug] [2026-3-26 21:46:31] progress bar is 95
[Debug] [2026-3-26 21:46:31] progress bar is 100
[Debug] [2026-3-26 21:46:31] the value in the status register is :2096288
[Debug] [2026-3-26 21:46:31] cmd operation Program releases locker
[Info] [2026-3-26 21:57:36] /***************************Start jtagserver***************************/
[Info] [2026-3-26 21:57:36] Path: E:/pango/PDS_2022.2-SP6.4/bin
[Info] [2026-3-26 21:57:36] Version: 146967
[Debug] [2026-3-26 21:57:37] Add a new user_thread, socket descriptor is 1188 user_thread id is 0000000000000788
[Debug] [2026-3-26 21:57:37] After adding, map size is : 1
[Debug] [2026-3-26 21:57:37] Add a new user_thread, socket descriptor is 1164 user_thread id is 0000000000000788
[Debug] [2026-3-26 21:57:37] After adding, map size is : 2
[Debug] [2026-3-26 21:57:37] IP address of connecting client is : ::ffff:127.0.0.1
[Debug] [2026-3-26 21:57:37] IP address of connecting client is : ::ffff:127.0.0.1
[Debug] [2026-3-26 21:57:37] Remove the header data from the client, index : 0
[Debug] [2026-3-26 21:57:37] _total_bytes_size : 160
[Debug] [2026-3-26 21:57:37] Remove the header data from the client, index : 0
[Debug] [2026-3-26 21:57:37] _total_bytes_size : 96
[Debug] [2026-3-26 21:57:37] cmd id :40010cmd name : get_cable_paras
[Debug] [2026-3-26 21:57:38] cmd operation get_cable_paras releases locker
[Debug] [2026-3-26 21:57:38] Remove the header data from the client, index : 0
[Debug] [2026-3-26 21:57:38] _total_bytes_size : 101
[Debug] [2026-3-26 21:57:38] cmd id :20001cmd name : Open config cable
[Error] [2026-3-26 21:57:38] Hardware handler is invalid
[Debug] [2026-3-26 21:57:38] cmd operation Open config cable releases locker
[Info] [2026-3-26 21:57:55] /***************************Start jtagserver***************************/
[Info] [2026-3-26 21:57:55] Path: E:/pango/PDS_2022.2-SP6.4/bin
[Info] [2026-3-26 21:57:55] Version: 146967
[Debug] [2026-3-26 21:57:56] Add a new user_thread, socket descriptor is 1180 user_thread id is 0000000000003EBC
[Debug] [2026-3-26 21:57:56] After adding, map size is : 1
[Debug] [2026-3-26 21:57:56] Add a new user_thread, socket descriptor is 1220 user_thread id is 0000000000003EBC
[Debug] [2026-3-26 21:57:56] After adding, map size is : 2
[Debug] [2026-3-26 21:57:56] IP address of connecting client is : ::ffff:127.0.0.1
[Debug] [2026-3-26 21:57:56] 
[Debug] [2026-3-26 21:57:56] Remove the header data from the client, index : 0
[Debug] [2026-3-26 21:57:56] _total_bytes_size : 160
[Debug] [2026-3-26 21:57:56] Remove the header data from the client, index : 0
[Debug] [2026-3-26 21:57:56] _total_bytes_size : 96
[Debug] [2026-3-26 21:57:56] cmd id :40010cmd name : get_cable_paras
[Debug] [2026-3-26 21:57:57] cmd operation get_cable_paras releases locker
[Debug] [2026-3-26 21:57:57] Remove the header data from the client, index : 0
[Debug] [2026-3-26 21:57:57] _total_bytes_size : 101
[Debug] [2026-3-26 21:57:57] cmd id :20001cmd name : Open config cable
[Debug] [2026-3-26 21:57:57] the idcode from the scanning is: 0x105a1899
[Debug] [2026-3-26 21:57:57] the idcode from the scanning is: 0x0
[Debug] [2026-3-26 21:57:57] the idcode from the scanning is: 0x0
[Debug] [2026-3-26 21:57:57] the idcode from the scanning is: 0x0
[Debug] [2026-3-26 21:57:57] the idcode from the scanning is: 0x0
[Debug] [2026-3-26 21:57:58] cmd operation Open config cable releases locker
[Debug] [2026-3-26 21:57:59] Remove the header data from the client, index : 0
[Debug] [2026-3-26 21:57:59] _total_bytes_size : 23e
[Debug] [2026-3-26 21:57:59] cmd id :4e22cmd name : Program
[Debug] [2026-3-26 21:57:59] the idcode from the scanning is: 0x105a1899
[Debug] [2026-3-26 21:57:59] the idcode from the scanning is: 0x0
[Debug] [2026-3-26 21:57:59] the idcode from the scanning is: 0x0
[Debug] [2026-3-26 21:57:59] the idcode from the scanning is: 0x0
[Debug] [2026-3-26 21:57:59] the idcode from the scanning is: 0x0
[Debug] [2026-3-26 21:57:59] begin to read back config registerregAddr is 4
[Debug] [2026-3-26 21:57:59] progress bar is 6
[Debug] [2026-3-26 21:57:59] progress bar is 10
[Debug] [2026-3-26 21:58:00] progress bar is 15
[Debug] [2026-3-26 21:58:00] progress bar is 20
[Debug] [2026-3-26 21:58:00] progress bar is 25
[Debug] [2026-3-26 21:58:00] progress bar is 30
[Debug] [2026-3-26 21:58:00] progress bar is 35
[Debug] [2026-3-26 21:58:00] progress bar is 40
[Debug] [2026-3-26 21:58:00] progress bar is 45
[Debug] [2026-3-26 21:58:00] progress bar is 50
[Debug] [2026-3-26 21:58:00] progress bar is 55
[Debug] [2026-3-26 21:58:00] progress bar is 60
[Debug] [2026-3-26 21:58:00] progress bar is 65
[Debug] [2026-3-26 21:58:00] progress bar is 70
[Debug] [2026-3-26 21:58:01] progress bar is 75
[Debug] [2026-3-26 21:58:01] progress bar is 80
[Debug] [2026-3-26 21:58:01] progress bar is 85
[Debug] [2026-3-26 21:58:01] progress bar is 90
[Debug] [2026-3-26 21:58:01] progress bar is 95
[Debug] [2026-3-26 21:58:01] progress bar is 100
[Debug] [2026-3-26 21:58:01] the value in the status register is :2096288
[Debug] [2026-3-26 21:58:01] cmd operation Program releases locker
[Info] [2026-3-26 22:04:13] /***************************Start jtagserver***************************/
[Info] [2026-3-26 22:04:13] Path: E:/pango/PDS_2022.2-SP6.4/bin
[Info] [2026-3-26 22:04:13] Version: 146967
[Debug] [2026-3-26 22:04:14] Add a new user_thread, socket descriptor is 956 user_thread id is 000000000000723C
[Debug] [2026-3-26 22:04:14] After adding, map size is : 1
[Debug] [2026-3-26 22:04:14] Add a new user_thread, socket descriptor is 964 user_thread id is 000000000000723C
[Debug] [2026-3-26 22:04:14] After adding, map size is : 2
[Debug] [2026-3-26 22:04:14] IP address of connecting client is : ::ffff:127.0.0.1
[Debug] [2026-3-26 22:04:14] IP address of connecting client is : ::ffff:127.0.0.1
[Debug] [2026-3-26 22:04:14] Remove the header data from the client, index : 0
[Debug] [2026-3-26 22:04:14] _total_bytes_size : 160
[Debug] [2026-3-26 22:04:14] Remove the header data from the client, index : 0
[Debug] [2026-3-26 22:04:14] _total_bytes_size : 96
[Debug] [2026-3-26 22:04:14] cmd id :40010cmd name : get_cable_paras
[Debug] [2026-3-26 22:04:15] cmd operation get_cable_paras releases locker
[Debug] [2026-3-26 22:04:15] Remove the header data from the client, index : 0
[Debug] [2026-3-26 22:04:15] _total_bytes_size : 101
[Debug] [2026-3-26 22:04:15] cmd id :20001cmd name : Open config cable
[Debug] [2026-3-26 22:04:15] the idcode from the scanning is: 0x105a1899
[Debug] [2026-3-26 22:04:15] the idcode from the scanning is: 0x0
[Debug] [2026-3-26 22:04:15] the idcode from the scanning is: 0x0
[Debug] [2026-3-26 22:04:15] the idcode from the scanning is: 0x0
[Debug] [2026-3-26 22:04:15] the idcode from the scanning is: 0x0
[Debug] [2026-3-26 22:04:15] cmd operation Open config cable releases locker
[Debug] [2026-3-26 22:04:26] Remove the header data from the client, index : 0
[Debug] [2026-3-26 22:04:26] _total_bytes_size : 23e
[Debug] [2026-3-26 22:04:26] cmd id :4e22cmd name : Program
[Debug] [2026-3-26 22:04:26] the idcode from the scanning is: 0x105a1899
[Debug] [2026-3-26 22:04:26] the idcode from the scanning is: 0x0
[Debug] [2026-3-26 22:04:26] the idcode from the scanning is: 0x0
[Debug] [2026-3-26 22:04:26] the idcode from the scanning is: 0x0
[Debug] [2026-3-26 22:04:26] the idcode from the scanning is: 0x0
[Debug] [2026-3-26 22:04:26] begin to read back config registerregAddr is 4
[Debug] [2026-3-26 22:04:26] progress bar is 6
[Debug] [2026-3-26 22:04:26] progress bar is 10
[Debug] [2026-3-26 22:04:26] progress bar is 15
[Debug] [2026-3-26 22:04:27] progress bar is 20
[Debug] [2026-3-26 22:04:27] progress bar is 25
[Debug] [2026-3-26 22:04:27] progress bar is 30
[Debug] [2026-3-26 22:04:27] progress bar is 35
[Debug] [2026-3-26 22:04:27] progress bar is 40
[Debug] [2026-3-26 22:04:27] progress bar is 45
[Debug] [2026-3-26 22:04:27] progress bar is 50
[Debug] [2026-3-26 22:04:27] progress bar is 55
[Debug] [2026-3-26 22:04:27] progress bar is 60
[Debug] [2026-3-26 22:04:27] progress bar is 65
[Debug] [2026-3-26 22:04:27] progress bar is 70
[Debug] [2026-3-26 22:04:28] progress bar is 75
[Debug] [2026-3-26 22:04:28] progress bar is 80
[Debug] [2026-3-26 22:04:28] progress bar is 85
[Debug] [2026-3-26 22:04:28] progress bar is 90
[Debug] [2026-3-26 22:04:28] progress bar is 95
[Debug] [2026-3-26 22:04:28] progress bar is 100
[Debug] [2026-3-26 22:04:28] the value in the status register is :2096288
[Debug] [2026-3-26 22:04:28] cmd operation Program releases locker
[Info] [2026-3-26 22:07:57] /***************************Start jtagserver***************************/
[Info] [2026-3-26 22:07:57] Path: E:/pango/PDS_2022.2-SP6.4/bin
[Info] [2026-3-26 22:07:57] Version: 146967
[Debug] [2026-3-26 22:07:58] Add a new user_thread, socket descriptor is 1000 user_thread id is 000000000000596C
[Debug] [2026-3-26 22:07:58] After adding, map size is : 1
[Debug] [2026-3-26 22:07:58] Add a new user_thread, socket descriptor is 1144 user_thread id is 000000000000596C
[Debug] [2026-3-26 22:07:58] After adding, map size is : 2
[Debug] [2026-3-26 22:07:58] IP address of connecting client is : ::ffff:127.0.0.1
[Debug] [2026-3-26 22:07:58] ::ffff:127.0.0.1
[Debug] [2026-3-26 22:07:58] Remove the header data from the client, index : 0
[Debug] [2026-3-26 22:07:58] _total_bytes_size : 160
[Debug] [2026-3-26 22:07:58] Remove the header data from the client, index : 0
[Debug] [2026-3-26 22:07:58] _total_bytes_size : 96
[Debug] [2026-3-26 22:07:58] cmd id :40010cmd name : get_cable_paras
[Debug] [2026-3-26 22:07:59] cmd operation get_cable_paras releases locker
[Debug] [2026-3-26 22:07:59] Remove the header data from the client, index : 0
[Debug] [2026-3-26 22:07:59] _total_bytes_size : 101
[Debug] [2026-3-26 22:07:59] cmd id :20001cmd name : Open config cable
[Debug] [2026-3-26 22:07:59] the idcode from the scanning is: 0x105a1899
[Debug] [2026-3-26 22:07:59] the idcode from the scanning is: 0x0
[Debug] [2026-3-26 22:07:59] the idcode from the scanning is: 0x0
[Debug] [2026-3-26 22:07:59] the idcode from the scanning is: 0x0
[Debug] [2026-3-26 22:07:59] the idcode from the scanning is: 0x0
[Debug] [2026-3-26 22:07:59] cmd operation Open config cable releases locker
[Debug] [2026-3-26 22:08:02] Remove the header data from the client, index : 0
[Debug] [2026-3-26 22:08:02] _total_bytes_size : 23e
[Debug] [2026-3-26 22:08:02] cmd id :4e22cmd name : Program
[Debug] [2026-3-26 22:08:02] the idcode from the scanning is: 0x105a1899
[Debug] [2026-3-26 22:08:02] the idcode from the scanning is: 0x0
[Debug] [2026-3-26 22:08:02] the idcode from the scanning is: 0x0
[Debug] [2026-3-26 22:08:02] the idcode from the scanning is: 0x0
[Debug] [2026-3-26 22:08:02] the idcode from the scanning is: 0x0
[Debug] [2026-3-26 22:08:02] begin to read back config registerregAddr is 4
[Debug] [2026-3-26 22:08:02] progress bar is 6
[Debug] [2026-3-26 22:08:02] progress bar is 10
[Debug] [2026-3-26 22:08:02] progress bar is 15
[Debug] [2026-3-26 22:08:02] progress bar is 20
[Debug] [2026-3-26 22:08:02] progress bar is 25
[Debug] [2026-3-26 22:08:03] progress bar is 30
[Debug] [2026-3-26 22:08:03] progress bar is 35
[Debug] [2026-3-26 22:08:03] progress bar is 40
[Debug] [2026-3-26 22:08:03] progress bar is 45
[Debug] [2026-3-26 22:08:03] progress bar is 50
[Debug] [2026-3-26 22:08:03] progress bar is 55
[Debug] [2026-3-26 22:08:03] progress bar is 60
[Debug] [2026-3-26 22:08:03] progress bar is 65
[Debug] [2026-3-26 22:08:03] progress bar is 70
[Debug] [2026-3-26 22:08:03] progress bar is 75
[Debug] [2026-3-26 22:08:03] progress bar is 80
[Debug] [2026-3-26 22:08:03] progress bar is 85
[Debug] [2026-3-26 22:08:04] progress bar is 90
[Debug] [2026-3-26 22:08:04] progress bar is 95
[Debug] [2026-3-26 22:08:04] progress bar is 100
[Debug] [2026-3-26 22:08:04] the value in the status register is :2096288
[Debug] [2026-3-26 22:08:04] cmd operation Program releases locker
[Info] [2026-3-26 22:20:08] /***************************Start jtagserver***************************/
[Info] [2026-3-26 22:20:08] Path: E:/pango/PDS_2022.2-SP6.4/bin
[Info] [2026-3-26 22:20:08] Version: 146967
[Debug] [2026-3-26 22:20:08] Add a new user_thread, socket descriptor is 1060 user_thread id is 0000000000005E28
[Debug] [2026-3-26 22:20:08] After adding, map size is : 1
[Debug] [2026-3-26 22:20:08] Add a new user_thread, socket descriptor is 944 user_thread id is 0000000000005E28
[Debug] [2026-3-26 22:20:08] After adding, map size is : 2
[Debug] [2026-3-26 22:20:08] IP address of connecting client is : ::ffff:127.0.0.1
[Debug] [2026-3-26 22:20:08] IP address of connecting client is : ::ffff:127.0.0.1IP address of connecting client is : ::ffff:127.0.0.1
[Debug] [2026-3-26 22:20:08] Remove the header data from the client, index : 0
[Debug] [2026-3-26 22:20:08] _total_bytes_size : 160
[Debug] [2026-3-26 22:20:08] Remove the header data from the client, index : 0
[Debug] [2026-3-26 22:20:08] _total_bytes_size : 96
[Debug] [2026-3-26 22:20:08] cmd id :40010cmd name : get_cable_paras
[Debug] [2026-3-26 22:20:10] cmd operation get_cable_paras releases locker
[Debug] [2026-3-26 22:20:10] Remove the header data from the client, index : 0
[Debug] [2026-3-26 22:20:10] _total_bytes_size : 101
[Debug] [2026-3-26 22:20:10] cmd id :20001cmd name : Open config cable
[Debug] [2026-3-26 22:20:10] the idcode from the scanning is: 0x105a1899
[Debug] [2026-3-26 22:20:10] the idcode from the scanning is: 0x0
[Debug] [2026-3-26 22:20:10] the idcode from the scanning is: 0x0
[Debug] [2026-3-26 22:20:10] the idcode from the scanning is: 0x0
[Debug] [2026-3-26 22:20:10] the idcode from the scanning is: 0x0
[Debug] [2026-3-26 22:20:10] cmd operation Open config cable releases locker
[Debug] [2026-3-26 22:20:12] Remove the header data from the client, index : 0
[Debug] [2026-3-26 22:20:12] _total_bytes_size : 23e
[Debug] [2026-3-26 22:20:12] cmd id :4e22cmd name : Program
[Debug] [2026-3-26 22:20:13] the idcode from the scanning is: 0x105a1899
[Debug] [2026-3-26 22:20:13] the idcode from the scanning is: 0x0
[Debug] [2026-3-26 22:20:13] the idcode from the scanning is: 0x0
[Debug] [2026-3-26 22:20:13] the idcode from the scanning is: 0x0
[Debug] [2026-3-26 22:20:13] the idcode from the scanning is: 0x0
[Debug] [2026-3-26 22:20:13] begin to read back config registerregAddr is 4
[Debug] [2026-3-26 22:20:13] progress bar is 6
[Debug] [2026-3-26 22:20:13] progress bar is 10
[Debug] [2026-3-26 22:20:13] progress bar is 15
[Debug] [2026-3-26 22:20:13] progress bar is 20
[Debug] [2026-3-26 22:20:13] progress bar is 25
[Debug] [2026-3-26 22:20:13] progress bar is 30
[Debug] [2026-3-26 22:20:13] progress bar is 35
[Debug] [2026-3-26 22:20:13] progress bar is 40
[Debug] [2026-3-26 22:20:13] progress bar is 45
[Debug] [2026-3-26 22:20:13] progress bar is 50
[Debug] [2026-3-26 22:20:14] progress bar is 55
[Debug] [2026-3-26 22:20:14] progress bar is 60
[Debug] [2026-3-26 22:20:14] progress bar is 65
[Debug] [2026-3-26 22:20:14] progress bar is 70
[Debug] [2026-3-26 22:20:14] progress bar is 75
[Debug] [2026-3-26 22:20:14] progress bar is 80
[Debug] [2026-3-26 22:20:14] progress bar is 85
[Debug] [2026-3-26 22:20:14] progress bar is 90
[Debug] [2026-3-26 22:20:14] progress bar is 95
[Debug] [2026-3-26 22:20:14] progress bar is 100
[Debug] [2026-3-26 22:20:14] the value in the status register is :2096288
[Debug] [2026-3-26 22:20:14] cmd operation Program releases locker
[Info] [2026-3-27 12:53:35] /***************************Start jtagserver***************************/
[Info] [2026-3-27 12:53:35] Path: E:/pango/PDS_2022.2-SP6.4/bin
[Info] [2026-3-27 12:53:35] Version: 146967
[Debug] [2026-3-27 12:53:36] Add a new user_thread, socket descriptor is 936 user_thread id is 000000000000538C
[Debug] [2026-3-27 12:53:36] After adding, map size is : 1
[Debug] [2026-3-27 12:53:36] Add a new user_thread, socket descriptor is 980 user_thread id is 000000000000538C
[Debug] [2026-3-27 12:53:36] After adding, map size is : 2
[Debug] [2026-3-27 12:53:36] IP address of connecting client is : ::ffff:127.0.0.1
[Debug] [2026-3-27 12:53:36] IP address of connecting client is : ::ffff:127.0.0.1
[Debug] [2026-3-27 12:53:36] Remove the header data from the client, index : 0
[Debug] [2026-3-27 12:53:36] _total_bytes_size : 160
[Debug] [2026-3-27 12:53:36] Remove the header data from the client, index : 0
[Debug] [2026-3-27 12:53:36] _total_bytes_size : 96
[Debug] [2026-3-27 12:53:36] cmd id :40010cmd name : get_cable_paras
[Debug] [2026-3-27 12:53:37] cmd operation get_cable_paras releases locker
[Debug] [2026-3-27 12:53:37] Remove the header data from the client, index : 0
[Debug] [2026-3-27 12:53:37] _total_bytes_size : 101
[Debug] [2026-3-27 12:53:37] cmd id :20001cmd name : Open config cable
[Error] [2026-3-27 12:53:37] Hardware handler is invalid
[Debug] [2026-3-27 12:53:37] cmd operation Open config cable releases locker
[Info] [2026-3-27 12:53:55] /***************************Start jtagserver***************************/
[Info] [2026-3-27 12:53:55] Path: E:/pango/PDS_2022.2-SP6.4/bin
[Info] [2026-3-27 12:53:55] Version: 146967
[Debug] [2026-3-27 12:53:55] Add a new user_thread, socket descriptor is 964 user_thread id is 0000000000006A74
[Debug] [2026-3-27 12:53:55] After adding, map size is : 1
[Debug] [2026-3-27 12:53:55] Add a new user_thread, socket descriptor is 1064 user_thread id is 0000000000006A74
[Debug] [2026-3-27 12:53:55] After adding, map size is : 2
[Debug] [2026-3-27 12:53:55] IP address of connecting client is : ::ffff:127.0.0.1IP address of connecting client is : 
[Debug] [2026-3-27 12:53:55] IP address of connecting client is : ::ffff:127.0.0.1IP address of connecting client is : ::ffff:127.0.0.1
[Debug] [2026-3-27 12:53:55] Remove the header data from the client, index : 0
[Debug] [2026-3-27 12:53:55] _total_bytes_size : 160
[Debug] [2026-3-27 12:53:55] Remove the header data from the client, index : 0
[Debug] [2026-3-27 12:53:55] _total_bytes_size : 96
[Debug] [2026-3-27 12:53:55] cmd id :40010cmd name : get_cable_paras
[Debug] [2026-3-27 12:53:56] cmd operation get_cable_paras releases locker
[Debug] [2026-3-27 12:53:56] Remove the header data from the client, index : 0
[Debug] [2026-3-27 12:53:56] _total_bytes_size : 101
[Debug] [2026-3-27 12:53:56] cmd id :20001cmd name : Open config cable
[Debug] [2026-3-27 12:53:57] the idcode from the scanning is: 0x105a1899
[Debug] [2026-3-27 12:53:57] the idcode from the scanning is: 0x0
[Debug] [2026-3-27 12:53:57] the idcode from the scanning is: 0x0
[Debug] [2026-3-27 12:53:57] the idcode from the scanning is: 0x0
[Debug] [2026-3-27 12:53:57] the idcode from the scanning is: 0x0
[Debug] [2026-3-27 12:53:57] cmd operation Open config cable releases locker
[Debug] [2026-3-27 12:53:59] Remove the header data from the client, index : 0
[Debug] [2026-3-27 12:53:59] _total_bytes_size : 23e
[Debug] [2026-3-27 12:53:59] cmd id :4e22cmd name : Program
[Debug] [2026-3-27 12:53:59] the idcode from the scanning is: 0x105a1899
[Debug] [2026-3-27 12:53:59] the idcode from the scanning is: 0x0
[Debug] [2026-3-27 12:53:59] the idcode from the scanning is: 0x0
[Debug] [2026-3-27 12:53:59] the idcode from the scanning is: 0x0
[Debug] [2026-3-27 12:53:59] the idcode from the scanning is: 0x0
[Debug] [2026-3-27 12:53:59] begin to read back config registerregAddr is 4
[Debug] [2026-3-27 12:53:59] progress bar is 6
[Debug] [2026-3-27 12:53:59] progress bar is 10
[Debug] [2026-3-27 12:53:59] progress bar is 15
[Debug] [2026-3-27 12:54:00] progress bar is 20
[Debug] [2026-3-27 12:54:00] progress bar is 25
[Debug] [2026-3-27 12:54:00] progress bar is 30
[Debug] [2026-3-27 12:54:00] progress bar is 35
[Debug] [2026-3-27 12:54:00] progress bar is 40
[Debug] [2026-3-27 12:54:00] progress bar is 45
[Debug] [2026-3-27 12:54:00] progress bar is 50
[Debug] [2026-3-27 12:54:00] progress bar is 55
[Debug] [2026-3-27 12:54:00] progress bar is 60
[Debug] [2026-3-27 12:54:00] progress bar is 65
[Debug] [2026-3-27 12:54:00] progress bar is 70
[Debug] [2026-3-27 12:54:00] progress bar is 75
[Debug] [2026-3-27 12:54:01] progress bar is 80
[Debug] [2026-3-27 12:54:01] progress bar is 85
[Debug] [2026-3-27 12:54:01] progress bar is 90
[Debug] [2026-3-27 12:54:01] progress bar is 95
[Debug] [2026-3-27 12:54:01] progress bar is 100
[Debug] [2026-3-27 12:54:01] the value in the status register is :2096288
[Debug] [2026-3-27 12:54:01] cmd operation Program releases locker
[Info] [2026-3-27 13:00:11] /***************************Start jtagserver***************************/
[Info] [2026-3-27 13:00:11] Path: E:/pango/PDS_2022.2-SP6.4/bin
[Info] [2026-3-27 13:00:11] Version: 146967
[Debug] [2026-3-27 13:00:12] Add a new user_thread, socket descriptor is 1056 user_thread id is 00000000000031B0
[Debug] [2026-3-27 13:00:12] After adding, map size is : 1
[Debug] [2026-3-27 13:00:12] Add a new user_thread, socket descriptor is 1136 user_thread id is 00000000000031B0
[Debug] [2026-3-27 13:00:12] After adding, map size is : 2
[Debug] [2026-3-27 13:00:12] IP address of connecting client is : ::ffff:127.0.0.1
[Debug] [2026-3-27 13:00:12] IP address of connecting client is : ::ffff:127.0.0.1IP address of connecting client is : ::ffff:127.0.0.1
[Debug] [2026-3-27 13:00:12] Remove the header data from the client, index : 0
[Debug] [2026-3-27 13:00:12] _total_bytes_size : 160
[Debug] [2026-3-27 13:00:12] Remove the header data from the client, index : 0
[Debug] [2026-3-27 13:00:12] _total_bytes_size : 96
[Debug] [2026-3-27 13:00:12] cmd id :40010cmd name : get_cable_paras
[Debug] [2026-3-27 13:00:13] cmd operation get_cable_paras releases locker
[Debug] [2026-3-27 13:00:13] Remove the header data from the client, index : 0
[Debug] [2026-3-27 13:00:13] _total_bytes_size : 101
[Debug] [2026-3-27 13:00:13] cmd id :20001cmd name : Open config cable
[Debug] [2026-3-27 13:00:13] the idcode from the scanning is: 0x105a1899
[Debug] [2026-3-27 13:00:13] the idcode from the scanning is: 0x0
[Debug] [2026-3-27 13:00:13] the idcode from the scanning is: 0x0
[Debug] [2026-3-27 13:00:13] the idcode from the scanning is: 0x0
[Debug] [2026-3-27 13:00:13] the idcode from the scanning is: 0x0
[Debug] [2026-3-27 13:00:14] cmd operation Open config cable releases locker
[Debug] [2026-3-27 13:00:15] Remove the header data from the client, index : 0
[Debug] [2026-3-27 13:00:15] _total_bytes_size : 23e
[Debug] [2026-3-27 13:00:15] cmd id :4e22cmd name : Program
[Debug] [2026-3-27 13:00:16] the idcode from the scanning is: 0x105a1899
[Debug] [2026-3-27 13:00:16] the idcode from the scanning is: 0x0
[Debug] [2026-3-27 13:00:16] the idcode from the scanning is: 0x0
[Debug] [2026-3-27 13:00:16] the idcode from the scanning is: 0x0
[Debug] [2026-3-27 13:00:16] the idcode from the scanning is: 0x0
[Debug] [2026-3-27 13:00:16] begin to read back config registerregAddr is 4
[Debug] [2026-3-27 13:00:16] progress bar is 6
[Debug] [2026-3-27 13:00:16] progress bar is 10
[Debug] [2026-3-27 13:00:16] progress bar is 15
[Debug] [2026-3-27 13:00:16] progress bar is 20
[Debug] [2026-3-27 13:00:16] progress bar is 25
[Debug] [2026-3-27 13:00:16] progress bar is 30
[Debug] [2026-3-27 13:00:16] progress bar is 35
[Debug] [2026-3-27 13:00:16] progress bar is 40
[Debug] [2026-3-27 13:00:16] progress bar is 45
[Debug] [2026-3-27 13:00:17] progress bar is 50
[Debug] [2026-3-27 13:00:17] progress bar is 55
[Debug] [2026-3-27 13:00:17] progress bar is 60
[Debug] [2026-3-27 13:00:17] progress bar is 65
[Debug] [2026-3-27 13:00:17] progress bar is 70
[Debug] [2026-3-27 13:00:17] progress bar is 75
[Debug] [2026-3-27 13:00:17] progress bar is 80
[Debug] [2026-3-27 13:00:17] progress bar is 85
[Debug] [2026-3-27 13:00:17] progress bar is 90
[Debug] [2026-3-27 13:00:17] progress bar is 95
[Debug] [2026-3-27 13:00:17] progress bar is 100
[Debug] [2026-3-27 13:00:17] the value in the status register is :2096288
[Debug] [2026-3-27 13:00:17] cmd operation Program releases locker
[Info] [2026-3-27 17:16:33] /***************************Start jtagserver***************************/
[Info] [2026-3-27 17:16:33] Path: E:/pango/PDS_2022.2-SP6.4/bin
[Info] [2026-3-27 17:16:33] Version: 146967
[Debug] [2026-3-27 17:16:34] Add a new user_thread, socket descriptor is 1044 user_thread id is 000000000000654C
[Debug] [2026-3-27 17:16:34] After adding, map size is : 1
[Debug] [2026-3-27 17:16:34] Add a new user_thread, socket descriptor is 992 user_thread id is 000000000000654C
[Debug] [2026-3-27 17:16:34] After adding, map size is : 2
[Debug] [2026-3-27 17:16:34] IP address of connecting client is : ::ffff:127.0.0.1
[Debug] [2026-3-27 17:16:34] 
[Debug] [2026-3-27 17:16:34] Remove the header data from the client, index : 0
[Debug] [2026-3-27 17:16:34] _total_bytes_size : 160
[Debug] [2026-3-27 17:16:34] Remove the header data from the client, index : 0
[Debug] [2026-3-27 17:16:34] _total_bytes_size : 96
[Debug] [2026-3-27 17:16:34] cmd id :40010cmd name : get_cable_paras
[Debug] [2026-3-27 17:16:35] cmd operation get_cable_paras releases locker
[Debug] [2026-3-27 17:16:35] Remove the header data from the client, index : 0
[Debug] [2026-3-27 17:16:35] _total_bytes_size : 101
[Debug] [2026-3-27 17:16:35] cmd id :20001cmd name : Open config cable
[Debug] [2026-3-27 17:16:35] the idcode from the scanning is: 0x105a1899
[Debug] [2026-3-27 17:16:35] the idcode from the scanning is: 0x0
[Debug] [2026-3-27 17:16:35] the idcode from the scanning is: 0x0
[Debug] [2026-3-27 17:16:35] the idcode from the scanning is: 0x0
[Debug] [2026-3-27 17:16:35] the idcode from the scanning is: 0x0
[Debug] [2026-3-27 17:16:35] cmd operation Open config cable releases locker
[Debug] [2026-3-27 17:16:37] Remove the header data from the client, index : 0
[Debug] [2026-3-27 17:16:37] _total_bytes_size : 23e
[Debug] [2026-3-27 17:16:37] cmd id :4e22cmd name : Program
[Debug] [2026-3-27 17:16:37] the idcode from the scanning is: 0x105a1899
[Debug] [2026-3-27 17:16:37] the idcode from the scanning is: 0x0
[Debug] [2026-3-27 17:16:37] the idcode from the scanning is: 0x0
[Debug] [2026-3-27 17:16:37] the idcode from the scanning is: 0x0
[Debug] [2026-3-27 17:16:37] the idcode from the scanning is: 0x0
[Debug] [2026-3-27 17:16:37] begin to read back config registerregAddr is 4
[Debug] [2026-3-27 17:16:38] progress bar is 6
[Debug] [2026-3-27 17:16:38] progress bar is 10
[Debug] [2026-3-27 17:16:38] progress bar is 15
[Debug] [2026-3-27 17:16:38] progress bar is 20
[Debug] [2026-3-27 17:16:38] progress bar is 25
[Debug] [2026-3-27 17:16:38] progress bar is 30
[Debug] [2026-3-27 17:16:38] progress bar is 35
[Debug] [2026-3-27 17:16:38] progress bar is 40
[Debug] [2026-3-27 17:16:38] progress bar is 45
[Debug] [2026-3-27 17:16:38] progress bar is 50
[Debug] [2026-3-27 17:16:38] progress bar is 55
[Debug] [2026-3-27 17:16:38] progress bar is 60
[Debug] [2026-3-27 17:16:39] progress bar is 65
[Debug] [2026-3-27 17:16:39] progress bar is 70
[Debug] [2026-3-27 17:16:39] progress bar is 75
[Debug] [2026-3-27 17:16:39] progress bar is 80
[Debug] [2026-3-27 17:16:39] progress bar is 85
[Debug] [2026-3-27 17:16:39] progress bar is 90
[Debug] [2026-3-27 17:16:39] progress bar is 95
[Debug] [2026-3-27 17:16:39] progress bar is 100
[Debug] [2026-3-27 17:16:39] the value in the status register is :2096288
[Debug] [2026-3-27 17:16:39] cmd operation Program releases locker
[Info] [2026-3-27 18:42:51] /***************************Start jtagserver***************************/
[Info] [2026-3-27 18:42:51] Path: E:/pango/PDS_2022.2-SP6.4/bin
[Info] [2026-3-27 18:42:51] Version: 146967
[Debug] [2026-3-27 18:42:51] Add a new user_thread, socket descriptor is 1180 user_thread id is 0000000000002FD8
[Debug] [2026-3-27 18:42:51] After adding, map size is : 1
[Debug] [2026-3-27 18:42:51] Add a new user_thread, socket descriptor is 1188 user_thread id is 0000000000002FD8
[Debug] [2026-3-27 18:42:51] After adding, map size is : 2
[Debug] [2026-3-27 18:42:51] IP address of connecting client is : ::ffff:127.0.0.1
[Debug] [2026-3-27 18:42:51] IP address of connecting client is : ::ffff:127.0.0.1IP address of connecting client is : ::ffff:127.0.0.1
[Debug] [2026-3-27 18:42:51] Remove the header data from the client, index : 0
[Debug] [2026-3-27 18:42:51] _total_bytes_size : 160
[Debug] [2026-3-27 18:42:51] Remove the header data from the client, index : 0
[Debug] [2026-3-27 18:42:51] _total_bytes_size : 96
[Debug] [2026-3-27 18:42:51] cmd id :40010cmd name : get_cable_paras
[Debug] [2026-3-27 18:42:52] cmd operation get_cable_paras releases locker
[Debug] [2026-3-27 18:42:52] Remove the header data from the client, index : 0
[Debug] [2026-3-27 18:42:52] _total_bytes_size : 101
[Debug] [2026-3-27 18:42:52] cmd id :20001cmd name : Open config cable
[Debug] [2026-3-27 18:42:53] the idcode from the scanning is: 0x105a1899
[Debug] [2026-3-27 18:42:53] the idcode from the scanning is: 0x0
[Debug] [2026-3-27 18:42:53] the idcode from the scanning is: 0x0
[Debug] [2026-3-27 18:42:53] the idcode from the scanning is: 0x0
[Debug] [2026-3-27 18:42:53] the idcode from the scanning is: 0x0
[Debug] [2026-3-27 18:42:53] cmd operation Open config cable releases locker
[Debug] [2026-3-27 18:42:55] Remove the header data from the client, index : 0
[Debug] [2026-3-27 18:42:55] _total_bytes_size : 23e
[Debug] [2026-3-27 18:42:55] cmd id :4e22cmd name : Program
[Debug] [2026-3-27 18:42:55] the idcode from the scanning is: 0x105a1899
[Debug] [2026-3-27 18:42:55] the idcode from the scanning is: 0x0
[Debug] [2026-3-27 18:42:55] the idcode from the scanning is: 0x0
[Debug] [2026-3-27 18:42:55] the idcode from the scanning is: 0x0
[Debug] [2026-3-27 18:42:55] the idcode from the scanning is: 0x0
[Debug] [2026-3-27 18:42:55] begin to read back config registerregAddr is 4
[Debug] [2026-3-27 18:42:55] progress bar is 6
[Debug] [2026-3-27 18:42:55] progress bar is 10
[Debug] [2026-3-27 18:42:55] progress bar is 15
[Debug] [2026-3-27 18:42:55] progress bar is 20
[Debug] [2026-3-27 18:42:55] progress bar is 25
[Debug] [2026-3-27 18:42:55] progress bar is 30
[Debug] [2026-3-27 18:42:55] progress bar is 35
[Debug] [2026-3-27 18:42:56] progress bar is 40
[Debug] [2026-3-27 18:42:56] progress bar is 45
[Debug] [2026-3-27 18:42:56] progress bar is 50
[Debug] [2026-3-27 18:42:56] progress bar is 55
[Debug] [2026-3-27 18:42:56] progress bar is 60
[Debug] [2026-3-27 18:42:56] progress bar is 65
[Debug] [2026-3-27 18:42:56] progress bar is 70
[Debug] [2026-3-27 18:42:56] progress bar is 75
[Debug] [2026-3-27 18:42:56] progress bar is 80
[Debug] [2026-3-27 18:42:56] progress bar is 85
[Debug] [2026-3-27 18:42:56] progress bar is 90
[Debug] [2026-3-27 18:42:56] progress bar is 95
[Debug] [2026-3-27 18:42:57] progress bar is 100
[Debug] [2026-3-27 18:42:57] the value in the status register is :2096288
[Debug] [2026-3-27 18:42:57] cmd operation Program releases locker
[Info] [2026-3-27 18:57:49] /***************************Start jtagserver***************************/
[Info] [2026-3-27 18:57:49] Path: E:/pango/PDS_2022.2-SP6.4/bin
[Info] [2026-3-27 18:57:49] Version: 146967
[Debug] [2026-3-27 18:57:49] Add a new user_thread, socket descriptor is 1048 user_thread id is 0000000000000C14
[Debug] [2026-3-27 18:57:49] After adding, map size is : 1
[Debug] [2026-3-27 18:57:49] Add a new user_thread, socket descriptor is 952 user_thread id is 0000000000000C14
[Debug] [2026-3-27 18:57:49] After adding, map size is : 2
[Debug] [2026-3-27 18:57:49] IP address of connecting client is : ::ffff:127.0.0.1
[Debug] [2026-3-27 18:57:49] IP address of connecting client is : ::ffff:127.0.0.1IP address of connecting client is : ::ffff:127.0.0.1
[Debug] [2026-3-27 18:57:49] Remove the header data from the client, index : 0
[Debug] [2026-3-27 18:57:49] _total_bytes_size : 160
[Debug] [2026-3-27 18:57:49] Remove the header data from the client, index : 0
[Debug] [2026-3-27 18:57:49] _total_bytes_size : 96
[Debug] [2026-3-27 18:57:49] cmd id :40010cmd name : get_cable_paras
[Debug] [2026-3-27 18:57:51] cmd operation get_cable_paras releases locker
[Debug] [2026-3-27 18:57:51] Remove the header data from the client, index : 0
[Debug] [2026-3-27 18:57:51] _total_bytes_size : 101
[Debug] [2026-3-27 18:57:51] cmd id :20001cmd name : Open config cable
[Debug] [2026-3-27 18:57:51] the idcode from the scanning is: 0x105a1899
[Debug] [2026-3-27 18:57:51] the idcode from the scanning is: 0x0
[Debug] [2026-3-27 18:57:51] the idcode from the scanning is: 0x0
[Debug] [2026-3-27 18:57:51] the idcode from the scanning is: 0x0
[Debug] [2026-3-27 18:57:51] the idcode from the scanning is: 0x0
[Debug] [2026-3-27 18:57:51] cmd operation Open config cable releases locker
[Info] [2026-3-27 18:58:02] /***************************Start jtagserver***************************/
[Info] [2026-3-27 18:58:02] Path: E:/pango/PDS_2022.2-SP6.4/bin
[Info] [2026-3-27 18:58:02] Version: 146967
[Debug] [2026-3-27 18:58:03] Add a new user_thread, socket descriptor is 1176 user_thread id is 0000000000002D18
[Debug] [2026-3-27 18:58:03] After adding, map size is : 1
[Debug] [2026-3-27 18:58:03] Add a new user_thread, socket descriptor is 1188 user_thread id is 0000000000002D18
[Debug] [2026-3-27 18:58:03] After adding, map size is : 2
[Debug] [2026-3-27 18:58:03] IP address of connecting client is : ::ffff:127.0.0.1
[Debug] [2026-3-27 18:58:03] IP address of connecting client is : ::ffff:127.0.0.1
[Debug] [2026-3-27 18:58:03] Remove the header data from the client, index : 0
[Debug] [2026-3-27 18:58:03] _total_bytes_size : 160
[Debug] [2026-3-27 18:58:03] Remove the header data from the client, index : 0
[Debug] [2026-3-27 18:58:03] _total_bytes_size : 96
[Debug] [2026-3-27 18:58:03] cmd id :40010cmd name : get_cable_paras
[Debug] [2026-3-27 18:58:04] cmd operation get_cable_paras releases locker
[Debug] [2026-3-27 18:58:04] Remove the header data from the client, index : 0
[Debug] [2026-3-27 18:58:04] _total_bytes_size : 101
[Debug] [2026-3-27 18:58:04] cmd id :20001cmd name : Open config cable
[Debug] [2026-3-27 18:58:04] the idcode from the scanning is: 0x105a1899
[Debug] [2026-3-27 18:58:04] the idcode from the scanning is: 0x0
[Debug] [2026-3-27 18:58:04] the idcode from the scanning is: 0x0
[Debug] [2026-3-27 18:58:04] the idcode from the scanning is: 0x0
[Debug] [2026-3-27 18:58:04] the idcode from the scanning is: 0x0
[Debug] [2026-3-27 18:58:04] cmd operation Open config cable releases locker
[Debug] [2026-3-27 18:58:06] Remove the header data from the client, index : 0
[Debug] [2026-3-27 18:58:06] _total_bytes_size : 23e
[Debug] [2026-3-27 18:58:06] cmd id :4e22cmd name : Program
[Debug] [2026-3-27 18:58:06] the idcode from the scanning is: 0x105a1899
[Debug] [2026-3-27 18:58:06] the idcode from the scanning is: 0x0
[Debug] [2026-3-27 18:58:06] the idcode from the scanning is: 0x0
[Debug] [2026-3-27 18:58:06] the idcode from the scanning is: 0x0
[Debug] [2026-3-27 18:58:06] the idcode from the scanning is: 0x0
[Debug] [2026-3-27 18:58:06] begin to read back config registerregAddr is 4
[Debug] [2026-3-27 18:58:06] progress bar is 6
[Debug] [2026-3-27 18:58:06] progress bar is 10
[Debug] [2026-3-27 18:58:07] progress bar is 15
[Debug] [2026-3-27 18:58:07] progress bar is 20
[Debug] [2026-3-27 18:58:07] progress bar is 25
[Debug] [2026-3-27 18:58:07] progress bar is 30
[Debug] [2026-3-27 18:58:07] progress bar is 35
[Debug] [2026-3-27 18:58:07] progress bar is 40
[Debug] [2026-3-27 18:58:07] progress bar is 45
[Debug] [2026-3-27 18:58:07] progress bar is 50
[Debug] [2026-3-27 18:58:07] progress bar is 55
[Debug] [2026-3-27 18:58:07] progress bar is 60
[Debug] [2026-3-27 18:58:07] progress bar is 65
[Debug] [2026-3-27 18:58:07] progress bar is 70
[Debug] [2026-3-27 18:58:08] progress bar is 75
[Debug] [2026-3-27 18:58:08] progress bar is 80
[Debug] [2026-3-27 18:58:08] progress bar is 85
[Debug] [2026-3-27 18:58:08] progress bar is 90
[Debug] [2026-3-27 18:58:08] progress bar is 95
[Debug] [2026-3-27 18:58:08] progress bar is 100
[Debug] [2026-3-27 18:58:08] the value in the status register is :2096288
[Debug] [2026-3-27 18:58:08] cmd operation Program releases locker
[Info] [2026-3-28 11:16:52] /***************************Start jtagserver***************************/
[Info] [2026-3-28 11:16:52] Path: E:/pango/PDS_2022.2-SP6.4/bin
[Info] [2026-3-28 11:16:52] Version: 146967
[Debug] [2026-3-28 11:16:53] Add a new user_thread, socket descriptor is 1236 user_thread id is 00000000000087D8
[Debug] [2026-3-28 11:16:53] After adding, map size is : 1
[Debug] [2026-3-28 11:16:53] Add a new user_thread, socket descriptor is 1248 user_thread id is 00000000000087D8
[Debug] [2026-3-28 11:16:53] After adding, map size is : 2
[Debug] [2026-3-28 11:16:53] IP address of connecting client is : ::ffff:127.0.0.1
[Debug] [2026-3-28 11:16:53] IP address of connecting client is : ::ffff:127.0.0.1IP address of connecting client is : ::ffff:127.0.0.1
[Debug] [2026-3-28 11:16:53] Remove the header data from the client, index : 0
[Debug] [2026-3-28 11:16:53] _total_bytes_size : 160
[Debug] [2026-3-28 11:16:53] Remove the header data from the client, index : 0
[Debug] [2026-3-28 11:16:53] _total_bytes_size : 96
[Debug] [2026-3-28 11:16:53] cmd id :40010cmd name : get_cable_paras
[Debug] [2026-3-28 11:16:54] cmd operation get_cable_paras releases locker
[Debug] [2026-3-28 11:16:54] Remove the header data from the client, index : 0
[Debug] [2026-3-28 11:16:54] _total_bytes_size : 101
[Debug] [2026-3-28 11:16:54] cmd id :20001cmd name : Open config cable
[Debug] [2026-3-28 11:16:54] the idcode from the scanning is: 0x105a1899
[Debug] [2026-3-28 11:16:54] the idcode from the scanning is: 0x0
[Debug] [2026-3-28 11:16:54] the idcode from the scanning is: 0x0
[Debug] [2026-3-28 11:16:54] the idcode from the scanning is: 0x0
[Debug] [2026-3-28 11:16:54] the idcode from the scanning is: 0x0
[Debug] [2026-3-28 11:16:54] cmd operation Open config cable releases locker
[Debug] [2026-3-28 11:17:18] Remove the header data from the client, index : 0
[Debug] [2026-3-28 11:17:18] _total_bytes_size : 257
[Debug] [2026-3-28 11:17:18] cmd id :4f4ccmd name : Scan Outer SPI Flash
[Debug] [2026-3-28 11:17:19] the idcode from the scanning is: 0x105a1899
[Debug] [2026-3-28 11:17:19] the idcode from the scanning is: 0x0
[Debug] [2026-3-28 11:17:19] the idcode from the scanning is: 0x0
[Debug] [2026-3-28 11:17:19] the idcode from the scanning is: 0x0
[Debug] [2026-3-28 11:17:19] the idcode from the scanning is: 0x0
[Debug] [2026-3-28 11:17:19] the value in the status register is :100c80
[Debug] [2026-3-28 11:17:19] flash_id is c84018
[Debug] [2026-3-28 11:17:19] cmd operation Scan Outer SPI Flash releases locker
[Debug] [2026-3-28 11:17:35] Remove the header data from the client, index : 0
[Debug] [2026-3-28 11:17:35] _total_bytes_size : 257
[Debug] [2026-3-28 11:17:35] cmd id :4f4ccmd name : Scan Outer SPI Flash
[Debug] [2026-3-28 11:17:35] the idcode from the scanning is: 0x105a1899
[Debug] [2026-3-28 11:17:35] the idcode from the scanning is: 0x0
[Debug] [2026-3-28 11:17:35] the idcode from the scanning is: 0x0
[Debug] [2026-3-28 11:17:35] the idcode from the scanning is: 0x0
[Debug] [2026-3-28 11:17:35] the idcode from the scanning is: 0x0
[Debug] [2026-3-28 11:17:35] the value in the status register is :100c80
[Debug] [2026-3-28 11:17:35] flash_id is c84018
[Debug] [2026-3-28 11:17:35] cmd operation Scan Outer SPI Flash releases locker
[Debug] [2026-3-28 11:17:38] Remove the header data from the client, index : 0
[Debug] [2026-3-28 11:17:38] _total_bytes_size : 3b4
[Debug] [2026-3-28 11:17:38] cmd id :4f4ecmd name : Erase Outer Flash
[Debug] [2026-3-28 11:17:38] begin to operate flash: cmd id = 4f4e
[Debug] [2026-3-28 11:17:38] the idcode from the scanning is: 0x105a1899
[Debug] [2026-3-28 11:17:38] the idcode from the scanning is: 0x0
[Debug] [2026-3-28 11:17:38] the idcode from the scanning is: 0x0
[Debug] [2026-3-28 11:17:38] the idcode from the scanning is: 0x0
[Debug] [2026-3-28 11:17:38] the idcode from the scanning is: 0x0
[Debug] [2026-3-28 11:17:38] the value in the status register is :100c80
[Debug] [2026-3-28 11:17:38] flash_id is c84018
[Debug] [2026-3-28 11:17:38] the value in the status register is :100c80
[Debug] [2026-3-28 11:17:38] progress bar is 1
[Debug] [2026-3-28 11:17:38] progress bar is 6
[Debug] [2026-3-28 11:17:38] progress bar is 12
[Debug] [2026-3-28 11:17:38] progress bar is 15
[Debug] [2026-3-28 11:17:39] progress bar is 21
[Debug] [2026-3-28 11:17:39] progress bar is 27
[Debug] [2026-3-28 11:17:39] progress bar is 30
[Debug] [2026-3-28 11:17:39] progress bar is 36
[Debug] [2026-3-28 11:17:39] progress bar is 42
[Debug] [2026-3-28 11:17:39] progress bar is 45
[Debug] [2026-3-28 11:17:40] progress bar is 51
[Debug] [2026-3-28 11:17:40] progress bar is 57
[Debug] [2026-3-28 11:17:40] progress bar is 60
[Debug] [2026-3-28 11:17:40] progress bar is 66
[Debug] [2026-3-28 11:17:40] progress bar is 72
[Debug] [2026-3-28 11:17:41] progress bar is 75
[Debug] [2026-3-28 11:17:41] progress bar is 81
[Debug] [2026-3-28 11:17:41] progress bar is 87
[Debug] [2026-3-28 11:17:41] progress bar is 90
[Debug] [2026-3-28 11:17:41] progress bar is 96
[Debug] [2026-3-28 11:17:41] progress bar is 100
[Debug] [2026-3-28 11:17:42] end to operate flash: cmd id = 20302
[Debug] [2026-3-28 11:17:42] cmd operation Erase Outer Flash releases locker
[Debug] [2026-3-28 11:17:42] Remove the header data from the client, index : 0
[Debug] [2026-3-28 11:17:42] _total_bytes_size : 945
[Debug] [2026-3-28 11:17:42] cmd id :20301cmd name : Program Outer Flash
[Debug] [2026-3-28 11:17:42] begin to operate flash: cmd id = 20301
[Debug] [2026-3-28 11:17:42] the idcode from the scanning is: 0x105a1899
[Debug] [2026-3-28 11:17:42] the idcode from the scanning is: 0x0
[Debug] [2026-3-28 11:17:42] the idcode from the scanning is: 0x0
[Debug] [2026-3-28 11:17:42] the idcode from the scanning is: 0x0
[Debug] [2026-3-28 11:17:42] the idcode from the scanning is: 0x0
[Debug] [2026-3-28 11:17:42] the value in the status register is :100c80
[Debug] [2026-3-28 11:17:42] flash_id is c84018
[Debug] [2026-3-28 11:17:42] The value of GigaDevice status register 1 is 0x
[Debug] [2026-3-28 11:17:42] progress bar is 1
[Debug] [2026-3-28 11:17:44] progress bar is 6
[Debug] [2026-3-28 11:17:45] progress bar is 10
[Debug] [2026-3-28 11:17:47] progress bar is 15
[Debug] [2026-3-28 11:17:48] progress bar is 20
[Debug] [2026-3-28 11:17:50] progress bar is 25
[Debug] [2026-3-28 11:17:52] progress bar is 30
[Debug] [2026-3-28 11:17:53] progress bar is 35
[Debug] [2026-3-28 11:17:55] progress bar is 40
[Debug] [2026-3-28 11:17:57] progress bar is 45
[Debug] [2026-3-28 11:17:58] progress bar is 50
[Debug] [2026-3-28 11:18:00] progress bar is 55
[Debug] [2026-3-28 11:18:01] progress bar is 60
[Debug] [2026-3-28 11:18:03] progress bar is 65
[Debug] [2026-3-28 11:18:05] progress bar is 70
[Debug] [2026-3-28 11:18:06] progress bar is 75
[Debug] [2026-3-28 11:18:08] progress bar is 80
[Debug] [2026-3-28 11:18:10] progress bar is 85
[Debug] [2026-3-28 11:18:11] progress bar is 90
[Debug] [2026-3-28 11:18:13] progress bar is 95
[Debug] [2026-3-28 11:18:15] progress bar is 100
[Debug] [2026-3-28 11:18:15] end to operate flash: cmd id = 20301
[Debug] [2026-3-28 11:18:15] cmd operation Program Outer Flash releases locker
[Debug] [2026-3-28 11:18:15] Remove the header data from the client, index : 0
[Debug] [2026-3-28 11:18:15] _total_bytes_size : 943
[Debug] [2026-3-28 11:18:15] cmd id :20303cmd name : Verify Outer Flash
[Debug] [2026-3-28 11:18:15] begin to operate flash: cmd id = 20303
[Debug] [2026-3-28 11:18:15] the idcode from the scanning is: 0x105a1899
[Debug] [2026-3-28 11:18:15] the idcode from the scanning is: 0x0
[Debug] [2026-3-28 11:18:15] the idcode from the scanning is: 0x0
[Debug] [2026-3-28 11:18:15] the idcode from the scanning is: 0x0
[Debug] [2026-3-28 11:18:15] the idcode from the scanning is: 0x0
[Debug] [2026-3-28 11:18:15] the value in the status register is :100c80
[Debug] [2026-3-28 11:18:15] flash_id is c84018
[Debug] [2026-3-28 11:18:15] the value in the status register is :100c80
[Debug] [2026-3-28 11:18:15] progress bar is 1
[Debug] [2026-3-28 11:18:15] progress bar is 6
[Debug] [2026-3-28 11:18:15] progress bar is 10
[Debug] [2026-3-28 11:18:15] progress bar is 15
[Debug] [2026-3-28 11:18:15] progress bar is 20
[Debug] [2026-3-28 11:18:15] progress bar is 25
[Debug] [2026-3-28 11:18:16] progress bar is 30
[Debug] [2026-3-28 11:18:16] progress bar is 35
[Debug] [2026-3-28 11:18:16] progress bar is 40
[Debug] [2026-3-28 11:18:16] progress bar is 45
[Debug] [2026-3-28 11:18:16] progress bar is 50
[Debug] [2026-3-28 11:18:16] progress bar is 55
[Debug] [2026-3-28 11:18:16] progress bar is 60
[Debug] [2026-3-28 11:18:16] progress bar is 65
[Debug] [2026-3-28 11:18:16] progress bar is 70
[Debug] [2026-3-28 11:18:16] progress bar is 75
[Debug] [2026-3-28 11:18:17] progress bar is 80
[Debug] [2026-3-28 11:18:17] progress bar is 85
[Debug] [2026-3-28 11:18:17] progress bar is 90
[Debug] [2026-3-28 11:18:17] progress bar is 95
[Debug] [2026-3-28 11:18:17] progress bar is 100
[Debug] [2026-3-28 11:18:17] end to operate flash: cmd id = 20303
[Debug] [2026-3-28 11:18:17] cmd operation Verify Outer Flash releases locker
